ISO-10303-21;
HEADER;
/* Generated by software containing ST-Developer
 * from STEP Tools, Inc. (www.steptools.com) 
 */

FILE_DESCRIPTION(
/* description */ (''),
/* implementation_level */ '2;1');

FILE_NAME(
/* name */ 'Phone Gimbal Assembled.step',
/* time_stamp */ '2026-09-09T21:47:06+01:00',
/* author */ (''),
/* organization */ (''),
/* preprocessor_version */ 'ST-DEVELOPER v20.1',
/* originating_system */ 'Autodesk Translation Framework v15.8.0.0',
/* authorisation */ '');

FILE_SCHEMA (('AUTOMOTIVE_DESIGN { 1 0 10303 214 3 1 1 }'));
ENDSEC;

DATA;
#10=MECHANICAL_DESIGN_GEOMETRIC_PRESENTATION_REPRESENTATION('',(#217,#218,
#219,#220,#221,#222,#223,#224,#225,#226,#227),#5951);
#11=ITEM_DEFINED_TRANSFORMATION($,$,#3012,#3081);
#12=ITEM_DEFINED_TRANSFORMATION($,$,#3031,#3082);
#13=ITEM_DEFINED_TRANSFORMATION($,$,#3052,#3083);
#14=ITEM_DEFINED_TRANSFORMATION($,$,#3069,#3084);
#15=ITEM_DEFINED_TRANSFORMATION($,$,#3072,#3085);
#16=ITEM_DEFINED_TRANSFORMATION($,$,#3069,#3086);
#17=ITEM_DEFINED_TRANSFORMATION($,$,#3069,#3087);
#18=ITEM_DEFINED_TRANSFORMATION($,$,#3069,#3088);
#19=ITEM_DEFINED_TRANSFORMATION($,$,#3069,#3089);
#20=ITEM_DEFINED_TRANSFORMATION($,$,#3069,#3090);
#21=ITEM_DEFINED_TRANSFORMATION($,$,#3069,#3091);
#22=ITEM_DEFINED_TRANSFORMATION($,$,#3069,#3092);
#23=ITEM_DEFINED_TRANSFORMATION($,$,#3072,#3093);
#24=ITEM_DEFINED_TRANSFORMATION($,$,#3011,#3094);
#25=ITEM_DEFINED_TRANSFORMATION($,$,#3011,#3095);
#26=ITEM_DEFINED_TRANSFORMATION($,$,#3011,#3133);
#27=ITEM_DEFINED_TRANSFORMATION($,$,#2894,#3186);
#28=ITEM_DEFINED_TRANSFORMATION($,$,#2913,#3187);
#29=ITEM_DEFINED_TRANSFORMATION($,$,#2928,#3188);
#30=ITEM_DEFINED_TRANSFORMATION($,$,#2976,#3189);
#31=ITEM_DEFINED_TRANSFORMATION($,$,#3010,#3190);
#32=ITEM_DEFINED_TRANSFORMATION($,$,#3134,#3191);
#33=(
REPRESENTATION_RELATIONSHIP($,$,#6011,#6010)
REPRESENTATION_RELATIONSHIP_WITH_TRANSFORMATION(#11)
SHAPE_REPRESENTATION_RELATIONSHIP()
);
#34=(
REPRESENTATION_RELATIONSHIP($,$,#6012,#6010)
REPRESENTATION_RELATIONSHIP_WITH_TRANSFORMATION(#12)
SHAPE_REPRESENTATION_RELATIONSHIP()
);
#35=(
REPRESENTATION_RELATIONSHIP($,$,#6013,#6010)
REPRESENTATION_RELATIONSHIP_WITH_TRANSFORMATION(#13)
SHAPE_REPRESENTATION_RELATIONSHIP()
);
#36=(
REPRESENTATION_RELATIONSHIP($,$,#6014,#6010)
REPRESENTATION_RELATIONSHIP_WITH_TRANSFORMATION(#14)
SHAPE_REPRESENTATION_RELATIONSHIP()
);
#37=(
REPRESENTATION_RELATIONSHIP($,$,#6015,#6010)
REPRESENTATION_RELATIONSHIP_WITH_TRANSFORMATION(#15)
SHAPE_REPRESENTATION_RELATIONSHIP()
);
#38=(
REPRESENTATION_RELATIONSHIP($,$,#6014,#6010)
REPRESENTATION_RELATIONSHIP_WITH_TRANSFORMATION(#16)
SHAPE_REPRESENTATION_RELATIONSHIP()
);
#39=(
REPRESENTATION_RELATIONSHIP($,$,#6014,#6010)
REPRESENTATION_RELATIONSHIP_WITH_TRANSFORMATION(#17)
SHAPE_REPRESENTATION_RELATIONSHIP()
);
#40=(
REPRESENTATION_RELATIONSHIP($,$,#6014,#6010)
REPRESENTATION_RELATIONSHIP_WITH_TRANSFORMATION(#18)
SHAPE_REPRESENTATION_RELATIONSHIP()
);
#41=(
REPRESENTATION_RELATIONSHIP($,$,#6014,#6010)
REPRESENTATION_RELATIONSHIP_WITH_TRANSFORMATION(#19)
SHAPE_REPRESENTATION_RELATIONSHIP()
);
#42=(
REPRESENTATION_RELATIONSHIP($,$,#6014,#6010)
REPRESENTATION_RELATIONSHIP_WITH_TRANSFORMATION(#20)
SHAPE_REPRESENTATION_RELATIONSHIP()
);
#43=(
REPRESENTATION_RELATIONSHIP($,$,#6014,#6010)
REPRESENTATION_RELATIONSHIP_WITH_TRANSFORMATION(#21)
SHAPE_REPRESENTATION_RELATIONSHIP()
);
#44=(
REPRESENTATION_RELATIONSHIP($,$,#6014,#6010)
REPRESENTATION_RELATIONSHIP_WITH_TRANSFORMATION(#22)
SHAPE_REPRESENTATION_RELATIONSHIP()
);
#45=(
REPRESENTATION_RELATIONSHIP($,$,#6015,#6010)
REPRESENTATION_RELATIONSHIP_WITH_TRANSFORMATION(#23)
SHAPE_REPRESENTATION_RELATIONSHIP()
);
#46=(
REPRESENTATION_RELATIONSHIP($,$,#6010,#6006)
REPRESENTATION_RELATIONSHIP_WITH_TRANSFORMATION(#24)
SHAPE_REPRESENTATION_RELATIONSHIP()
);
#47=(
REPRESENTATION_RELATIONSHIP($,$,#6010,#6008)
REPRESENTATION_RELATIONSHIP_WITH_TRANSFORMATION(#25)
SHAPE_REPRESENTATION_RELATIONSHIP()
);
#48=(
REPRESENTATION_RELATIONSHIP($,$,#6010,#6009)
REPRESENTATION_RELATIONSHIP_WITH_TRANSFORMATION(#26)
SHAPE_REPRESENTATION_RELATIONSHIP()
);
#49=(
REPRESENTATION_RELATIONSHIP($,$,#6005,#6004)
REPRESENTATION_RELATIONSHIP_WITH_TRANSFORMATION(#27)
SHAPE_REPRESENTATION_RELATIONSHIP()
);
#50=(
REPRESENTATION_RELATIONSHIP($,$,#6006,#6004)
REPRESENTATION_RELATIONSHIP_WITH_TRANSFORMATION(#28)
SHAPE_REPRESENTATION_RELATIONSHIP()
);
#51=(
REPRESENTATION_RELATIONSHIP($,$,#6007,#6004)
REPRESENTATION_RELATIONSHIP_WITH_TRANSFORMATION(#29)
SHAPE_REPRESENTATION_RELATIONSHIP()
);
#52=(
REPRESENTATION_RELATIONSHIP($,$,#6008,#6004)
REPRESENTATION_RELATIONSHIP_WITH_TRANSFORMATION(#30)
SHAPE_REPRESENTATION_RELATIONSHIP()
);
#53=(
REPRESENTATION_RELATIONSHIP($,$,#6009,#6004)
REPRESENTATION_RELATIONSHIP_WITH_TRANSFORMATION(#31)
SHAPE_REPRESENTATION_RELATIONSHIP()
);
#54=(
REPRESENTATION_RELATIONSHIP($,$,#6016,#6004)
REPRESENTATION_RELATIONSHIP_WITH_TRANSFORMATION(#32)
SHAPE_REPRESENTATION_RELATIONSHIP()
);
#55=CONTEXT_DEPENDENT_SHAPE_REPRESENTATION(#33,#5981);
#56=CONTEXT_DEPENDENT_SHAPE_REPRESENTATION(#34,#5982);
#57=CONTEXT_DEPENDENT_SHAPE_REPRESENTATION(#35,#5983);
#58=CONTEXT_DEPENDENT_SHAPE_REPRESENTATION(#36,#5984);
#59=CONTEXT_DEPENDENT_SHAPE_REPRESENTATION(#37,#5985);
#60=CONTEXT_DEPENDENT_SHAPE_REPRESENTATION(#38,#5986);
#61=CONTEXT_DEPENDENT_SHAPE_REPRESENTATION(#39,#5987);
#62=CONTEXT_DEPENDENT_SHAPE_REPRESENTATION(#40,#5988);
#63=CONTEXT_DEPENDENT_SHAPE_REPRESENTATION(#41,#5989);
#64=CONTEXT_DEPENDENT_SHAPE_REPRESENTATION(#42,#5990);
#65=CONTEXT_DEPENDENT_SHAPE_REPRESENTATION(#43,#5991);
#66=CONTEXT_DEPENDENT_SHAPE_REPRESENTATION(#44,#5992);
#67=CONTEXT_DEPENDENT_SHAPE_REPRESENTATION(#45,#5993);
#68=CONTEXT_DEPENDENT_SHAPE_REPRESENTATION(#46,#5994);
#69=CONTEXT_DEPENDENT_SHAPE_REPRESENTATION(#47,#5995);
#70=CONTEXT_DEPENDENT_SHAPE_REPRESENTATION(#48,#5996);
#71=CONTEXT_DEPENDENT_SHAPE_REPRESENTATION(#49,#5998);
#72=CONTEXT_DEPENDENT_SHAPE_REPRESENTATION(#50,#5999);
#73=CONTEXT_DEPENDENT_SHAPE_REPRESENTATION(#51,#6000);
#74=CONTEXT_DEPENDENT_SHAPE_REPRESENTATION(#52,#6001);
#75=CONTEXT_DEPENDENT_SHAPE_REPRESENTATION(#53,#6002);
#76=CONTEXT_DEPENDENT_SHAPE_REPRESENTATION(#54,#6003);
#77=NEXT_ASSEMBLY_USAGE_OCCURRENCE('OUTER RACE:1','OUTER RACE:1',
'OUTER RACE:1',#6024,#6025,'OUTER RACE:1');
#78=NEXT_ASSEMBLY_USAGE_OCCURRENCE('INNER RACE:1','INNER RACE:1',
'INNER RACE:1',#6024,#6026,'INNER RACE:1');
#79=NEXT_ASSEMBLY_USAGE_OCCURRENCE('RETAINER:1','RETAINER:1',
'RETAINER:1',#6024,#6027,'RETAINER:1');
#80=NEXT_ASSEMBLY_USAGE_OCCURRENCE('BALL:1','BALL:1','BALL:1',#6024,#6028,
'BALL:1');
#81=NEXT_ASSEMBLY_USAGE_OCCURRENCE('COVER:1','COVER:1','COVER:1',#6024,
#6029,'COVER:1');
#82=NEXT_ASSEMBLY_USAGE_OCCURRENCE('BALL:2','BALL:2','BALL:2',#6024,#6028,
'BALL:2');
#83=NEXT_ASSEMBLY_USAGE_OCCURRENCE('BALL:3','BALL:3','BALL:3',#6024,#6028,
'BALL:3');
#84=NEXT_ASSEMBLY_USAGE_OCCURRENCE('BALL:4','BALL:4','BALL:4',#6024,#6028,
'BALL:4');
#85=NEXT_ASSEMBLY_USAGE_OCCURRENCE('BALL:5','BALL:5','BALL:5',#6024,#6028,
'BALL:5');
#86=NEXT_ASSEMBLY_USAGE_OCCURRENCE('BALL:6','BALL:6','BALL:6',#6024,#6028,
'BALL:6');
#87=NEXT_ASSEMBLY_USAGE_OCCURRENCE('BALL:7','BALL:7','BALL:7',#6024,#6028,
'BALL:7');
#88=NEXT_ASSEMBLY_USAGE_OCCURRENCE('BALL:8','BALL:8','BALL:8',#6024,#6028,
'BALL:8');
#89=NEXT_ASSEMBLY_USAGE_OCCURRENCE('COVER:2','COVER:2','COVER:2',#6024,
#6029,'COVER:2');
#90=NEXT_ASSEMBLY_USAGE_OCCURRENCE(
'DEEP GROOVE BALL BEARING 608-2RSH 8MM I.D, 22MM O.D v1:1',
'DEEP GROOVE BALL BEARING 608-2RSH 8MM I.D, 22MM O.D v1:1',
'DEEP GROOVE BALL BEARING 608-2RSH 8MM I.D, 22MM O.D v1:1',#6020,#6024,
'DEEP GROOVE BALL BEARING 608-2RSH 8MM I.D, 22MM O.D v1:1');
#91=NEXT_ASSEMBLY_USAGE_OCCURRENCE(
'DEEP GROOVE BALL BEARING 608-2RSH 8MM I.D, 22MM O.D v1:2',
'DEEP GROOVE BALL BEARING 608-2RSH 8MM I.D, 22MM O.D v1:2',
'DEEP GROOVE BALL BEARING 608-2RSH 8MM I.D, 22MM O.D v1:2',#6022,#6024,
'DEEP GROOVE BALL BEARING 608-2RSH 8MM I.D, 22MM O.D v1:2');
#92=NEXT_ASSEMBLY_USAGE_OCCURRENCE(
'DEEP GROOVE BALL BEARING 608-2RSH 8MM I.D, 22MM O.D v1:3',
'DEEP GROOVE BALL BEARING 608-2RSH 8MM I.D, 22MM O.D v1:3',
'DEEP GROOVE BALL BEARING 608-2RSH 8MM I.D, 22MM O.D v1:3',#6023,#6024,
'DEEP GROOVE BALL BEARING 608-2RSH 8MM I.D, 22MM O.D v1:3');
#93=NEXT_ASSEMBLY_USAGE_OCCURRENCE('Phone:1','Phone:1','Phone:1',#6018,
#6019,'Phone:1');
#94=NEXT_ASSEMBLY_USAGE_OCCURRENCE('Handle:1','Handle:1','Handle:1',#6018,
#6020,'Handle:1');
#95=NEXT_ASSEMBLY_USAGE_OCCURRENCE('Z axis:1','Z axis:1','Z axis:1',#6018,
#6021,'Z axis:1');
#96=NEXT_ASSEMBLY_USAGE_OCCURRENCE('X axis:1','X axis:1','X axis:1',#6018,
#6022,'X axis:1');
#97=NEXT_ASSEMBLY_USAGE_OCCURRENCE('Y axis:1','Y axis:1','Y axis:1',#6018,
#6023,'Y axis:1');
#98=NEXT_ASSEMBLY_USAGE_OCCURRENCE('Holder:1','Holder:1','Holder:1',#6018,
#6030,'Holder:1');
#99=SPHERICAL_SURFACE('',#3070,2.5);
#100=CONICAL_SURFACE('',#3013,10.5,0.785398163397448);
#101=CONICAL_SURFACE('',#3017,11.,0.785398163397452);
#102=CONICAL_SURFACE('',#3038,4.,0.78539816339745);
#103=CONICAL_SURFACE('',#3041,4.4,0.785398163397446);
#104=ELLIPSE('',#2939,16.840240465544,15.);
#105=ELLIPSE('',#2956,12.6863144840432,11.3);
#106=ELLIPSE('',#2978,0.707106781186552,0.5);
#107=ELLIPSE('',#2980,0.707106781186543,0.5);
#108=(
BOUNDED_SURFACE()
B_SPLINE_SURFACE(5,1,((#4499,#4500),(#4501,#4502),(#4503,#4504),(#4505,
#4506),(#4507,#4508),(#4509,#4510),(#4511,#4512),(#4513,#4514),(#4515,#4516),
(#4517,#4518),(#4519,#4520),(#4521,#4522),(#4523,#4524),(#4525,#4526),(#4527,
#4528),(#4529,#4530),(#4531,#4532),(#4533,#4534),(#4535,#4536),(#4537,#4538),
(#4539,#4540),(#4541,#4542),(#4543,#4544),(#4545,#4546),(#4547,#4548),(#4549,
#4550),(#4551,#4552),(#4553,#4554),(#4555,#4556),(#4557,#4558),(#4559,#4560),
(#4561,#4562),(#4563,#4564)),.UNSPECIFIED.,.F.,.F.,.F.)
B_SPLINE_SURFACE_WITH_KNOTS((6,1,1,1,1,1,1,1,1,1,1,1,1,1,1,1,1,1,1,1,1,
1,1,1,1,1,1,1,6),(2,2),(-1.,-0.966666666666667,-0.933333333333333,-0.9,
-0.866666666666667,-0.833333333333333,-0.8,-0.766666666666667,-0.733333333333333,
-0.7,-0.666666666666667,-0.633333333333333,-0.6,-0.566666666666667,-0.533333333333333,
-0.5,-0.466666666666667,-0.433333333333333,-0.4,-0.366666666666667,-0.333333333333333,
-0.3,-0.266666666666667,-0.233333333333333,-0.2,-0.166666666666667,-0.133333333333333,
-0.1,-0.0987170466853078),(0.,28.5),.UNSPECIFIED.)
GEOMETRIC_REPRESENTATION_ITEM()
RATIONAL_B_SPLINE_SURFACE(((1.,1.),(1.,1.),(1.,1.),(1.,1.),(1.,1.),(1.,
1.),(1.,1.),(1.,1.),(1.,1.),(1.,1.),(1.,1.),(1.,1.),(1.,1.),(1.,1.),(1.,
1.),(1.,1.),(1.,1.),(1.,1.),(1.,1.),(1.,1.),(1.,1.),(1.,1.),(1.,1.),(1.,
1.),(1.,1.),(1.,1.),(1.,1.),(1.,1.),(1.,1.),(1.,1.),(1.,1.),(1.,1.),(1.,
1.)))
REPRESENTATION_ITEM('')
SURFACE()
);
#109=B_SPLINE_SURFACE_WITH_KNOTS('',3,3,((#4143,#4144,#4145,#4146,#4147,
#4148,#4149,#4150,#4151,#4152,#4153,#4154,#4155,#4156,#4157,#4158,#4159,
#4160,#4161,#4162,#4163,#4164,#4165,#4166,#4167,#4168,#4169,#4170,#4171,
#4172,#4173,#4174,#4175,#4176,#4177,#4178,#4179,#4180,#4181,#4182,#4183,
#4184,#4185,#4186,#4187,#4188,#4189,#4190,#4191,#4192,#4193,#4194,#4195,
#4196,#4197,#4198,#4199,#4200,#4201),(#4202,#4203,#4204,#4205,#4206,#4207,
#4208,#4209,#4210,#4211,#4212,#4213,#4214,#4215,#4216,#4217,#4218,#4219,
#4220,#4221,#4222,#4223,#4224,#4225,#4226,#4227,#4228,#4229,#4230,#4231,
#4232,#4233,#4234,#4235,#4236,#4237,#4238,#4239,#4240,#4241,#4242,#4243,
#4244,#4245,#4246,#4247,#4248,#4249,#4250,#4251,#4252,#4253,#4254,#4255,
#4256,#4257,#4258,#4259,#4260),(#4261,#4262,#4263,#4264,#4265,#4266,#4267,
#4268,#4269,#4270,#4271,#4272,#4273,#4274,#4275,#4276,#4277,#4278,#4279,
#4280,#4281,#4282,#4283,#4284,#4285,#4286,#4287,#4288,#4289,#4290,#4291,
#4292,#4293,#4294,#4295,#4296,#4297,#4298,#4299,#4300,#4301,#4302,#4303,
#4304,#4305,#4306,#4307,#4308,#4309,#4310,#4311,#4312,#4313,#4314,#4315,
#4316,#4317,#4318,#4319),(#4320,#4321,#4322,#4323,#4324,#4325,#4326,#4327,
#4328,#4329,#4330,#4331,#4332,#4333,#4334,#4335,#4336,#4337,#4338,#4339,
#4340,#4341,#4342,#4343,#4344,#4345,#4346,#4347,#4348,#4349,#4350,#4351,
#4352,#4353,#4354,#4355,#4356,#4357,#4358,#4359,#4360,#4361,#4362,#4363,
#4364,#4365,#4366,#4367,#4368,#4369,#4370,#4371,#4372,#4373,#4374,#4375,
#4376,#4377,#4378),(#4379,#4380,#4381,#4382,#4383,#4384,#4385,#4386,#4387,
#4388,#4389,#4390,#4391,#4392,#4393,#4394,#4395,#4396,#4397,#4398,#4399,
#4400,#4401,#4402,#4403,#4404,#4405,#4406,#4407,#4408,#4409,#4410,#4411,
#4412,#4413,#4414,#4415,#4416,#4417,#4418,#4419,#4420,#4421,#4422,#4423,
#4424,#4425,#4426,#4427,#4428,#4429,#4430,#4431,#4432,#4433,#4434,#4435,
#4436,#4437)),.UNSPECIFIED.,.F.,.T.,.F.,(4,1,4),(4,1,1,1,1,1,1,1,1,1,1,
1,1,1,1,1,1,1,1,1,1,1,1,1,1,1,1,1,1,1,1,1,1,1,1,1,1,1,1,1,1,1,1,1,1,1,1,
1,1,1,1,1,1,1,1,1,4),(0.,0.571428571428571,1.),(0.,0.11549118843062,0.230982376861241,
0.346473565291861,0.461964753722481,0.692947130583722,0.923929507444963,
1.38589426116744,1.84785901488993,2.46381201985323,3.07976502481654,3.3877415272982,
3.69571802977985,4.10635336642206,4.31167103474316,4.61964753722481,4.77363578846564,
4.85062991408606,4.92762403970647,5.00461816532688,5.0816122909473,5.23560054218812,
5.54357704466978,5.85155354715143,6.15953004963309,6.31351830087391,6.39051242649433,
6.46750655211474,6.54450067773515,6.62149480335557,6.77548305459639,6.85247718021681,
6.92947130583722,7.08345955707805,7.3914360595597,7.69941256204136,8.00738906452301,
8.31536556700467,8.62334206948632,9.23929507444963,9.54727157693128,9.85524807941294,
10.4712010843762,10.7791775868579,11.0871540893396,11.2026452777702,11.3181364662008,
11.4336276546314,11.549118843062,11.7801012199233,12.0110835967845,12.1265747852151,
12.2420659736458,12.3575571620764,12.473048350507,12.7040307273682,12.9350131042295),
 .UNSPECIFIED.);
#110=FACE_BOUND('',#566,.T.);
#111=FACE_BOUND('',#573,.T.);
#112=FACE_BOUND('',#582,.T.);
#113=FACE_BOUND('',#584,.T.);
#114=FACE_BOUND('',#601,.T.);
#115=FACE_BOUND('',#606,.T.);
#116=FACE_BOUND('',#610,.T.);
#117=FACE_BOUND('',#613,.T.);
#118=FACE_BOUND('',#619,.T.);
#119=FACE_BOUND('',#623,.T.);
#120=FACE_BOUND('',#627,.T.);
#121=FACE_BOUND('',#635,.T.);
#122=FACE_BOUND('',#637,.T.);
#123=FACE_BOUND('',#645,.T.);
#124=FACE_BOUND('',#647,.T.);
#125=FACE_BOUND('',#657,.T.);
#126=FACE_BOUND('',#658,.T.);
#127=FACE_BOUND('',#659,.T.);
#128=FACE_BOUND('',#660,.T.);
#129=FACE_BOUND('',#661,.T.);
#130=FACE_BOUND('',#662,.T.);
#131=FACE_BOUND('',#663,.T.);
#132=FACE_BOUND('',#665,.T.);
#133=FACE_BOUND('',#666,.T.);
#134=FACE_BOUND('',#667,.T.);
#135=FACE_BOUND('',#668,.T.);
#136=FACE_BOUND('',#669,.T.);
#137=FACE_BOUND('',#670,.T.);
#138=FACE_BOUND('',#671,.T.);
#139=FACE_BOUND('',#673,.T.);
#140=FACE_BOUND('',#675,.T.);
#141=FACE_BOUND('',#680,.T.);
#142=FACE_BOUND('',#682,.T.);
#143=FACE_BOUND('',#686,.T.);
#144=FACE_BOUND('',#692,.T.);
#145=FACE_BOUND('',#701,.T.);
#146=FACE_BOUND('',#704,.T.);
#147=FACE_BOUND('',#744,.T.);
#148=B_SPLINE_CURVE_WITH_KNOTS('',3,(#4076,#4077,#4078,#4079,#4080,#4081,
#4082,#4083,#4084,#4085,#4086,#4087,#4088,#4089,#4090,#4091,#4092,#4093,
#4094,#4095,#4096,#4097,#4098,#4099,#4100,#4101,#4102,#4103,#4104,#4105,
#4106,#4107,#4108,#4109,#4110,#4111,#4112,#4113,#4114,#4115,#4116,#4117,
#4118,#4119,#4120,#4121,#4122,#4123,#4124,#4125,#4126,#4127,#4128,#4129,
#4130,#4131,#4132,#4133,#4134),.UNSPECIFIED.,.T.,.F.,(4,1,1,1,1,1,1,1,1,
1,1,1,1,1,1,1,1,1,1,1,1,1,1,1,1,1,1,1,1,1,1,1,1,1,1,1,1,1,1,1,1,1,1,1,1,
1,1,1,1,1,1,1,1,1,1,1,4),(-12.9350131042295,-12.7040307273682,-12.473048350507,
-12.3575571620764,-12.2420659736458,-12.1265747852151,-12.0110835967845,
-11.7801012199233,-11.549118843062,-11.4336276546314,-11.3181364662008,
-11.2026452777702,-11.0871540893396,-10.7791775868579,-10.4712010843762,
-9.85524807941294,-9.54727157693128,-9.23929507444963,-8.62334206948632,
-8.31536556700467,-8.00738906452301,-7.69941256204136,-7.3914360595597,
-7.08345955707805,-6.92947130583722,-6.85247718021681,-6.77548305459639,
-6.62149480335557,-6.54450067773515,-6.46750655211474,-6.39051242649433,
-6.31351830087391,-6.15953004963309,-5.85155354715143,-5.54357704466978,
-5.23560054218812,-5.0816122909473,-5.00461816532688,-4.92762403970647,
-4.85062991408606,-4.77363578846564,-4.61964753722481,-4.31167103474316,
-4.10635336642206,-3.69571802977985,-3.3877415272982,-3.07976502481654,
-2.46381201985323,-1.84785901488993,-1.38589426116744,-0.923929507444963,
-0.692947130583722,-0.461964753722481,-0.346473565291861,-0.230982376861241,
-0.11549118843062,0.),.UNSPECIFIED.);
#149=B_SPLINE_CURVE_WITH_KNOTS('',3,(#4440,#4441,#4442,#4443,#4444,#4445,
#4446,#4447,#4448,#4449,#4450,#4451,#4452,#4453,#4454,#4455,#4456,#4457,
#4458,#4459,#4460,#4461,#4462,#4463,#4464,#4465,#4466,#4467,#4468,#4469,
#4470,#4471,#4472,#4473,#4474,#4475,#4476,#4477,#4478,#4479,#4480,#4481,
#4482,#4483,#4484,#4485,#4486,#4487,#4488,#4489,#4490,#4491,#4492,#4493,
#4494,#4495,#4496,#4497,#4498),.UNSPECIFIED.,.T.,.F.,(4,1,1,1,1,1,1,1,1,
1,1,1,1,1,1,1,1,1,1,1,1,1,1,1,1,1,1,1,1,1,1,1,1,1,1,1,1,1,1,1,1,1,1,1,1,
1,1,1,1,1,1,1,1,1,1,1,4),(0.,0.11549118843062,0.230982376861241,0.346473565291861,
0.461964753722481,0.692947130583722,0.923929507444963,1.38589426116744,
1.84785901488993,2.46381201985323,3.07976502481654,3.3877415272982,3.69571802977985,
4.10635336642206,4.31167103474316,4.61964753722481,4.77363578846564,4.85062991408606,
4.92762403970647,5.00461816532688,5.0816122909473,5.23560054218812,5.54357704466978,
5.85155354715143,6.15953004963309,6.31351830087391,6.39051242649433,6.46750655211474,
6.54450067773515,6.62149480335557,6.77548305459639,6.85247718021681,6.92947130583722,
7.08345955707805,7.3914360595597,7.69941256204136,8.00738906452301,8.31536556700467,
8.62334206948632,9.23929507444963,9.54727157693128,9.85524807941294,10.4712010843762,
10.7791775868579,11.0871540893396,11.2026452777702,11.3181364662008,11.4336276546314,
11.549118843062,11.7801012199233,12.0110835967845,12.1265747852151,12.2420659736458,
12.3575571620764,12.473048350507,12.7040307273682,12.9350131042295),
 .UNSPECIFIED.);
#150=B_SPLINE_CURVE_WITH_KNOTS('',3,(#4570,#4571,#4572,#4573,#4574,#4575,
#4576,#4577,#4578,#4579),.UNSPECIFIED.,.F.,.F.,(4,2,2,2,4),(0.,0.0352457346638333,
0.073233606462884,0.11506972492262,0.160980850390022),.UNSPECIFIED.);
#151=B_SPLINE_CURVE_WITH_KNOTS('',3,(#4583,#4584,#4585,#4586,#4587,#4588,
#4589,#4590,#4591,#4592),.UNSPECIFIED.,.F.,.F.,(4,2,2,2,4),(0.487547491356709,
0.531706846740583,0.572144959593011,0.611863081768538,0.648533778323248),
 .UNSPECIFIED.);
#152=B_SPLINE_CURVE_WITH_KNOTS('',3,(#4603,#4604,#4605,#4606,#4607,#4608,
#4609,#4610,#4611,#4612),.UNSPECIFIED.,.F.,.F.,(4,2,2,2,4),(0.,0.070272843874144,
0.14600449291113,0.230127240958854,0.324985413753642),.UNSPECIFIED.);
#153=B_SPLINE_CURVE_WITH_KNOTS('',3,(#4618,#4619,#4620,#4621,#4622,#4623,
#4624,#4625,#4626,#4627),.UNSPECIFIED.,.F.,.F.,(4,2,2,2,4),(1.00187513497193,
1.09673330776672,1.18085605581444,1.25658770485143,1.32686054872557),
 .UNSPECIFIED.);
#154=B_SPLINE_CURVE_WITH_KNOTS('',3,(#4734,#4735,#4736,#4737,#4738,#4739,
#4740,#4741,#4742,#4743),.UNSPECIFIED.,.F.,.F.,(4,2,2,2,4),(-0.134570642725838,
-0.092615960382205,-0.0446103340095141,0.,0.000587135706512355),
 .UNSPECIFIED.);
#155=B_SPLINE_CURVE_WITH_KNOTS('',3,(#4757,#4758,#4759,#4760,#4761,#4762,
#4763,#4764,#4765,#4766),.UNSPECIFIED.,.F.,.F.,(4,2,2,2,4),(-0.112304099742597,
-0.111816242160804,-0.074749019998269,-0.0348606116884653,0.),
 .UNSPECIFIED.);
#156=B_SPLINE_CURVE_WITH_KNOTS('',3,(#4774,#4775,#4776,#4777,#4778,#4779),
 .UNSPECIFIED.,.F.,.F.,(4,2,4),(0.,0.0538770171862933,0.104613815035181),
 .UNSPECIFIED.);
#157=B_SPLINE_CURVE_WITH_KNOTS('',3,(#4784,#4785,#4786,#4787,#4788,#4789),
 .UNSPECIFIED.,.F.,.F.,(4,2,4),(0.837125101252145,0.887861899101031,0.941738916287324),
 .UNSPECIFIED.);
#158=B_SPLINE_CURVE_WITH_KNOTS('',3,(#4929,#4930,#4931,#4932,#4933,#4934,
#4935,#4936,#4937,#4938),.UNSPECIFIED.,.F.,.F.,(4,2,2,2,4),(0.7588946930993,
0.853773296874519,0.948651900649739,1.04349697014934,1.13834203964895),
 .UNSPECIFIED.);
#159=B_SPLINE_CURVE_WITH_KNOTS('',3,(#4939,#4940,#4941,#4942,#4943,#4944,
#4945,#4946,#4947,#4948,#4949,#4950,#4951,#4952,#4953,#4954,#4955,#4956,
#4957,#4958,#4959,#4960,#4961,#4962,#4963,#4964,#4965),.UNSPECIFIED.,.F.,
 .F.,(4,2,2,2,3,2,2,2,2,2,2,2,4),(-0.37944734654965,-0.284602277050044,
-0.189757207550439,-0.0948786037752194,0.,0.0948786037752196,0.189757207550439,
0.284602277050044,0.37944734654965,0.474292416049255,0.569137485548861,
0.66401608932408,0.7588946930993),.UNSPECIFIED.);
#160=B_SPLINE_CURVE_WITH_KNOTS('',3,(#4969,#4970,#4971,#4972,#4973,#4974,
#4975,#4976,#4977,#4978),.UNSPECIFIED.,.F.,.F.,(4,2,2,2,4),(0.760700418564752,
0.855817530769689,0.950934642974627,1.04599263541088,1.14105062784713),
 .UNSPECIFIED.);
#161=B_SPLINE_CURVE_WITH_KNOTS('',3,(#4979,#4980,#4981,#4982,#4983,#4984,
#4985,#4986,#4987,#4988,#4989,#4990,#4991,#4992,#4993,#4994,#4995,#4996,
#4997,#4998,#4999,#5000,#5001,#5002,#5003,#5004,#5005),.UNSPECIFIED.,.F.,
 .F.,(4,2,2,2,3,2,2,2,2,2,2,2,4),(-0.380350209282376,-0.285292216846125,
-0.190234224409875,-0.0951171122049373,0.,0.0951171122049375,0.190234224409875,
0.285292216846126,0.380350209282376,0.475408201718627,0.570466194154877,
0.665583306359815,0.760700418564752),.UNSPECIFIED.);
#162=B_SPLINE_CURVE_WITH_KNOTS('',3,(#5008,#5009,#5010,#5011,#5012,#5013,
#5014,#5015,#5016,#5017,#5018,#5019,#5020,#5021,#5022,#5023,#5024,#5025,
#5026,#5027,#5028,#5029,#5030,#5031,#5032,#5033,#5034,#5035,#5036,#5037,
#5038,#5039,#5040,#5041),.UNSPECIFIED.,.T.,.F.,(4,2,2,2,2,2,2,2,2,2,2,2,
2,2,2,2,4),(0.,0.0948786037752194,0.189757207550439,0.284602277050044,0.37944734654965,
0.474292416049255,0.569137485548861,0.66401608932408,0.758894693099299,
0.853773296874519,0.948651900649738,1.04349697014934,1.13834203964895,1.23318710914855,
1.32803217864816,1.42291078242338,1.5177893861986),.UNSPECIFIED.);
#163=B_SPLINE_CURVE_WITH_KNOTS('',3,(#5045,#5046,#5047,#5048,#5049,#5050,
#5051,#5052,#5053,#5054,#5055,#5056,#5057,#5058,#5059,#5060,#5061,#5062),
 .UNSPECIFIED.,.F.,.F.,(4,2,2,2,2,2,2,2,4),(-0.760700418564752,-0.665583306359814,
-0.570466194154877,-0.475408201718627,-0.380350209282376,-0.285292216846125,
-0.190234224409875,-0.0951171122049373,0.),.UNSPECIFIED.);
#164=B_SPLINE_CURVE_WITH_KNOTS('',3,(#5063,#5064,#5065,#5066,#5067,#5068,
#5069,#5070,#5071,#5072,#5073,#5074,#5075,#5076,#5077,#5078,#5079,#5080),
 .UNSPECIFIED.,.F.,.F.,(4,2,2,2,2,2,2,2,4),(-1.5214008371295,-1.42628372492457,
-1.33116661271963,-1.23610862028338,-1.14105062784713,-1.04599263541088,
-0.950934642974626,-0.855817530769689,-0.760700418564752),.UNSPECIFIED.);
#165=B_SPLINE_CURVE_WITH_KNOTS('',3,(#5083,#5084,#5085,#5086,#5087,#5088,
#5089,#5090,#5091,#5092,#5093,#5094,#5095,#5096,#5097,#5098,#5099,#5100,
#5101,#5102,#5103,#5104,#5105,#5106,#5107,#5108,#5109,#5110,#5111,#5112,
#5113,#5114,#5115,#5116),.UNSPECIFIED.,.T.,.F.,(4,2,2,2,2,2,2,2,2,2,2,2,
2,2,2,2,4),(0.,0.0948786037752194,0.189757207550439,0.284602277050044,0.37944734654965,
0.474292416049255,0.569137485548861,0.66401608932408,0.7588946930993,0.853773296874519,
0.948651900649739,1.04349697014934,1.13834203964895,1.23318710914856,1.32803217864816,
1.42291078242338,1.5177893861986),.UNSPECIFIED.);
#166=B_SPLINE_CURVE_WITH_KNOTS('',3,(#5120,#5121,#5122,#5123,#5124,#5125,
#5126,#5127,#5128,#5129,#5130,#5131,#5132,#5133,#5134,#5135,#5136,#5137),
 .UNSPECIFIED.,.F.,.F.,(4,2,2,2,2,2,2,2,4),(0.380350209282376,0.475408201718627,
0.570466194154877,0.665583306359815,0.760700418564752,0.855817530769689,
0.950934642974627,1.04599263541088,1.14105062784713),.UNSPECIFIED.);
#167=B_SPLINE_CURVE_WITH_KNOTS('',3,(#5138,#5139,#5140,#5141,#5142,#5143,
#5144,#5145,#5146,#5147,#5148,#5149,#5150,#5151,#5152,#5153,#5154,#5155,
#5156),.UNSPECIFIED.,.F.,.F.,(4,2,2,2,3,2,2,2,4),(-0.380350209282376,-0.285292216846125,
-0.190234224409875,-0.0951171122049373,0.,0.0951171122049375,0.190234224409875,
0.285292216846125,0.380350209282376),.UNSPECIFIED.);
#168=B_SPLINE_CURVE_WITH_KNOTS('',3,(#5159,#5160,#5161,#5162,#5163,#5164,
#5165,#5166,#5167,#5168,#5169,#5170,#5171,#5172,#5173,#5174,#5175,#5176,
#5177,#5178,#5179,#5180,#5181,#5182,#5183,#5184,#5185,#5186,#5187,#5188,
#5189,#5190,#5191,#5192),.UNSPECIFIED.,.T.,.F.,(4,2,2,2,2,2,2,2,2,2,2,2,
2,2,2,2,4),(0.,0.0948786037752194,0.189757207550439,0.284602277050044,0.37944734654965,
0.474292416049255,0.569137485548861,0.66401608932408,0.7588946930993,0.853773296874519,
0.948651900649738,1.04349697014934,1.13834203964895,1.23318710914855,1.32803217864816,
1.42291078242338,1.5177893861986),.UNSPECIFIED.);
#169=B_SPLINE_CURVE_WITH_KNOTS('',3,(#5196,#5197,#5198,#5199,#5200,#5201,
#5202,#5203,#5204,#5205,#5206,#5207,#5208,#5209,#5210,#5211,#5212,#5213),
 .UNSPECIFIED.,.F.,.F.,(4,2,2,2,2,2,2,2,4),(-0.760700418564752,-0.665583306359814,
-0.570466194154877,-0.475408201718626,-0.380350209282376,-0.285292216846125,
-0.190234224409874,-0.0951171122049372,0.),.UNSPECIFIED.);
#170=B_SPLINE_CURVE_WITH_KNOTS('',3,(#5214,#5215,#5216,#5217,#5218,#5219,
#5220,#5221,#5222,#5223,#5224,#5225,#5226,#5227,#5228,#5229,#5230,#5231),
 .UNSPECIFIED.,.F.,.F.,(4,2,2,2,2,2,2,2,4),(-1.5214008371295,-1.42628372492457,
-1.33116661271963,-1.23610862028338,-1.14105062784713,-1.04599263541088,
-0.950934642974626,-0.855817530769689,-0.760700418564752),.UNSPECIFIED.);
#171=B_SPLINE_CURVE_WITH_KNOTS('',3,(#5235,#5236,#5237,#5238,#5239,#5240,
#5241,#5242,#5243,#5244),.UNSPECIFIED.,.F.,.F.,(4,2,2,2,4),(0.7588946930993,
0.853773296874519,0.948651900649738,1.04349697014934,1.13834203964895),
 .UNSPECIFIED.);
#172=B_SPLINE_CURVE_WITH_KNOTS('',3,(#5246,#5247,#5248,#5249,#5250,#5251,
#5252,#5253,#5254,#5255,#5256,#5257,#5258,#5259,#5260,#5261,#5262,#5263,
#5264),.UNSPECIFIED.,.F.,.F.,(4,2,2,2,3,2,2,2,4),(-0.37944734654965,-0.284602277050044,
-0.189757207550439,-0.0948786037752195,-2.22044604925031E-16,0.0948786037752192,
0.189757207550439,0.284602277050044,0.37944734654965),.UNSPECIFIED.);
#173=B_SPLINE_CURVE_WITH_KNOTS('',3,(#5265,#5266,#5267,#5268,#5269,#5270,
#5271,#5272,#5273,#5274),.UNSPECIFIED.,.F.,.F.,(4,2,2,2,4),(0.37944734654965,
0.474292416049255,0.569137485548861,0.66401608932408,0.7588946930993),
 .UNSPECIFIED.);
#174=B_SPLINE_CURVE_WITH_KNOTS('',3,(#5278,#5279,#5280,#5281,#5282,#5283,
#5284,#5285,#5286,#5287),.UNSPECIFIED.,.F.,.F.,(4,2,2,2,4),(0.760700418564752,
0.855817530769689,0.950934642974627,1.04599263541088,1.14105062784713),
 .UNSPECIFIED.);
#175=B_SPLINE_CURVE_WITH_KNOTS('',3,(#5289,#5290,#5291,#5292,#5293,#5294,
#5295,#5296,#5297,#5298,#5299,#5300,#5301,#5302,#5303,#5304,#5305,#5306,
#5307),.UNSPECIFIED.,.F.,.F.,(4,2,2,2,3,2,2,2,4),(-0.380350209282376,-0.285292216846125,
-0.190234224409875,-0.0951171122049373,0.,0.0951171122049375,0.190234224409875,
0.285292216846125,0.380350209282376),.UNSPECIFIED.);
#176=B_SPLINE_CURVE_WITH_KNOTS('',3,(#5308,#5309,#5310,#5311,#5312,#5313,
#5314,#5315,#5316,#5317),.UNSPECIFIED.,.F.,.F.,(4,2,2,2,4),(0.380350209282376,
0.475408201718627,0.570466194154877,0.665583306359815,0.760700418564752),
 .UNSPECIFIED.);
#177=B_SPLINE_CURVE_WITH_KNOTS('',3,(#5320,#5321,#5322,#5323,#5324,#5325,
#5326,#5327,#5328,#5329,#5330,#5331,#5332,#5333,#5334,#5335,#5336,#5337,
#5338,#5339,#5340,#5341,#5342,#5343,#5344,#5345,#5346,#5347,#5348,#5349,
#5350,#5351,#5352,#5353),.UNSPECIFIED.,.T.,.F.,(4,2,2,2,2,2,2,2,2,2,2,2,
2,2,2,2,4),(0.,0.0948786037752194,0.189757207550439,0.284602277050044,0.37944734654965,
0.474292416049255,0.569137485548861,0.66401608932408,0.7588946930993,0.853773296874519,
0.948651900649739,1.04349697014934,1.13834203964895,1.23318710914856,1.32803217864816,
1.42291078242338,1.5177893861986),.UNSPECIFIED.);
#178=B_SPLINE_CURVE_WITH_KNOTS('',3,(#5357,#5358,#5359,#5360,#5361,#5362,
#5363,#5364,#5365,#5366,#5367,#5368,#5369,#5370,#5371,#5372,#5373,#5374),
 .UNSPECIFIED.,.F.,.F.,(4,2,2,2,2,2,2,2,4),(-0.760700418564752,-0.665583306359815,
-0.570466194154877,-0.475408201718627,-0.380350209282376,-0.285292216846125,
-0.190234224409875,-0.0951171122049374,0.),.UNSPECIFIED.);
#179=B_SPLINE_CURVE_WITH_KNOTS('',3,(#5375,#5376,#5377,#5378,#5379,#5380,
#5381,#5382,#5383,#5384,#5385,#5386,#5387,#5388,#5389,#5390,#5391,#5392),
 .UNSPECIFIED.,.F.,.F.,(4,2,2,2,2,2,2,2,4),(-1.5214008371295,-1.42628372492457,
-1.33116661271963,-1.23610862028338,-1.14105062784713,-1.04599263541088,
-0.950934642974627,-0.855817530769689,-0.760700418564752),.UNSPECIFIED.);
#180=B_SPLINE_CURVE_WITH_KNOTS('',3,(#5395,#5396,#5397,#5398,#5399,#5400,
#5401,#5402,#5403,#5404,#5405,#5406,#5407,#5408,#5409,#5410,#5411,#5412,
#5413,#5414,#5415,#5416,#5417,#5418,#5419,#5420,#5421,#5422,#5423,#5424,
#5425,#5426,#5427,#5428),.UNSPECIFIED.,.T.,.F.,(4,2,2,2,2,2,2,2,2,2,2,2,
2,2,2,2,4),(0.,0.0948786037752194,0.189757207550439,0.284602277050044,0.37944734654965,
0.474292416049255,0.569137485548861,0.66401608932408,0.7588946930993,0.853773296874519,
0.948651900649738,1.04349697014934,1.13834203964895,1.23318710914855,1.32803217864816,
1.42291078242338,1.5177893861986),.UNSPECIFIED.);
#181=B_SPLINE_CURVE_WITH_KNOTS('',3,(#5432,#5433,#5434,#5435,#5436,#5437,
#5438,#5439,#5440,#5441,#5442,#5443,#5444,#5445,#5446,#5447,#5448,#5449),
 .UNSPECIFIED.,.F.,.F.,(4,2,2,2,2,2,2,2,4),(-0.760700418564752,-0.665583306359815,
-0.570466194154877,-0.475408201718627,-0.380350209282376,-0.285292216846125,
-0.190234224409875,-0.0951171122049373,0.),.UNSPECIFIED.);
#182=B_SPLINE_CURVE_WITH_KNOTS('',3,(#5450,#5451,#5452,#5453,#5454,#5455,
#5456,#5457,#5458,#5459,#5460,#5461,#5462,#5463,#5464,#5465,#5466,#5467),
 .UNSPECIFIED.,.F.,.F.,(4,2,2,2,2,2,2,2,4),(-1.5214008371295,-1.42628372492457,
-1.33116661271963,-1.23610862028338,-1.14105062784713,-1.04599263541088,
-0.950934642974626,-0.855817530769689,-0.760700418564752),.UNSPECIFIED.);
#183=B_SPLINE_CURVE_WITH_KNOTS('',3,(#5470,#5471,#5472,#5473,#5474,#5475,
#5476,#5477,#5478,#5479,#5480,#5481,#5482,#5483,#5484,#5485,#5486,#5487,
#5488,#5489,#5490,#5491,#5492,#5493,#5494,#5495,#5496,#5497,#5498,#5499,
#5500,#5501,#5502,#5503),.UNSPECIFIED.,.T.,.F.,(4,2,2,2,2,2,2,2,2,2,2,2,
2,2,2,2,4),(0.,0.0948786037752194,0.189757207550439,0.284602277050044,0.37944734654965,
0.474292416049255,0.569137485548861,0.66401608932408,0.7588946930993,0.853773296874519,
0.948651900649739,1.04349697014934,1.13834203964895,1.23318710914856,1.32803217864816,
1.42291078242338,1.5177893861986),.UNSPECIFIED.);
#184=B_SPLINE_CURVE_WITH_KNOTS('',3,(#5507,#5508,#5509,#5510,#5511,#5512,
#5513,#5514,#5515,#5516,#5517,#5518,#5519,#5520,#5521,#5522,#5523,#5524,
#5525),.UNSPECIFIED.,.F.,.F.,(4,2,2,2,3,2,2,2,4),(-0.380350209282376,-0.285292216846125,
-0.190234224409875,-0.0951171122049373,0.,0.0951171122049372,0.190234224409874,
0.285292216846125,0.380350209282376),.UNSPECIFIED.);
#185=B_SPLINE_CURVE_WITH_KNOTS('',3,(#5526,#5527,#5528,#5529,#5530,#5531,
#5532,#5533,#5534,#5535,#5536,#5537,#5538,#5539,#5540,#5541,#5542,#5543),
 .UNSPECIFIED.,.F.,.F.,(4,2,2,2,2,2,2,2,4),(-1.14105062784713,-1.04599263541088,
-0.950934642974626,-0.855817530769689,-0.760700418564752,-0.665583306359814,
-0.570466194154877,-0.475408201718627,-0.380350209282376),.UNSPECIFIED.);
#186=B_SPLINE_CURVE_WITH_KNOTS('',3,(#5776,#5777,#5778,#5779,#5780,#5781,
#5782,#5783,#5784,#5785),.UNSPECIFIED.,.F.,.F.,(4,2,2,2,4),(0.,0.070823314510375,
0.14632046036883,0.228904300620207,0.320329580670334),.UNSPECIFIED.);
#187=B_SPLINE_CURVE_WITH_KNOTS('',3,(#5791,#5792,#5793,#5794,#5795,#5796,
#5797,#5798,#5799,#5800),.UNSPECIFIED.,.F.,.F.,(4,2,2,2,4),(0.98202655372496,
1.07345183377509,1.15603567402646,1.23153281988492,1.30235613439529),
 .UNSPECIFIED.);
#188=TOROIDAL_SURFACE('',#2914,10.,5.);
#189=TOROIDAL_SURFACE('',#2929,14.,1.);
#190=TOROIDAL_SURFACE('',#2934,13.,2.);
#191=TOROIDAL_SURFACE('',#2985,13.5,1.5);
#192=TOROIDAL_SURFACE('',#3020,7.5,2.5);
#193=TOROIDAL_SURFACE('',#3032,7.5,2.5);
#194=TOROIDAL_SURFACE('',#3147,13.0000002235174,2.);
#195=SHAPE_REPRESENTATION_RELATIONSHIP('SRR','None',#6005,#206);
#196=SHAPE_REPRESENTATION_RELATIONSHIP('SRR','None',#6007,#207);
#197=SHAPE_REPRESENTATION_RELATIONSHIP('SRR','None',#6011,#208);
#198=SHAPE_REPRESENTATION_RELATIONSHIP('SRR','None',#6012,#209);
#199=SHAPE_REPRESENTATION_RELATIONSHIP('SRR','None',#6013,#210);
#200=SHAPE_REPRESENTATION_RELATIONSHIP('SRR','None',#6014,#211);
#201=SHAPE_REPRESENTATION_RELATIONSHIP('SRR','None',#6015,#212);
#202=SHAPE_REPRESENTATION_RELATIONSHIP('SRR','None',#6006,#213);
#203=SHAPE_REPRESENTATION_RELATIONSHIP('SRR','None',#6008,#214);
#204=SHAPE_REPRESENTATION_RELATIONSHIP('SRR','None',#6009,#215);
#205=SHAPE_REPRESENTATION_RELATIONSHIP('SRR','None',#6016,#216);
#206=ADVANCED_BREP_SHAPE_REPRESENTATION('',(#228),#5939);
#207=ADVANCED_BREP_SHAPE_REPRESENTATION('',(#230),#5941);
#208=ADVANCED_BREP_SHAPE_REPRESENTATION('',(#232),#5945);
#209=ADVANCED_BREP_SHAPE_REPRESENTATION('',(#233),#5946);
#210=ADVANCED_BREP_SHAPE_REPRESENTATION('',(#234),#5947);
#211=ADVANCED_BREP_SHAPE_REPRESENTATION('',(#235),#5948);
#212=ADVANCED_BREP_SHAPE_REPRESENTATION('',(#236),#5949);
#213=ADVANCED_BREP_SHAPE_REPRESENTATION('',(#229),#5940);
#214=ADVANCED_BREP_SHAPE_REPRESENTATION('',(#231),#5942);
#215=ADVANCED_BREP_SHAPE_REPRESENTATION('',(#237),#5943);
#216=ADVANCED_BREP_SHAPE_REPRESENTATION('',(#238),#5950);
#217=STYLED_ITEM('',(#6073),#228);
#218=STYLED_ITEM('',(#6073),#229);
#219=STYLED_ITEM('',(#6073),#230);
#220=STYLED_ITEM('',(#6073),#231);
#221=STYLED_ITEM('',(#6073),#232);
#222=STYLED_ITEM('',(#6073),#233);
#223=STYLED_ITEM('',(#6073),#234);
#224=STYLED_ITEM('',(#6073),#235);
#225=STYLED_ITEM('',(#6073),#236);
#226=STYLED_ITEM('',(#6073),#237);
#227=STYLED_ITEM('',(#6073),#238);
#228=MANIFOLD_SOLID_BREP('Body1',#2793);
#229=MANIFOLD_SOLID_BREP('Body1',#2794);
#230=MANIFOLD_SOLID_BREP('Body1',#2795);
#231=MANIFOLD_SOLID_BREP('Body1',#2796);
#232=MANIFOLD_SOLID_BREP('Body1',#2797);
#233=MANIFOLD_SOLID_BREP('Body1',#2798);
#234=MANIFOLD_SOLID_BREP('Body1',#2799);
#235=MANIFOLD_SOLID_BREP('Body1',#2800);
#236=MANIFOLD_SOLID_BREP('Body1',#2801);
#237=MANIFOLD_SOLID_BREP('Body1',#2802);
#238=MANIFOLD_SOLID_BREP('Body1',#2803);
#239=CIRCLE('',#2897,10.);
#240=CIRCLE('',#2898,10.);
#241=CIRCLE('',#2901,10.);
#242=CIRCLE('',#2902,10.);
#243=CIRCLE('',#2905,10.);
#244=CIRCLE('',#2906,10.);
#245=CIRCLE('',#2909,10.);
#246=CIRCLE('',#2910,10.);
#247=CIRCLE('',#2915,10.);
#248=CIRCLE('',#2916,5.);
#249=CIRCLE('',#2917,15.);
#250=CIRCLE('',#2918,15.);
#251=CIRCLE('',#2920,15.);
#252=CIRCLE('',#2923,3.7);
#253=CIRCLE('',#2924,3.7);
#254=CIRCLE('',#2926,2.5);
#255=CIRCLE('',#2930,15.);
#256=CIRCLE('',#2931,14.);
#257=CIRCLE('',#2933,15.);
#258=CIRCLE('',#2935,15.);
#259=CIRCLE('',#2936,15.);
#260=CIRCLE('',#2937,13.);
#261=CIRCLE('',#2940,15.);
#262=CIRCLE('',#2942,3.7);
#263=CIRCLE('',#2944,3.7);
#264=CIRCLE('',#2946,11.7);
#265=CIRCLE('',#2947,11.7);
#266=CIRCLE('',#2951,6.50000000000005);
#267=CIRCLE('',#2952,6.50000000000007);
#268=CIRCLE('',#2953,6.49999999999999);
#269=CIRCLE('',#2959,6.49999999999999);
#270=CIRCLE('',#2960,6.50000000000007);
#271=CIRCLE('',#2961,6.50000000000005);
#272=CIRCLE('',#2970,11.3);
#273=CIRCLE('',#2971,11.3);
#274=CIRCLE('',#2972,11.3);
#275=CIRCLE('',#2983,13.5);
#276=CIRCLE('',#2984,2.25);
#277=CIRCLE('',#2986,15.);
#278=CIRCLE('',#2987,15.);
#279=CIRCLE('',#2989,15.);
#280=CIRCLE('',#2990,15.);
#281=CIRCLE('',#2992,2.25);
#282=CIRCLE('',#2995,2.25);
#283=CIRCLE('',#3000,2.25);
#284=CIRCLE('',#3006,11.3);
#285=CIRCLE('',#3008,11.3);
#286=CIRCLE('',#3014,11.);
#287=CIRCLE('',#3015,11.);
#288=CIRCLE('',#3016,10.5);
#289=CIRCLE('',#3018,11.);
#290=CIRCLE('',#3019,10.5);
#291=CIRCLE('',#3021,9.);
#292=CIRCLE('',#3022,2.5);
#293=CIRCLE('',#3023,9.);
#294=CIRCLE('',#3026,9.);
#295=CIRCLE('',#3028,9.);
#296=CIRCLE('',#3033,6.);
#297=CIRCLE('',#3034,6.);
#298=CIRCLE('',#3035,2.5);
#299=CIRCLE('',#3036,6.);
#300=CIRCLE('',#3037,6.);
#301=CIRCLE('',#3039,4.);
#302=CIRCLE('',#3040,4.4);
#303=CIRCLE('',#3042,4.);
#304=CIRCLE('',#3043,4.);
#305=CIRCLE('',#3044,4.4);
#306=CIRCLE('',#3047,6.);
#307=CIRCLE('',#3049,6.);
#308=CIRCLE('',#3062,7.);
#309=CIRCLE('',#3063,7.);
#310=CIRCLE('',#3065,8.);
#311=CIRCLE('',#3066,8.);
#312=CIRCLE('',#3071,2.5);
#313=CIRCLE('',#3074,6.);
#314=CIRCLE('',#3075,6.);
#315=CIRCLE('',#3077,9.);
#316=CIRCLE('',#3078,9.);
#317=CIRCLE('',#3097,3.7);
#318=CIRCLE('',#3099,3.7);
#319=CIRCLE('',#3101,11.7);
#320=CIRCLE('',#3103,11.7);
#321=CIRCLE('',#3106,15.0000002235174);
#322=CIRCLE('',#3107,15.0000002235174);
#323=CIRCLE('',#3111,6.00000000000004);
#324=CIRCLE('',#3112,6.00000000000002);
#325=CIRCLE('',#3113,2.5);
#326=CIRCLE('',#3114,2.49999999999996);
#327=CIRCLE('',#3116,2.25);
#328=CIRCLE('',#3117,2.25);
#329=CIRCLE('',#3119,2.49999999999996);
#330=CIRCLE('',#3122,6.00000000000004);
#331=CIRCLE('',#3125,6.00000000000002);
#332=CIRCLE('',#3130,2.5);
#333=CIRCLE('',#3136,1.5);
#334=CIRCLE('',#3137,1.5);
#335=CIRCLE('',#3140,2.5);
#336=CIRCLE('',#3142,1.5);
#337=CIRCLE('',#3143,1.5);
#338=CIRCLE('',#3146,2.5);
#339=CIRCLE('',#3148,15.0000002235174);
#340=CIRCLE('',#3149,15.0000002235174);
#341=CIRCLE('',#3150,13.0000002235174);
#342=CIRCLE('',#3152,15.0000002235174);
#343=CIRCLE('',#3153,15.0000002235174);
#344=CIRCLE('',#3155,2.5);
#345=CIRCLE('',#3158,2.5);
#346=CIRCLE('',#3182,11.3);
#347=CIRCLE('',#3184,11.3);
#348=CYLINDRICAL_SURFACE('',#2896,10.);
#349=CYLINDRICAL_SURFACE('',#2900,10.);
#350=CYLINDRICAL_SURFACE('',#2904,10.);
#351=CYLINDRICAL_SURFACE('',#2908,10.);
#352=CYLINDRICAL_SURFACE('',#2919,15.);
#353=CYLINDRICAL_SURFACE('',#2922,3.7);
#354=CYLINDRICAL_SURFACE('',#2932,15.);
#355=CYLINDRICAL_SURFACE('',#2938,15.);
#356=CYLINDRICAL_SURFACE('',#2943,3.7);
#357=CYLINDRICAL_SURFACE('',#2945,11.7);
#358=CYLINDRICAL_SURFACE('',#2963,6.50000000000005);
#359=CYLINDRICAL_SURFACE('',#2964,6.49999999999999);
#360=CYLINDRICAL_SURFACE('',#2968,6.50000000000007);
#361=CYLINDRICAL_SURFACE('',#2969,11.3);
#362=CYLINDRICAL_SURFACE('',#2977,0.5);
#363=CYLINDRICAL_SURFACE('',#2979,0.5);
#364=CYLINDRICAL_SURFACE('',#2981,0.5);
#365=CYLINDRICAL_SURFACE('',#2988,15.);
#366=CYLINDRICAL_SURFACE('',#2998,2.25);
#367=CYLINDRICAL_SURFACE('',#2999,2.25);
#368=CYLINDRICAL_SURFACE('',#3007,11.3);
#369=CYLINDRICAL_SURFACE('',#3024,11.);
#370=CYLINDRICAL_SURFACE('',#3025,9.);
#371=CYLINDRICAL_SURFACE('',#3027,9.);
#372=CYLINDRICAL_SURFACE('',#3045,4.);
#373=CYLINDRICAL_SURFACE('',#3046,6.);
#374=CYLINDRICAL_SURFACE('',#3048,6.);
#375=CYLINDRICAL_SURFACE('',#3053,2.5);
#376=CYLINDRICAL_SURFACE('',#3054,2.5);
#377=CYLINDRICAL_SURFACE('',#3055,2.5);
#378=CYLINDRICAL_SURFACE('',#3056,2.5);
#379=CYLINDRICAL_SURFACE('',#3057,2.5);
#380=CYLINDRICAL_SURFACE('',#3058,2.5);
#381=CYLINDRICAL_SURFACE('',#3059,2.5);
#382=CYLINDRICAL_SURFACE('',#3060,2.5);
#383=CYLINDRICAL_SURFACE('',#3061,7.);
#384=CYLINDRICAL_SURFACE('',#3064,8.);
#385=CYLINDRICAL_SURFACE('',#3073,6.);
#386=CYLINDRICAL_SURFACE('',#3076,9.);
#387=CYLINDRICAL_SURFACE('',#3098,3.7);
#388=CYLINDRICAL_SURFACE('',#3102,11.7);
#389=CYLINDRICAL_SURFACE('',#3105,15.0000002235174);
#390=CYLINDRICAL_SURFACE('',#3115,2.25);
#391=CYLINDRICAL_SURFACE('',#3118,2.49999999999996);
#392=CYLINDRICAL_SURFACE('',#3121,6.00000000000004);
#393=CYLINDRICAL_SURFACE('',#3124,6.00000000000002);
#394=CYLINDRICAL_SURFACE('',#3129,2.5);
#395=CYLINDRICAL_SURFACE('',#3135,1.5);
#396=CYLINDRICAL_SURFACE('',#3141,1.5);
#397=CYLINDRICAL_SURFACE('',#3151,15.0000002235174);
#398=CYLINDRICAL_SURFACE('',#3154,2.5);
#399=CYLINDRICAL_SURFACE('',#3157,2.5);
#400=CYLINDRICAL_SURFACE('',#3183,11.3);
#401=FACE_OUTER_BOUND('',#554,.T.);
#402=FACE_OUTER_BOUND('',#555,.T.);
#403=FACE_OUTER_BOUND('',#556,.T.);
#404=FACE_OUTER_BOUND('',#557,.T.);
#405=FACE_OUTER_BOUND('',#558,.T.);
#406=FACE_OUTER_BOUND('',#559,.T.);
#407=FACE_OUTER_BOUND('',#560,.T.);
#408=FACE_OUTER_BOUND('',#561,.T.);
#409=FACE_OUTER_BOUND('',#562,.T.);
#410=FACE_OUTER_BOUND('',#563,.T.);
#411=FACE_OUTER_BOUND('',#564,.T.);
#412=FACE_OUTER_BOUND('',#565,.T.);
#413=FACE_OUTER_BOUND('',#567,.T.);
#414=FACE_OUTER_BOUND('',#568,.T.);
#415=FACE_OUTER_BOUND('',#569,.T.);
#416=FACE_OUTER_BOUND('',#570,.T.);
#417=FACE_OUTER_BOUND('',#571,.T.);
#418=FACE_OUTER_BOUND('',#572,.T.);
#419=FACE_OUTER_BOUND('',#574,.T.);
#420=FACE_OUTER_BOUND('',#575,.T.);
#421=FACE_OUTER_BOUND('',#576,.T.);
#422=FACE_OUTER_BOUND('',#577,.T.);
#423=FACE_OUTER_BOUND('',#578,.T.);
#424=FACE_OUTER_BOUND('',#579,.T.);
#425=FACE_OUTER_BOUND('',#580,.T.);
#426=FACE_OUTER_BOUND('',#581,.T.);
#427=FACE_OUTER_BOUND('',#583,.T.);
#428=FACE_OUTER_BOUND('',#585,.T.);
#429=FACE_OUTER_BOUND('',#586,.T.);
#430=FACE_OUTER_BOUND('',#587,.T.);
#431=FACE_OUTER_BOUND('',#588,.T.);
#432=FACE_OUTER_BOUND('',#589,.T.);
#433=FACE_OUTER_BOUND('',#590,.T.);
#434=FACE_OUTER_BOUND('',#591,.T.);
#435=FACE_OUTER_BOUND('',#592,.T.);
#436=FACE_OUTER_BOUND('',#593,.T.);
#437=FACE_OUTER_BOUND('',#594,.T.);
#438=FACE_OUTER_BOUND('',#595,.T.);
#439=FACE_OUTER_BOUND('',#596,.T.);
#440=FACE_OUTER_BOUND('',#597,.T.);
#441=FACE_OUTER_BOUND('',#598,.T.);
#442=FACE_OUTER_BOUND('',#599,.T.);
#443=FACE_OUTER_BOUND('',#600,.T.);
#444=FACE_OUTER_BOUND('',#602,.T.);
#445=FACE_OUTER_BOUND('',#603,.T.);
#446=FACE_OUTER_BOUND('',#604,.T.);
#447=FACE_OUTER_BOUND('',#605,.T.);
#448=FACE_OUTER_BOUND('',#607,.T.);
#449=FACE_OUTER_BOUND('',#608,.T.);
#450=FACE_OUTER_BOUND('',#609,.T.);
#451=FACE_OUTER_BOUND('',#611,.T.);
#452=FACE_OUTER_BOUND('',#612,.T.);
#453=FACE_OUTER_BOUND('',#614,.T.);
#454=FACE_OUTER_BOUND('',#615,.T.);
#455=FACE_OUTER_BOUND('',#616,.T.);
#456=FACE_OUTER_BOUND('',#617,.T.);
#457=FACE_OUTER_BOUND('',#618,.T.);
#458=FACE_OUTER_BOUND('',#620,.T.);
#459=FACE_OUTER_BOUND('',#621,.T.);
#460=FACE_OUTER_BOUND('',#622,.T.);
#461=FACE_OUTER_BOUND('',#624,.T.);
#462=FACE_OUTER_BOUND('',#625,.T.);
#463=FACE_OUTER_BOUND('',#626,.T.);
#464=FACE_OUTER_BOUND('',#628,.T.);
#465=FACE_OUTER_BOUND('',#629,.T.);
#466=FACE_OUTER_BOUND('',#630,.T.);
#467=FACE_OUTER_BOUND('',#631,.T.);
#468=FACE_OUTER_BOUND('',#632,.T.);
#469=FACE_OUTER_BOUND('',#633,.T.);
#470=FACE_OUTER_BOUND('',#634,.T.);
#471=FACE_OUTER_BOUND('',#636,.T.);
#472=FACE_OUTER_BOUND('',#638,.T.);
#473=FACE_OUTER_BOUND('',#639,.T.);
#474=FACE_OUTER_BOUND('',#640,.T.);
#475=FACE_OUTER_BOUND('',#641,.T.);
#476=FACE_OUTER_BOUND('',#642,.T.);
#477=FACE_OUTER_BOUND('',#643,.T.);
#478=FACE_OUTER_BOUND('',#644,.T.);
#479=FACE_OUTER_BOUND('',#646,.T.);
#480=FACE_OUTER_BOUND('',#648,.T.);
#481=FACE_OUTER_BOUND('',#649,.T.);
#482=FACE_OUTER_BOUND('',#650,.T.);
#483=FACE_OUTER_BOUND('',#651,.T.);
#484=FACE_OUTER_BOUND('',#652,.T.);
#485=FACE_OUTER_BOUND('',#653,.T.);
#486=FACE_OUTER_BOUND('',#654,.T.);
#487=FACE_OUTER_BOUND('',#655,.T.);
#488=FACE_OUTER_BOUND('',#656,.T.);
#489=FACE_OUTER_BOUND('',#664,.T.);
#490=FACE_OUTER_BOUND('',#672,.T.);
#491=FACE_OUTER_BOUND('',#674,.T.);
#492=FACE_OUTER_BOUND('',#676,.T.);
#493=FACE_OUTER_BOUND('',#677,.T.);
#494=FACE_OUTER_BOUND('',#678,.T.);
#495=FACE_OUTER_BOUND('',#679,.T.);
#496=FACE_OUTER_BOUND('',#681,.T.);
#497=FACE_OUTER_BOUND('',#683,.T.);
#498=FACE_OUTER_BOUND('',#684,.T.);
#499=FACE_OUTER_BOUND('',#685,.T.);
#500=FACE_OUTER_BOUND('',#687,.T.);
#501=FACE_OUTER_BOUND('',#688,.T.);
#502=FACE_OUTER_BOUND('',#689,.T.);
#503=FACE_OUTER_BOUND('',#690,.T.);
#504=FACE_OUTER_BOUND('',#691,.T.);
#505=FACE_OUTER_BOUND('',#693,.T.);
#506=FACE_OUTER_BOUND('',#694,.T.);
#507=FACE_OUTER_BOUND('',#695,.T.);
#508=FACE_OUTER_BOUND('',#696,.T.);
#509=FACE_OUTER_BOUND('',#697,.T.);
#510=FACE_OUTER_BOUND('',#698,.T.);
#511=FACE_OUTER_BOUND('',#699,.T.);
#512=FACE_OUTER_BOUND('',#700,.T.);
#513=FACE_OUTER_BOUND('',#702,.T.);
#514=FACE_OUTER_BOUND('',#703,.T.);
#515=FACE_OUTER_BOUND('',#705,.T.);
#516=FACE_OUTER_BOUND('',#706,.T.);
#517=FACE_OUTER_BOUND('',#707,.T.);
#518=FACE_OUTER_BOUND('',#708,.T.);
#519=FACE_OUTER_BOUND('',#709,.T.);
#520=FACE_OUTER_BOUND('',#710,.T.);
#521=FACE_OUTER_BOUND('',#711,.T.);
#522=FACE_OUTER_BOUND('',#712,.T.);
#523=FACE_OUTER_BOUND('',#713,.T.);
#524=FACE_OUTER_BOUND('',#714,.T.);
#525=FACE_OUTER_BOUND('',#715,.T.);
#526=FACE_OUTER_BOUND('',#716,.T.);
#527=FACE_OUTER_BOUND('',#717,.T.);
#528=FACE_OUTER_BOUND('',#718,.T.);
#529=FACE_OUTER_BOUND('',#719,.T.);
#530=FACE_OUTER_BOUND('',#720,.T.);
#531=FACE_OUTER_BOUND('',#721,.T.);
#532=FACE_OUTER_BOUND('',#722,.T.);
#533=FACE_OUTER_BOUND('',#723,.T.);
#534=FACE_OUTER_BOUND('',#724,.T.);
#535=FACE_OUTER_BOUND('',#725,.T.);
#536=FACE_OUTER_BOUND('',#726,.T.);
#537=FACE_OUTER_BOUND('',#727,.T.);
#538=FACE_OUTER_BOUND('',#728,.T.);
#539=FACE_OUTER_BOUND('',#729,.T.);
#540=FACE_OUTER_BOUND('',#730,.T.);
#541=FACE_OUTER_BOUND('',#731,.T.);
#542=FACE_OUTER_BOUND('',#732,.T.);
#543=FACE_OUTER_BOUND('',#733,.T.);
#544=FACE_OUTER_BOUND('',#734,.T.);
#545=FACE_OUTER_BOUND('',#735,.T.);
#546=FACE_OUTER_BOUND('',#736,.T.);
#547=FACE_OUTER_BOUND('',#737,.T.);
#548=FACE_OUTER_BOUND('',#738,.T.);
#549=FACE_OUTER_BOUND('',#739,.T.);
#550=FACE_OUTER_BOUND('',#740,.T.);
#551=FACE_OUTER_BOUND('',#741,.T.);
#552=FACE_OUTER_BOUND('',#742,.T.);
#553=FACE_OUTER_BOUND('',#743,.T.);
#554=EDGE_LOOP('',(#1808,#1809,#1810,#1811));
#555=EDGE_LOOP('',(#1812,#1813,#1814,#1815));
#556=EDGE_LOOP('',(#1816,#1817,#1818,#1819));
#557=EDGE_LOOP('',(#1820,#1821,#1822,#1823));
#558=EDGE_LOOP('',(#1824,#1825,#1826,#1827));
#559=EDGE_LOOP('',(#1828,#1829,#1830,#1831));
#560=EDGE_LOOP('',(#1832,#1833,#1834,#1835));
#561=EDGE_LOOP('',(#1836,#1837,#1838,#1839));
#562=EDGE_LOOP('',(#1840,#1841,#1842,#1843,#1844,#1845,#1846,#1847));
#563=EDGE_LOOP('',(#1848,#1849,#1850,#1851,#1852,#1853,#1854,#1855));
#564=EDGE_LOOP('',(#1856,#1857,#1858,#1859,#1860));
#565=EDGE_LOOP('',(#1861,#1862,#1863,#1864,#1865));
#566=EDGE_LOOP('',(#1866));
#567=EDGE_LOOP('',(#1867));
#568=EDGE_LOOP('',(#1868,#1869,#1870,#1871));
#569=EDGE_LOOP('',(#1872));
#570=EDGE_LOOP('',(#1873,#1874,#1875,#1876));
#571=EDGE_LOOP('',(#1877));
#572=EDGE_LOOP('',(#1878));
#573=EDGE_LOOP('',(#1879));
#574=EDGE_LOOP('',(#1880,#1881,#1882,#1883));
#575=EDGE_LOOP('',(#1884,#1885,#1886,#1887));
#576=EDGE_LOOP('',(#1888,#1889,#1890,#1891,#1892));
#577=EDGE_LOOP('',(#1893,#1894,#1895,#1896,#1897,#1898,#1899,#1900));
#578=EDGE_LOOP('',(#1901));
#579=EDGE_LOOP('',(#1902,#1903,#1904,#1905));
#580=EDGE_LOOP('',(#1906,#1907,#1908,#1909));
#581=EDGE_LOOP('',(#1910));
#582=EDGE_LOOP('',(#1911));
#583=EDGE_LOOP('',(#1912,#1913,#1914,#1915));
#584=EDGE_LOOP('',(#1916));
#585=EDGE_LOOP('',(#1917,#1918,#1919,#1920,#1921,#1922,#1923,#1924,#1925,
#1926,#1927,#1928,#1929,#1930));
#586=EDGE_LOOP('',(#1931,#1932,#1933,#1934));
#587=EDGE_LOOP('',(#1935,#1936));
#588=EDGE_LOOP('',(#1937,#1938,#1939,#1940));
#589=EDGE_LOOP('',(#1941,#1942,#1943,#1944,#1945,#1946,#1947,#1948,#1949,
#1950,#1951,#1952,#1953,#1954));
#590=EDGE_LOOP('',(#1955,#1956,#1957,#1958));
#591=EDGE_LOOP('',(#1959,#1960,#1961,#1962));
#592=EDGE_LOOP('',(#1963,#1964,#1965,#1966));
#593=EDGE_LOOP('',(#1967,#1968,#1969,#1970));
#594=EDGE_LOOP('',(#1971,#1972,#1973,#1974));
#595=EDGE_LOOP('',(#1975,#1976,#1977,#1978));
#596=EDGE_LOOP('',(#1979,#1980,#1981,#1982));
#597=EDGE_LOOP('',(#1983,#1984,#1985,#1986,#1987,#1988,#1989,#1990));
#598=EDGE_LOOP('',(#1991,#1992,#1993));
#599=EDGE_LOOP('',(#1994,#1995,#1996,#1997));
#600=EDGE_LOOP('',(#1998));
#601=EDGE_LOOP('',(#1999));
#602=EDGE_LOOP('',(#2000,#2001,#2002,#2003));
#603=EDGE_LOOP('',(#2004,#2005,#2006,#2007));
#604=EDGE_LOOP('',(#2008,#2009,#2010,#2011));
#605=EDGE_LOOP('',(#2012,#2013,#2014,#2015));
#606=EDGE_LOOP('',(#2016));
#607=EDGE_LOOP('',(#2017,#2018,#2019,#2020,#2021,#2022,#2023));
#608=EDGE_LOOP('',(#2024,#2025,#2026,#2027,#2028,#2029,#2030,#2031));
#609=EDGE_LOOP('',(#2032,#2033,#2034,#2035));
#610=EDGE_LOOP('',(#2036));
#611=EDGE_LOOP('',(#2037,#2038,#2039,#2040));
#612=EDGE_LOOP('',(#2041,#2042,#2043,#2044));
#613=EDGE_LOOP('',(#2045));
#614=EDGE_LOOP('',(#2046,#2047,#2048,#2049));
#615=EDGE_LOOP('',(#2050,#2051,#2052,#2053));
#616=EDGE_LOOP('',(#2054,#2055,#2056,#2057));
#617=EDGE_LOOP('',(#2058,#2059,#2060,#2061));
#618=EDGE_LOOP('',(#2062,#2063,#2064,#2065));
#619=EDGE_LOOP('',(#2066,#2067,#2068,#2069));
#620=EDGE_LOOP('',(#2070,#2071,#2072,#2073,#2074));
#621=EDGE_LOOP('',(#2075,#2076,#2077,#2078,#2079));
#622=EDGE_LOOP('',(#2080,#2081,#2082,#2083));
#623=EDGE_LOOP('',(#2084));
#624=EDGE_LOOP('',(#2085));
#625=EDGE_LOOP('',(#2086,#2087,#2088,#2089));
#626=EDGE_LOOP('',(#2090));
#627=EDGE_LOOP('',(#2091));
#628=EDGE_LOOP('',(#2092,#2093,#2094,#2095,#2096));
#629=EDGE_LOOP('',(#2097,#2098,#2099,#2100));
#630=EDGE_LOOP('',(#2101,#2102,#2103,#2104));
#631=EDGE_LOOP('',(#2105,#2106,#2107,#2108,#2109));
#632=EDGE_LOOP('',(#2110,#2111,#2112,#2113));
#633=EDGE_LOOP('',(#2114,#2115,#2116,#2117));
#634=EDGE_LOOP('',(#2118));
#635=EDGE_LOOP('',(#2119));
#636=EDGE_LOOP('',(#2120));
#637=EDGE_LOOP('',(#2121));
#638=EDGE_LOOP('',(#2122,#2123,#2124,#2125,#2126,#2127));
#639=EDGE_LOOP('',(#2128,#2129,#2130,#2131));
#640=EDGE_LOOP('',(#2132,#2133,#2134,#2135,#2136));
#641=EDGE_LOOP('',(#2137,#2138,#2139,#2140,#2141));
#642=EDGE_LOOP('',(#2142,#2143,#2144,#2145,#2146));
#643=EDGE_LOOP('',(#2147,#2148,#2149,#2150,#2151));
#644=EDGE_LOOP('',(#2152));
#645=EDGE_LOOP('',(#2153));
#646=EDGE_LOOP('',(#2154));
#647=EDGE_LOOP('',(#2155));
#648=EDGE_LOOP('',(#2156,#2157,#2158,#2159,#2160,#2161));
#649=EDGE_LOOP('',(#2162,#2163,#2164,#2165,#2166));
#650=EDGE_LOOP('',(#2167,#2168,#2169,#2170,#2171));
#651=EDGE_LOOP('',(#2172,#2173,#2174,#2175,#2176));
#652=EDGE_LOOP('',(#2177,#2178,#2179,#2180,#2181,#2182,#2183,#2184));
#653=EDGE_LOOP('',(#2185,#2186,#2187,#2188,#2189));
#654=EDGE_LOOP('',(#2190,#2191,#2192,#2193,#2194));
#655=EDGE_LOOP('',(#2195,#2196,#2197,#2198,#2199));
#656=EDGE_LOOP('',(#2200,#2201,#2202,#2203,#2204,#2205,#2206,#2207,#2208));
#657=EDGE_LOOP('',(#2209,#2210));
#658=EDGE_LOOP('',(#2211,#2212));
#659=EDGE_LOOP('',(#2213,#2214));
#660=EDGE_LOOP('',(#2215,#2216));
#661=EDGE_LOOP('',(#2217,#2218));
#662=EDGE_LOOP('',(#2219,#2220));
#663=EDGE_LOOP('',(#2221,#2222));
#664=EDGE_LOOP('',(#2223,#2224,#2225,#2226,#2227,#2228,#2229,#2230,#2231));
#665=EDGE_LOOP('',(#2232,#2233));
#666=EDGE_LOOP('',(#2234));
#667=EDGE_LOOP('',(#2235));
#668=EDGE_LOOP('',(#2236));
#669=EDGE_LOOP('',(#2237));
#670=EDGE_LOOP('',(#2238));
#671=EDGE_LOOP('',(#2239));
#672=EDGE_LOOP('',(#2240));
#673=EDGE_LOOP('',(#2241));
#674=EDGE_LOOP('',(#2242));
#675=EDGE_LOOP('',(#2243));
#676=EDGE_LOOP('',(#2244,#2245));
#677=EDGE_LOOP('',(#2246,#2247,#2248,#2249));
#678=EDGE_LOOP('',(#2250,#2251,#2252,#2253));
#679=EDGE_LOOP('',(#2254));
#680=EDGE_LOOP('',(#2255));
#681=EDGE_LOOP('',(#2256));
#682=EDGE_LOOP('',(#2257));
#683=EDGE_LOOP('',(#2258));
#684=EDGE_LOOP('',(#2259,#2260,#2261,#2262));
#685=EDGE_LOOP('',(#2263));
#686=EDGE_LOOP('',(#2264));
#687=EDGE_LOOP('',(#2265,#2266,#2267,#2268));
#688=EDGE_LOOP('',(#2269,#2270,#2271,#2272));
#689=EDGE_LOOP('',(#2273,#2274,#2275,#2276));
#690=EDGE_LOOP('',(#2277,#2278,#2279,#2280));
#691=EDGE_LOOP('',(#2281,#2282,#2283,#2284,#2285,#2286));
#692=EDGE_LOOP('',(#2287));
#693=EDGE_LOOP('',(#2288,#2289,#2290,#2291,#2292,#2293,#2294,#2295,#2296,
#2297,#2298,#2299));
#694=EDGE_LOOP('',(#2300,#2301,#2302,#2303));
#695=EDGE_LOOP('',(#2304,#2305,#2306,#2307));
#696=EDGE_LOOP('',(#2308,#2309,#2310,#2311,#2312,#2313));
#697=EDGE_LOOP('',(#2314,#2315,#2316,#2317));
#698=EDGE_LOOP('',(#2318,#2319,#2320,#2321));
#699=EDGE_LOOP('',(#2322,#2323,#2324,#2325));
#700=EDGE_LOOP('',(#2326,#2327,#2328,#2329));
#701=EDGE_LOOP('',(#2330));
#702=EDGE_LOOP('',(#2331,#2332,#2333,#2334));
#703=EDGE_LOOP('',(#2335,#2336,#2337,#2338));
#704=EDGE_LOOP('',(#2339));
#705=EDGE_LOOP('',(#2340,#2341,#2342,#2343));
#706=EDGE_LOOP('',(#2344,#2345,#2346,#2347));
#707=EDGE_LOOP('',(#2348,#2349,#2350,#2351,#2352,#2353,#2354,#2355,#2356,
#2357,#2358,#2359));
#708=EDGE_LOOP('',(#2360,#2361,#2362,#2363));
#709=EDGE_LOOP('',(#2364,#2365,#2366,#2367));
#710=EDGE_LOOP('',(#2368,#2369,#2370,#2371,#2372,#2373,#2374,#2375,#2376,
#2377,#2378,#2379));
#711=EDGE_LOOP('',(#2380,#2381,#2382,#2383));
#712=EDGE_LOOP('',(#2384,#2385,#2386,#2387));
#713=EDGE_LOOP('',(#2388,#2389,#2390,#2391,#2392,#2393,#2394,#2395,#2396,
#2397,#2398,#2399));
#714=EDGE_LOOP('',(#2400,#2401,#2402,#2403,#2404));
#715=EDGE_LOOP('',(#2405,#2406,#2407,#2408,#2409,#2410,#2411,#2412));
#716=EDGE_LOOP('',(#2413,#2414,#2415,#2416));
#717=EDGE_LOOP('',(#2417,#2418,#2419,#2420,#2421,#2422,#2423,#2424));
#718=EDGE_LOOP('',(#2425,#2426,#2427,#2428));
#719=EDGE_LOOP('',(#2429,#2430,#2431,#2432));
#720=EDGE_LOOP('',(#2433,#2434,#2435,#2436,#2437,#2438,#2439,#2440));
#721=EDGE_LOOP('',(#2441,#2442,#2443,#2444));
#722=EDGE_LOOP('',(#2445,#2446,#2447,#2448));
#723=EDGE_LOOP('',(#2449,#2450,#2451,#2452));
#724=EDGE_LOOP('',(#2453,#2454,#2455,#2456));
#725=EDGE_LOOP('',(#2457,#2458,#2459,#2460));
#726=EDGE_LOOP('',(#2461,#2462,#2463,#2464));
#727=EDGE_LOOP('',(#2465,#2466,#2467,#2468));
#728=EDGE_LOOP('',(#2469,#2470,#2471,#2472));
#729=EDGE_LOOP('',(#2473,#2474,#2475,#2476));
#730=EDGE_LOOP('',(#2477,#2478,#2479,#2480));
#731=EDGE_LOOP('',(#2481,#2482,#2483,#2484));
#732=EDGE_LOOP('',(#2485,#2486,#2487,#2488));
#733=EDGE_LOOP('',(#2489,#2490,#2491,#2492,#2493,#2494,#2495,#2496,#2497,
#2498,#2499,#2500,#2501,#2502,#2503,#2504,#2505,#2506,#2507,#2508));
#734=EDGE_LOOP('',(#2509,#2510,#2511,#2512,#2513,#2514));
#735=EDGE_LOOP('',(#2515,#2516,#2517,#2518,#2519,#2520,#2521));
#736=EDGE_LOOP('',(#2522,#2523,#2524,#2525,#2526,#2527,#2528));
#737=EDGE_LOOP('',(#2529,#2530,#2531,#2532,#2533));
#738=EDGE_LOOP('',(#2534,#2535,#2536,#2537));
#739=EDGE_LOOP('',(#2538,#2539,#2540,#2541,#2542));
#740=EDGE_LOOP('',(#2543,#2544,#2545,#2546));
#741=EDGE_LOOP('',(#2547));
#742=EDGE_LOOP('',(#2548,#2549,#2550,#2551));
#743=EDGE_LOOP('',(#2552));
#744=EDGE_LOOP('',(#2553));
#745=LINE('',#4015,#965);
#746=LINE('',#4017,#966);
#747=LINE('',#4019,#967);
#748=LINE('',#4020,#968);
#749=LINE('',#4026,#969);
#750=LINE('',#4029,#970);
#751=LINE('',#4031,#971);
#752=LINE('',#4032,#972);
#753=LINE('',#4038,#973);
#754=LINE('',#4041,#974);
#755=LINE('',#4043,#975);
#756=LINE('',#4044,#976);
#757=LINE('',#4050,#977);
#758=LINE('',#4053,#978);
#759=LINE('',#4055,#979);
#760=LINE('',#4056,#980);
#761=LINE('',#4074,#981);
#762=LINE('',#4140,#982);
#763=LINE('',#4596,#983);
#764=LINE('',#4599,#984);
#765=LINE('',#4631,#985);
#766=LINE('',#4634,#986);
#767=LINE('',#4636,#987);
#768=LINE('',#4643,#988);
#769=LINE('',#4649,#989);
#770=LINE('',#4654,#990);
#771=LINE('',#4656,#991);
#772=LINE('',#4657,#992);
#773=LINE('',#4660,#993);
#774=LINE('',#4664,#994);
#775=LINE('',#4668,#995);
#776=LINE('',#4669,#996);
#777=LINE('',#4671,#997);
#778=LINE('',#4673,#998);
#779=LINE('',#4677,#999);
#780=LINE('',#4678,#1000);
#781=LINE('',#4683,#1001);
#782=LINE('',#4686,#1002);
#783=LINE('',#4688,#1003);
#784=LINE('',#4689,#1004);
#785=LINE('',#4694,#1005);
#786=LINE('',#4695,#1006);
#787=LINE('',#4697,#1007);
#788=LINE('',#4699,#1008);
#789=LINE('',#4703,#1009);
#790=LINE('',#4706,#1010);
#791=LINE('',#4707,#1011);
#792=LINE('',#4710,#1012);
#793=LINE('',#4712,#1013);
#794=LINE('',#4714,#1014);
#795=LINE('',#4716,#1015);
#796=LINE('',#4722,#1016);
#797=LINE('',#4732,#1017);
#798=LINE('',#4745,#1018);
#799=LINE('',#4749,#1019);
#800=LINE('',#4751,#1020);
#801=LINE('',#4755,#1021);
#802=LINE('',#4767,#1022);
#803=LINE('',#4792,#1023);
#804=LINE('',#4795,#1024);
#805=LINE('',#4797,#1025);
#806=LINE('',#4802,#1026);
#807=LINE('',#4804,#1027);
#808=LINE('',#4806,#1028);
#809=LINE('',#4807,#1029);
#810=LINE('',#4812,#1030);
#811=LINE('',#4814,#1031);
#812=LINE('',#4815,#1032);
#813=LINE('',#4818,#1033);
#814=LINE('',#4820,#1034);
#815=LINE('',#4821,#1035);
#816=LINE('',#4825,#1036);
#817=LINE('',#4827,#1037);
#818=LINE('',#4829,#1038);
#819=LINE('',#4833,#1039);
#820=LINE('',#4836,#1040);
#821=LINE('',#4838,#1041);
#822=LINE('',#4839,#1042);
#823=LINE('',#4841,#1043);
#824=LINE('',#4843,#1044);
#825=LINE('',#4850,#1045);
#826=LINE('',#4862,#1046);
#827=LINE('',#4868,#1047);
#828=LINE('',#4877,#1048);
#829=LINE('',#4881,#1049);
#830=LINE('',#4884,#1050);
#831=LINE('',#4903,#1051);
#832=LINE('',#4911,#1052);
#833=LINE('',#4914,#1053);
#834=LINE('',#4917,#1054);
#835=LINE('',#4922,#1055);
#836=LINE('',#4967,#1056);
#837=LINE('',#5043,#1057);
#838=LINE('',#5118,#1058);
#839=LINE('',#5194,#1059);
#840=LINE('',#5276,#1060);
#841=LINE('',#5355,#1061);
#842=LINE('',#5430,#1062);
#843=LINE('',#5505,#1063);
#844=LINE('',#5547,#1064);
#845=LINE('',#5549,#1065);
#846=LINE('',#5554,#1066);
#847=LINE('',#5556,#1067);
#848=LINE('',#5570,#1068);
#849=LINE('',#5576,#1069);
#850=LINE('',#5601,#1070);
#851=LINE('',#5607,#1071);
#852=LINE('',#5612,#1072);
#853=LINE('',#5614,#1073);
#854=LINE('',#5616,#1074);
#855=LINE('',#5617,#1075);
#856=LINE('',#5623,#1076);
#857=LINE('',#5626,#1077);
#858=LINE('',#5628,#1078);
#859=LINE('',#5629,#1079);
#860=LINE('',#5632,#1080);
#861=LINE('',#5634,#1081);
#862=LINE('',#5635,#1082);
#863=LINE('',#5638,#1083);
#864=LINE('',#5642,#1084);
#865=LINE('',#5646,#1085);
#866=LINE('',#5648,#1086);
#867=LINE('',#5650,#1087);
#868=LINE('',#5654,#1088);
#869=LINE('',#5660,#1089);
#870=LINE('',#5664,#1090);
#871=LINE('',#5668,#1091);
#872=LINE('',#5669,#1092);
#873=LINE('',#5673,#1093);
#874=LINE('',#5676,#1094);
#875=LINE('',#5677,#1095);
#876=LINE('',#5681,#1096);
#877=LINE('',#5684,#1097);
#878=LINE('',#5685,#1098);
#879=LINE('',#5688,#1099);
#880=LINE('',#5689,#1100);
#881=LINE('',#5692,#1101);
#882=LINE('',#5693,#1102);
#883=LINE('',#5697,#1103);
#884=LINE('',#5699,#1104);
#885=LINE('',#5708,#1105);
#886=LINE('',#5711,#1106);
#887=LINE('',#5714,#1107);
#888=LINE('',#5716,#1108);
#889=LINE('',#5717,#1109);
#890=LINE('',#5720,#1110);
#891=LINE('',#5722,#1111);
#892=LINE('',#5724,#1112);
#893=LINE('',#5726,#1113);
#894=LINE('',#5728,#1114);
#895=LINE('',#5730,#1115);
#896=LINE('',#5732,#1116);
#897=LINE('',#5734,#1117);
#898=LINE('',#5736,#1118);
#899=LINE('',#5743,#1119);
#900=LINE('',#5746,#1120);
#901=LINE('',#5749,#1121);
#902=LINE('',#5751,#1122);
#903=LINE('',#5752,#1123);
#904=LINE('',#5755,#1124);
#905=LINE('',#5759,#1125);
#906=LINE('',#5761,#1126);
#907=LINE('',#5763,#1127);
#908=LINE('',#5765,#1128);
#909=LINE('',#5767,#1129);
#910=LINE('',#5769,#1130);
#911=LINE('',#5771,#1131);
#912=LINE('',#5772,#1132);
#913=LINE('',#5804,#1133);
#914=LINE('',#5807,#1134);
#915=LINE('',#5809,#1135);
#916=LINE('',#5815,#1136);
#917=LINE('',#5816,#1137);
#918=LINE('',#5819,#1138);
#919=LINE('',#5820,#1139);
#920=LINE('',#5822,#1140);
#921=LINE('',#5824,#1141);
#922=LINE('',#5825,#1142);
#923=LINE('',#5830,#1143);
#924=LINE('',#5832,#1144);
#925=LINE('',#5833,#1145);
#926=LINE('',#5836,#1146);
#927=LINE('',#5838,#1147);
#928=LINE('',#5839,#1148);
#929=LINE('',#5841,#1149);
#930=LINE('',#5843,#1150);
#931=LINE('',#5844,#1151);
#932=LINE('',#5847,#1152);
#933=LINE('',#5848,#1153);
#934=LINE('',#5851,#1154);
#935=LINE('',#5852,#1155);
#936=LINE('',#5855,#1156);
#937=LINE('',#5856,#1157);
#938=LINE('',#5859,#1158);
#939=LINE('',#5860,#1159);
#940=LINE('',#5862,#1160);
#941=LINE('',#5864,#1161);
#942=LINE('',#5867,#1162);
#943=LINE('',#5868,#1163);
#944=LINE('',#5871,#1164);
#945=LINE('',#5872,#1165);
#946=LINE('',#5875,#1166);
#947=LINE('',#5876,#1167);
#948=LINE('',#5879,#1168);
#949=LINE('',#5880,#1169);
#950=LINE('',#5883,#1170);
#951=LINE('',#5884,#1171);
#952=LINE('',#5886,#1172);
#953=LINE('',#5890,#1173);
#954=LINE('',#5892,#1174);
#955=LINE('',#5894,#1175);
#956=LINE('',#5896,#1176);
#957=LINE('',#5897,#1177);
#958=LINE('',#5899,#1178);
#959=LINE('',#5900,#1179);
#960=LINE('',#5902,#1180);
#961=LINE('',#5903,#1181);
#962=LINE('',#5905,#1182);
#963=LINE('',#5907,#1183);
#964=LINE('',#5915,#1184);
#965=VECTOR('',#3198,10.);
#966=VECTOR('',#3199,10.);
#967=VECTOR('',#3200,10.);
#968=VECTOR('',#3201,10.);
#969=VECTOR('',#3208,10.);
#970=VECTOR('',#3211,10.);
#971=VECTOR('',#3212,10.);
#972=VECTOR('',#3213,10.);
#973=VECTOR('',#3220,10.);
#974=VECTOR('',#3223,10.);
#975=VECTOR('',#3224,10.);
#976=VECTOR('',#3225,10.);
#977=VECTOR('',#3232,10.);
#978=VECTOR('',#3235,10.);
#979=VECTOR('',#3236,10.);
#980=VECTOR('',#3237,10.);
#981=VECTOR('',#3264,15.);
#982=VECTOR('',#3271,3.7);
#983=VECTOR('',#3290,10.);
#984=VECTOR('',#3293,10.);
#985=VECTOR('',#3304,10.);
#986=VECTOR('',#3307,10.);
#987=VECTOR('',#3308,15.);
#988=VECTOR('',#3317,3.7);
#989=VECTOR('',#3324,11.7);
#990=VECTOR('',#3331,10.);
#991=VECTOR('',#3332,10.);
#992=VECTOR('',#3333,10.);
#993=VECTOR('',#3336,10.);
#994=VECTOR('',#3339,10.);
#995=VECTOR('',#3342,10.);
#996=VECTOR('',#3343,10.);
#997=VECTOR('',#3344,10.);
#998=VECTOR('',#3345,10.);
#999=VECTOR('',#3350,10.);
#1000=VECTOR('',#3351,10.);
#1001=VECTOR('',#3356,10.);
#1002=VECTOR('',#3359,10.);
#1003=VECTOR('',#3360,10.);
#1004=VECTOR('',#3361,10.);
#1005=VECTOR('',#3366,10.);
#1006=VECTOR('',#3367,10.);
#1007=VECTOR('',#3368,10.);
#1008=VECTOR('',#3369,10.);
#1009=VECTOR('',#3372,10.);
#1010=VECTOR('',#3377,10.);
#1011=VECTOR('',#3378,10.);
#1012=VECTOR('',#3383,10.);
#1013=VECTOR('',#3386,10.);
#1014=VECTOR('',#3389,10.);
#1015=VECTOR('',#3392,10.);
#1016=VECTOR('',#3399,11.3);
#1017=VECTOR('',#3414,10.);
#1018=VECTOR('',#3415,10.);
#1019=VECTOR('',#3420,10.);
#1020=VECTOR('',#3421,10.);
#1021=VECTOR('',#3426,10.);
#1022=VECTOR('',#3427,10.);
#1023=VECTOR('',#3442,10.);
#1024=VECTOR('',#3445,10.);
#1025=VECTOR('',#3446,15.);
#1026=VECTOR('',#3451,10.);
#1027=VECTOR('',#3452,10.);
#1028=VECTOR('',#3453,10.);
#1029=VECTOR('',#3454,10.);
#1030=VECTOR('',#3459,10.);
#1031=VECTOR('',#3460,10.);
#1032=VECTOR('',#3461,10.);
#1033=VECTOR('',#3464,10.);
#1034=VECTOR('',#3465,10.);
#1035=VECTOR('',#3466,10.);
#1036=VECTOR('',#3471,10.);
#1037=VECTOR('',#3474,10.);
#1038=VECTOR('',#3477,2.25);
#1039=VECTOR('',#3482,2.25);
#1040=VECTOR('',#3485,10.);
#1041=VECTOR('',#3486,10.);
#1042=VECTOR('',#3487,10.);
#1043=VECTOR('',#3490,10.);
#1044=VECTOR('',#3493,10.);
#1045=VECTOR('',#3502,11.3);
#1046=VECTOR('',#3519,10.5);
#1047=VECTOR('',#3526,11.);
#1048=VECTOR('',#3539,11.);
#1049=VECTOR('',#3544,9.);
#1050=VECTOR('',#3547,9.);
#1051=VECTOR('',#3572,4.);
#1052=VECTOR('',#3581,4.4);
#1053=VECTOR('',#3586,4.);
#1054=VECTOR('',#3589,6.);
#1055=VECTOR('',#3596,6.);
#1056=VECTOR('',#3605,2.5);
#1057=VECTOR('',#3608,2.5);
#1058=VECTOR('',#3611,2.5);
#1059=VECTOR('',#3614,2.5);
#1060=VECTOR('',#3617,2.5);
#1061=VECTOR('',#3620,2.5);
#1062=VECTOR('',#3623,2.5);
#1063=VECTOR('',#3626,2.5);
#1064=VECTOR('',#3631,7.);
#1065=VECTOR('',#3632,7.);
#1066=VECTOR('',#3639,8.);
#1067=VECTOR('',#3640,8.);
#1068=VECTOR('',#3659,6.);
#1069=VECTOR('',#3666,9.);
#1070=VECTOR('',#3711,3.7);
#1071=VECTOR('',#3718,11.3);
#1072=VECTOR('',#3723,10.);
#1073=VECTOR('',#3724,10.);
#1074=VECTOR('',#3725,10.);
#1075=VECTOR('',#3726,10.);
#1076=VECTOR('',#3733,10.);
#1077=VECTOR('',#3736,10.);
#1078=VECTOR('',#3737,10.);
#1079=VECTOR('',#3738,10.);
#1080=VECTOR('',#3741,10.);
#1081=VECTOR('',#3742,10.);
#1082=VECTOR('',#3743,10.);
#1083=VECTOR('',#3746,10.);
#1084=VECTOR('',#3749,10.);
#1085=VECTOR('',#3752,10.);
#1086=VECTOR('',#3753,10.);
#1087=VECTOR('',#3754,10.);
#1088=VECTOR('',#3757,10.);
#1089=VECTOR('',#3764,2.25);
#1090=VECTOR('',#3769,10.);
#1091=VECTOR('',#3774,10.);
#1092=VECTOR('',#3775,10.);
#1093=VECTOR('',#3780,10.);
#1094=VECTOR('',#3783,10.);
#1095=VECTOR('',#3784,10.);
#1096=VECTOR('',#3789,10.);
#1097=VECTOR('',#3792,10.);
#1098=VECTOR('',#3793,10.);
#1099=VECTOR('',#3796,10.);
#1100=VECTOR('',#3797,10.);
#1101=VECTOR('',#3800,10.);
#1102=VECTOR('',#3801,10.);
#1103=VECTOR('',#3806,10.);
#1104=VECTOR('',#3809,10.);
#1105=VECTOR('',#3820,10.);
#1106=VECTOR('',#3823,10.);
#1107=VECTOR('',#3826,10.);
#1108=VECTOR('',#3827,10.);
#1109=VECTOR('',#3828,10.);
#1110=VECTOR('',#3831,10.);
#1111=VECTOR('',#3832,10.);
#1112=VECTOR('',#3833,10.);
#1113=VECTOR('',#3834,10.);
#1114=VECTOR('',#3835,10.);
#1115=VECTOR('',#3836,10.);
#1116=VECTOR('',#3837,10.);
#1117=VECTOR('',#3838,10.);
#1118=VECTOR('',#3839,10.);
#1119=VECTOR('',#3846,10.);
#1120=VECTOR('',#3849,10.);
#1121=VECTOR('',#3852,10.);
#1122=VECTOR('',#3853,10.);
#1123=VECTOR('',#3854,10.);
#1124=VECTOR('',#3857,10.);
#1125=VECTOR('',#3860,10.);
#1126=VECTOR('',#3861,10.);
#1127=VECTOR('',#3862,10.);
#1128=VECTOR('',#3863,10.);
#1129=VECTOR('',#3864,10.);
#1130=VECTOR('',#3865,10.);
#1131=VECTOR('',#3866,10.);
#1132=VECTOR('',#3867,10.);
#1133=VECTOR('',#3878,10.);
#1134=VECTOR('',#3881,10.);
#1135=VECTOR('',#3882,15.0000002235174);
#1136=VECTOR('',#3889,10.);
#1137=VECTOR('',#3890,10.);
#1138=VECTOR('',#3893,10.);
#1139=VECTOR('',#3894,10.);
#1140=VECTOR('',#3895,10.);
#1141=VECTOR('',#3896,10.);
#1142=VECTOR('',#3897,10.);
#1143=VECTOR('',#3904,10.);
#1144=VECTOR('',#3905,10.);
#1145=VECTOR('',#3906,10.);
#1146=VECTOR('',#3909,10.);
#1147=VECTOR('',#3910,10.);
#1148=VECTOR('',#3911,10.);
#1149=VECTOR('',#3912,10.);
#1150=VECTOR('',#3913,10.);
#1151=VECTOR('',#3914,10.);
#1152=VECTOR('',#3917,10.);
#1153=VECTOR('',#3918,10.);
#1154=VECTOR('',#3921,10.);
#1155=VECTOR('',#3922,10.);
#1156=VECTOR('',#3925,10.);
#1157=VECTOR('',#3926,10.);
#1158=VECTOR('',#3929,10.);
#1159=VECTOR('',#3930,10.);
#1160=VECTOR('',#3933,10.);
#1161=VECTOR('',#3936,10.);
#1162=VECTOR('',#3939,10.);
#1163=VECTOR('',#3940,10.);
#1164=VECTOR('',#3943,10.);
#1165=VECTOR('',#3944,10.);
#1166=VECTOR('',#3947,10.);
#1167=VECTOR('',#3948,10.);
#1168=VECTOR('',#3951,10.);
#1169=VECTOR('',#3952,10.);
#1170=VECTOR('',#3955,10.);
#1171=VECTOR('',#3956,10.);
#1172=VECTOR('',#3959,10.);
#1173=VECTOR('',#3964,10.);
#1174=VECTOR('',#3965,10.);
#1175=VECTOR('',#3966,10.);
#1176=VECTOR('',#3967,10.);
#1177=VECTOR('',#3968,10.);
#1178=VECTOR('',#3971,10.);
#1179=VECTOR('',#3972,10.);
#1180=VECTOR('',#3975,10.);
#1181=VECTOR('',#3976,10.);
#1182=VECTOR('',#3979,10.);
#1183=VECTOR('',#3982,10.);
#1184=VECTOR('',#3993,11.3);
#1185=VERTEX_POINT('',#4013);
#1186=VERTEX_POINT('',#4014);
#1187=VERTEX_POINT('',#4016);
#1188=VERTEX_POINT('',#4018);
#1189=VERTEX_POINT('',#4022);
#1190=VERTEX_POINT('',#4024);
#1191=VERTEX_POINT('',#4028);
#1192=VERTEX_POINT('',#4030);
#1193=VERTEX_POINT('',#4034);
#1194=VERTEX_POINT('',#4036);
#1195=VERTEX_POINT('',#4040);
#1196=VERTEX_POINT('',#4042);
#1197=VERTEX_POINT('',#4046);
#1198=VERTEX_POINT('',#4048);
#1199=VERTEX_POINT('',#4052);
#1200=VERTEX_POINT('',#4054);
#1201=VERTEX_POINT('',#4064);
#1202=VERTEX_POINT('',#4066);
#1203=VERTEX_POINT('',#4068);
#1204=VERTEX_POINT('',#4072);
#1205=VERTEX_POINT('',#4075);
#1206=VERTEX_POINT('',#4137);
#1207=VERTEX_POINT('',#4139);
#1208=VERTEX_POINT('',#4438);
#1209=VERTEX_POINT('',#4568);
#1210=VERTEX_POINT('',#4569);
#1211=VERTEX_POINT('',#4580);
#1212=VERTEX_POINT('',#4582);
#1213=VERTEX_POINT('',#4595);
#1214=VERTEX_POINT('',#4597);
#1215=VERTEX_POINT('',#4601);
#1216=VERTEX_POINT('',#4602);
#1217=VERTEX_POINT('',#4613);
#1218=VERTEX_POINT('',#4615);
#1219=VERTEX_POINT('',#4617);
#1220=VERTEX_POINT('',#4630);
#1221=VERTEX_POINT('',#4632);
#1222=VERTEX_POINT('',#4635);
#1223=VERTEX_POINT('',#4639);
#1224=VERTEX_POINT('',#4642);
#1225=VERTEX_POINT('',#4646);
#1226=VERTEX_POINT('',#4648);
#1227=VERTEX_POINT('',#4653);
#1228=VERTEX_POINT('',#4655);
#1229=VERTEX_POINT('',#4659);
#1230=VERTEX_POINT('',#4661);
#1231=VERTEX_POINT('',#4663);
#1232=VERTEX_POINT('',#4665);
#1233=VERTEX_POINT('',#4667);
#1234=VERTEX_POINT('',#4670);
#1235=VERTEX_POINT('',#4672);
#1236=VERTEX_POINT('',#4676);
#1237=VERTEX_POINT('',#4680);
#1238=VERTEX_POINT('',#4681);
#1239=VERTEX_POINT('',#4685);
#1240=VERTEX_POINT('',#4687);
#1241=VERTEX_POINT('',#4691);
#1242=VERTEX_POINT('',#4693);
#1243=VERTEX_POINT('',#4696);
#1244=VERTEX_POINT('',#4698);
#1245=VERTEX_POINT('',#4700);
#1246=VERTEX_POINT('',#4702);
#1247=VERTEX_POINT('',#4719);
#1248=VERTEX_POINT('',#4721);
#1249=VERTEX_POINT('',#4730);
#1250=VERTEX_POINT('',#4731);
#1251=VERTEX_POINT('',#4733);
#1252=VERTEX_POINT('',#4744);
#1253=VERTEX_POINT('',#4748);
#1254=VERTEX_POINT('',#4750);
#1255=VERTEX_POINT('',#4754);
#1256=VERTEX_POINT('',#4756);
#1257=VERTEX_POINT('',#4770);
#1258=VERTEX_POINT('',#4773);
#1259=VERTEX_POINT('',#4780);
#1260=VERTEX_POINT('',#4782);
#1261=VERTEX_POINT('',#4791);
#1262=VERTEX_POINT('',#4793);
#1263=VERTEX_POINT('',#4796);
#1264=VERTEX_POINT('',#4800);
#1265=VERTEX_POINT('',#4801);
#1266=VERTEX_POINT('',#4803);
#1267=VERTEX_POINT('',#4805);
#1268=VERTEX_POINT('',#4808);
#1269=VERTEX_POINT('',#4811);
#1270=VERTEX_POINT('',#4813);
#1271=VERTEX_POINT('',#4817);
#1272=VERTEX_POINT('',#4819);
#1273=VERTEX_POINT('',#4822);
#1274=VERTEX_POINT('',#4831);
#1275=VERTEX_POINT('',#4835);
#1276=VERTEX_POINT('',#4837);
#1277=VERTEX_POINT('',#4846);
#1278=VERTEX_POINT('',#4849);
#1279=VERTEX_POINT('',#4857);
#1280=VERTEX_POINT('',#4858);
#1281=VERTEX_POINT('',#4861);
#1282=VERTEX_POINT('',#4865);
#1283=VERTEX_POINT('',#4867);
#1284=VERTEX_POINT('',#4871);
#1285=VERTEX_POINT('',#4873);
#1286=VERTEX_POINT('',#4879);
#1287=VERTEX_POINT('',#4883);
#1288=VERTEX_POINT('',#4890);
#1289=VERTEX_POINT('',#4891);
#1290=VERTEX_POINT('',#4894);
#1291=VERTEX_POINT('',#4896);
#1292=VERTEX_POINT('',#4900);
#1293=VERTEX_POINT('',#4902);
#1294=VERTEX_POINT('',#4906);
#1295=VERTEX_POINT('',#4907);
#1296=VERTEX_POINT('',#4910);
#1297=VERTEX_POINT('',#4916);
#1298=VERTEX_POINT('',#4920);
#1299=VERTEX_POINT('',#4927);
#1300=VERTEX_POINT('',#4928);
#1301=VERTEX_POINT('',#4966);
#1302=VERTEX_POINT('',#4968);
#1303=VERTEX_POINT('',#5007);
#1304=VERTEX_POINT('',#5042);
#1305=VERTEX_POINT('',#5044);
#1306=VERTEX_POINT('',#5082);
#1307=VERTEX_POINT('',#5117);
#1308=VERTEX_POINT('',#5119);
#1309=VERTEX_POINT('',#5158);
#1310=VERTEX_POINT('',#5193);
#1311=VERTEX_POINT('',#5195);
#1312=VERTEX_POINT('',#5233);
#1313=VERTEX_POINT('',#5234);
#1314=VERTEX_POINT('',#5245);
#1315=VERTEX_POINT('',#5275);
#1316=VERTEX_POINT('',#5277);
#1317=VERTEX_POINT('',#5288);
#1318=VERTEX_POINT('',#5319);
#1319=VERTEX_POINT('',#5354);
#1320=VERTEX_POINT('',#5356);
#1321=VERTEX_POINT('',#5394);
#1322=VERTEX_POINT('',#5429);
#1323=VERTEX_POINT('',#5431);
#1324=VERTEX_POINT('',#5469);
#1325=VERTEX_POINT('',#5504);
#1326=VERTEX_POINT('',#5506);
#1327=VERTEX_POINT('',#5545);
#1328=VERTEX_POINT('',#5548);
#1329=VERTEX_POINT('',#5552);
#1330=VERTEX_POINT('',#5555);
#1331=VERTEX_POINT('',#5562);
#1332=VERTEX_POINT('',#5563);
#1333=VERTEX_POINT('',#5567);
#1334=VERTEX_POINT('',#5569);
#1335=VERTEX_POINT('',#5573);
#1336=VERTEX_POINT('',#5575);
#1337=VERTEX_POINT('',#5596);
#1338=VERTEX_POINT('',#5599);
#1339=VERTEX_POINT('',#5603);
#1340=VERTEX_POINT('',#5606);
#1341=VERTEX_POINT('',#5610);
#1342=VERTEX_POINT('',#5611);
#1343=VERTEX_POINT('',#5613);
#1344=VERTEX_POINT('',#5615);
#1345=VERTEX_POINT('',#5619);
#1346=VERTEX_POINT('',#5621);
#1347=VERTEX_POINT('',#5625);
#1348=VERTEX_POINT('',#5627);
#1349=VERTEX_POINT('',#5631);
#1350=VERTEX_POINT('',#5633);
#1351=VERTEX_POINT('',#5637);
#1352=VERTEX_POINT('',#5639);
#1353=VERTEX_POINT('',#5641);
#1354=VERTEX_POINT('',#5643);
#1355=VERTEX_POINT('',#5645);
#1356=VERTEX_POINT('',#5647);
#1357=VERTEX_POINT('',#5649);
#1358=VERTEX_POINT('',#5651);
#1359=VERTEX_POINT('',#5653);
#1360=VERTEX_POINT('',#5657);
#1361=VERTEX_POINT('',#5659);
#1362=VERTEX_POINT('',#5663);
#1363=VERTEX_POINT('',#5667);
#1364=VERTEX_POINT('',#5671);
#1365=VERTEX_POINT('',#5675);
#1366=VERTEX_POINT('',#5679);
#1367=VERTEX_POINT('',#5683);
#1368=VERTEX_POINT('',#5687);
#1369=VERTEX_POINT('',#5691);
#1370=VERTEX_POINT('',#5695);
#1371=VERTEX_POINT('',#5704);
#1372=VERTEX_POINT('',#5705);
#1373=VERTEX_POINT('',#5707);
#1374=VERTEX_POINT('',#5709);
#1375=VERTEX_POINT('',#5713);
#1376=VERTEX_POINT('',#5715);
#1377=VERTEX_POINT('',#5719);
#1378=VERTEX_POINT('',#5721);
#1379=VERTEX_POINT('',#5723);
#1380=VERTEX_POINT('',#5725);
#1381=VERTEX_POINT('',#5727);
#1382=VERTEX_POINT('',#5729);
#1383=VERTEX_POINT('',#5731);
#1384=VERTEX_POINT('',#5733);
#1385=VERTEX_POINT('',#5735);
#1386=VERTEX_POINT('',#5739);
#1387=VERTEX_POINT('',#5740);
#1388=VERTEX_POINT('',#5742);
#1389=VERTEX_POINT('',#5744);
#1390=VERTEX_POINT('',#5748);
#1391=VERTEX_POINT('',#5750);
#1392=VERTEX_POINT('',#5754);
#1393=VERTEX_POINT('',#5756);
#1394=VERTEX_POINT('',#5758);
#1395=VERTEX_POINT('',#5760);
#1396=VERTEX_POINT('',#5762);
#1397=VERTEX_POINT('',#5764);
#1398=VERTEX_POINT('',#5766);
#1399=VERTEX_POINT('',#5768);
#1400=VERTEX_POINT('',#5770);
#1401=VERTEX_POINT('',#5774);
#1402=VERTEX_POINT('',#5775);
#1403=VERTEX_POINT('',#5786);
#1404=VERTEX_POINT('',#5788);
#1405=VERTEX_POINT('',#5790);
#1406=VERTEX_POINT('',#5803);
#1407=VERTEX_POINT('',#5805);
#1408=VERTEX_POINT('',#5808);
#1409=VERTEX_POINT('',#5812);
#1410=VERTEX_POINT('',#5813);
#1411=VERTEX_POINT('',#5818);
#1412=VERTEX_POINT('',#5821);
#1413=VERTEX_POINT('',#5823);
#1414=VERTEX_POINT('',#5829);
#1415=VERTEX_POINT('',#5831);
#1416=VERTEX_POINT('',#5835);
#1417=VERTEX_POINT('',#5837);
#1418=VERTEX_POINT('',#5840);
#1419=VERTEX_POINT('',#5842);
#1420=VERTEX_POINT('',#5846);
#1421=VERTEX_POINT('',#5850);
#1422=VERTEX_POINT('',#5854);
#1423=VERTEX_POINT('',#5858);
#1424=VERTEX_POINT('',#5866);
#1425=VERTEX_POINT('',#5870);
#1426=VERTEX_POINT('',#5874);
#1427=VERTEX_POINT('',#5878);
#1428=VERTEX_POINT('',#5882);
#1429=VERTEX_POINT('',#5889);
#1430=VERTEX_POINT('',#5891);
#1431=VERTEX_POINT('',#5893);
#1432=VERTEX_POINT('',#5895);
#1433=VERTEX_POINT('',#5911);
#1434=VERTEX_POINT('',#5914);
#1435=EDGE_CURVE('',#1185,#1186,#745,.T.);
#1436=EDGE_CURVE('',#1185,#1187,#746,.T.);
#1437=EDGE_CURVE('',#1188,#1187,#747,.T.);
#1438=EDGE_CURVE('',#1186,#1188,#748,.T.);
#1439=EDGE_CURVE('',#1189,#1186,#239,.T.);
#1440=EDGE_CURVE('',#1190,#1188,#240,.T.);
#1441=EDGE_CURVE('',#1189,#1190,#749,.T.);
#1442=EDGE_CURVE('',#1189,#1191,#750,.T.);
#1443=EDGE_CURVE('',#1192,#1190,#751,.T.);
#1444=EDGE_CURVE('',#1191,#1192,#752,.T.);
#1445=EDGE_CURVE('',#1193,#1191,#241,.T.);
#1446=EDGE_CURVE('',#1194,#1192,#242,.T.);
#1447=EDGE_CURVE('',#1193,#1194,#753,.T.);
#1448=EDGE_CURVE('',#1193,#1195,#754,.T.);
#1449=EDGE_CURVE('',#1196,#1194,#755,.T.);
#1450=EDGE_CURVE('',#1195,#1196,#756,.T.);
#1451=EDGE_CURVE('',#1197,#1195,#243,.T.);
#1452=EDGE_CURVE('',#1198,#1196,#244,.T.);
#1453=EDGE_CURVE('',#1197,#1198,#757,.T.);
#1454=EDGE_CURVE('',#1197,#1199,#758,.T.);
#1455=EDGE_CURVE('',#1200,#1198,#759,.T.);
#1456=EDGE_CURVE('',#1199,#1200,#760,.T.);
#1457=EDGE_CURVE('',#1185,#1199,#245,.T.);
#1458=EDGE_CURVE('',#1187,#1200,#246,.T.);
#1459=EDGE_CURVE('',#1201,#1201,#247,.T.);
#1460=EDGE_CURVE('',#1201,#1202,#248,.T.);
#1461=EDGE_CURVE('',#1202,#1203,#249,.T.);
#1462=EDGE_CURVE('',#1203,#1202,#250,.T.);
#1463=EDGE_CURVE('',#1204,#1204,#251,.T.);
#1464=EDGE_CURVE('',#1204,#1203,#761,.T.);
#1465=EDGE_CURVE('',#1205,#1205,#148,.T.);
#1466=EDGE_CURVE('',#1206,#1206,#252,.T.);
#1467=EDGE_CURVE('',#1206,#1207,#762,.T.);
#1468=EDGE_CURVE('',#1207,#1207,#253,.T.);
#1469=EDGE_CURVE('',#1205,#1208,#254,.T.);
#1470=EDGE_CURVE('',#1208,#1208,#149,.T.);
#1471=EDGE_CURVE('',#1209,#1210,#150,.F.);
#1472=EDGE_CURVE('',#1210,#1211,#255,.T.);
#1473=EDGE_CURVE('',#1211,#1212,#151,.F.);
#1474=EDGE_CURVE('',#1212,#1209,#256,.T.);
#1475=EDGE_CURVE('',#1213,#1210,#763,.T.);
#1476=EDGE_CURVE('',#1214,#1213,#257,.T.);
#1477=EDGE_CURVE('',#1211,#1214,#764,.T.);
#1478=EDGE_CURVE('',#1215,#1216,#152,.F.);
#1479=EDGE_CURVE('',#1216,#1217,#258,.T.);
#1480=EDGE_CURVE('',#1217,#1218,#259,.T.);
#1481=EDGE_CURVE('',#1218,#1219,#153,.F.);
#1482=EDGE_CURVE('',#1219,#1215,#260,.T.);
#1483=EDGE_CURVE('',#1216,#1220,#765,.T.);
#1484=EDGE_CURVE('',#1220,#1221,#104,.T.);
#1485=EDGE_CURVE('',#1221,#1218,#766,.T.);
#1486=EDGE_CURVE('',#1217,#1222,#767,.T.);
#1487=EDGE_CURVE('',#1222,#1222,#261,.T.);
#1488=EDGE_CURVE('',#1223,#1223,#262,.T.);
#1489=EDGE_CURVE('',#1223,#1224,#768,.T.);
#1490=EDGE_CURVE('',#1224,#1224,#263,.T.);
#1491=EDGE_CURVE('',#1225,#1225,#264,.T.);
#1492=EDGE_CURVE('',#1225,#1226,#769,.T.);
#1493=EDGE_CURVE('',#1226,#1226,#265,.T.);
#1494=EDGE_CURVE('',#1227,#1213,#770,.T.);
#1495=EDGE_CURVE('',#1227,#1228,#771,.T.);
#1496=EDGE_CURVE('',#1214,#1228,#772,.T.);
#1497=EDGE_CURVE('',#1209,#1229,#773,.T.);
#1498=EDGE_CURVE('',#1229,#1230,#266,.T.);
#1499=EDGE_CURVE('',#1230,#1231,#774,.T.);
#1500=EDGE_CURVE('',#1231,#1232,#267,.T.);
#1501=EDGE_CURVE('',#1232,#1233,#775,.T.);
#1502=EDGE_CURVE('',#1233,#1220,#776,.T.);
#1503=EDGE_CURVE('',#1215,#1234,#777,.T.);
#1504=EDGE_CURVE('',#1234,#1235,#778,.T.);
#1505=EDGE_CURVE('',#1235,#1227,#268,.T.);
#1506=EDGE_CURVE('',#1236,#1212,#779,.T.);
#1507=EDGE_CURVE('',#1229,#1236,#780,.T.);
#1508=EDGE_CURVE('',#1237,#1238,#105,.T.);
#1509=EDGE_CURVE('',#1238,#1237,#781,.T.);
#1510=EDGE_CURVE('',#1239,#1237,#782,.T.);
#1511=EDGE_CURVE('',#1240,#1239,#783,.T.);
#1512=EDGE_CURVE('',#1238,#1240,#784,.T.);
#1513=EDGE_CURVE('',#1228,#1241,#269,.T.);
#1514=EDGE_CURVE('',#1241,#1242,#785,.T.);
#1515=EDGE_CURVE('',#1242,#1219,#786,.T.);
#1516=EDGE_CURVE('',#1221,#1243,#787,.T.);
#1517=EDGE_CURVE('',#1243,#1244,#788,.T.);
#1518=EDGE_CURVE('',#1244,#1245,#270,.T.);
#1519=EDGE_CURVE('',#1245,#1246,#789,.T.);
#1520=EDGE_CURVE('',#1246,#1236,#271,.T.);
#1521=EDGE_CURVE('',#1231,#1245,#790,.T.);
#1522=EDGE_CURVE('',#1230,#1246,#791,.T.);
#1523=EDGE_CURVE('',#1235,#1241,#792,.T.);
#1524=EDGE_CURVE('',#1234,#1242,#793,.T.);
#1525=EDGE_CURVE('',#1233,#1243,#794,.T.);
#1526=EDGE_CURVE('',#1244,#1232,#795,.T.);
#1527=EDGE_CURVE('',#1247,#1240,#272,.T.);
#1528=EDGE_CURVE('',#1247,#1248,#796,.T.);
#1529=EDGE_CURVE('',#1248,#1248,#273,.T.);
#1530=EDGE_CURVE('',#1239,#1247,#274,.T.);
#1531=EDGE_CURVE('',#1249,#1250,#797,.T.);
#1532=EDGE_CURVE('',#1250,#1251,#154,.F.);
#1533=EDGE_CURVE('',#1251,#1252,#798,.T.);
#1534=EDGE_CURVE('',#1252,#1249,#106,.T.);
#1535=EDGE_CURVE('',#1253,#1249,#799,.T.);
#1536=EDGE_CURVE('',#1252,#1254,#800,.T.);
#1537=EDGE_CURVE('',#1254,#1253,#107,.T.);
#1538=EDGE_CURVE('',#1254,#1255,#801,.T.);
#1539=EDGE_CURVE('',#1255,#1256,#155,.F.);
#1540=EDGE_CURVE('',#1256,#1253,#802,.T.);
#1541=EDGE_CURVE('',#1250,#1256,#275,.T.);
#1542=EDGE_CURVE('',#1257,#1257,#276,.T.);
#1543=EDGE_CURVE('',#1255,#1258,#156,.F.);
#1544=EDGE_CURVE('',#1258,#1259,#277,.T.);
#1545=EDGE_CURVE('',#1259,#1260,#278,.T.);
#1546=EDGE_CURVE('',#1260,#1251,#157,.F.);
#1547=EDGE_CURVE('',#1258,#1261,#803,.T.);
#1548=EDGE_CURVE('',#1261,#1262,#279,.T.);
#1549=EDGE_CURVE('',#1262,#1260,#804,.T.);
#1550=EDGE_CURVE('',#1259,#1263,#805,.T.);
#1551=EDGE_CURVE('',#1263,#1263,#280,.T.);
#1552=EDGE_CURVE('',#1264,#1265,#806,.F.);
#1553=EDGE_CURVE('',#1264,#1266,#807,.F.);
#1554=EDGE_CURVE('',#1266,#1267,#808,.F.);
#1555=EDGE_CURVE('',#1265,#1267,#809,.T.);
#1556=EDGE_CURVE('',#1268,#1268,#281,.T.);
#1557=EDGE_CURVE('',#1269,#1264,#810,.F.);
#1558=EDGE_CURVE('',#1269,#1270,#811,.T.);
#1559=EDGE_CURVE('',#1270,#1266,#812,.T.);
#1560=EDGE_CURVE('',#1271,#1269,#813,.T.);
#1561=EDGE_CURVE('',#1272,#1271,#814,.T.);
#1562=EDGE_CURVE('',#1272,#1270,#815,.F.);
#1563=EDGE_CURVE('',#1273,#1273,#282,.T.);
#1564=EDGE_CURVE('',#1271,#1265,#816,.T.);
#1565=EDGE_CURVE('',#1267,#1272,#817,.T.);
#1566=EDGE_CURVE('',#1273,#1257,#818,.T.);
#1567=EDGE_CURVE('',#1274,#1274,#283,.T.);
#1568=EDGE_CURVE('',#1274,#1268,#819,.T.);
#1569=EDGE_CURVE('',#1252,#1275,#820,.T.);
#1570=EDGE_CURVE('',#1276,#1275,#821,.T.);
#1571=EDGE_CURVE('',#1254,#1276,#822,.T.);
#1572=EDGE_CURVE('',#1261,#1276,#823,.T.);
#1573=EDGE_CURVE('',#1275,#1262,#824,.T.);
#1574=EDGE_CURVE('',#1277,#1277,#284,.T.);
#1575=EDGE_CURVE('',#1277,#1278,#825,.T.);
#1576=EDGE_CURVE('',#1278,#1278,#285,.T.);
#1577=EDGE_CURVE('',#1279,#1280,#286,.T.);
#1578=EDGE_CURVE('',#1280,#1279,#287,.T.);
#1579=EDGE_CURVE('',#1280,#1281,#826,.T.);
#1580=EDGE_CURVE('',#1281,#1281,#288,.T.);
#1581=EDGE_CURVE('',#1282,#1282,#289,.T.);
#1582=EDGE_CURVE('',#1282,#1283,#827,.T.);
#1583=EDGE_CURVE('',#1283,#1283,#290,.T.);
#1584=EDGE_CURVE('',#1284,#1284,#291,.T.);
#1585=EDGE_CURVE('',#1284,#1285,#292,.T.);
#1586=EDGE_CURVE('',#1285,#1285,#293,.T.);
#1587=EDGE_CURVE('',#1279,#1282,#828,.T.);
#1588=EDGE_CURVE('',#1286,#1286,#294,.T.);
#1589=EDGE_CURVE('',#1286,#1284,#829,.T.);
#1590=EDGE_CURVE('',#1285,#1287,#830,.T.);
#1591=EDGE_CURVE('',#1287,#1287,#295,.T.);
#1592=EDGE_CURVE('',#1288,#1289,#296,.T.);
#1593=EDGE_CURVE('',#1289,#1288,#297,.T.);
#1594=EDGE_CURVE('',#1289,#1290,#298,.T.);
#1595=EDGE_CURVE('',#1290,#1291,#299,.T.);
#1596=EDGE_CURVE('',#1291,#1290,#300,.T.);
#1597=EDGE_CURVE('',#1292,#1292,#301,.T.);
#1598=EDGE_CURVE('',#1292,#1293,#831,.T.);
#1599=EDGE_CURVE('',#1293,#1293,#302,.T.);
#1600=EDGE_CURVE('',#1294,#1295,#303,.T.);
#1601=EDGE_CURVE('',#1295,#1294,#304,.T.);
#1602=EDGE_CURVE('',#1295,#1296,#832,.T.);
#1603=EDGE_CURVE('',#1296,#1296,#305,.T.);
#1604=EDGE_CURVE('',#1294,#1292,#833,.T.);
#1605=EDGE_CURVE('',#1291,#1297,#834,.T.);
#1606=EDGE_CURVE('',#1297,#1297,#306,.T.);
#1607=EDGE_CURVE('',#1298,#1298,#307,.T.);
#1608=EDGE_CURVE('',#1298,#1288,#835,.T.);
#1609=EDGE_CURVE('',#1299,#1300,#158,.F.);
#1610=EDGE_CURVE('',#1300,#1299,#159,.F.);
#1611=EDGE_CURVE('',#1300,#1301,#836,.T.);
#1612=EDGE_CURVE('',#1301,#1302,#160,.T.);
#1613=EDGE_CURVE('',#1302,#1301,#161,.T.);
#1614=EDGE_CURVE('',#1303,#1303,#162,.T.);
#1615=EDGE_CURVE('',#1303,#1304,#837,.T.);
#1616=EDGE_CURVE('',#1304,#1305,#163,.T.);
#1617=EDGE_CURVE('',#1305,#1304,#164,.T.);
#1618=EDGE_CURVE('',#1306,#1306,#165,.T.);
#1619=EDGE_CURVE('',#1306,#1307,#838,.T.);
#1620=EDGE_CURVE('',#1307,#1308,#166,.T.);
#1621=EDGE_CURVE('',#1308,#1307,#167,.T.);
#1622=EDGE_CURVE('',#1309,#1309,#168,.T.);
#1623=EDGE_CURVE('',#1309,#1310,#839,.T.);
#1624=EDGE_CURVE('',#1310,#1311,#169,.T.);
#1625=EDGE_CURVE('',#1311,#1310,#170,.T.);
#1626=EDGE_CURVE('',#1312,#1313,#171,.F.);
#1627=EDGE_CURVE('',#1314,#1312,#172,.F.);
#1628=EDGE_CURVE('',#1313,#1314,#173,.F.);
#1629=EDGE_CURVE('',#1313,#1315,#840,.T.);
#1630=EDGE_CURVE('',#1315,#1316,#174,.T.);
#1631=EDGE_CURVE('',#1316,#1317,#175,.T.);
#1632=EDGE_CURVE('',#1317,#1315,#176,.T.);
#1633=EDGE_CURVE('',#1318,#1318,#177,.T.);
#1634=EDGE_CURVE('',#1318,#1319,#841,.T.);
#1635=EDGE_CURVE('',#1319,#1320,#178,.T.);
#1636=EDGE_CURVE('',#1320,#1319,#179,.T.);
#1637=EDGE_CURVE('',#1321,#1321,#180,.T.);
#1638=EDGE_CURVE('',#1321,#1322,#842,.T.);
#1639=EDGE_CURVE('',#1322,#1323,#181,.T.);
#1640=EDGE_CURVE('',#1323,#1322,#182,.T.);
#1641=EDGE_CURVE('',#1324,#1324,#183,.T.);
#1642=EDGE_CURVE('',#1324,#1325,#843,.T.);
#1643=EDGE_CURVE('',#1325,#1326,#184,.T.);
#1644=EDGE_CURVE('',#1326,#1325,#185,.T.);
#1645=EDGE_CURVE('',#1327,#1327,#308,.T.);
#1646=EDGE_CURVE('',#1327,#1316,#844,.T.);
#1647=EDGE_CURVE('',#1317,#1328,#845,.T.);
#1648=EDGE_CURVE('',#1328,#1328,#309,.T.);
#1649=EDGE_CURVE('',#1329,#1329,#310,.T.);
#1650=EDGE_CURVE('',#1329,#1312,#846,.T.);
#1651=EDGE_CURVE('',#1314,#1330,#847,.T.);
#1652=EDGE_CURVE('',#1330,#1330,#311,.T.);
#1653=EDGE_CURVE('',#1331,#1332,#312,.T.);
#1654=EDGE_CURVE('',#1333,#1333,#313,.T.);
#1655=EDGE_CURVE('',#1333,#1334,#848,.T.);
#1656=EDGE_CURVE('',#1334,#1334,#314,.T.);
#1657=EDGE_CURVE('',#1335,#1335,#315,.T.);
#1658=EDGE_CURVE('',#1335,#1336,#849,.T.);
#1659=EDGE_CURVE('',#1336,#1336,#316,.T.);
#1660=EDGE_CURVE('',#1337,#1337,#317,.T.);
#1661=EDGE_CURVE('',#1338,#1338,#318,.T.);
#1662=EDGE_CURVE('',#1338,#1337,#850,.T.);
#1663=EDGE_CURVE('',#1339,#1339,#319,.F.);
#1664=EDGE_CURVE('',#1339,#1340,#851,.T.);
#1665=EDGE_CURVE('',#1340,#1340,#320,.F.);
#1666=EDGE_CURVE('',#1341,#1342,#852,.T.);
#1667=EDGE_CURVE('',#1343,#1342,#853,.T.);
#1668=EDGE_CURVE('',#1344,#1343,#854,.T.);
#1669=EDGE_CURVE('',#1341,#1344,#855,.T.);
#1670=EDGE_CURVE('',#1341,#1345,#321,.T.);
#1671=EDGE_CURVE('',#1346,#1344,#322,.T.);
#1672=EDGE_CURVE('',#1345,#1346,#856,.T.);
#1673=EDGE_CURVE('',#1347,#1345,#857,.T.);
#1674=EDGE_CURVE('',#1348,#1346,#858,.T.);
#1675=EDGE_CURVE('',#1347,#1348,#859,.T.);
#1676=EDGE_CURVE('',#1349,#1347,#860,.T.);
#1677=EDGE_CURVE('',#1349,#1350,#861,.T.);
#1678=EDGE_CURVE('',#1342,#1350,#862,.T.);
#1679=EDGE_CURVE('',#1351,#1348,#863,.T.);
#1680=EDGE_CURVE('',#1351,#1352,#323,.T.);
#1681=EDGE_CURVE('',#1353,#1352,#864,.T.);
#1682=EDGE_CURVE('',#1353,#1354,#324,.T.);
#1683=EDGE_CURVE('',#1354,#1355,#865,.T.);
#1684=EDGE_CURVE('',#1356,#1355,#866,.T.);
#1685=EDGE_CURVE('',#1357,#1356,#867,.T.);
#1686=EDGE_CURVE('',#1358,#1357,#325,.T.);
#1687=EDGE_CURVE('',#1358,#1359,#868,.T.);
#1688=EDGE_CURVE('',#1349,#1359,#326,.T.);
#1689=EDGE_CURVE('',#1360,#1360,#327,.T.);
#1690=EDGE_CURVE('',#1360,#1361,#869,.T.);
#1691=EDGE_CURVE('',#1361,#1361,#328,.T.);
#1692=EDGE_CURVE('',#1359,#1362,#870,.T.);
#1693=EDGE_CURVE('',#1350,#1362,#329,.T.);
#1694=EDGE_CURVE('',#1363,#1343,#871,.T.);
#1695=EDGE_CURVE('',#1351,#1363,#872,.T.);
#1696=EDGE_CURVE('',#1364,#1363,#330,.T.);
#1697=EDGE_CURVE('',#1352,#1364,#873,.T.);
#1698=EDGE_CURVE('',#1365,#1364,#874,.T.);
#1699=EDGE_CURVE('',#1353,#1365,#875,.T.);
#1700=EDGE_CURVE('',#1366,#1365,#331,.T.);
#1701=EDGE_CURVE('',#1354,#1366,#876,.T.);
#1702=EDGE_CURVE('',#1367,#1366,#877,.T.);
#1703=EDGE_CURVE('',#1355,#1367,#878,.T.);
#1704=EDGE_CURVE('',#1368,#1367,#879,.T.);
#1705=EDGE_CURVE('',#1356,#1368,#880,.T.);
#1706=EDGE_CURVE('',#1369,#1368,#881,.T.);
#1707=EDGE_CURVE('',#1357,#1369,#882,.T.);
#1708=EDGE_CURVE('',#1370,#1369,#332,.T.);
#1709=EDGE_CURVE('',#1358,#1370,#883,.T.);
#1710=EDGE_CURVE('',#1362,#1370,#884,.T.);
#1711=EDGE_CURVE('',#1371,#1372,#333,.T.);
#1712=EDGE_CURVE('',#1372,#1373,#885,.T.);
#1713=EDGE_CURVE('',#1373,#1374,#334,.T.);
#1714=EDGE_CURVE('',#1374,#1371,#886,.T.);
#1715=EDGE_CURVE('',#1374,#1375,#887,.T.);
#1716=EDGE_CURVE('',#1376,#1375,#888,.T.);
#1717=EDGE_CURVE('',#1371,#1376,#889,.T.);
#1718=EDGE_CURVE('',#1377,#1373,#890,.T.);
#1719=EDGE_CURVE('',#1378,#1377,#891,.T.);
#1720=EDGE_CURVE('',#1379,#1378,#892,.T.);
#1721=EDGE_CURVE('',#1380,#1379,#893,.T.);
#1722=EDGE_CURVE('',#1381,#1380,#894,.T.);
#1723=EDGE_CURVE('',#1382,#1381,#895,.T.);
#1724=EDGE_CURVE('',#1383,#1382,#896,.T.);
#1725=EDGE_CURVE('',#1383,#1384,#897,.T.);
#1726=EDGE_CURVE('',#1384,#1385,#898,.T.);
#1727=EDGE_CURVE('',#1375,#1385,#335,.T.);
#1728=EDGE_CURVE('',#1386,#1387,#336,.T.);
#1729=EDGE_CURVE('',#1387,#1388,#899,.T.);
#1730=EDGE_CURVE('',#1388,#1389,#337,.T.);
#1731=EDGE_CURVE('',#1389,#1386,#900,.T.);
#1732=EDGE_CURVE('',#1390,#1389,#901,.T.);
#1733=EDGE_CURVE('',#1390,#1391,#902,.T.);
#1734=EDGE_CURVE('',#1386,#1391,#903,.T.);
#1735=EDGE_CURVE('',#1392,#1388,#904,.T.);
#1736=EDGE_CURVE('',#1393,#1392,#338,.T.);
#1737=EDGE_CURVE('',#1393,#1394,#905,.T.);
#1738=EDGE_CURVE('',#1394,#1395,#906,.T.);
#1739=EDGE_CURVE('',#1396,#1395,#907,.T.);
#1740=EDGE_CURVE('',#1396,#1397,#908,.T.);
#1741=EDGE_CURVE('',#1397,#1398,#909,.T.);
#1742=EDGE_CURVE('',#1398,#1399,#910,.T.);
#1743=EDGE_CURVE('',#1399,#1400,#911,.T.);
#1744=EDGE_CURVE('',#1400,#1390,#912,.T.);
#1745=EDGE_CURVE('',#1401,#1402,#186,.F.);
#1746=EDGE_CURVE('',#1402,#1403,#339,.T.);
#1747=EDGE_CURVE('',#1403,#1404,#340,.T.);
#1748=EDGE_CURVE('',#1404,#1405,#187,.F.);
#1749=EDGE_CURVE('',#1405,#1401,#341,.T.);
#1750=EDGE_CURVE('',#1402,#1406,#913,.T.);
#1751=EDGE_CURVE('',#1406,#1407,#342,.T.);
#1752=EDGE_CURVE('',#1407,#1404,#914,.T.);
#1753=EDGE_CURVE('',#1403,#1408,#915,.T.);
#1754=EDGE_CURVE('',#1408,#1408,#343,.T.);
#1755=EDGE_CURVE('',#1409,#1410,#344,.T.);
#1756=EDGE_CURVE('',#1410,#1393,#916,.T.);
#1757=EDGE_CURVE('',#1392,#1409,#917,.T.);
#1758=EDGE_CURVE('',#1411,#1410,#918,.T.);
#1759=EDGE_CURVE('',#1385,#1411,#919,.T.);
#1760=EDGE_CURVE('',#1384,#1412,#920,.T.);
#1761=EDGE_CURVE('',#1412,#1413,#921,.T.);
#1762=EDGE_CURVE('',#1413,#1394,#922,.T.);
#1763=EDGE_CURVE('',#1411,#1376,#345,.T.);
#1764=EDGE_CURVE('',#1412,#1414,#923,.T.);
#1765=EDGE_CURVE('',#1414,#1415,#924,.T.);
#1766=EDGE_CURVE('',#1415,#1413,#925,.T.);
#1767=EDGE_CURVE('',#1382,#1416,#926,.T.);
#1768=EDGE_CURVE('',#1417,#1416,#927,.T.);
#1769=EDGE_CURVE('',#1396,#1417,#928,.T.);
#1770=EDGE_CURVE('',#1418,#1395,#929,.T.);
#1771=EDGE_CURVE('',#1419,#1418,#930,.T.);
#1772=EDGE_CURVE('',#1419,#1383,#931,.T.);
#1773=EDGE_CURVE('',#1420,#1417,#932,.T.);
#1774=EDGE_CURVE('',#1397,#1420,#933,.T.);
#1775=EDGE_CURVE('',#1421,#1420,#934,.T.);
#1776=EDGE_CURVE('',#1398,#1421,#935,.T.);
#1777=EDGE_CURVE('',#1422,#1421,#936,.T.);
#1778=EDGE_CURVE('',#1399,#1422,#937,.T.);
#1779=EDGE_CURVE('',#1423,#1422,#938,.T.);
#1780=EDGE_CURVE('',#1400,#1423,#939,.T.);
#1781=EDGE_CURVE('',#1391,#1423,#940,.T.);
#1782=EDGE_CURVE('',#1409,#1387,#941,.T.);
#1783=EDGE_CURVE('',#1424,#1372,#942,.T.);
#1784=EDGE_CURVE('',#1377,#1424,#943,.T.);
#1785=EDGE_CURVE('',#1425,#1424,#944,.T.);
#1786=EDGE_CURVE('',#1378,#1425,#945,.T.);
#1787=EDGE_CURVE('',#1426,#1425,#946,.T.);
#1788=EDGE_CURVE('',#1379,#1426,#947,.T.);
#1789=EDGE_CURVE('',#1427,#1426,#948,.T.);
#1790=EDGE_CURVE('',#1380,#1427,#949,.T.);
#1791=EDGE_CURVE('',#1428,#1427,#950,.T.);
#1792=EDGE_CURVE('',#1381,#1428,#951,.T.);
#1793=EDGE_CURVE('',#1416,#1428,#952,.T.);
#1794=EDGE_CURVE('',#1406,#1429,#953,.T.);
#1795=EDGE_CURVE('',#1429,#1430,#954,.T.);
#1796=EDGE_CURVE('',#1430,#1431,#955,.T.);
#1797=EDGE_CURVE('',#1431,#1432,#956,.T.);
#1798=EDGE_CURVE('',#1432,#1407,#957,.T.);
#1799=EDGE_CURVE('',#1401,#1418,#958,.T.);
#1800=EDGE_CURVE('',#1429,#1394,#959,.T.);
#1801=EDGE_CURVE('',#1432,#1384,#960,.T.);
#1802=EDGE_CURVE('',#1405,#1419,#961,.T.);
#1803=EDGE_CURVE('',#1431,#1414,#962,.T.);
#1804=EDGE_CURVE('',#1430,#1415,#963,.T.);
#1805=EDGE_CURVE('',#1433,#1433,#346,.T.);
#1806=EDGE_CURVE('',#1433,#1434,#964,.T.);
#1807=EDGE_CURVE('',#1434,#1434,#347,.T.);
#1808=ORIENTED_EDGE('',*,*,#1435,.F.);
#1809=ORIENTED_EDGE('',*,*,#1436,.T.);
#1810=ORIENTED_EDGE('',*,*,#1437,.F.);
#1811=ORIENTED_EDGE('',*,*,#1438,.F.);
#1812=ORIENTED_EDGE('',*,*,#1439,.T.);
#1813=ORIENTED_EDGE('',*,*,#1438,.T.);
#1814=ORIENTED_EDGE('',*,*,#1440,.F.);
#1815=ORIENTED_EDGE('',*,*,#1441,.F.);
#1816=ORIENTED_EDGE('',*,*,#1442,.F.);
#1817=ORIENTED_EDGE('',*,*,#1441,.T.);
#1818=ORIENTED_EDGE('',*,*,#1443,.F.);
#1819=ORIENTED_EDGE('',*,*,#1444,.F.);
#1820=ORIENTED_EDGE('',*,*,#1445,.T.);
#1821=ORIENTED_EDGE('',*,*,#1444,.T.);
#1822=ORIENTED_EDGE('',*,*,#1446,.F.);
#1823=ORIENTED_EDGE('',*,*,#1447,.F.);
#1824=ORIENTED_EDGE('',*,*,#1448,.F.);
#1825=ORIENTED_EDGE('',*,*,#1447,.T.);
#1826=ORIENTED_EDGE('',*,*,#1449,.F.);
#1827=ORIENTED_EDGE('',*,*,#1450,.F.);
#1828=ORIENTED_EDGE('',*,*,#1451,.T.);
#1829=ORIENTED_EDGE('',*,*,#1450,.T.);
#1830=ORIENTED_EDGE('',*,*,#1452,.F.);
#1831=ORIENTED_EDGE('',*,*,#1453,.F.);
#1832=ORIENTED_EDGE('',*,*,#1454,.F.);
#1833=ORIENTED_EDGE('',*,*,#1453,.T.);
#1834=ORIENTED_EDGE('',*,*,#1455,.F.);
#1835=ORIENTED_EDGE('',*,*,#1456,.F.);
#1836=ORIENTED_EDGE('',*,*,#1457,.T.);
#1837=ORIENTED_EDGE('',*,*,#1456,.T.);
#1838=ORIENTED_EDGE('',*,*,#1458,.F.);
#1839=ORIENTED_EDGE('',*,*,#1436,.F.);
#1840=ORIENTED_EDGE('',*,*,#1458,.T.);
#1841=ORIENTED_EDGE('',*,*,#1455,.T.);
#1842=ORIENTED_EDGE('',*,*,#1452,.T.);
#1843=ORIENTED_EDGE('',*,*,#1449,.T.);
#1844=ORIENTED_EDGE('',*,*,#1446,.T.);
#1845=ORIENTED_EDGE('',*,*,#1443,.T.);
#1846=ORIENTED_EDGE('',*,*,#1440,.T.);
#1847=ORIENTED_EDGE('',*,*,#1437,.T.);
#1848=ORIENTED_EDGE('',*,*,#1457,.F.);
#1849=ORIENTED_EDGE('',*,*,#1435,.T.);
#1850=ORIENTED_EDGE('',*,*,#1439,.F.);
#1851=ORIENTED_EDGE('',*,*,#1442,.T.);
#1852=ORIENTED_EDGE('',*,*,#1445,.F.);
#1853=ORIENTED_EDGE('',*,*,#1448,.T.);
#1854=ORIENTED_EDGE('',*,*,#1451,.F.);
#1855=ORIENTED_EDGE('',*,*,#1454,.T.);
#1856=ORIENTED_EDGE('',*,*,#1459,.T.);
#1857=ORIENTED_EDGE('',*,*,#1460,.T.);
#1858=ORIENTED_EDGE('',*,*,#1461,.T.);
#1859=ORIENTED_EDGE('',*,*,#1462,.T.);
#1860=ORIENTED_EDGE('',*,*,#1460,.F.);
#1861=ORIENTED_EDGE('',*,*,#1463,.F.);
#1862=ORIENTED_EDGE('',*,*,#1464,.T.);
#1863=ORIENTED_EDGE('',*,*,#1461,.F.);
#1864=ORIENTED_EDGE('',*,*,#1462,.F.);
#1865=ORIENTED_EDGE('',*,*,#1464,.F.);
#1866=ORIENTED_EDGE('',*,*,#1465,.F.);
#1867=ORIENTED_EDGE('',*,*,#1459,.F.);
#1868=ORIENTED_EDGE('',*,*,#1466,.F.);
#1869=ORIENTED_EDGE('',*,*,#1467,.T.);
#1870=ORIENTED_EDGE('',*,*,#1468,.F.);
#1871=ORIENTED_EDGE('',*,*,#1467,.F.);
#1872=ORIENTED_EDGE('',*,*,#1466,.T.);
#1873=ORIENTED_EDGE('',*,*,#1469,.T.);
#1874=ORIENTED_EDGE('',*,*,#1470,.T.);
#1875=ORIENTED_EDGE('',*,*,#1469,.F.);
#1876=ORIENTED_EDGE('',*,*,#1465,.T.);
#1877=ORIENTED_EDGE('',*,*,#1470,.F.);
#1878=ORIENTED_EDGE('',*,*,#1463,.T.);
#1879=ORIENTED_EDGE('',*,*,#1468,.T.);
#1880=ORIENTED_EDGE('',*,*,#1471,.T.);
#1881=ORIENTED_EDGE('',*,*,#1472,.T.);
#1882=ORIENTED_EDGE('',*,*,#1473,.T.);
#1883=ORIENTED_EDGE('',*,*,#1474,.T.);
#1884=ORIENTED_EDGE('',*,*,#1472,.F.);
#1885=ORIENTED_EDGE('',*,*,#1475,.F.);
#1886=ORIENTED_EDGE('',*,*,#1476,.F.);
#1887=ORIENTED_EDGE('',*,*,#1477,.F.);
#1888=ORIENTED_EDGE('',*,*,#1478,.T.);
#1889=ORIENTED_EDGE('',*,*,#1479,.T.);
#1890=ORIENTED_EDGE('',*,*,#1480,.T.);
#1891=ORIENTED_EDGE('',*,*,#1481,.T.);
#1892=ORIENTED_EDGE('',*,*,#1482,.T.);
#1893=ORIENTED_EDGE('',*,*,#1479,.F.);
#1894=ORIENTED_EDGE('',*,*,#1483,.T.);
#1895=ORIENTED_EDGE('',*,*,#1484,.T.);
#1896=ORIENTED_EDGE('',*,*,#1485,.T.);
#1897=ORIENTED_EDGE('',*,*,#1480,.F.);
#1898=ORIENTED_EDGE('',*,*,#1486,.T.);
#1899=ORIENTED_EDGE('',*,*,#1487,.T.);
#1900=ORIENTED_EDGE('',*,*,#1486,.F.);
#1901=ORIENTED_EDGE('',*,*,#1488,.T.);
#1902=ORIENTED_EDGE('',*,*,#1488,.F.);
#1903=ORIENTED_EDGE('',*,*,#1489,.T.);
#1904=ORIENTED_EDGE('',*,*,#1490,.T.);
#1905=ORIENTED_EDGE('',*,*,#1489,.F.);
#1906=ORIENTED_EDGE('',*,*,#1491,.F.);
#1907=ORIENTED_EDGE('',*,*,#1492,.T.);
#1908=ORIENTED_EDGE('',*,*,#1493,.T.);
#1909=ORIENTED_EDGE('',*,*,#1492,.F.);
#1910=ORIENTED_EDGE('',*,*,#1493,.F.);
#1911=ORIENTED_EDGE('',*,*,#1490,.F.);
#1912=ORIENTED_EDGE('',*,*,#1494,.F.);
#1913=ORIENTED_EDGE('',*,*,#1495,.T.);
#1914=ORIENTED_EDGE('',*,*,#1496,.F.);
#1915=ORIENTED_EDGE('',*,*,#1476,.T.);
#1916=ORIENTED_EDGE('',*,*,#1491,.T.);
#1917=ORIENTED_EDGE('',*,*,#1475,.T.);
#1918=ORIENTED_EDGE('',*,*,#1471,.F.);
#1919=ORIENTED_EDGE('',*,*,#1497,.T.);
#1920=ORIENTED_EDGE('',*,*,#1498,.T.);
#1921=ORIENTED_EDGE('',*,*,#1499,.T.);
#1922=ORIENTED_EDGE('',*,*,#1500,.T.);
#1923=ORIENTED_EDGE('',*,*,#1501,.T.);
#1924=ORIENTED_EDGE('',*,*,#1502,.T.);
#1925=ORIENTED_EDGE('',*,*,#1483,.F.);
#1926=ORIENTED_EDGE('',*,*,#1478,.F.);
#1927=ORIENTED_EDGE('',*,*,#1503,.T.);
#1928=ORIENTED_EDGE('',*,*,#1504,.T.);
#1929=ORIENTED_EDGE('',*,*,#1505,.T.);
#1930=ORIENTED_EDGE('',*,*,#1494,.T.);
#1931=ORIENTED_EDGE('',*,*,#1506,.F.);
#1932=ORIENTED_EDGE('',*,*,#1507,.F.);
#1933=ORIENTED_EDGE('',*,*,#1497,.F.);
#1934=ORIENTED_EDGE('',*,*,#1474,.F.);
#1935=ORIENTED_EDGE('',*,*,#1508,.F.);
#1936=ORIENTED_EDGE('',*,*,#1509,.F.);
#1937=ORIENTED_EDGE('',*,*,#1510,.F.);
#1938=ORIENTED_EDGE('',*,*,#1511,.F.);
#1939=ORIENTED_EDGE('',*,*,#1512,.F.);
#1940=ORIENTED_EDGE('',*,*,#1509,.T.);
#1941=ORIENTED_EDGE('',*,*,#1477,.T.);
#1942=ORIENTED_EDGE('',*,*,#1496,.T.);
#1943=ORIENTED_EDGE('',*,*,#1513,.T.);
#1944=ORIENTED_EDGE('',*,*,#1514,.T.);
#1945=ORIENTED_EDGE('',*,*,#1515,.T.);
#1946=ORIENTED_EDGE('',*,*,#1481,.F.);
#1947=ORIENTED_EDGE('',*,*,#1485,.F.);
#1948=ORIENTED_EDGE('',*,*,#1516,.T.);
#1949=ORIENTED_EDGE('',*,*,#1517,.T.);
#1950=ORIENTED_EDGE('',*,*,#1518,.T.);
#1951=ORIENTED_EDGE('',*,*,#1519,.T.);
#1952=ORIENTED_EDGE('',*,*,#1520,.T.);
#1953=ORIENTED_EDGE('',*,*,#1506,.T.);
#1954=ORIENTED_EDGE('',*,*,#1473,.F.);
#1955=ORIENTED_EDGE('',*,*,#1521,.F.);
#1956=ORIENTED_EDGE('',*,*,#1499,.F.);
#1957=ORIENTED_EDGE('',*,*,#1522,.T.);
#1958=ORIENTED_EDGE('',*,*,#1519,.F.);
#1959=ORIENTED_EDGE('',*,*,#1522,.F.);
#1960=ORIENTED_EDGE('',*,*,#1498,.F.);
#1961=ORIENTED_EDGE('',*,*,#1507,.T.);
#1962=ORIENTED_EDGE('',*,*,#1520,.F.);
#1963=ORIENTED_EDGE('',*,*,#1495,.F.);
#1964=ORIENTED_EDGE('',*,*,#1505,.F.);
#1965=ORIENTED_EDGE('',*,*,#1523,.T.);
#1966=ORIENTED_EDGE('',*,*,#1513,.F.);
#1967=ORIENTED_EDGE('',*,*,#1523,.F.);
#1968=ORIENTED_EDGE('',*,*,#1504,.F.);
#1969=ORIENTED_EDGE('',*,*,#1524,.T.);
#1970=ORIENTED_EDGE('',*,*,#1514,.F.);
#1971=ORIENTED_EDGE('',*,*,#1484,.F.);
#1972=ORIENTED_EDGE('',*,*,#1502,.F.);
#1973=ORIENTED_EDGE('',*,*,#1525,.T.);
#1974=ORIENTED_EDGE('',*,*,#1516,.F.);
#1975=ORIENTED_EDGE('',*,*,#1525,.F.);
#1976=ORIENTED_EDGE('',*,*,#1501,.F.);
#1977=ORIENTED_EDGE('',*,*,#1526,.F.);
#1978=ORIENTED_EDGE('',*,*,#1517,.F.);
#1979=ORIENTED_EDGE('',*,*,#1526,.T.);
#1980=ORIENTED_EDGE('',*,*,#1500,.F.);
#1981=ORIENTED_EDGE('',*,*,#1521,.T.);
#1982=ORIENTED_EDGE('',*,*,#1518,.F.);
#1983=ORIENTED_EDGE('',*,*,#1510,.T.);
#1984=ORIENTED_EDGE('',*,*,#1508,.T.);
#1985=ORIENTED_EDGE('',*,*,#1512,.T.);
#1986=ORIENTED_EDGE('',*,*,#1527,.F.);
#1987=ORIENTED_EDGE('',*,*,#1528,.T.);
#1988=ORIENTED_EDGE('',*,*,#1529,.T.);
#1989=ORIENTED_EDGE('',*,*,#1528,.F.);
#1990=ORIENTED_EDGE('',*,*,#1530,.F.);
#1991=ORIENTED_EDGE('',*,*,#1511,.T.);
#1992=ORIENTED_EDGE('',*,*,#1530,.T.);
#1993=ORIENTED_EDGE('',*,*,#1527,.T.);
#1994=ORIENTED_EDGE('',*,*,#1515,.F.);
#1995=ORIENTED_EDGE('',*,*,#1524,.F.);
#1996=ORIENTED_EDGE('',*,*,#1503,.F.);
#1997=ORIENTED_EDGE('',*,*,#1482,.F.);
#1998=ORIENTED_EDGE('',*,*,#1487,.F.);
#1999=ORIENTED_EDGE('',*,*,#1529,.F.);
#2000=ORIENTED_EDGE('',*,*,#1531,.T.);
#2001=ORIENTED_EDGE('',*,*,#1532,.T.);
#2002=ORIENTED_EDGE('',*,*,#1533,.T.);
#2003=ORIENTED_EDGE('',*,*,#1534,.T.);
#2004=ORIENTED_EDGE('',*,*,#1535,.T.);
#2005=ORIENTED_EDGE('',*,*,#1534,.F.);
#2006=ORIENTED_EDGE('',*,*,#1536,.T.);
#2007=ORIENTED_EDGE('',*,*,#1537,.T.);
#2008=ORIENTED_EDGE('',*,*,#1538,.T.);
#2009=ORIENTED_EDGE('',*,*,#1539,.T.);
#2010=ORIENTED_EDGE('',*,*,#1540,.T.);
#2011=ORIENTED_EDGE('',*,*,#1537,.F.);
#2012=ORIENTED_EDGE('',*,*,#1541,.F.);
#2013=ORIENTED_EDGE('',*,*,#1531,.F.);
#2014=ORIENTED_EDGE('',*,*,#1535,.F.);
#2015=ORIENTED_EDGE('',*,*,#1540,.F.);
#2016=ORIENTED_EDGE('',*,*,#1542,.T.);
#2017=ORIENTED_EDGE('',*,*,#1543,.T.);
#2018=ORIENTED_EDGE('',*,*,#1544,.T.);
#2019=ORIENTED_EDGE('',*,*,#1545,.T.);
#2020=ORIENTED_EDGE('',*,*,#1546,.T.);
#2021=ORIENTED_EDGE('',*,*,#1532,.F.);
#2022=ORIENTED_EDGE('',*,*,#1541,.T.);
#2023=ORIENTED_EDGE('',*,*,#1539,.F.);
#2024=ORIENTED_EDGE('',*,*,#1544,.F.);
#2025=ORIENTED_EDGE('',*,*,#1547,.T.);
#2026=ORIENTED_EDGE('',*,*,#1548,.T.);
#2027=ORIENTED_EDGE('',*,*,#1549,.T.);
#2028=ORIENTED_EDGE('',*,*,#1545,.F.);
#2029=ORIENTED_EDGE('',*,*,#1550,.T.);
#2030=ORIENTED_EDGE('',*,*,#1551,.T.);
#2031=ORIENTED_EDGE('',*,*,#1550,.F.);
#2032=ORIENTED_EDGE('',*,*,#1552,.F.);
#2033=ORIENTED_EDGE('',*,*,#1553,.T.);
#2034=ORIENTED_EDGE('',*,*,#1554,.T.);
#2035=ORIENTED_EDGE('',*,*,#1555,.F.);
#2036=ORIENTED_EDGE('',*,*,#1556,.F.);
#2037=ORIENTED_EDGE('',*,*,#1557,.F.);
#2038=ORIENTED_EDGE('',*,*,#1558,.T.);
#2039=ORIENTED_EDGE('',*,*,#1559,.T.);
#2040=ORIENTED_EDGE('',*,*,#1553,.F.);
#2041=ORIENTED_EDGE('',*,*,#1560,.F.);
#2042=ORIENTED_EDGE('',*,*,#1561,.F.);
#2043=ORIENTED_EDGE('',*,*,#1562,.T.);
#2044=ORIENTED_EDGE('',*,*,#1558,.F.);
#2045=ORIENTED_EDGE('',*,*,#1563,.F.);
#2046=ORIENTED_EDGE('',*,*,#1564,.F.);
#2047=ORIENTED_EDGE('',*,*,#1560,.T.);
#2048=ORIENTED_EDGE('',*,*,#1557,.T.);
#2049=ORIENTED_EDGE('',*,*,#1552,.T.);
#2050=ORIENTED_EDGE('',*,*,#1565,.F.);
#2051=ORIENTED_EDGE('',*,*,#1554,.F.);
#2052=ORIENTED_EDGE('',*,*,#1559,.F.);
#2053=ORIENTED_EDGE('',*,*,#1562,.F.);
#2054=ORIENTED_EDGE('',*,*,#1563,.T.);
#2055=ORIENTED_EDGE('',*,*,#1566,.T.);
#2056=ORIENTED_EDGE('',*,*,#1542,.F.);
#2057=ORIENTED_EDGE('',*,*,#1566,.F.);
#2058=ORIENTED_EDGE('',*,*,#1567,.F.);
#2059=ORIENTED_EDGE('',*,*,#1568,.T.);
#2060=ORIENTED_EDGE('',*,*,#1556,.T.);
#2061=ORIENTED_EDGE('',*,*,#1568,.F.);
#2062=ORIENTED_EDGE('',*,*,#1536,.F.);
#2063=ORIENTED_EDGE('',*,*,#1569,.T.);
#2064=ORIENTED_EDGE('',*,*,#1570,.F.);
#2065=ORIENTED_EDGE('',*,*,#1571,.F.);
#2066=ORIENTED_EDGE('',*,*,#1561,.T.);
#2067=ORIENTED_EDGE('',*,*,#1564,.T.);
#2068=ORIENTED_EDGE('',*,*,#1555,.T.);
#2069=ORIENTED_EDGE('',*,*,#1565,.T.);
#2070=ORIENTED_EDGE('',*,*,#1538,.F.);
#2071=ORIENTED_EDGE('',*,*,#1571,.T.);
#2072=ORIENTED_EDGE('',*,*,#1572,.F.);
#2073=ORIENTED_EDGE('',*,*,#1547,.F.);
#2074=ORIENTED_EDGE('',*,*,#1543,.F.);
#2075=ORIENTED_EDGE('',*,*,#1533,.F.);
#2076=ORIENTED_EDGE('',*,*,#1546,.F.);
#2077=ORIENTED_EDGE('',*,*,#1549,.F.);
#2078=ORIENTED_EDGE('',*,*,#1573,.F.);
#2079=ORIENTED_EDGE('',*,*,#1569,.F.);
#2080=ORIENTED_EDGE('',*,*,#1573,.T.);
#2081=ORIENTED_EDGE('',*,*,#1548,.F.);
#2082=ORIENTED_EDGE('',*,*,#1572,.T.);
#2083=ORIENTED_EDGE('',*,*,#1570,.T.);
#2084=ORIENTED_EDGE('',*,*,#1567,.T.);
#2085=ORIENTED_EDGE('',*,*,#1574,.T.);
#2086=ORIENTED_EDGE('',*,*,#1574,.F.);
#2087=ORIENTED_EDGE('',*,*,#1575,.T.);
#2088=ORIENTED_EDGE('',*,*,#1576,.T.);
#2089=ORIENTED_EDGE('',*,*,#1575,.F.);
#2090=ORIENTED_EDGE('',*,*,#1551,.F.);
#2091=ORIENTED_EDGE('',*,*,#1576,.F.);
#2092=ORIENTED_EDGE('',*,*,#1577,.F.);
#2093=ORIENTED_EDGE('',*,*,#1578,.F.);
#2094=ORIENTED_EDGE('',*,*,#1579,.T.);
#2095=ORIENTED_EDGE('',*,*,#1580,.F.);
#2096=ORIENTED_EDGE('',*,*,#1579,.F.);
#2097=ORIENTED_EDGE('',*,*,#1581,.F.);
#2098=ORIENTED_EDGE('',*,*,#1582,.T.);
#2099=ORIENTED_EDGE('',*,*,#1583,.F.);
#2100=ORIENTED_EDGE('',*,*,#1582,.F.);
#2101=ORIENTED_EDGE('',*,*,#1584,.F.);
#2102=ORIENTED_EDGE('',*,*,#1585,.T.);
#2103=ORIENTED_EDGE('',*,*,#1586,.T.);
#2104=ORIENTED_EDGE('',*,*,#1585,.F.);
#2105=ORIENTED_EDGE('',*,*,#1577,.T.);
#2106=ORIENTED_EDGE('',*,*,#1578,.T.);
#2107=ORIENTED_EDGE('',*,*,#1587,.T.);
#2108=ORIENTED_EDGE('',*,*,#1581,.T.);
#2109=ORIENTED_EDGE('',*,*,#1587,.F.);
#2110=ORIENTED_EDGE('',*,*,#1588,.F.);
#2111=ORIENTED_EDGE('',*,*,#1589,.T.);
#2112=ORIENTED_EDGE('',*,*,#1584,.T.);
#2113=ORIENTED_EDGE('',*,*,#1589,.F.);
#2114=ORIENTED_EDGE('',*,*,#1586,.F.);
#2115=ORIENTED_EDGE('',*,*,#1590,.T.);
#2116=ORIENTED_EDGE('',*,*,#1591,.T.);
#2117=ORIENTED_EDGE('',*,*,#1590,.F.);
#2118=ORIENTED_EDGE('',*,*,#1583,.T.);
#2119=ORIENTED_EDGE('',*,*,#1588,.T.);
#2120=ORIENTED_EDGE('',*,*,#1580,.T.);
#2121=ORIENTED_EDGE('',*,*,#1591,.F.);
#2122=ORIENTED_EDGE('',*,*,#1592,.F.);
#2123=ORIENTED_EDGE('',*,*,#1593,.F.);
#2124=ORIENTED_EDGE('',*,*,#1594,.T.);
#2125=ORIENTED_EDGE('',*,*,#1595,.T.);
#2126=ORIENTED_EDGE('',*,*,#1596,.T.);
#2127=ORIENTED_EDGE('',*,*,#1594,.F.);
#2128=ORIENTED_EDGE('',*,*,#1597,.F.);
#2129=ORIENTED_EDGE('',*,*,#1598,.T.);
#2130=ORIENTED_EDGE('',*,*,#1599,.F.);
#2131=ORIENTED_EDGE('',*,*,#1598,.F.);
#2132=ORIENTED_EDGE('',*,*,#1600,.F.);
#2133=ORIENTED_EDGE('',*,*,#1601,.F.);
#2134=ORIENTED_EDGE('',*,*,#1602,.T.);
#2135=ORIENTED_EDGE('',*,*,#1603,.F.);
#2136=ORIENTED_EDGE('',*,*,#1602,.F.);
#2137=ORIENTED_EDGE('',*,*,#1600,.T.);
#2138=ORIENTED_EDGE('',*,*,#1601,.T.);
#2139=ORIENTED_EDGE('',*,*,#1604,.T.);
#2140=ORIENTED_EDGE('',*,*,#1597,.T.);
#2141=ORIENTED_EDGE('',*,*,#1604,.F.);
#2142=ORIENTED_EDGE('',*,*,#1596,.F.);
#2143=ORIENTED_EDGE('',*,*,#1605,.T.);
#2144=ORIENTED_EDGE('',*,*,#1606,.T.);
#2145=ORIENTED_EDGE('',*,*,#1605,.F.);
#2146=ORIENTED_EDGE('',*,*,#1595,.F.);
#2147=ORIENTED_EDGE('',*,*,#1607,.F.);
#2148=ORIENTED_EDGE('',*,*,#1608,.T.);
#2149=ORIENTED_EDGE('',*,*,#1592,.T.);
#2150=ORIENTED_EDGE('',*,*,#1593,.T.);
#2151=ORIENTED_EDGE('',*,*,#1608,.F.);
#2152=ORIENTED_EDGE('',*,*,#1606,.F.);
#2153=ORIENTED_EDGE('',*,*,#1603,.T.);
#2154=ORIENTED_EDGE('',*,*,#1607,.T.);
#2155=ORIENTED_EDGE('',*,*,#1599,.T.);
#2156=ORIENTED_EDGE('',*,*,#1609,.F.);
#2157=ORIENTED_EDGE('',*,*,#1610,.F.);
#2158=ORIENTED_EDGE('',*,*,#1611,.T.);
#2159=ORIENTED_EDGE('',*,*,#1612,.T.);
#2160=ORIENTED_EDGE('',*,*,#1613,.T.);
#2161=ORIENTED_EDGE('',*,*,#1611,.F.);
#2162=ORIENTED_EDGE('',*,*,#1614,.F.);
#2163=ORIENTED_EDGE('',*,*,#1615,.T.);
#2164=ORIENTED_EDGE('',*,*,#1616,.T.);
#2165=ORIENTED_EDGE('',*,*,#1617,.T.);
#2166=ORIENTED_EDGE('',*,*,#1615,.F.);
#2167=ORIENTED_EDGE('',*,*,#1618,.F.);
#2168=ORIENTED_EDGE('',*,*,#1619,.T.);
#2169=ORIENTED_EDGE('',*,*,#1620,.T.);
#2170=ORIENTED_EDGE('',*,*,#1621,.T.);
#2171=ORIENTED_EDGE('',*,*,#1619,.F.);
#2172=ORIENTED_EDGE('',*,*,#1622,.F.);
#2173=ORIENTED_EDGE('',*,*,#1623,.T.);
#2174=ORIENTED_EDGE('',*,*,#1624,.T.);
#2175=ORIENTED_EDGE('',*,*,#1625,.T.);
#2176=ORIENTED_EDGE('',*,*,#1623,.F.);
#2177=ORIENTED_EDGE('',*,*,#1626,.F.);
#2178=ORIENTED_EDGE('',*,*,#1627,.F.);
#2179=ORIENTED_EDGE('',*,*,#1628,.F.);
#2180=ORIENTED_EDGE('',*,*,#1629,.T.);
#2181=ORIENTED_EDGE('',*,*,#1630,.T.);
#2182=ORIENTED_EDGE('',*,*,#1631,.T.);
#2183=ORIENTED_EDGE('',*,*,#1632,.T.);
#2184=ORIENTED_EDGE('',*,*,#1629,.F.);
#2185=ORIENTED_EDGE('',*,*,#1633,.F.);
#2186=ORIENTED_EDGE('',*,*,#1634,.T.);
#2187=ORIENTED_EDGE('',*,*,#1635,.T.);
#2188=ORIENTED_EDGE('',*,*,#1636,.T.);
#2189=ORIENTED_EDGE('',*,*,#1634,.F.);
#2190=ORIENTED_EDGE('',*,*,#1637,.F.);
#2191=ORIENTED_EDGE('',*,*,#1638,.T.);
#2192=ORIENTED_EDGE('',*,*,#1639,.T.);
#2193=ORIENTED_EDGE('',*,*,#1640,.T.);
#2194=ORIENTED_EDGE('',*,*,#1638,.F.);
#2195=ORIENTED_EDGE('',*,*,#1641,.F.);
#2196=ORIENTED_EDGE('',*,*,#1642,.T.);
#2197=ORIENTED_EDGE('',*,*,#1643,.T.);
#2198=ORIENTED_EDGE('',*,*,#1644,.T.);
#2199=ORIENTED_EDGE('',*,*,#1642,.F.);
#2200=ORIENTED_EDGE('',*,*,#1645,.F.);
#2201=ORIENTED_EDGE('',*,*,#1646,.T.);
#2202=ORIENTED_EDGE('',*,*,#1630,.F.);
#2203=ORIENTED_EDGE('',*,*,#1632,.F.);
#2204=ORIENTED_EDGE('',*,*,#1647,.T.);
#2205=ORIENTED_EDGE('',*,*,#1648,.T.);
#2206=ORIENTED_EDGE('',*,*,#1647,.F.);
#2207=ORIENTED_EDGE('',*,*,#1631,.F.);
#2208=ORIENTED_EDGE('',*,*,#1646,.F.);
#2209=ORIENTED_EDGE('',*,*,#1613,.F.);
#2210=ORIENTED_EDGE('',*,*,#1612,.F.);
#2211=ORIENTED_EDGE('',*,*,#1625,.F.);
#2212=ORIENTED_EDGE('',*,*,#1624,.F.);
#2213=ORIENTED_EDGE('',*,*,#1621,.F.);
#2214=ORIENTED_EDGE('',*,*,#1620,.F.);
#2215=ORIENTED_EDGE('',*,*,#1617,.F.);
#2216=ORIENTED_EDGE('',*,*,#1616,.F.);
#2217=ORIENTED_EDGE('',*,*,#1644,.F.);
#2218=ORIENTED_EDGE('',*,*,#1643,.F.);
#2219=ORIENTED_EDGE('',*,*,#1640,.F.);
#2220=ORIENTED_EDGE('',*,*,#1639,.F.);
#2221=ORIENTED_EDGE('',*,*,#1636,.F.);
#2222=ORIENTED_EDGE('',*,*,#1635,.F.);
#2223=ORIENTED_EDGE('',*,*,#1649,.F.);
#2224=ORIENTED_EDGE('',*,*,#1650,.T.);
#2225=ORIENTED_EDGE('',*,*,#1626,.T.);
#2226=ORIENTED_EDGE('',*,*,#1628,.T.);
#2227=ORIENTED_EDGE('',*,*,#1651,.T.);
#2228=ORIENTED_EDGE('',*,*,#1652,.T.);
#2229=ORIENTED_EDGE('',*,*,#1651,.F.);
#2230=ORIENTED_EDGE('',*,*,#1627,.T.);
#2231=ORIENTED_EDGE('',*,*,#1650,.F.);
#2232=ORIENTED_EDGE('',*,*,#1609,.T.);
#2233=ORIENTED_EDGE('',*,*,#1610,.T.);
#2234=ORIENTED_EDGE('',*,*,#1641,.T.);
#2235=ORIENTED_EDGE('',*,*,#1637,.T.);
#2236=ORIENTED_EDGE('',*,*,#1633,.T.);
#2237=ORIENTED_EDGE('',*,*,#1622,.T.);
#2238=ORIENTED_EDGE('',*,*,#1618,.T.);
#2239=ORIENTED_EDGE('',*,*,#1614,.T.);
#2240=ORIENTED_EDGE('',*,*,#1652,.F.);
#2241=ORIENTED_EDGE('',*,*,#1645,.T.);
#2242=ORIENTED_EDGE('',*,*,#1649,.T.);
#2243=ORIENTED_EDGE('',*,*,#1648,.F.);
#2244=ORIENTED_EDGE('',*,*,#1653,.T.);
#2245=ORIENTED_EDGE('',*,*,#1653,.F.);
#2246=ORIENTED_EDGE('',*,*,#1654,.T.);
#2247=ORIENTED_EDGE('',*,*,#1655,.T.);
#2248=ORIENTED_EDGE('',*,*,#1656,.F.);
#2249=ORIENTED_EDGE('',*,*,#1655,.F.);
#2250=ORIENTED_EDGE('',*,*,#1657,.T.);
#2251=ORIENTED_EDGE('',*,*,#1658,.T.);
#2252=ORIENTED_EDGE('',*,*,#1659,.F.);
#2253=ORIENTED_EDGE('',*,*,#1658,.F.);
#2254=ORIENTED_EDGE('',*,*,#1659,.T.);
#2255=ORIENTED_EDGE('',*,*,#1654,.F.);
#2256=ORIENTED_EDGE('',*,*,#1657,.F.);
#2257=ORIENTED_EDGE('',*,*,#1656,.T.);
#2258=ORIENTED_EDGE('',*,*,#1660,.T.);
#2259=ORIENTED_EDGE('',*,*,#1661,.F.);
#2260=ORIENTED_EDGE('',*,*,#1662,.T.);
#2261=ORIENTED_EDGE('',*,*,#1660,.F.);
#2262=ORIENTED_EDGE('',*,*,#1662,.F.);
#2263=ORIENTED_EDGE('',*,*,#1663,.F.);
#2264=ORIENTED_EDGE('',*,*,#1661,.T.);
#2265=ORIENTED_EDGE('',*,*,#1663,.T.);
#2266=ORIENTED_EDGE('',*,*,#1664,.T.);
#2267=ORIENTED_EDGE('',*,*,#1665,.F.);
#2268=ORIENTED_EDGE('',*,*,#1664,.F.);
#2269=ORIENTED_EDGE('',*,*,#1666,.T.);
#2270=ORIENTED_EDGE('',*,*,#1667,.F.);
#2271=ORIENTED_EDGE('',*,*,#1668,.F.);
#2272=ORIENTED_EDGE('',*,*,#1669,.F.);
#2273=ORIENTED_EDGE('',*,*,#1670,.F.);
#2274=ORIENTED_EDGE('',*,*,#1669,.T.);
#2275=ORIENTED_EDGE('',*,*,#1671,.F.);
#2276=ORIENTED_EDGE('',*,*,#1672,.F.);
#2277=ORIENTED_EDGE('',*,*,#1673,.T.);
#2278=ORIENTED_EDGE('',*,*,#1672,.T.);
#2279=ORIENTED_EDGE('',*,*,#1674,.F.);
#2280=ORIENTED_EDGE('',*,*,#1675,.F.);
#2281=ORIENTED_EDGE('',*,*,#1666,.F.);
#2282=ORIENTED_EDGE('',*,*,#1670,.T.);
#2283=ORIENTED_EDGE('',*,*,#1673,.F.);
#2284=ORIENTED_EDGE('',*,*,#1676,.F.);
#2285=ORIENTED_EDGE('',*,*,#1677,.T.);
#2286=ORIENTED_EDGE('',*,*,#1678,.F.);
#2287=ORIENTED_EDGE('',*,*,#1665,.T.);
#2288=ORIENTED_EDGE('',*,*,#1675,.T.);
#2289=ORIENTED_EDGE('',*,*,#1679,.F.);
#2290=ORIENTED_EDGE('',*,*,#1680,.T.);
#2291=ORIENTED_EDGE('',*,*,#1681,.F.);
#2292=ORIENTED_EDGE('',*,*,#1682,.T.);
#2293=ORIENTED_EDGE('',*,*,#1683,.T.);
#2294=ORIENTED_EDGE('',*,*,#1684,.F.);
#2295=ORIENTED_EDGE('',*,*,#1685,.F.);
#2296=ORIENTED_EDGE('',*,*,#1686,.F.);
#2297=ORIENTED_EDGE('',*,*,#1687,.T.);
#2298=ORIENTED_EDGE('',*,*,#1688,.F.);
#2299=ORIENTED_EDGE('',*,*,#1676,.T.);
#2300=ORIENTED_EDGE('',*,*,#1689,.F.);
#2301=ORIENTED_EDGE('',*,*,#1690,.T.);
#2302=ORIENTED_EDGE('',*,*,#1691,.F.);
#2303=ORIENTED_EDGE('',*,*,#1690,.F.);
#2304=ORIENTED_EDGE('',*,*,#1688,.T.);
#2305=ORIENTED_EDGE('',*,*,#1692,.T.);
#2306=ORIENTED_EDGE('',*,*,#1693,.F.);
#2307=ORIENTED_EDGE('',*,*,#1677,.F.);
#2308=ORIENTED_EDGE('',*,*,#1694,.F.);
#2309=ORIENTED_EDGE('',*,*,#1695,.F.);
#2310=ORIENTED_EDGE('',*,*,#1679,.T.);
#2311=ORIENTED_EDGE('',*,*,#1674,.T.);
#2312=ORIENTED_EDGE('',*,*,#1671,.T.);
#2313=ORIENTED_EDGE('',*,*,#1668,.T.);
#2314=ORIENTED_EDGE('',*,*,#1680,.F.);
#2315=ORIENTED_EDGE('',*,*,#1695,.T.);
#2316=ORIENTED_EDGE('',*,*,#1696,.F.);
#2317=ORIENTED_EDGE('',*,*,#1697,.F.);
#2318=ORIENTED_EDGE('',*,*,#1681,.T.);
#2319=ORIENTED_EDGE('',*,*,#1697,.T.);
#2320=ORIENTED_EDGE('',*,*,#1698,.F.);
#2321=ORIENTED_EDGE('',*,*,#1699,.F.);
#2322=ORIENTED_EDGE('',*,*,#1682,.F.);
#2323=ORIENTED_EDGE('',*,*,#1699,.T.);
#2324=ORIENTED_EDGE('',*,*,#1700,.F.);
#2325=ORIENTED_EDGE('',*,*,#1701,.F.);
#2326=ORIENTED_EDGE('',*,*,#1683,.F.);
#2327=ORIENTED_EDGE('',*,*,#1701,.T.);
#2328=ORIENTED_EDGE('',*,*,#1702,.F.);
#2329=ORIENTED_EDGE('',*,*,#1703,.F.);
#2330=ORIENTED_EDGE('',*,*,#1691,.T.);
#2331=ORIENTED_EDGE('',*,*,#1684,.T.);
#2332=ORIENTED_EDGE('',*,*,#1703,.T.);
#2333=ORIENTED_EDGE('',*,*,#1704,.F.);
#2334=ORIENTED_EDGE('',*,*,#1705,.F.);
#2335=ORIENTED_EDGE('',*,*,#1685,.T.);
#2336=ORIENTED_EDGE('',*,*,#1705,.T.);
#2337=ORIENTED_EDGE('',*,*,#1706,.F.);
#2338=ORIENTED_EDGE('',*,*,#1707,.F.);
#2339=ORIENTED_EDGE('',*,*,#1689,.T.);
#2340=ORIENTED_EDGE('',*,*,#1686,.T.);
#2341=ORIENTED_EDGE('',*,*,#1707,.T.);
#2342=ORIENTED_EDGE('',*,*,#1708,.F.);
#2343=ORIENTED_EDGE('',*,*,#1709,.F.);
#2344=ORIENTED_EDGE('',*,*,#1687,.F.);
#2345=ORIENTED_EDGE('',*,*,#1709,.T.);
#2346=ORIENTED_EDGE('',*,*,#1710,.F.);
#2347=ORIENTED_EDGE('',*,*,#1692,.F.);
#2348=ORIENTED_EDGE('',*,*,#1667,.T.);
#2349=ORIENTED_EDGE('',*,*,#1678,.T.);
#2350=ORIENTED_EDGE('',*,*,#1693,.T.);
#2351=ORIENTED_EDGE('',*,*,#1710,.T.);
#2352=ORIENTED_EDGE('',*,*,#1708,.T.);
#2353=ORIENTED_EDGE('',*,*,#1706,.T.);
#2354=ORIENTED_EDGE('',*,*,#1704,.T.);
#2355=ORIENTED_EDGE('',*,*,#1702,.T.);
#2356=ORIENTED_EDGE('',*,*,#1700,.T.);
#2357=ORIENTED_EDGE('',*,*,#1698,.T.);
#2358=ORIENTED_EDGE('',*,*,#1696,.T.);
#2359=ORIENTED_EDGE('',*,*,#1694,.T.);
#2360=ORIENTED_EDGE('',*,*,#1711,.T.);
#2361=ORIENTED_EDGE('',*,*,#1712,.T.);
#2362=ORIENTED_EDGE('',*,*,#1713,.T.);
#2363=ORIENTED_EDGE('',*,*,#1714,.T.);
#2364=ORIENTED_EDGE('',*,*,#1714,.F.);
#2365=ORIENTED_EDGE('',*,*,#1715,.T.);
#2366=ORIENTED_EDGE('',*,*,#1716,.F.);
#2367=ORIENTED_EDGE('',*,*,#1717,.F.);
#2368=ORIENTED_EDGE('',*,*,#1713,.F.);
#2369=ORIENTED_EDGE('',*,*,#1718,.F.);
#2370=ORIENTED_EDGE('',*,*,#1719,.F.);
#2371=ORIENTED_EDGE('',*,*,#1720,.F.);
#2372=ORIENTED_EDGE('',*,*,#1721,.F.);
#2373=ORIENTED_EDGE('',*,*,#1722,.F.);
#2374=ORIENTED_EDGE('',*,*,#1723,.F.);
#2375=ORIENTED_EDGE('',*,*,#1724,.F.);
#2376=ORIENTED_EDGE('',*,*,#1725,.T.);
#2377=ORIENTED_EDGE('',*,*,#1726,.T.);
#2378=ORIENTED_EDGE('',*,*,#1727,.F.);
#2379=ORIENTED_EDGE('',*,*,#1715,.F.);
#2380=ORIENTED_EDGE('',*,*,#1728,.T.);
#2381=ORIENTED_EDGE('',*,*,#1729,.T.);
#2382=ORIENTED_EDGE('',*,*,#1730,.T.);
#2383=ORIENTED_EDGE('',*,*,#1731,.T.);
#2384=ORIENTED_EDGE('',*,*,#1731,.F.);
#2385=ORIENTED_EDGE('',*,*,#1732,.F.);
#2386=ORIENTED_EDGE('',*,*,#1733,.T.);
#2387=ORIENTED_EDGE('',*,*,#1734,.F.);
#2388=ORIENTED_EDGE('',*,*,#1730,.F.);
#2389=ORIENTED_EDGE('',*,*,#1735,.F.);
#2390=ORIENTED_EDGE('',*,*,#1736,.F.);
#2391=ORIENTED_EDGE('',*,*,#1737,.T.);
#2392=ORIENTED_EDGE('',*,*,#1738,.T.);
#2393=ORIENTED_EDGE('',*,*,#1739,.F.);
#2394=ORIENTED_EDGE('',*,*,#1740,.T.);
#2395=ORIENTED_EDGE('',*,*,#1741,.T.);
#2396=ORIENTED_EDGE('',*,*,#1742,.T.);
#2397=ORIENTED_EDGE('',*,*,#1743,.T.);
#2398=ORIENTED_EDGE('',*,*,#1744,.T.);
#2399=ORIENTED_EDGE('',*,*,#1732,.T.);
#2400=ORIENTED_EDGE('',*,*,#1745,.T.);
#2401=ORIENTED_EDGE('',*,*,#1746,.T.);
#2402=ORIENTED_EDGE('',*,*,#1747,.T.);
#2403=ORIENTED_EDGE('',*,*,#1748,.T.);
#2404=ORIENTED_EDGE('',*,*,#1749,.T.);
#2405=ORIENTED_EDGE('',*,*,#1746,.F.);
#2406=ORIENTED_EDGE('',*,*,#1750,.T.);
#2407=ORIENTED_EDGE('',*,*,#1751,.T.);
#2408=ORIENTED_EDGE('',*,*,#1752,.T.);
#2409=ORIENTED_EDGE('',*,*,#1747,.F.);
#2410=ORIENTED_EDGE('',*,*,#1753,.T.);
#2411=ORIENTED_EDGE('',*,*,#1754,.T.);
#2412=ORIENTED_EDGE('',*,*,#1753,.F.);
#2413=ORIENTED_EDGE('',*,*,#1755,.T.);
#2414=ORIENTED_EDGE('',*,*,#1756,.T.);
#2415=ORIENTED_EDGE('',*,*,#1736,.T.);
#2416=ORIENTED_EDGE('',*,*,#1757,.T.);
#2417=ORIENTED_EDGE('',*,*,#1756,.F.);
#2418=ORIENTED_EDGE('',*,*,#1758,.F.);
#2419=ORIENTED_EDGE('',*,*,#1759,.F.);
#2420=ORIENTED_EDGE('',*,*,#1726,.F.);
#2421=ORIENTED_EDGE('',*,*,#1760,.T.);
#2422=ORIENTED_EDGE('',*,*,#1761,.T.);
#2423=ORIENTED_EDGE('',*,*,#1762,.T.);
#2424=ORIENTED_EDGE('',*,*,#1737,.F.);
#2425=ORIENTED_EDGE('',*,*,#1763,.T.);
#2426=ORIENTED_EDGE('',*,*,#1716,.T.);
#2427=ORIENTED_EDGE('',*,*,#1727,.T.);
#2428=ORIENTED_EDGE('',*,*,#1759,.T.);
#2429=ORIENTED_EDGE('',*,*,#1761,.F.);
#2430=ORIENTED_EDGE('',*,*,#1764,.T.);
#2431=ORIENTED_EDGE('',*,*,#1765,.T.);
#2432=ORIENTED_EDGE('',*,*,#1766,.T.);
#2433=ORIENTED_EDGE('',*,*,#1724,.T.);
#2434=ORIENTED_EDGE('',*,*,#1767,.T.);
#2435=ORIENTED_EDGE('',*,*,#1768,.F.);
#2436=ORIENTED_EDGE('',*,*,#1769,.F.);
#2437=ORIENTED_EDGE('',*,*,#1739,.T.);
#2438=ORIENTED_EDGE('',*,*,#1770,.F.);
#2439=ORIENTED_EDGE('',*,*,#1771,.F.);
#2440=ORIENTED_EDGE('',*,*,#1772,.T.);
#2441=ORIENTED_EDGE('',*,*,#1740,.F.);
#2442=ORIENTED_EDGE('',*,*,#1769,.T.);
#2443=ORIENTED_EDGE('',*,*,#1773,.F.);
#2444=ORIENTED_EDGE('',*,*,#1774,.F.);
#2445=ORIENTED_EDGE('',*,*,#1741,.F.);
#2446=ORIENTED_EDGE('',*,*,#1774,.T.);
#2447=ORIENTED_EDGE('',*,*,#1775,.F.);
#2448=ORIENTED_EDGE('',*,*,#1776,.F.);
#2449=ORIENTED_EDGE('',*,*,#1742,.F.);
#2450=ORIENTED_EDGE('',*,*,#1776,.T.);
#2451=ORIENTED_EDGE('',*,*,#1777,.F.);
#2452=ORIENTED_EDGE('',*,*,#1778,.F.);
#2453=ORIENTED_EDGE('',*,*,#1743,.F.);
#2454=ORIENTED_EDGE('',*,*,#1778,.T.);
#2455=ORIENTED_EDGE('',*,*,#1779,.F.);
#2456=ORIENTED_EDGE('',*,*,#1780,.F.);
#2457=ORIENTED_EDGE('',*,*,#1744,.F.);
#2458=ORIENTED_EDGE('',*,*,#1780,.T.);
#2459=ORIENTED_EDGE('',*,*,#1781,.F.);
#2460=ORIENTED_EDGE('',*,*,#1733,.F.);
#2461=ORIENTED_EDGE('',*,*,#1729,.F.);
#2462=ORIENTED_EDGE('',*,*,#1782,.F.);
#2463=ORIENTED_EDGE('',*,*,#1757,.F.);
#2464=ORIENTED_EDGE('',*,*,#1735,.T.);
#2465=ORIENTED_EDGE('',*,*,#1712,.F.);
#2466=ORIENTED_EDGE('',*,*,#1783,.F.);
#2467=ORIENTED_EDGE('',*,*,#1784,.F.);
#2468=ORIENTED_EDGE('',*,*,#1718,.T.);
#2469=ORIENTED_EDGE('',*,*,#1719,.T.);
#2470=ORIENTED_EDGE('',*,*,#1784,.T.);
#2471=ORIENTED_EDGE('',*,*,#1785,.F.);
#2472=ORIENTED_EDGE('',*,*,#1786,.F.);
#2473=ORIENTED_EDGE('',*,*,#1720,.T.);
#2474=ORIENTED_EDGE('',*,*,#1786,.T.);
#2475=ORIENTED_EDGE('',*,*,#1787,.F.);
#2476=ORIENTED_EDGE('',*,*,#1788,.F.);
#2477=ORIENTED_EDGE('',*,*,#1721,.T.);
#2478=ORIENTED_EDGE('',*,*,#1788,.T.);
#2479=ORIENTED_EDGE('',*,*,#1789,.F.);
#2480=ORIENTED_EDGE('',*,*,#1790,.F.);
#2481=ORIENTED_EDGE('',*,*,#1722,.T.);
#2482=ORIENTED_EDGE('',*,*,#1790,.T.);
#2483=ORIENTED_EDGE('',*,*,#1791,.F.);
#2484=ORIENTED_EDGE('',*,*,#1792,.F.);
#2485=ORIENTED_EDGE('',*,*,#1723,.T.);
#2486=ORIENTED_EDGE('',*,*,#1792,.T.);
#2487=ORIENTED_EDGE('',*,*,#1793,.F.);
#2488=ORIENTED_EDGE('',*,*,#1767,.F.);
#2489=ORIENTED_EDGE('',*,*,#1711,.F.);
#2490=ORIENTED_EDGE('',*,*,#1717,.T.);
#2491=ORIENTED_EDGE('',*,*,#1763,.F.);
#2492=ORIENTED_EDGE('',*,*,#1758,.T.);
#2493=ORIENTED_EDGE('',*,*,#1755,.F.);
#2494=ORIENTED_EDGE('',*,*,#1782,.T.);
#2495=ORIENTED_EDGE('',*,*,#1728,.F.);
#2496=ORIENTED_EDGE('',*,*,#1734,.T.);
#2497=ORIENTED_EDGE('',*,*,#1781,.T.);
#2498=ORIENTED_EDGE('',*,*,#1779,.T.);
#2499=ORIENTED_EDGE('',*,*,#1777,.T.);
#2500=ORIENTED_EDGE('',*,*,#1775,.T.);
#2501=ORIENTED_EDGE('',*,*,#1773,.T.);
#2502=ORIENTED_EDGE('',*,*,#1768,.T.);
#2503=ORIENTED_EDGE('',*,*,#1793,.T.);
#2504=ORIENTED_EDGE('',*,*,#1791,.T.);
#2505=ORIENTED_EDGE('',*,*,#1789,.T.);
#2506=ORIENTED_EDGE('',*,*,#1787,.T.);
#2507=ORIENTED_EDGE('',*,*,#1785,.T.);
#2508=ORIENTED_EDGE('',*,*,#1783,.T.);
#2509=ORIENTED_EDGE('',*,*,#1751,.F.);
#2510=ORIENTED_EDGE('',*,*,#1794,.T.);
#2511=ORIENTED_EDGE('',*,*,#1795,.T.);
#2512=ORIENTED_EDGE('',*,*,#1796,.T.);
#2513=ORIENTED_EDGE('',*,*,#1797,.T.);
#2514=ORIENTED_EDGE('',*,*,#1798,.T.);
#2515=ORIENTED_EDGE('',*,*,#1799,.T.);
#2516=ORIENTED_EDGE('',*,*,#1770,.T.);
#2517=ORIENTED_EDGE('',*,*,#1738,.F.);
#2518=ORIENTED_EDGE('',*,*,#1800,.F.);
#2519=ORIENTED_EDGE('',*,*,#1794,.F.);
#2520=ORIENTED_EDGE('',*,*,#1750,.F.);
#2521=ORIENTED_EDGE('',*,*,#1745,.F.);
#2522=ORIENTED_EDGE('',*,*,#1752,.F.);
#2523=ORIENTED_EDGE('',*,*,#1798,.F.);
#2524=ORIENTED_EDGE('',*,*,#1801,.T.);
#2525=ORIENTED_EDGE('',*,*,#1725,.F.);
#2526=ORIENTED_EDGE('',*,*,#1772,.F.);
#2527=ORIENTED_EDGE('',*,*,#1802,.F.);
#2528=ORIENTED_EDGE('',*,*,#1748,.F.);
#2529=ORIENTED_EDGE('',*,*,#1801,.F.);
#2530=ORIENTED_EDGE('',*,*,#1797,.F.);
#2531=ORIENTED_EDGE('',*,*,#1803,.T.);
#2532=ORIENTED_EDGE('',*,*,#1764,.F.);
#2533=ORIENTED_EDGE('',*,*,#1760,.F.);
#2534=ORIENTED_EDGE('',*,*,#1803,.F.);
#2535=ORIENTED_EDGE('',*,*,#1796,.F.);
#2536=ORIENTED_EDGE('',*,*,#1804,.T.);
#2537=ORIENTED_EDGE('',*,*,#1765,.F.);
#2538=ORIENTED_EDGE('',*,*,#1804,.F.);
#2539=ORIENTED_EDGE('',*,*,#1795,.F.);
#2540=ORIENTED_EDGE('',*,*,#1800,.T.);
#2541=ORIENTED_EDGE('',*,*,#1762,.F.);
#2542=ORIENTED_EDGE('',*,*,#1766,.F.);
#2543=ORIENTED_EDGE('',*,*,#1802,.T.);
#2544=ORIENTED_EDGE('',*,*,#1771,.T.);
#2545=ORIENTED_EDGE('',*,*,#1799,.F.);
#2546=ORIENTED_EDGE('',*,*,#1749,.F.);
#2547=ORIENTED_EDGE('',*,*,#1805,.T.);
#2548=ORIENTED_EDGE('',*,*,#1805,.F.);
#2549=ORIENTED_EDGE('',*,*,#1806,.T.);
#2550=ORIENTED_EDGE('',*,*,#1807,.T.);
#2551=ORIENTED_EDGE('',*,*,#1806,.F.);
#2552=ORIENTED_EDGE('',*,*,#1754,.F.);
#2553=ORIENTED_EDGE('',*,*,#1807,.F.);
#2554=PLANE('',#2895);
#2555=PLANE('',#2899);
#2556=PLANE('',#2903);
#2557=PLANE('',#2907);
#2558=PLANE('',#2911);
#2559=PLANE('',#2912);
#2560=PLANE('',#2921);
#2561=PLANE('',#2925);
#2562=PLANE('',#2927);
#2563=PLANE('',#2941);
#2564=PLANE('',#2948);
#2565=PLANE('',#2949);
#2566=PLANE('',#2950);
#2567=PLANE('',#2954);
#2568=PLANE('',#2955);
#2569=PLANE('',#2957);
#2570=PLANE('',#2958);
#2571=PLANE('',#2962);
#2572=PLANE('',#2965);
#2573=PLANE('',#2966);
#2574=PLANE('',#2967);
#2575=PLANE('',#2973);
#2576=PLANE('',#2974);
#2577=PLANE('',#2975);
#2578=PLANE('',#2982);
#2579=PLANE('',#2991);
#2580=PLANE('',#2993);
#2581=PLANE('',#2994);
#2582=PLANE('',#2996);
#2583=PLANE('',#2997);
#2584=PLANE('',#3001);
#2585=PLANE('',#3002);
#2586=PLANE('',#3003);
#2587=PLANE('',#3004);
#2588=PLANE('',#3005);
#2589=PLANE('',#3009);
#2590=PLANE('',#3029);
#2591=PLANE('',#3030);
#2592=PLANE('',#3050);
#2593=PLANE('',#3051);
#2594=PLANE('',#3067);
#2595=PLANE('',#3068);
#2596=PLANE('',#3079);
#2597=PLANE('',#3080);
#2598=PLANE('',#3096);
#2599=PLANE('',#3100);
#2600=PLANE('',#3104);
#2601=PLANE('',#3108);
#2602=PLANE('',#3109);
#2603=PLANE('',#3110);
#2604=PLANE('',#3120);
#2605=PLANE('',#3123);
#2606=PLANE('',#3126);
#2607=PLANE('',#3127);
#2608=PLANE('',#3128);
#2609=PLANE('',#3131);
#2610=PLANE('',#3132);
#2611=PLANE('',#3138);
#2612=PLANE('',#3139);
#2613=PLANE('',#3144);
#2614=PLANE('',#3145);
#2615=PLANE('',#3156);
#2616=PLANE('',#3159);
#2617=PLANE('',#3160);
#2618=PLANE('',#3161);
#2619=PLANE('',#3162);
#2620=PLANE('',#3163);
#2621=PLANE('',#3164);
#2622=PLANE('',#3165);
#2623=PLANE('',#3166);
#2624=PLANE('',#3167);
#2625=PLANE('',#3168);
#2626=PLANE('',#3169);
#2627=PLANE('',#3170);
#2628=PLANE('',#3171);
#2629=PLANE('',#3172);
#2630=PLANE('',#3173);
#2631=PLANE('',#3174);
#2632=PLANE('',#3175);
#2633=PLANE('',#3176);
#2634=PLANE('',#3177);
#2635=PLANE('',#3178);
#2636=PLANE('',#3179);
#2637=PLANE('',#3180);
#2638=PLANE('',#3181);
#2639=PLANE('',#3185);
#2640=ADVANCED_FACE('',(#401),#2554,.T.);
#2641=ADVANCED_FACE('',(#402),#348,.T.);
#2642=ADVANCED_FACE('',(#403),#2555,.T.);
#2643=ADVANCED_FACE('',(#404),#349,.T.);
#2644=ADVANCED_FACE('',(#405),#2556,.T.);
#2645=ADVANCED_FACE('',(#406),#350,.T.);
#2646=ADVANCED_FACE('',(#407),#2557,.T.);
#2647=ADVANCED_FACE('',(#408),#351,.T.);
#2648=ADVANCED_FACE('',(#409),#2558,.T.);
#2649=ADVANCED_FACE('',(#410),#2559,.F.);
#2650=ADVANCED_FACE('',(#411),#188,.T.);
#2651=ADVANCED_FACE('',(#412,#110),#352,.T.);
#2652=ADVANCED_FACE('',(#413),#2560,.F.);
#2653=ADVANCED_FACE('',(#414),#353,.T.);
#2654=ADVANCED_FACE('',(#415),#2561,.T.);
#2655=ADVANCED_FACE('',(#416),#109,.F.);
#2656=ADVANCED_FACE('',(#417),#108,.F.);
#2657=ADVANCED_FACE('',(#418,#111),#2562,.T.);
#2658=ADVANCED_FACE('',(#419),#189,.T.);
#2659=ADVANCED_FACE('',(#420),#354,.T.);
#2660=ADVANCED_FACE('',(#421),#190,.T.);
#2661=ADVANCED_FACE('',(#422),#355,.T.);
#2662=ADVANCED_FACE('',(#423),#2563,.T.);
#2663=ADVANCED_FACE('',(#424),#356,.T.);
#2664=ADVANCED_FACE('',(#425),#357,.F.);
#2665=ADVANCED_FACE('',(#426,#112),#2564,.T.);
#2666=ADVANCED_FACE('',(#427,#113),#2565,.T.);
#2667=ADVANCED_FACE('',(#428),#2566,.F.);
#2668=ADVANCED_FACE('',(#429),#2567,.T.);
#2669=ADVANCED_FACE('',(#430),#2568,.T.);
#2670=ADVANCED_FACE('',(#431),#2569,.T.);
#2671=ADVANCED_FACE('',(#432),#2570,.T.);
#2672=ADVANCED_FACE('',(#433),#2571,.T.);
#2673=ADVANCED_FACE('',(#434),#358,.T.);
#2674=ADVANCED_FACE('',(#435),#359,.F.);
#2675=ADVANCED_FACE('',(#436),#2572,.T.);
#2676=ADVANCED_FACE('',(#437),#2573,.T.);
#2677=ADVANCED_FACE('',(#438),#2574,.T.);
#2678=ADVANCED_FACE('',(#439),#360,.T.);
#2679=ADVANCED_FACE('',(#440),#361,.F.);
#2680=ADVANCED_FACE('',(#441),#2575,.F.);
#2681=ADVANCED_FACE('',(#442),#2576,.T.);
#2682=ADVANCED_FACE('',(#443,#114),#2577,.F.);
#2683=ADVANCED_FACE('',(#444),#362,.T.);
#2684=ADVANCED_FACE('',(#445),#363,.T.);
#2685=ADVANCED_FACE('',(#446),#364,.T.);
#2686=ADVANCED_FACE('',(#447,#115),#2578,.T.);
#2687=ADVANCED_FACE('',(#448),#191,.T.);
#2688=ADVANCED_FACE('',(#449),#365,.T.);
#2689=ADVANCED_FACE('',(#450,#116),#2579,.F.);
#2690=ADVANCED_FACE('',(#451),#2580,.F.);
#2691=ADVANCED_FACE('',(#452,#117),#2581,.F.);
#2692=ADVANCED_FACE('',(#453),#2582,.F.);
#2693=ADVANCED_FACE('',(#454),#2583,.F.);
#2694=ADVANCED_FACE('',(#455),#366,.F.);
#2695=ADVANCED_FACE('',(#456),#367,.F.);
#2696=ADVANCED_FACE('',(#457,#118),#2584,.T.);
#2697=ADVANCED_FACE('',(#458),#2585,.T.);
#2698=ADVANCED_FACE('',(#459),#2586,.T.);
#2699=ADVANCED_FACE('',(#460,#119),#2587,.F.);
#2700=ADVANCED_FACE('',(#461),#2588,.F.);
#2701=ADVANCED_FACE('',(#462),#368,.F.);
#2702=ADVANCED_FACE('',(#463,#120),#2589,.F.);
#2703=ADVANCED_FACE('',(#464),#100,.T.);
#2704=ADVANCED_FACE('',(#465),#101,.T.);
#2705=ADVANCED_FACE('',(#466),#192,.F.);
#2706=ADVANCED_FACE('',(#467),#369,.T.);
#2707=ADVANCED_FACE('',(#468),#370,.F.);
#2708=ADVANCED_FACE('',(#469),#371,.F.);
#2709=ADVANCED_FACE('',(#470,#121),#2590,.F.);
#2710=ADVANCED_FACE('',(#471,#122),#2591,.T.);
#2711=ADVANCED_FACE('',(#472),#193,.F.);
#2712=ADVANCED_FACE('',(#473),#102,.F.);
#2713=ADVANCED_FACE('',(#474),#103,.F.);
#2714=ADVANCED_FACE('',(#475),#372,.F.);
#2715=ADVANCED_FACE('',(#476),#373,.T.);
#2716=ADVANCED_FACE('',(#477),#374,.T.);
#2717=ADVANCED_FACE('',(#478,#123),#2592,.F.);
#2718=ADVANCED_FACE('',(#479,#124),#2593,.T.);
#2719=ADVANCED_FACE('',(#480),#375,.F.);
#2720=ADVANCED_FACE('',(#481),#376,.F.);
#2721=ADVANCED_FACE('',(#482),#377,.F.);
#2722=ADVANCED_FACE('',(#483),#378,.F.);
#2723=ADVANCED_FACE('',(#484),#379,.F.);
#2724=ADVANCED_FACE('',(#485),#380,.F.);
#2725=ADVANCED_FACE('',(#486),#381,.F.);
#2726=ADVANCED_FACE('',(#487),#382,.F.);
#2727=ADVANCED_FACE('',(#488,#125,#126,#127,#128,#129,#130,#131),#383,.F.);
#2728=ADVANCED_FACE('',(#489,#132,#133,#134,#135,#136,#137,#138),#384,.T.);
#2729=ADVANCED_FACE('',(#490,#139),#2594,.F.);
#2730=ADVANCED_FACE('',(#491,#140),#2595,.T.);
#2731=ADVANCED_FACE('',(#492),#99,.T.);
#2732=ADVANCED_FACE('',(#493),#385,.F.);
#2733=ADVANCED_FACE('',(#494),#386,.T.);
#2734=ADVANCED_FACE('',(#495,#141),#2596,.T.);
#2735=ADVANCED_FACE('',(#496,#142),#2597,.F.);
#2736=ADVANCED_FACE('',(#497),#2598,.T.);
#2737=ADVANCED_FACE('',(#498),#387,.T.);
#2738=ADVANCED_FACE('',(#499,#143),#2599,.T.);
#2739=ADVANCED_FACE('',(#500),#388,.F.);
#2740=ADVANCED_FACE('',(#501),#2600,.T.);
#2741=ADVANCED_FACE('',(#502),#389,.T.);
#2742=ADVANCED_FACE('',(#503),#2601,.T.);
#2743=ADVANCED_FACE('',(#504,#144),#2602,.T.);
#2744=ADVANCED_FACE('',(#505),#2603,.T.);
#2745=ADVANCED_FACE('',(#506),#390,.F.);
#2746=ADVANCED_FACE('',(#507),#391,.F.);
#2747=ADVANCED_FACE('',(#508),#2604,.T.);
#2748=ADVANCED_FACE('',(#509),#392,.T.);
#2749=ADVANCED_FACE('',(#510),#2605,.T.);
#2750=ADVANCED_FACE('',(#511),#393,.T.);
#2751=ADVANCED_FACE('',(#512,#145),#2606,.T.);
#2752=ADVANCED_FACE('',(#513),#2607,.T.);
#2753=ADVANCED_FACE('',(#514,#146),#2608,.T.);
#2754=ADVANCED_FACE('',(#515),#394,.F.);
#2755=ADVANCED_FACE('',(#516),#2609,.T.);
#2756=ADVANCED_FACE('',(#517),#2610,.F.);
#2757=ADVANCED_FACE('',(#518),#395,.T.);
#2758=ADVANCED_FACE('',(#519),#2611,.T.);
#2759=ADVANCED_FACE('',(#520),#2612,.F.);
#2760=ADVANCED_FACE('',(#521),#396,.T.);
#2761=ADVANCED_FACE('',(#522),#2613,.T.);
#2762=ADVANCED_FACE('',(#523),#2614,.F.);
#2763=ADVANCED_FACE('',(#524),#194,.T.);
#2764=ADVANCED_FACE('',(#525),#397,.T.);
#2765=ADVANCED_FACE('',(#526),#398,.T.);
#2766=ADVANCED_FACE('',(#527),#2615,.T.);
#2767=ADVANCED_FACE('',(#528),#399,.T.);
#2768=ADVANCED_FACE('',(#529),#2616,.T.);
#2769=ADVANCED_FACE('',(#530),#2617,.T.);
#2770=ADVANCED_FACE('',(#531),#2618,.T.);
#2771=ADVANCED_FACE('',(#532),#2619,.T.);
#2772=ADVANCED_FACE('',(#533),#2620,.T.);
#2773=ADVANCED_FACE('',(#534),#2621,.T.);
#2774=ADVANCED_FACE('',(#535),#2622,.T.);
#2775=ADVANCED_FACE('',(#536),#2623,.T.);
#2776=ADVANCED_FACE('',(#537),#2624,.T.);
#2777=ADVANCED_FACE('',(#538),#2625,.T.);
#2778=ADVANCED_FACE('',(#539),#2626,.T.);
#2779=ADVANCED_FACE('',(#540),#2627,.T.);
#2780=ADVANCED_FACE('',(#541),#2628,.T.);
#2781=ADVANCED_FACE('',(#542),#2629,.T.);
#2782=ADVANCED_FACE('',(#543),#2630,.T.);
#2783=ADVANCED_FACE('',(#544),#2631,.T.);
#2784=ADVANCED_FACE('',(#545),#2632,.T.);
#2785=ADVANCED_FACE('',(#546),#2633,.T.);
#2786=ADVANCED_FACE('',(#547),#2634,.T.);
#2787=ADVANCED_FACE('',(#548),#2635,.T.);
#2788=ADVANCED_FACE('',(#549),#2636,.T.);
#2789=ADVANCED_FACE('',(#550),#2637,.T.);
#2790=ADVANCED_FACE('',(#551),#2638,.F.);
#2791=ADVANCED_FACE('',(#552),#400,.F.);
#2792=ADVANCED_FACE('',(#553,#147),#2639,.F.);
#2793=CLOSED_SHELL('',(#2640,#2641,#2642,#2643,#2644,#2645,#2646,#2647,
#2648,#2649));
#2794=CLOSED_SHELL('',(#2650,#2651,#2652,#2653,#2654,#2655,#2656,#2657));
#2795=CLOSED_SHELL('',(#2658,#2659,#2660,#2661,#2662,#2663,#2664,#2665,
#2666,#2667,#2668,#2669,#2670,#2671,#2672,#2673,#2674,#2675,#2676,#2677,
#2678,#2679,#2680,#2681,#2682));
#2796=CLOSED_SHELL('',(#2683,#2684,#2685,#2686,#2687,#2688,#2689,#2690,
#2691,#2692,#2693,#2694,#2695,#2696,#2697,#2698,#2699,#2700,#2701,#2702));
#2797=CLOSED_SHELL('',(#2703,#2704,#2705,#2706,#2707,#2708,#2709,#2710));
#2798=CLOSED_SHELL('',(#2711,#2712,#2713,#2714,#2715,#2716,#2717,#2718));
#2799=CLOSED_SHELL('',(#2719,#2720,#2721,#2722,#2723,#2724,#2725,#2726,
#2727,#2728,#2729,#2730));
#2800=CLOSED_SHELL('',(#2731));
#2801=CLOSED_SHELL('',(#2732,#2733,#2734,#2735));
#2802=CLOSED_SHELL('',(#2736,#2737,#2738,#2739,#2740,#2741,#2742,#2743,
#2744,#2745,#2746,#2747,#2748,#2749,#2750,#2751,#2752,#2753,#2754,#2755,
#2756));
#2803=CLOSED_SHELL('',(#2757,#2758,#2759,#2760,#2761,#2762,#2763,#2764,
#2765,#2766,#2767,#2768,#2769,#2770,#2771,#2772,#2773,#2774,#2775,#2776,
#2777,#2778,#2779,#2780,#2781,#2782,#2783,#2784,#2785,#2786,#2787,#2788,
#2789,#2790,#2791,#2792));
#2804=DERIVED_UNIT_ELEMENT(#2820,1.);
#2805=DERIVED_UNIT_ELEMENT(#5953,-3.);
#2806=DERIVED_UNIT_ELEMENT(#2820,1.);
#2807=DERIVED_UNIT_ELEMENT(#5953,-3.);
#2808=DERIVED_UNIT_ELEMENT(#2820,1.);
#2809=DERIVED_UNIT_ELEMENT(#5953,-3.);
#2810=DERIVED_UNIT_ELEMENT(#2820,1.);
#2811=DERIVED_UNIT_ELEMENT(#5953,-3.);
#2812=DERIVED_UNIT_ELEMENT(#2820,1.);
#2813=DERIVED_UNIT_ELEMENT(#5953,-3.);
#2814=DERIVED_UNIT_ELEMENT(#2820,1.);
#2815=DERIVED_UNIT_ELEMENT(#5953,-3.);
#2816=DERIVED_UNIT_ELEMENT(#2820,1.);
#2817=DERIVED_UNIT_ELEMENT(#5953,-3.);
#2818=DERIVED_UNIT_ELEMENT(#2820,1.);
#2819=DERIVED_UNIT_ELEMENT(#5953,-3.);
#2820=(
MASS_UNIT()
NAMED_UNIT(*)
SI_UNIT(.KILO.,.GRAM.)
);
#2821=DERIVED_UNIT((#2804,#2805));
#2822=DERIVED_UNIT((#2806,#2807));
#2823=DERIVED_UNIT((#2808,#2809));
#2824=DERIVED_UNIT((#2810,#2811));
#2825=DERIVED_UNIT((#2812,#2813));
#2826=DERIVED_UNIT((#2814,#2815));
#2827=DERIVED_UNIT((#2816,#2817));
#2828=DERIVED_UNIT((#2818,#2819));
#2829=MEASURE_REPRESENTATION_ITEM('density measure',
POSITIVE_RATIO_MEASURE(7850.),#2821);
#2830=MEASURE_REPRESENTATION_ITEM('density measure',
POSITIVE_RATIO_MEASURE(7850.),#2822);
#2831=MEASURE_REPRESENTATION_ITEM('density measure',
POSITIVE_RATIO_MEASURE(7850.),#2823);
#2832=MEASURE_REPRESENTATION_ITEM('density measure',
POSITIVE_RATIO_MEASURE(7850.),#2824);
#2833=MEASURE_REPRESENTATION_ITEM('density measure',
POSITIVE_RATIO_MEASURE(7850.),#2825);
#2834=MEASURE_REPRESENTATION_ITEM('density measure',
POSITIVE_RATIO_MEASURE(7850.),#2826);
#2835=MEASURE_REPRESENTATION_ITEM('density measure',
POSITIVE_RATIO_MEASURE(7850.),#2827);
#2836=MEASURE_REPRESENTATION_ITEM('density measure',
POSITIVE_RATIO_MEASURE(7850.),#2828);
#2837=PROPERTY_DEFINITION_REPRESENTATION(#2877,#2853);
#2838=PROPERTY_DEFINITION_REPRESENTATION(#2878,#2854);
#2839=PROPERTY_DEFINITION_REPRESENTATION(#2879,#2855);
#2840=PROPERTY_DEFINITION_REPRESENTATION(#2880,#2856);
#2841=PROPERTY_DEFINITION_REPRESENTATION(#2881,#2857);
#2842=PROPERTY_DEFINITION_REPRESENTATION(#2882,#2858);
#2843=PROPERTY_DEFINITION_REPRESENTATION(#2883,#2859);
#2844=PROPERTY_DEFINITION_REPRESENTATION(#2884,#2860);
#2845=PROPERTY_DEFINITION_REPRESENTATION(#2885,#2861);
#2846=PROPERTY_DEFINITION_REPRESENTATION(#2886,#2862);
#2847=PROPERTY_DEFINITION_REPRESENTATION(#2887,#2863);
#2848=PROPERTY_DEFINITION_REPRESENTATION(#2888,#2864);
#2849=PROPERTY_DEFINITION_REPRESENTATION(#2889,#2865);
#2850=PROPERTY_DEFINITION_REPRESENTATION(#2890,#2866);
#2851=PROPERTY_DEFINITION_REPRESENTATION(#2891,#2867);
#2852=PROPERTY_DEFINITION_REPRESENTATION(#2892,#2868);
#2853=REPRESENTATION('material name',(#2869),#5939);
#2854=REPRESENTATION('density',(#2829),#5939);
#2855=REPRESENTATION('material name',(#2870),#5941);
#2856=REPRESENTATION('density',(#2830),#5941);
#2857=REPRESENTATION('material name',(#2871),#5945);
#2858=REPRESENTATION('density',(#2831),#5945);
#2859=REPRESENTATION('material name',(#2872),#5946);
#2860=REPRESENTATION('density',(#2832),#5946);
#2861=REPRESENTATION('material name',(#2873),#5947);
#2862=REPRESENTATION('density',(#2833),#5947);
#2863=REPRESENTATION('material name',(#2874),#5948);
#2864=REPRESENTATION('density',(#2834),#5948);
#2865=REPRESENTATION('material name',(#2875),#5949);
#2866=REPRESENTATION('density',(#2835),#5949);
#2867=REPRESENTATION('material name',(#2876),#5950);
#2868=REPRESENTATION('density',(#2836),#5950);
#2869=DESCRIPTIVE_REPRESENTATION_ITEM('Steel','Steel');
#2870=DESCRIPTIVE_REPRESENTATION_ITEM('Steel','Steel');
#2871=DESCRIPTIVE_REPRESENTATION_ITEM('Steel','Steel');
#2872=DESCRIPTIVE_REPRESENTATION_ITEM('Steel','Steel');
#2873=DESCRIPTIVE_REPRESENTATION_ITEM('Steel','Steel');
#2874=DESCRIPTIVE_REPRESENTATION_ITEM('Steel','Steel');
#2875=DESCRIPTIVE_REPRESENTATION_ITEM('Steel','Steel');
#2876=DESCRIPTIVE_REPRESENTATION_ITEM('Steel','Steel');
#2877=PROPERTY_DEFINITION('material property','material name',#6019);
#2878=PROPERTY_DEFINITION('material property','density of part',#6019);
#2879=PROPERTY_DEFINITION('material property','material name',#6021);
#2880=PROPERTY_DEFINITION('material property','density of part',#6021);
#2881=PROPERTY_DEFINITION('material property','material name',#6025);
#2882=PROPERTY_DEFINITION('material property','density of part',#6025);
#2883=PROPERTY_DEFINITION('material property','material name',#6026);
#2884=PROPERTY_DEFINITION('material property','density of part',#6026);
#2885=PROPERTY_DEFINITION('material property','material name',#6027);
#2886=PROPERTY_DEFINITION('material property','density of part',#6027);
#2887=PROPERTY_DEFINITION('material property','material name',#6028);
#2888=PROPERTY_DEFINITION('material property','density of part',#6028);
#2889=PROPERTY_DEFINITION('material property','material name',#6029);
#2890=PROPERTY_DEFINITION('material property','density of part',#6029);
#2891=PROPERTY_DEFINITION('material property','material name',#6030);
#2892=PROPERTY_DEFINITION('material property','density of part',#6030);
#2893=AXIS2_PLACEMENT_3D('',#4010,#3192,#3193);
#2894=AXIS2_PLACEMENT_3D('',#4011,#3194,#3195);
#2895=AXIS2_PLACEMENT_3D('',#4012,#3196,#3197);
#2896=AXIS2_PLACEMENT_3D('',#4021,#3202,#3203);
#2897=AXIS2_PLACEMENT_3D('',#4023,#3204,#3205);
#2898=AXIS2_PLACEMENT_3D('',#4025,#3206,#3207);
#2899=AXIS2_PLACEMENT_3D('',#4027,#3209,#3210);
#2900=AXIS2_PLACEMENT_3D('',#4033,#3214,#3215);
#2901=AXIS2_PLACEMENT_3D('',#4035,#3216,#3217);
#2902=AXIS2_PLACEMENT_3D('',#4037,#3218,#3219);
#2903=AXIS2_PLACEMENT_3D('',#4039,#3221,#3222);
#2904=AXIS2_PLACEMENT_3D('',#4045,#3226,#3227);
#2905=AXIS2_PLACEMENT_3D('',#4047,#3228,#3229);
#2906=AXIS2_PLACEMENT_3D('',#4049,#3230,#3231);
#2907=AXIS2_PLACEMENT_3D('',#4051,#3233,#3234);
#2908=AXIS2_PLACEMENT_3D('',#4057,#3238,#3239);
#2909=AXIS2_PLACEMENT_3D('',#4058,#3240,#3241);
#2910=AXIS2_PLACEMENT_3D('',#4059,#3242,#3243);
#2911=AXIS2_PLACEMENT_3D('',#4060,#3244,#3245);
#2912=AXIS2_PLACEMENT_3D('',#4061,#3246,#3247);
#2913=AXIS2_PLACEMENT_3D('',#4062,#3248,#3249);
#2914=AXIS2_PLACEMENT_3D('',#4063,#3250,#3251);
#2915=AXIS2_PLACEMENT_3D('',#4065,#3252,#3253);
#2916=AXIS2_PLACEMENT_3D('',#4067,#3254,#3255);
#2917=AXIS2_PLACEMENT_3D('',#4069,#3256,#3257);
#2918=AXIS2_PLACEMENT_3D('',#4070,#3258,#3259);
#2919=AXIS2_PLACEMENT_3D('',#4071,#3260,#3261);
#2920=AXIS2_PLACEMENT_3D('',#4073,#3262,#3263);
#2921=AXIS2_PLACEMENT_3D('',#4135,#3265,#3266);
#2922=AXIS2_PLACEMENT_3D('',#4136,#3267,#3268);
#2923=AXIS2_PLACEMENT_3D('',#4138,#3269,#3270);
#2924=AXIS2_PLACEMENT_3D('',#4141,#3272,#3273);
#2925=AXIS2_PLACEMENT_3D('',#4142,#3274,#3275);
#2926=AXIS2_PLACEMENT_3D('',#4439,#3276,#3277);
#2927=AXIS2_PLACEMENT_3D('',#4565,#3278,#3279);
#2928=AXIS2_PLACEMENT_3D('',#4566,#3280,#3281);
#2929=AXIS2_PLACEMENT_3D('',#4567,#3282,#3283);
#2930=AXIS2_PLACEMENT_3D('',#4581,#3284,#3285);
#2931=AXIS2_PLACEMENT_3D('',#4593,#3286,#3287);
#2932=AXIS2_PLACEMENT_3D('',#4594,#3288,#3289);
#2933=AXIS2_PLACEMENT_3D('',#4598,#3291,#3292);
#2934=AXIS2_PLACEMENT_3D('',#4600,#3294,#3295);
#2935=AXIS2_PLACEMENT_3D('',#4614,#3296,#3297);
#2936=AXIS2_PLACEMENT_3D('',#4616,#3298,#3299);
#2937=AXIS2_PLACEMENT_3D('',#4628,#3300,#3301);
#2938=AXIS2_PLACEMENT_3D('',#4629,#3302,#3303);
#2939=AXIS2_PLACEMENT_3D('',#4633,#3305,#3306);
#2940=AXIS2_PLACEMENT_3D('',#4637,#3309,#3310);
#2941=AXIS2_PLACEMENT_3D('',#4638,#3311,#3312);
#2942=AXIS2_PLACEMENT_3D('',#4640,#3313,#3314);
#2943=AXIS2_PLACEMENT_3D('',#4641,#3315,#3316);
#2944=AXIS2_PLACEMENT_3D('',#4644,#3318,#3319);
#2945=AXIS2_PLACEMENT_3D('',#4645,#3320,#3321);
#2946=AXIS2_PLACEMENT_3D('',#4647,#3322,#3323);
#2947=AXIS2_PLACEMENT_3D('',#4650,#3325,#3326);
#2948=AXIS2_PLACEMENT_3D('',#4651,#3327,#3328);
#2949=AXIS2_PLACEMENT_3D('',#4652,#3329,#3330);
#2950=AXIS2_PLACEMENT_3D('',#4658,#3334,#3335);
#2951=AXIS2_PLACEMENT_3D('',#4662,#3337,#3338);
#2952=AXIS2_PLACEMENT_3D('',#4666,#3340,#3341);
#2953=AXIS2_PLACEMENT_3D('',#4674,#3346,#3347);
#2954=AXIS2_PLACEMENT_3D('',#4675,#3348,#3349);
#2955=AXIS2_PLACEMENT_3D('',#4679,#3352,#3353);
#2956=AXIS2_PLACEMENT_3D('',#4682,#3354,#3355);
#2957=AXIS2_PLACEMENT_3D('',#4684,#3357,#3358);
#2958=AXIS2_PLACEMENT_3D('',#4690,#3362,#3363);
#2959=AXIS2_PLACEMENT_3D('',#4692,#3364,#3365);
#2960=AXIS2_PLACEMENT_3D('',#4701,#3370,#3371);
#2961=AXIS2_PLACEMENT_3D('',#4704,#3373,#3374);
#2962=AXIS2_PLACEMENT_3D('',#4705,#3375,#3376);
#2963=AXIS2_PLACEMENT_3D('',#4708,#3379,#3380);
#2964=AXIS2_PLACEMENT_3D('',#4709,#3381,#3382);
#2965=AXIS2_PLACEMENT_3D('',#4711,#3384,#3385);
#2966=AXIS2_PLACEMENT_3D('',#4713,#3387,#3388);
#2967=AXIS2_PLACEMENT_3D('',#4715,#3390,#3391);
#2968=AXIS2_PLACEMENT_3D('',#4717,#3393,#3394);
#2969=AXIS2_PLACEMENT_3D('',#4718,#3395,#3396);
#2970=AXIS2_PLACEMENT_3D('',#4720,#3397,#3398);
#2971=AXIS2_PLACEMENT_3D('',#4723,#3400,#3401);
#2972=AXIS2_PLACEMENT_3D('',#4724,#3402,#3403);
#2973=AXIS2_PLACEMENT_3D('',#4725,#3404,#3405);
#2974=AXIS2_PLACEMENT_3D('',#4726,#3406,#3407);
#2975=AXIS2_PLACEMENT_3D('',#4727,#3408,#3409);
#2976=AXIS2_PLACEMENT_3D('',#4728,#3410,#3411);
#2977=AXIS2_PLACEMENT_3D('',#4729,#3412,#3413);
#2978=AXIS2_PLACEMENT_3D('',#4746,#3416,#3417);
#2979=AXIS2_PLACEMENT_3D('',#4747,#3418,#3419);
#2980=AXIS2_PLACEMENT_3D('',#4752,#3422,#3423);
#2981=AXIS2_PLACEMENT_3D('',#4753,#3424,#3425);
#2982=AXIS2_PLACEMENT_3D('',#4768,#3428,#3429);
#2983=AXIS2_PLACEMENT_3D('',#4769,#3430,#3431);
#2984=AXIS2_PLACEMENT_3D('',#4771,#3432,#3433);
#2985=AXIS2_PLACEMENT_3D('',#4772,#3434,#3435);
#2986=AXIS2_PLACEMENT_3D('',#4781,#3436,#3437);
#2987=AXIS2_PLACEMENT_3D('',#4783,#3438,#3439);
#2988=AXIS2_PLACEMENT_3D('',#4790,#3440,#3441);
#2989=AXIS2_PLACEMENT_3D('',#4794,#3443,#3444);
#2990=AXIS2_PLACEMENT_3D('',#4798,#3447,#3448);
#2991=AXIS2_PLACEMENT_3D('',#4799,#3449,#3450);
#2992=AXIS2_PLACEMENT_3D('',#4809,#3455,#3456);
#2993=AXIS2_PLACEMENT_3D('',#4810,#3457,#3458);
#2994=AXIS2_PLACEMENT_3D('',#4816,#3462,#3463);
#2995=AXIS2_PLACEMENT_3D('',#4823,#3467,#3468);
#2996=AXIS2_PLACEMENT_3D('',#4824,#3469,#3470);
#2997=AXIS2_PLACEMENT_3D('',#4826,#3472,#3473);
#2998=AXIS2_PLACEMENT_3D('',#4828,#3475,#3476);
#2999=AXIS2_PLACEMENT_3D('',#4830,#3478,#3479);
#3000=AXIS2_PLACEMENT_3D('',#4832,#3480,#3481);
#3001=AXIS2_PLACEMENT_3D('',#4834,#3483,#3484);
#3002=AXIS2_PLACEMENT_3D('',#4840,#3488,#3489);
#3003=AXIS2_PLACEMENT_3D('',#4842,#3491,#3492);
#3004=AXIS2_PLACEMENT_3D('',#4844,#3494,#3495);
#3005=AXIS2_PLACEMENT_3D('',#4845,#3496,#3497);
#3006=AXIS2_PLACEMENT_3D('',#4847,#3498,#3499);
#3007=AXIS2_PLACEMENT_3D('',#4848,#3500,#3501);
#3008=AXIS2_PLACEMENT_3D('',#4851,#3503,#3504);
#3009=AXIS2_PLACEMENT_3D('',#4852,#3505,#3506);
#3010=AXIS2_PLACEMENT_3D('',#4853,#3507,#3508);
#3011=AXIS2_PLACEMENT_3D('',#4854,#3509,#3510);
#3012=AXIS2_PLACEMENT_3D('',#4855,#3511,#3512);
#3013=AXIS2_PLACEMENT_3D('',#4856,#3513,#3514);
#3014=AXIS2_PLACEMENT_3D('',#4859,#3515,#3516);
#3015=AXIS2_PLACEMENT_3D('',#4860,#3517,#3518);
#3016=AXIS2_PLACEMENT_3D('',#4863,#3520,#3521);
#3017=AXIS2_PLACEMENT_3D('',#4864,#3522,#3523);
#3018=AXIS2_PLACEMENT_3D('',#4866,#3524,#3525);
#3019=AXIS2_PLACEMENT_3D('',#4869,#3527,#3528);
#3020=AXIS2_PLACEMENT_3D('',#4870,#3529,#3530);
#3021=AXIS2_PLACEMENT_3D('',#4872,#3531,#3532);
#3022=AXIS2_PLACEMENT_3D('',#4874,#3533,#3534);
#3023=AXIS2_PLACEMENT_3D('',#4875,#3535,#3536);
#3024=AXIS2_PLACEMENT_3D('',#4876,#3537,#3538);
#3025=AXIS2_PLACEMENT_3D('',#4878,#3540,#3541);
#3026=AXIS2_PLACEMENT_3D('',#4880,#3542,#3543);
#3027=AXIS2_PLACEMENT_3D('',#4882,#3545,#3546);
#3028=AXIS2_PLACEMENT_3D('',#4885,#3548,#3549);
#3029=AXIS2_PLACEMENT_3D('',#4886,#3550,#3551);
#3030=AXIS2_PLACEMENT_3D('',#4887,#3552,#3553);
#3031=AXIS2_PLACEMENT_3D('',#4888,#3554,#3555);
#3032=AXIS2_PLACEMENT_3D('',#4889,#3556,#3557);
#3033=AXIS2_PLACEMENT_3D('',#4892,#3558,#3559);
#3034=AXIS2_PLACEMENT_3D('',#4893,#3560,#3561);
#3035=AXIS2_PLACEMENT_3D('',#4895,#3562,#3563);
#3036=AXIS2_PLACEMENT_3D('',#4897,#3564,#3565);
#3037=AXIS2_PLACEMENT_3D('',#4898,#3566,#3567);
#3038=AXIS2_PLACEMENT_3D('',#4899,#3568,#3569);
#3039=AXIS2_PLACEMENT_3D('',#4901,#3570,#3571);
#3040=AXIS2_PLACEMENT_3D('',#4904,#3573,#3574);
#3041=AXIS2_PLACEMENT_3D('',#4905,#3575,#3576);
#3042=AXIS2_PLACEMENT_3D('',#4908,#3577,#3578);
#3043=AXIS2_PLACEMENT_3D('',#4909,#3579,#3580);
#3044=AXIS2_PLACEMENT_3D('',#4912,#3582,#3583);
#3045=AXIS2_PLACEMENT_3D('',#4913,#3584,#3585);
#3046=AXIS2_PLACEMENT_3D('',#4915,#3587,#3588);
#3047=AXIS2_PLACEMENT_3D('',#4918,#3590,#3591);
#3048=AXIS2_PLACEMENT_3D('',#4919,#3592,#3593);
#3049=AXIS2_PLACEMENT_3D('',#4921,#3594,#3595);
#3050=AXIS2_PLACEMENT_3D('',#4923,#3597,#3598);
#3051=AXIS2_PLACEMENT_3D('',#4924,#3599,#3600);
#3052=AXIS2_PLACEMENT_3D('',#4925,#3601,#3602);
#3053=AXIS2_PLACEMENT_3D('',#4926,#3603,#3604);
#3054=AXIS2_PLACEMENT_3D('',#5006,#3606,#3607);
#3055=AXIS2_PLACEMENT_3D('',#5081,#3609,#3610);
#3056=AXIS2_PLACEMENT_3D('',#5157,#3612,#3613);
#3057=AXIS2_PLACEMENT_3D('',#5232,#3615,#3616);
#3058=AXIS2_PLACEMENT_3D('',#5318,#3618,#3619);
#3059=AXIS2_PLACEMENT_3D('',#5393,#3621,#3622);
#3060=AXIS2_PLACEMENT_3D('',#5468,#3624,#3625);
#3061=AXIS2_PLACEMENT_3D('',#5544,#3627,#3628);
#3062=AXIS2_PLACEMENT_3D('',#5546,#3629,#3630);
#3063=AXIS2_PLACEMENT_3D('',#5550,#3633,#3634);
#3064=AXIS2_PLACEMENT_3D('',#5551,#3635,#3636);
#3065=AXIS2_PLACEMENT_3D('',#5553,#3637,#3638);
#3066=AXIS2_PLACEMENT_3D('',#5557,#3641,#3642);
#3067=AXIS2_PLACEMENT_3D('',#5558,#3643,#3644);
#3068=AXIS2_PLACEMENT_3D('',#5559,#3645,#3646);
#3069=AXIS2_PLACEMENT_3D('',#5560,#3647,#3648);
#3070=AXIS2_PLACEMENT_3D('',#5561,#3649,#3650);
#3071=AXIS2_PLACEMENT_3D('',#5564,#3651,#3652);
#3072=AXIS2_PLACEMENT_3D('',#5565,#3653,#3654);
#3073=AXIS2_PLACEMENT_3D('',#5566,#3655,#3656);
#3074=AXIS2_PLACEMENT_3D('',#5568,#3657,#3658);
#3075=AXIS2_PLACEMENT_3D('',#5571,#3660,#3661);
#3076=AXIS2_PLACEMENT_3D('',#5572,#3662,#3663);
#3077=AXIS2_PLACEMENT_3D('',#5574,#3664,#3665);
#3078=AXIS2_PLACEMENT_3D('',#5577,#3667,#3668);
#3079=AXIS2_PLACEMENT_3D('',#5578,#3669,#3670);
#3080=AXIS2_PLACEMENT_3D('',#5579,#3671,#3672);
#3081=AXIS2_PLACEMENT_3D('',#5580,#3673,#3674);
#3082=AXIS2_PLACEMENT_3D('',#5581,#3675,#3676);
#3083=AXIS2_PLACEMENT_3D('',#5582,#3677,#3678);
#3084=AXIS2_PLACEMENT_3D('',#5583,#3679,#3680);
#3085=AXIS2_PLACEMENT_3D('',#5584,#3681,#3682);
#3086=AXIS2_PLACEMENT_3D('',#5585,#3683,#3684);
#3087=AXIS2_PLACEMENT_3D('',#5586,#3685,#3686);
#3088=AXIS2_PLACEMENT_3D('',#5587,#3687,#3688);
#3089=AXIS2_PLACEMENT_3D('',#5588,#3689,#3690);
#3090=AXIS2_PLACEMENT_3D('',#5589,#3691,#3692);
#3091=AXIS2_PLACEMENT_3D('',#5590,#3693,#3694);
#3092=AXIS2_PLACEMENT_3D('',#5591,#3695,#3696);
#3093=AXIS2_PLACEMENT_3D('',#5592,#3697,#3698);
#3094=AXIS2_PLACEMENT_3D('',#5593,#3699,#3700);
#3095=AXIS2_PLACEMENT_3D('',#5594,#3701,#3702);
#3096=AXIS2_PLACEMENT_3D('',#5595,#3703,#3704);
#3097=AXIS2_PLACEMENT_3D('',#5597,#3705,#3706);
#3098=AXIS2_PLACEMENT_3D('',#5598,#3707,#3708);
#3099=AXIS2_PLACEMENT_3D('',#5600,#3709,#3710);
#3100=AXIS2_PLACEMENT_3D('',#5602,#3712,#3713);
#3101=AXIS2_PLACEMENT_3D('',#5604,#3714,#3715);
#3102=AXIS2_PLACEMENT_3D('',#5605,#3716,#3717);
#3103=AXIS2_PLACEMENT_3D('',#5608,#3719,#3720);
#3104=AXIS2_PLACEMENT_3D('',#5609,#3721,#3722);
#3105=AXIS2_PLACEMENT_3D('',#5618,#3727,#3728);
#3106=AXIS2_PLACEMENT_3D('',#5620,#3729,#3730);
#3107=AXIS2_PLACEMENT_3D('',#5622,#3731,#3732);
#3108=AXIS2_PLACEMENT_3D('',#5624,#3734,#3735);
#3109=AXIS2_PLACEMENT_3D('',#5630,#3739,#3740);
#3110=AXIS2_PLACEMENT_3D('',#5636,#3744,#3745);
#3111=AXIS2_PLACEMENT_3D('',#5640,#3747,#3748);
#3112=AXIS2_PLACEMENT_3D('',#5644,#3750,#3751);
#3113=AXIS2_PLACEMENT_3D('',#5652,#3755,#3756);
#3114=AXIS2_PLACEMENT_3D('',#5655,#3758,#3759);
#3115=AXIS2_PLACEMENT_3D('',#5656,#3760,#3761);
#3116=AXIS2_PLACEMENT_3D('',#5658,#3762,#3763);
#3117=AXIS2_PLACEMENT_3D('',#5661,#3765,#3766);
#3118=AXIS2_PLACEMENT_3D('',#5662,#3767,#3768);
#3119=AXIS2_PLACEMENT_3D('',#5665,#3770,#3771);
#3120=AXIS2_PLACEMENT_3D('',#5666,#3772,#3773);
#3121=AXIS2_PLACEMENT_3D('',#5670,#3776,#3777);
#3122=AXIS2_PLACEMENT_3D('',#5672,#3778,#3779);
#3123=AXIS2_PLACEMENT_3D('',#5674,#3781,#3782);
#3124=AXIS2_PLACEMENT_3D('',#5678,#3785,#3786);
#3125=AXIS2_PLACEMENT_3D('',#5680,#3787,#3788);
#3126=AXIS2_PLACEMENT_3D('',#5682,#3790,#3791);
#3127=AXIS2_PLACEMENT_3D('',#5686,#3794,#3795);
#3128=AXIS2_PLACEMENT_3D('',#5690,#3798,#3799);
#3129=AXIS2_PLACEMENT_3D('',#5694,#3802,#3803);
#3130=AXIS2_PLACEMENT_3D('',#5696,#3804,#3805);
#3131=AXIS2_PLACEMENT_3D('',#5698,#3807,#3808);
#3132=AXIS2_PLACEMENT_3D('',#5700,#3810,#3811);
#3133=AXIS2_PLACEMENT_3D('',#5701,#3812,#3813);
#3134=AXIS2_PLACEMENT_3D('',#5702,#3814,#3815);
#3135=AXIS2_PLACEMENT_3D('',#5703,#3816,#3817);
#3136=AXIS2_PLACEMENT_3D('',#5706,#3818,#3819);
#3137=AXIS2_PLACEMENT_3D('',#5710,#3821,#3822);
#3138=AXIS2_PLACEMENT_3D('',#5712,#3824,#3825);
#3139=AXIS2_PLACEMENT_3D('',#5718,#3829,#3830);
#3140=AXIS2_PLACEMENT_3D('',#5737,#3840,#3841);
#3141=AXIS2_PLACEMENT_3D('',#5738,#3842,#3843);
#3142=AXIS2_PLACEMENT_3D('',#5741,#3844,#3845);
#3143=AXIS2_PLACEMENT_3D('',#5745,#3847,#3848);
#3144=AXIS2_PLACEMENT_3D('',#5747,#3850,#3851);
#3145=AXIS2_PLACEMENT_3D('',#5753,#3855,#3856);
#3146=AXIS2_PLACEMENT_3D('',#5757,#3858,#3859);
#3147=AXIS2_PLACEMENT_3D('',#5773,#3868,#3869);
#3148=AXIS2_PLACEMENT_3D('',#5787,#3870,#3871);
#3149=AXIS2_PLACEMENT_3D('',#5789,#3872,#3873);
#3150=AXIS2_PLACEMENT_3D('',#5801,#3874,#3875);
#3151=AXIS2_PLACEMENT_3D('',#5802,#3876,#3877);
#3152=AXIS2_PLACEMENT_3D('',#5806,#3879,#3880);
#3153=AXIS2_PLACEMENT_3D('',#5810,#3883,#3884);
#3154=AXIS2_PLACEMENT_3D('',#5811,#3885,#3886);
#3155=AXIS2_PLACEMENT_3D('',#5814,#3887,#3888);
#3156=AXIS2_PLACEMENT_3D('',#5817,#3891,#3892);
#3157=AXIS2_PLACEMENT_3D('',#5826,#3898,#3899);
#3158=AXIS2_PLACEMENT_3D('',#5827,#3900,#3901);
#3159=AXIS2_PLACEMENT_3D('',#5828,#3902,#3903);
#3160=AXIS2_PLACEMENT_3D('',#5834,#3907,#3908);
#3161=AXIS2_PLACEMENT_3D('',#5845,#3915,#3916);
#3162=AXIS2_PLACEMENT_3D('',#5849,#3919,#3920);
#3163=AXIS2_PLACEMENT_3D('',#5853,#3923,#3924);
#3164=AXIS2_PLACEMENT_3D('',#5857,#3927,#3928);
#3165=AXIS2_PLACEMENT_3D('',#5861,#3931,#3932);
#3166=AXIS2_PLACEMENT_3D('',#5863,#3934,#3935);
#3167=AXIS2_PLACEMENT_3D('',#5865,#3937,#3938);
#3168=AXIS2_PLACEMENT_3D('',#5869,#3941,#3942);
#3169=AXIS2_PLACEMENT_3D('',#5873,#3945,#3946);
#3170=AXIS2_PLACEMENT_3D('',#5877,#3949,#3950);
#3171=AXIS2_PLACEMENT_3D('',#5881,#3953,#3954);
#3172=AXIS2_PLACEMENT_3D('',#5885,#3957,#3958);
#3173=AXIS2_PLACEMENT_3D('',#5887,#3960,#3961);
#3174=AXIS2_PLACEMENT_3D('',#5888,#3962,#3963);
#3175=AXIS2_PLACEMENT_3D('',#5898,#3969,#3970);
#3176=AXIS2_PLACEMENT_3D('',#5901,#3973,#3974);
#3177=AXIS2_PLACEMENT_3D('',#5904,#3977,#3978);
#3178=AXIS2_PLACEMENT_3D('',#5906,#3980,#3981);
#3179=AXIS2_PLACEMENT_3D('',#5908,#3983,#3984);
#3180=AXIS2_PLACEMENT_3D('',#5909,#3985,#3986);
#3181=AXIS2_PLACEMENT_3D('',#5910,#3987,#3988);
#3182=AXIS2_PLACEMENT_3D('',#5912,#3989,#3990);
#3183=AXIS2_PLACEMENT_3D('',#5913,#3991,#3992);
#3184=AXIS2_PLACEMENT_3D('',#5916,#3994,#3995);
#3185=AXIS2_PLACEMENT_3D('',#5917,#3996,#3997);
#3186=AXIS2_PLACEMENT_3D('',#5918,#3998,#3999);
#3187=AXIS2_PLACEMENT_3D('',#5919,#4000,#4001);
#3188=AXIS2_PLACEMENT_3D('',#5920,#4002,#4003);
#3189=AXIS2_PLACEMENT_3D('',#5921,#4004,#4005);
#3190=AXIS2_PLACEMENT_3D('',#5922,#4006,#4007);
#3191=AXIS2_PLACEMENT_3D('',#5923,#4008,#4009);
#3192=DIRECTION('axis',(0.,0.,1.));
#3193=DIRECTION('refdir',(1.,0.,0.));
#3194=DIRECTION('axis',(0.,0.,1.));
#3195=DIRECTION('refdir',(1.,0.,0.));
#3196=DIRECTION('center_axis',(1.,0.,6.74395155429101E-17));
#3197=DIRECTION('ref_axis',(6.74395155429101E-17,0.,-1.));
#3198=DIRECTION('',(-6.74395155429101E-17,0.,1.));
#3199=DIRECTION('',(0.,1.,0.));
#3200=DIRECTION('',(6.74395155429101E-17,0.,-1.));
#3201=DIRECTION('',(0.,1.,0.));
#3202=DIRECTION('center_axis',(0.,1.,0.));
#3203=DIRECTION('ref_axis',(0.,0.,1.));
#3204=DIRECTION('center_axis',(0.,1.,0.));
#3205=DIRECTION('ref_axis',(0.,0.,1.));
#3206=DIRECTION('center_axis',(0.,1.,0.));
#3207=DIRECTION('ref_axis',(0.,0.,1.));
#3208=DIRECTION('',(0.,1.,0.));
#3209=DIRECTION('center_axis',(0.,0.,1.));
#3210=DIRECTION('ref_axis',(1.,0.,0.));
#3211=DIRECTION('',(-1.,0.,0.));
#3212=DIRECTION('',(1.,0.,0.));
#3213=DIRECTION('',(0.,1.,0.));
#3214=DIRECTION('center_axis',(0.,1.,0.));
#3215=DIRECTION('ref_axis',(-1.,0.,8.88178419700124E-16));
#3216=DIRECTION('center_axis',(0.,1.,0.));
#3217=DIRECTION('ref_axis',(-1.,0.,8.88178419700124E-16));
#3218=DIRECTION('center_axis',(0.,1.,0.));
#3219=DIRECTION('ref_axis',(-1.,0.,8.88178419700124E-16));
#3220=DIRECTION('',(0.,1.,0.));
#3221=DIRECTION('center_axis',(-1.,0.,-6.743951554291E-17));
#3222=DIRECTION('ref_axis',(-6.743951554291E-17,0.,1.));
#3223=DIRECTION('',(6.743951554291E-17,0.,-1.));
#3224=DIRECTION('',(-6.743951554291E-17,0.,1.));
#3225=DIRECTION('',(0.,1.,0.));
#3226=DIRECTION('center_axis',(0.,1.,0.));
#3227=DIRECTION('ref_axis',(0.,0.,-1.));
#3228=DIRECTION('center_axis',(0.,1.,0.));
#3229=DIRECTION('ref_axis',(0.,0.,-1.));
#3230=DIRECTION('center_axis',(0.,1.,0.));
#3231=DIRECTION('ref_axis',(0.,0.,-1.));
#3232=DIRECTION('',(0.,1.,0.));
#3233=DIRECTION('center_axis',(0.,0.,-1.));
#3234=DIRECTION('ref_axis',(-1.,0.,0.));
#3235=DIRECTION('',(1.,0.,0.));
#3236=DIRECTION('',(-1.,0.,0.));
#3237=DIRECTION('',(0.,1.,0.));
#3238=DIRECTION('center_axis',(0.,1.,0.));
#3239=DIRECTION('ref_axis',(1.,0.,-8.88178419700123E-16));
#3240=DIRECTION('center_axis',(0.,1.,0.));
#3241=DIRECTION('ref_axis',(1.,0.,-8.88178419700123E-16));
#3242=DIRECTION('center_axis',(0.,1.,0.));
#3243=DIRECTION('ref_axis',(1.,0.,-8.88178419700123E-16));
#3244=DIRECTION('center_axis',(0.,1.,0.));
#3245=DIRECTION('ref_axis',(1.,0.,0.));
#3246=DIRECTION('center_axis',(0.,1.,0.));
#3247=DIRECTION('ref_axis',(1.,0.,0.));
#3248=DIRECTION('axis',(0.,0.,1.));
#3249=DIRECTION('refdir',(1.,0.,0.));
#3250=DIRECTION('center_axis',(0.,0.,-1.));
#3251=DIRECTION('ref_axis',(-1.,0.,0.));
#3252=DIRECTION('center_axis',(0.,0.,1.));
#3253=DIRECTION('ref_axis',(1.,0.,0.));
#3254=DIRECTION('center_axis',(-1.22464679914735E-16,-1.,0.));
#3255=DIRECTION('ref_axis',(1.,-1.22464679914735E-16,0.));
#3256=DIRECTION('center_axis',(0.,0.,-1.));
#3257=DIRECTION('ref_axis',(1.,0.,0.));
#3258=DIRECTION('center_axis',(0.,0.,-1.));
#3259=DIRECTION('ref_axis',(1.,0.,0.));
#3260=DIRECTION('center_axis',(0.,0.,1.));
#3261=DIRECTION('ref_axis',(1.,0.,0.));
#3262=DIRECTION('center_axis',(0.,0.,1.));
#3263=DIRECTION('ref_axis',(1.,0.,0.));
#3264=DIRECTION('',(0.,0.,-1.));
#3265=DIRECTION('center_axis',(0.,0.,1.));
#3266=DIRECTION('ref_axis',(1.,0.,0.));
#3267=DIRECTION('center_axis',(0.,0.,1.));
#3268=DIRECTION('ref_axis',(-1.,0.,0.));
#3269=DIRECTION('center_axis',(0.,0.,1.));
#3270=DIRECTION('ref_axis',(-1.,0.,0.));
#3271=DIRECTION('',(0.,0.,-1.));
#3272=DIRECTION('center_axis',(0.,0.,-1.));
#3273=DIRECTION('ref_axis',(-1.,0.,0.));
#3274=DIRECTION('center_axis',(0.,0.,1.));
#3275=DIRECTION('ref_axis',(-1.,0.,0.));
#3276=DIRECTION('center_axis',(0.801574772969585,0.24356952532978,-0.546032755124987));
#3277=DIRECTION('ref_axis',(0.290737696464016,-0.956802796742776,0.));
#3278=DIRECTION('center_axis',(0.,0.,1.));
#3279=DIRECTION('ref_axis',(1.,0.,0.));
#3280=DIRECTION('axis',(0.,0.,1.));
#3281=DIRECTION('refdir',(1.,0.,0.));
#3282=DIRECTION('center_axis',(0.,-1.,7.41246156883926E-16));
#3283=DIRECTION('ref_axis',(1.22464679914735E-16,4.736951571734E-16,1.));
#3284=DIRECTION('center_axis',(0.,-1.,7.41246156883926E-16));
#3285=DIRECTION('ref_axis',(3.82856869892695E-16,7.40148683083438E-16,1.));
#3286=DIRECTION('center_axis',(0.,1.,-7.41246156883926E-16));
#3287=DIRECTION('ref_axis',(3.82856869892695E-16,7.41246156883926E-16,1.));
#3288=DIRECTION('center_axis',(0.,-1.,0.));
#3289=DIRECTION('ref_axis',(1.83697019872103E-16,0.,1.));
#3290=DIRECTION('',(0.,-1.,0.));
#3291=DIRECTION('center_axis',(0.,1.,0.));
#3292=DIRECTION('ref_axis',(-1.,0.,0.));
#3293=DIRECTION('',(0.,1.,0.));
#3294=DIRECTION('center_axis',(0.,0.,1.));
#3295=DIRECTION('ref_axis',(-3.82856869892695E-16,1.,0.));
#3296=DIRECTION('center_axis',(0.,0.,1.));
#3297=DIRECTION('ref_axis',(-2.83276944882399E-16,1.,0.));
#3298=DIRECTION('center_axis',(0.,0.,1.));
#3299=DIRECTION('ref_axis',(-2.83276944882399E-16,1.,0.));
#3300=DIRECTION('center_axis',(0.,0.,-1.));
#3301=DIRECTION('ref_axis',(-2.83276944882399E-16,1.,0.));
#3302=DIRECTION('center_axis',(0.,0.,1.));
#3303=DIRECTION('ref_axis',(-1.,0.,0.));
#3304=DIRECTION('',(0.,0.,-1.));
#3305=DIRECTION('center_axis',(0.,-0.454545297405936,-0.890723623020154));
#3306=DIRECTION('ref_axis',(0.,-0.890723623020154,0.454545297405936));
#3307=DIRECTION('',(0.,0.,1.));
#3308=DIRECTION('',(0.,0.,-1.));
#3309=DIRECTION('center_axis',(0.,0.,1.));
#3310=DIRECTION('ref_axis',(-1.,0.,0.));
#3311=DIRECTION('center_axis',(0.,1.,0.));
#3312=DIRECTION('ref_axis',(-1.,0.,0.));
#3313=DIRECTION('center_axis',(0.,1.,0.));
#3314=DIRECTION('ref_axis',(-1.,0.,0.));
#3315=DIRECTION('center_axis',(0.,-1.,0.));
#3316=DIRECTION('ref_axis',(-1.,0.,0.));
#3317=DIRECTION('',(0.,-1.,0.));
#3318=DIRECTION('center_axis',(0.,1.,0.));
#3319=DIRECTION('ref_axis',(-1.,0.,0.));
#3320=DIRECTION('center_axis',(0.,-1.,0.));
#3321=DIRECTION('ref_axis',(-1.,0.,0.));
#3322=DIRECTION('center_axis',(0.,-1.,0.));
#3323=DIRECTION('ref_axis',(-1.,0.,0.));
#3324=DIRECTION('',(0.,-1.,0.));
#3325=DIRECTION('center_axis',(0.,-1.,0.));
#3326=DIRECTION('ref_axis',(-1.,0.,0.));
#3327=DIRECTION('center_axis',(0.,1.,0.));
#3328=DIRECTION('ref_axis',(-1.,0.,0.));
#3329=DIRECTION('center_axis',(0.,1.,0.));
#3330=DIRECTION('ref_axis',(0.,0.,1.));
#3331=DIRECTION('',(0.,0.,1.));
#3332=DIRECTION('',(-1.,0.,0.));
#3333=DIRECTION('',(0.,0.,-1.));
#3334=DIRECTION('center_axis',(-1.,6.12323399573677E-17,0.));
#3335=DIRECTION('ref_axis',(-6.12323399573677E-17,-1.,0.));
#3336=DIRECTION('',(-4.53882366704089E-32,-7.41246156883926E-16,-1.));
#3337=DIRECTION('center_axis',(1.,-6.12323399573677E-17,0.));
#3338=DIRECTION('ref_axis',(-4.32978028117748E-17,-0.707106781186549,-0.707106781186546));
#3339=DIRECTION('',(4.32978028117747E-17,0.707106781186547,-0.707106781186547));
#3340=DIRECTION('center_axis',(1.,-6.12323399573677E-17,0.));
#3341=DIRECTION('ref_axis',(-2.51008813559423E-31,-4.09928501400054E-15,
-1.));
#3342=DIRECTION('',(6.12323399573677E-17,1.,0.));
#3343=DIRECTION('',(5.45410916928283E-17,0.890723623020154,-0.454545297405936));
#3344=DIRECTION('',(-6.12323399573677E-17,-1.,0.));
#3345=DIRECTION('',(-4.32978028117746E-17,-0.707106781186547,0.707106781186548));
#3346=DIRECTION('center_axis',(-1.,6.12323399573677E-17,0.));
#3347=DIRECTION('ref_axis',(-4.32978028117747E-17,-0.707106781186547,-0.707106781186547));
#3348=DIRECTION('center_axis',(0.,-1.,7.41246156883926E-16));
#3349=DIRECTION('ref_axis',(-4.53882366704089E-32,-7.41246156883926E-16,
-1.));
#3350=DIRECTION('',(4.53882366704089E-32,7.41246156883926E-16,1.));
#3351=DIRECTION('',(-1.,0.,0.));
#3352=DIRECTION('center_axis',(0.,-0.454545297405936,-0.890723623020154));
#3353=DIRECTION('ref_axis',(5.45410916928283E-17,0.890723623020154,-0.454545297405936));
#3354=DIRECTION('center_axis',(0.,0.454545297405936,0.890723623020154));
#3355=DIRECTION('ref_axis',(0.,-0.890723623020154,0.454545297405936));
#3356=DIRECTION('',(-1.,0.,0.));
#3357=DIRECTION('center_axis',(0.,1.,0.));
#3358=DIRECTION('ref_axis',(0.,0.,1.));
#3359=DIRECTION('',(0.,0.,-1.));
#3360=DIRECTION('',(-1.,0.,0.));
#3361=DIRECTION('',(0.,0.,1.));
#3362=DIRECTION('center_axis',(-1.,6.12323399573677E-17,0.));
#3363=DIRECTION('ref_axis',(-6.12323399573677E-17,-1.,0.));
#3364=DIRECTION('center_axis',(1.,-6.12323399573677E-17,0.));
#3365=DIRECTION('ref_axis',(-4.32978028117747E-17,-0.707106781186547,-0.707106781186547));
#3366=DIRECTION('',(4.32978028117746E-17,0.707106781186547,-0.707106781186548));
#3367=DIRECTION('',(6.12323399573677E-17,1.,0.));
#3368=DIRECTION('',(-5.45410916928283E-17,-0.890723623020154,0.454545297405936));
#3369=DIRECTION('',(-6.12323399573677E-17,-1.,0.));
#3370=DIRECTION('center_axis',(-1.,6.12323399573677E-17,0.));
#3371=DIRECTION('ref_axis',(-2.51008813559423E-31,-4.09928501400054E-15,
-1.));
#3372=DIRECTION('',(-4.32978028117747E-17,-0.707106781186547,0.707106781186547));
#3373=DIRECTION('center_axis',(-1.,6.12323399573677E-17,0.));
#3374=DIRECTION('ref_axis',(-4.32978028117748E-17,-0.707106781186549,-0.707106781186546));
#3375=DIRECTION('center_axis',(0.,-0.707106781186548,-0.707106781186548));
#3376=DIRECTION('ref_axis',(4.32978028117747E-17,0.707106781186548,-0.707106781186548));
#3377=DIRECTION('',(-1.,0.,0.));
#3378=DIRECTION('',(-1.,0.,0.));
#3379=DIRECTION('center_axis',(1.,0.,0.));
#3380=DIRECTION('ref_axis',(0.,-0.707106781186549,-0.707106781186546));
#3381=DIRECTION('center_axis',(1.,0.,0.));
#3382=DIRECTION('ref_axis',(0.,-0.707106781186547,-0.707106781186547));
#3383=DIRECTION('',(-1.,0.,0.));
#3384=DIRECTION('center_axis',(0.,0.707106781186548,0.707106781186547));
#3385=DIRECTION('ref_axis',(-4.32978028117746E-17,-0.707106781186547,0.707106781186548));
#3386=DIRECTION('',(-1.,0.,0.));
#3387=DIRECTION('center_axis',(0.,-0.454545297405936,-0.890723623020154));
#3388=DIRECTION('ref_axis',(5.45410916928283E-17,0.890723623020154,-0.454545297405936));
#3389=DIRECTION('',(-1.,0.,0.));
#3390=DIRECTION('center_axis',(0.,0.,-1.));
#3391=DIRECTION('ref_axis',(6.12323399573677E-17,1.,0.));
#3392=DIRECTION('',(1.,0.,0.));
#3393=DIRECTION('center_axis',(1.,0.,0.));
#3394=DIRECTION('ref_axis',(0.,-4.09928501400054E-15,-1.));
#3395=DIRECTION('center_axis',(0.,0.,1.));
#3396=DIRECTION('ref_axis',(-1.,0.,0.));
#3397=DIRECTION('center_axis',(0.,0.,-1.));
#3398=DIRECTION('ref_axis',(-1.,0.,0.));
#3399=DIRECTION('',(0.,0.,-1.));
#3400=DIRECTION('center_axis',(0.,0.,-1.));
#3401=DIRECTION('ref_axis',(-1.,0.,0.));
#3402=DIRECTION('center_axis',(0.,0.,-1.));
#3403=DIRECTION('ref_axis',(-1.,0.,0.));
#3404=DIRECTION('center_axis',(0.,0.,1.));
#3405=DIRECTION('ref_axis',(-1.,0.,0.));
#3406=DIRECTION('center_axis',(0.,0.,1.));
#3407=DIRECTION('ref_axis',(-1.,0.,0.));
#3408=DIRECTION('center_axis',(0.,0.,1.));
#3409=DIRECTION('ref_axis',(-1.,0.,0.));
#3410=DIRECTION('axis',(0.,0.,1.));
#3411=DIRECTION('refdir',(1.,0.,0.));
#3412=DIRECTION('center_axis',(0.,0.,-1.));
#3413=DIRECTION('ref_axis',(0.707106781186549,0.707106781186546,0.));
#3414=DIRECTION('',(0.,0.,1.));
#3415=DIRECTION('',(0.,0.,-1.));
#3416=DIRECTION('center_axis',(0.707106781186552,0.,0.707106781186543));
#3417=DIRECTION('ref_axis',(-0.707106781186543,0.,0.707106781186552));
#3418=DIRECTION('center_axis',(-1.,0.,0.));
#3419=DIRECTION('ref_axis',(0.,0.707106781186541,-0.707106781186554));
#3420=DIRECTION('',(1.,0.,0.));
#3421=DIRECTION('',(-1.,0.,0.));
#3422=DIRECTION('center_axis',(0.707106781186552,0.,-0.707106781186543));
#3423=DIRECTION('ref_axis',(0.707106781186543,0.,0.707106781186552));
#3424=DIRECTION('center_axis',(0.,0.,1.));
#3425=DIRECTION('ref_axis',(-0.707106781186549,0.707106781186546,0.));
#3426=DIRECTION('',(0.,0.,1.));
#3427=DIRECTION('',(0.,0.,-1.));
#3428=DIRECTION('center_axis',(0.,1.,0.));
#3429=DIRECTION('ref_axis',(-1.,0.,0.));
#3430=DIRECTION('center_axis',(0.,-1.,0.));
#3431=DIRECTION('ref_axis',(1.83697019872103E-16,0.,1.));
#3432=DIRECTION('center_axis',(0.,-1.,0.));
#3433=DIRECTION('ref_axis',(-1.,0.,0.));
#3434=DIRECTION('center_axis',(0.,1.,0.));
#3435=DIRECTION('ref_axis',(0.,0.,1.));
#3436=DIRECTION('center_axis',(0.,1.,0.));
#3437=DIRECTION('ref_axis',(1.83697019872103E-16,0.,1.));
#3438=DIRECTION('center_axis',(0.,1.,0.));
#3439=DIRECTION('ref_axis',(1.83697019872103E-16,0.,1.));
#3440=DIRECTION('center_axis',(0.,1.,0.));
#3441=DIRECTION('ref_axis',(-1.,0.,0.));
#3442=DIRECTION('',(0.,-1.,0.));
#3443=DIRECTION('center_axis',(0.,-1.,0.));
#3444=DIRECTION('ref_axis',(-1.,0.,0.));
#3445=DIRECTION('',(0.,1.,0.));
#3446=DIRECTION('',(0.,-1.,0.));
#3447=DIRECTION('center_axis',(0.,1.,0.));
#3448=DIRECTION('ref_axis',(-1.,0.,0.));
#3449=DIRECTION('center_axis',(0.,-1.,0.));
#3450=DIRECTION('ref_axis',(0.,0.,-1.));
#3451=DIRECTION('',(0.,0.,1.));
#3452=DIRECTION('',(-1.,0.,0.));
#3453=DIRECTION('',(0.,0.,1.));
#3454=DIRECTION('',(1.,0.,0.));
#3455=DIRECTION('center_axis',(0.,1.,0.));
#3456=DIRECTION('ref_axis',(-1.,0.,0.));
#3457=DIRECTION('center_axis',(0.,0.,1.));
#3458=DIRECTION('ref_axis',(0.,-1.,0.));
#3459=DIRECTION('',(0.,1.,0.));
#3460=DIRECTION('',(1.,0.,0.));
#3461=DIRECTION('',(0.,-1.,0.));
#3462=DIRECTION('center_axis',(0.,1.,0.));
#3463=DIRECTION('ref_axis',(0.,0.,1.));
#3464=DIRECTION('',(0.,0.,1.));
#3465=DIRECTION('',(-1.,0.,0.));
#3466=DIRECTION('',(0.,0.,-1.));
#3467=DIRECTION('center_axis',(0.,-1.,0.));
#3468=DIRECTION('ref_axis',(-1.,0.,0.));
#3469=DIRECTION('center_axis',(-1.,0.,0.));
#3470=DIRECTION('ref_axis',(0.,-1.,0.));
#3471=DIRECTION('',(0.,-1.,0.));
#3472=DIRECTION('center_axis',(1.,0.,0.));
#3473=DIRECTION('ref_axis',(0.,0.,-1.));
#3474=DIRECTION('',(0.,1.,0.));
#3475=DIRECTION('center_axis',(0.,-1.,0.));
#3476=DIRECTION('ref_axis',(-1.,0.,0.));
#3477=DIRECTION('',(0.,1.,0.));
#3478=DIRECTION('center_axis',(0.,-1.,0.));
#3479=DIRECTION('ref_axis',(-1.,0.,0.));
#3480=DIRECTION('center_axis',(0.,1.,0.));
#3481=DIRECTION('ref_axis',(-1.,0.,0.));
#3482=DIRECTION('',(0.,1.,0.));
#3483=DIRECTION('center_axis',(0.,0.,-1.));
#3484=DIRECTION('ref_axis',(1.,0.,0.));
#3485=DIRECTION('',(0.,-1.,0.));
#3486=DIRECTION('',(1.,0.,0.));
#3487=DIRECTION('',(0.,-1.,0.));
#3488=DIRECTION('center_axis',(-1.,0.,0.));
#3489=DIRECTION('ref_axis',(0.,0.,-1.));
#3490=DIRECTION('',(0.,0.,-1.));
#3491=DIRECTION('center_axis',(1.,0.,0.));
#3492=DIRECTION('ref_axis',(0.,0.,1.));
#3493=DIRECTION('',(0.,0.,1.));
#3494=DIRECTION('center_axis',(0.,1.,0.));
#3495=DIRECTION('ref_axis',(-1.,0.,0.));
#3496=DIRECTION('center_axis',(0.,1.,0.));
#3497=DIRECTION('ref_axis',(-1.,0.,0.));
#3498=DIRECTION('center_axis',(0.,-1.,0.));
#3499=DIRECTION('ref_axis',(-1.,0.,0.));
#3500=DIRECTION('center_axis',(0.,1.,0.));
#3501=DIRECTION('ref_axis',(-1.,0.,0.));
#3502=DIRECTION('',(0.,-1.,0.));
#3503=DIRECTION('center_axis',(0.,-1.,0.));
#3504=DIRECTION('ref_axis',(-1.,0.,0.));
#3505=DIRECTION('center_axis',(0.,1.,0.));
#3506=DIRECTION('ref_axis',(-1.,0.,0.));
#3507=DIRECTION('axis',(0.,0.,1.));
#3508=DIRECTION('refdir',(1.,0.,0.));
#3509=DIRECTION('axis',(0.,0.,1.));
#3510=DIRECTION('refdir',(1.,0.,0.));
#3511=DIRECTION('axis',(0.,0.,1.));
#3512=DIRECTION('refdir',(1.,0.,0.));
#3513=DIRECTION('center_axis',(0.,0.,-1.));
#3514=DIRECTION('ref_axis',(-1.,0.,0.));
#3515=DIRECTION('center_axis',(0.,0.,-1.));
#3516=DIRECTION('ref_axis',(1.,0.,0.));
#3517=DIRECTION('center_axis',(0.,0.,-1.));
#3518=DIRECTION('ref_axis',(1.,0.,0.));
#3519=DIRECTION('',(-0.707106781186547,8.65956056235493E-17,0.707106781186547));
#3520=DIRECTION('center_axis',(0.,0.,1.));
#3521=DIRECTION('ref_axis',(1.,0.,0.));
#3522=DIRECTION('center_axis',(0.,0.,1.));
#3523=DIRECTION('ref_axis',(1.,0.,0.));
#3524=DIRECTION('center_axis',(0.,0.,1.));
#3525=DIRECTION('ref_axis',(1.,0.,0.));
#3526=DIRECTION('',(0.70710678118655,8.65956056235496E-17,-0.707106781186545));
#3527=DIRECTION('center_axis',(0.,0.,-1.));
#3528=DIRECTION('ref_axis',(1.,0.,0.));
#3529=DIRECTION('center_axis',(0.,0.,1.));
#3530=DIRECTION('ref_axis',(1.,0.,0.));
#3531=DIRECTION('center_axis',(0.,0.,1.));
#3532=DIRECTION('ref_axis',(1.,0.,0.));
#3533=DIRECTION('center_axis',(-1.22464679914735E-16,1.,0.));
#3534=DIRECTION('ref_axis',(-1.,-1.22464679914735E-16,0.));
#3535=DIRECTION('center_axis',(0.,0.,1.));
#3536=DIRECTION('ref_axis',(1.,0.,0.));
#3537=DIRECTION('center_axis',(0.,0.,1.));
#3538=DIRECTION('ref_axis',(1.,0.,0.));
#3539=DIRECTION('',(0.,0.,-1.));
#3540=DIRECTION('center_axis',(0.,0.,1.));
#3541=DIRECTION('ref_axis',(1.,0.,0.));
#3542=DIRECTION('center_axis',(0.,0.,1.));
#3543=DIRECTION('ref_axis',(1.,0.,0.));
#3544=DIRECTION('',(0.,0.,1.));
#3545=DIRECTION('center_axis',(0.,0.,1.));
#3546=DIRECTION('ref_axis',(1.,0.,0.));
#3547=DIRECTION('',(0.,0.,1.));
#3548=DIRECTION('center_axis',(0.,0.,1.));
#3549=DIRECTION('ref_axis',(1.,0.,0.));
#3550=DIRECTION('center_axis',(0.,0.,1.));
#3551=DIRECTION('ref_axis',(1.,0.,0.));
#3552=DIRECTION('center_axis',(0.,0.,1.));
#3553=DIRECTION('ref_axis',(1.,0.,0.));
#3554=DIRECTION('axis',(0.,0.,1.));
#3555=DIRECTION('refdir',(1.,0.,0.));
#3556=DIRECTION('center_axis',(0.,-1.36963214506905E-16,1.));
#3557=DIRECTION('ref_axis',(0.,-1.,-1.36963214506905E-16));
#3558=DIRECTION('center_axis',(0.,-1.36963214506905E-16,1.));
#3559=DIRECTION('ref_axis',(0.,-1.,-1.36963214506905E-16));
#3560=DIRECTION('center_axis',(0.,-1.36963214506905E-16,1.));
#3561=DIRECTION('ref_axis',(0.,-1.,-1.36963214506905E-16));
#3562=DIRECTION('center_axis',(1.,1.22464679914735E-16,1.67731562246813E-32));
#3563=DIRECTION('ref_axis',(-1.22464679914735E-16,1.,1.36963214506905E-16));
#3564=DIRECTION('center_axis',(0.,-1.36963214506905E-16,1.));
#3565=DIRECTION('ref_axis',(0.,-1.,-1.36963214506905E-16));
#3566=DIRECTION('center_axis',(0.,-1.36963214506905E-16,1.));
#3567=DIRECTION('ref_axis',(0.,-1.,-1.36963214506905E-16));
#3568=DIRECTION('center_axis',(0.,0.,1.));
#3569=DIRECTION('ref_axis',(1.,0.,0.));
#3570=DIRECTION('center_axis',(0.,0.,1.));
#3571=DIRECTION('ref_axis',(1.,0.,0.));
#3572=DIRECTION('',(-0.707106781186549,-8.65956056235495E-17,0.707106781186546));
#3573=DIRECTION('center_axis',(0.,0.,-1.));
#3574=DIRECTION('ref_axis',(1.,0.,0.));
#3575=DIRECTION('center_axis',(0.,0.,-1.));
#3576=DIRECTION('ref_axis',(-1.,0.,0.));
#3577=DIRECTION('center_axis',(0.,0.,-1.));
#3578=DIRECTION('ref_axis',(1.,0.,0.));
#3579=DIRECTION('center_axis',(0.,0.,-1.));
#3580=DIRECTION('ref_axis',(1.,0.,0.));
#3581=DIRECTION('',(0.707106781186546,-8.65956056235491E-17,-0.707106781186549));
#3582=DIRECTION('center_axis',(0.,0.,1.));
#3583=DIRECTION('ref_axis',(1.,0.,0.));
#3584=DIRECTION('center_axis',(0.,0.,1.));
#3585=DIRECTION('ref_axis',(1.,0.,0.));
#3586=DIRECTION('',(0.,0.,1.));
#3587=DIRECTION('center_axis',(0.,0.,1.));
#3588=DIRECTION('ref_axis',(1.,0.,0.));
#3589=DIRECTION('',(0.,0.,-1.));
#3590=DIRECTION('center_axis',(0.,0.,1.));
#3591=DIRECTION('ref_axis',(1.,0.,0.));
#3592=DIRECTION('center_axis',(0.,0.,1.));
#3593=DIRECTION('ref_axis',(1.,0.,0.));
#3594=DIRECTION('center_axis',(0.,0.,1.));
#3595=DIRECTION('ref_axis',(1.,0.,0.));
#3596=DIRECTION('',(0.,0.,-1.));
#3597=DIRECTION('center_axis',(0.,0.,1.));
#3598=DIRECTION('ref_axis',(1.,0.,0.));
#3599=DIRECTION('center_axis',(0.,0.,1.));
#3600=DIRECTION('ref_axis',(1.,0.,0.));
#3601=DIRECTION('axis',(0.,0.,1.));
#3602=DIRECTION('refdir',(1.,0.,0.));
#3603=DIRECTION('center_axis',(-1.,-3.49148133884313E-15,0.));
#3604=DIRECTION('ref_axis',(3.49148133884313E-15,-1.,0.));
#3605=DIRECTION('',(-1.,-3.49148133884313E-15,0.));
#3606=DIRECTION('center_axis',(-0.707106781186544,-0.707106781186551,0.));
#3607=DIRECTION('ref_axis',(0.707106781186551,-0.707106781186544,0.));
#3608=DIRECTION('',(-0.707106781186544,-0.707106781186551,0.));
#3609=DIRECTION('center_axis',(0.,-1.,0.));
#3610=DIRECTION('ref_axis',(0.,0.,-1.));
#3611=DIRECTION('',(0.,-1.,0.));
#3612=DIRECTION('center_axis',(0.707106781186554,-0.707106781186541,0.));
#3613=DIRECTION('ref_axis',(0.707106781186541,0.707106781186554,0.));
#3614=DIRECTION('',(0.707106781186554,-0.707106781186541,0.));
#3615=DIRECTION('center_axis',(1.,1.04744440165294E-14,0.));
#3616=DIRECTION('ref_axis',(-1.04744440165294E-14,1.,0.));
#3617=DIRECTION('',(1.,1.04744440165294E-14,0.));
#3618=DIRECTION('center_axis',(0.707106781186539,0.707106781186556,0.));
#3619=DIRECTION('ref_axis',(-0.707106781186556,0.707106781186539,0.));
#3620=DIRECTION('',(0.707106781186539,0.707106781186556,0.));
#3621=DIRECTION('center_axis',(-0.707106781186549,0.707106781186546,0.));
#3622=DIRECTION('ref_axis',(-0.707106781186546,-0.707106781186549,0.));
#3623=DIRECTION('',(-0.707106781186549,0.707106781186546,0.));
#3624=DIRECTION('center_axis',(0.,1.,0.));
#3625=DIRECTION('ref_axis',(0.,0.,1.));
#3626=DIRECTION('',(0.,1.,0.));
#3627=DIRECTION('center_axis',(0.,0.,1.));
#3628=DIRECTION('ref_axis',(1.,0.,0.));
#3629=DIRECTION('center_axis',(0.,0.,1.));
#3630=DIRECTION('ref_axis',(1.,0.,0.));
#3631=DIRECTION('',(0.,0.,1.));
#3632=DIRECTION('',(0.,0.,1.));
#3633=DIRECTION('center_axis',(0.,0.,1.));
#3634=DIRECTION('ref_axis',(1.,0.,0.));
#3635=DIRECTION('center_axis',(0.,0.,1.));
#3636=DIRECTION('ref_axis',(1.,0.,0.));
#3637=DIRECTION('center_axis',(0.,0.,1.));
#3638=DIRECTION('ref_axis',(1.,0.,0.));
#3639=DIRECTION('',(0.,0.,-1.));
#3640=DIRECTION('',(0.,0.,-1.));
#3641=DIRECTION('center_axis',(0.,0.,1.));
#3642=DIRECTION('ref_axis',(1.,0.,0.));
#3643=DIRECTION('center_axis',(0.,0.,1.));
#3644=DIRECTION('ref_axis',(1.,0.,0.));
#3645=DIRECTION('center_axis',(0.,0.,1.));
#3646=DIRECTION('ref_axis',(1.,0.,0.));
#3647=DIRECTION('axis',(0.,0.,1.));
#3648=DIRECTION('refdir',(1.,0.,0.));
#3649=DIRECTION('center_axis',(-1.,6.12323399573677E-17,0.));
#3650=DIRECTION('ref_axis',(0.,1.,0.));
#3651=DIRECTION('center_axis',(0.,1.11022302462516E-16,1.));
#3652=DIRECTION('ref_axis',(0.,-1.,1.11022302462516E-16));
#3653=DIRECTION('axis',(0.,0.,1.));
#3654=DIRECTION('refdir',(1.,0.,0.));
#3655=DIRECTION('center_axis',(0.,0.,-1.));
#3656=DIRECTION('ref_axis',(-1.,0.,0.));
#3657=DIRECTION('center_axis',(0.,0.,1.));
#3658=DIRECTION('ref_axis',(1.,0.,0.));
#3659=DIRECTION('',(0.,0.,-1.));
#3660=DIRECTION('center_axis',(0.,0.,1.));
#3661=DIRECTION('ref_axis',(1.,0.,0.));
#3662=DIRECTION('center_axis',(0.,0.,-1.));
#3663=DIRECTION('ref_axis',(-1.,0.,0.));
#3664=DIRECTION('center_axis',(0.,0.,1.));
#3665=DIRECTION('ref_axis',(1.,0.,0.));
#3666=DIRECTION('',(0.,0.,1.));
#3667=DIRECTION('center_axis',(0.,0.,1.));
#3668=DIRECTION('ref_axis',(1.,0.,0.));
#3669=DIRECTION('center_axis',(0.,0.,1.));
#3670=DIRECTION('ref_axis',(1.,0.,0.));
#3671=DIRECTION('center_axis',(0.,0.,1.));
#3672=DIRECTION('ref_axis',(1.,0.,0.));
#3673=DIRECTION('',(0.,0.,1.));
#3674=DIRECTION('',(1.,0.,0.));
#3675=DIRECTION('',(9.40285706972134E-22,1.58733374419381E-22,1.));
#3676=DIRECTION('',(0.944784178111421,-0.327693235801912,-8.36351205758341E-22));
#3677=DIRECTION('',(4.78544394975736E-17,-3.82014669493136E-17,1.));
#3678=DIRECTION('',(-0.623880204949786,-0.781519986866499,2.27572994823997E-22));
#3679=DIRECTION('',(-0.94478417811142,0.327693235801913,-6.01848205693319E-18));
#3680=DIRECTION('',(5.81977820886159E-18,-1.58699548317043E-18,-1.));
#3681=DIRECTION('',(0.,0.,1.));
#3682=DIRECTION('',(0.99981592565568,-0.0191863181792396,0.));
#3683=DIRECTION('',(-0.899777408284839,-0.436349189915851,-6.01840309712314E-18));
#3684=DIRECTION('',(5.23699225959719E-18,2.99364775909619E-18,-1.));
#3685=DIRECTION('',(-0.32769323580191,-0.944784178111421,-6.01886031409236E-18));
#3686=DIRECTION('',(1.58589646408902E-18,5.82055976119415E-18,-1.));
#3687=DIRECTION('',(0.436349189915854,-0.899777408284837,-6.01958587634123E-18));
#3688=DIRECTION('',(-2.9947467781776E-18,5.23777381192973E-18,-1.));
#3689=DIRECTION('',(0.944784178111422,-0.327693235801907,-6.02015475934471E-18));
#3690=DIRECTION('',(-5.82165878027554E-18,1.58667801642155E-18,-1.));
#3691=DIRECTION('',(0.899777408284836,0.436349189915857,-6.02023371915476E-18));
#3692=DIRECTION('',(-5.23887283101111E-18,-2.99396522584507E-18,-1.));
#3693=DIRECTION('',(0.327693235801903,0.944784178111424,-6.01977650218553E-18));
#3694=DIRECTION('',(-1.58777703550292E-18,-5.820877227943E-18,-1.));
#3695=DIRECTION('',(-0.43634918991586,0.899777408284834,-6.01905093993667E-18));
#3696=DIRECTION('',(2.99286620676369E-18,-5.23809127867855E-18,-1.));
#3697=DIRECTION('',(0.,0.,1.));
#3698=DIRECTION('',(-0.54506890132256,-0.838391252823535,0.));
#3699=DIRECTION('',(-1.11022302462516E-16,4.62223186652937E-33,1.));
#3700=DIRECTION('',(1.,-1.38777878078145E-16,5.55111512312578E-17));
#3701=DIRECTION('',(-2.77555756156289E-17,1.,6.18949336228525E-15));
#3702=DIRECTION('',(1.,5.55111512312578E-17,3.46944695195361E-18));
#3703=DIRECTION('center_axis',(0.,0.,1.));
#3704=DIRECTION('ref_axis',(-1.,0.,0.));
#3705=DIRECTION('center_axis',(0.,0.,1.));
#3706=DIRECTION('ref_axis',(-1.,0.,0.));
#3707=DIRECTION('center_axis',(0.,0.,-1.));
#3708=DIRECTION('ref_axis',(-1.,0.,0.));
#3709=DIRECTION('center_axis',(0.,0.,-1.));
#3710=DIRECTION('ref_axis',(-1.,0.,0.));
#3711=DIRECTION('',(0.,0.,1.));
#3712=DIRECTION('center_axis',(0.,0.,1.));
#3713=DIRECTION('ref_axis',(-1.,0.,0.));
#3714=DIRECTION('center_axis',(0.,0.,1.));
#3715=DIRECTION('ref_axis',(-1.,0.,0.));
#3716=DIRECTION('center_axis',(0.,0.,-1.));
#3717=DIRECTION('ref_axis',(-1.,0.,0.));
#3718=DIRECTION('',(0.,0.,1.));
#3719=DIRECTION('center_axis',(0.,2.25478826203987E-15,1.));
#3720=DIRECTION('ref_axis',(-1.,0.,0.));
#3721=DIRECTION('center_axis',(0.905678144697386,-0.423965916339394,0.));
#3722=DIRECTION('ref_axis',(-0.423965916339394,-0.905678144697385,0.));
#3723=DIRECTION('',(-0.423965916339394,-0.905678144697385,0.));
#3724=DIRECTION('',(0.,0.,1.));
#3725=DIRECTION('',(-0.423965916339394,-0.905678144697385,0.));
#3726=DIRECTION('',(0.,0.,-1.));
#3727=DIRECTION('center_axis',(0.,0.,-1.));
#3728=DIRECTION('ref_axis',(-5.0532154980743E-16,1.,0.));
#3729=DIRECTION('center_axis',(0.,0.,1.));
#3730=DIRECTION('ref_axis',(-1.,0.,0.));
#3731=DIRECTION('center_axis',(0.,0.,-1.));
#3732=DIRECTION('ref_axis',(-1.,0.,0.));
#3733=DIRECTION('',(0.,0.,-1.));
#3734=DIRECTION('center_axis',(-0.905678144697386,-0.423965916339394,0.));
#3735=DIRECTION('ref_axis',(-0.423965916339394,0.905678144697385,-1.25519125860346E-15));
#3736=DIRECTION('',(-0.423965916339394,0.905678144697385,-1.25519125860346E-15));
#3737=DIRECTION('',(-0.423965916339394,0.905678144697385,-1.25519125860346E-15));
#3738=DIRECTION('',(0.,0.,-1.));
#3739=DIRECTION('center_axis',(0.,2.25478826203987E-15,1.));
#3740=DIRECTION('ref_axis',(0.,-1.,2.25478826203987E-15));
#3741=DIRECTION('',(0.,1.,-2.25478826203987E-15));
#3742=DIRECTION('',(1.,0.,0.));
#3743=DIRECTION('',(0.,-1.,2.25478826203987E-15));
#3744=DIRECTION('center_axis',(-1.,0.,0.));
#3745=DIRECTION('ref_axis',(0.,-1.,0.));
#3746=DIRECTION('',(0.,1.,-2.21595180363586E-15));
#3747=DIRECTION('center_axis',(-1.,0.,0.));
#3748=DIRECTION('ref_axis',(0.,7.40148683083433E-16,-1.));
#3749=DIRECTION('',(0.,0.707106781186547,-0.707106781186548));
#3750=DIRECTION('center_axis',(-1.,0.,0.));
#3751=DIRECTION('ref_axis',(0.,-0.707106781186548,-0.707106781186547));
#3752=DIRECTION('',(0.,0.,1.));
#3753=DIRECTION('',(0.,-1.,0.));
#3754=DIRECTION('',(0.,0.,1.));
#3755=DIRECTION('center_axis',(-1.,0.,0.));
#3756=DIRECTION('ref_axis',(0.,-0.707106752483307,-0.707106809889787));
#3757=DIRECTION('',(0.,0.707106809889787,-0.707106752483307));
#3758=DIRECTION('center_axis',(-1.,0.,0.));
#3759=DIRECTION('ref_axis',(0.,0.,-1.));
#3760=DIRECTION('center_axis',(0.,-1.,0.));
#3761=DIRECTION('ref_axis',(-1.,0.,0.));
#3762=DIRECTION('center_axis',(0.,-1.,0.));
#3763=DIRECTION('ref_axis',(-1.,0.,0.));
#3764=DIRECTION('',(0.,-1.,0.));
#3765=DIRECTION('center_axis',(0.,1.,0.));
#3766=DIRECTION('ref_axis',(-1.,0.,0.));
#3767=DIRECTION('center_axis',(1.,0.,0.));
#3768=DIRECTION('ref_axis',(0.,0.,-1.));
#3769=DIRECTION('',(1.,0.,0.));
#3770=DIRECTION('center_axis',(-1.,0.,0.));
#3771=DIRECTION('ref_axis',(0.,0.,-1.));
#3772=DIRECTION('center_axis',(0.,-2.21595180363586E-15,-1.));
#3773=DIRECTION('ref_axis',(0.,1.,-2.21595180363586E-15));
#3774=DIRECTION('',(0.,1.,-2.21595180363586E-15));
#3775=DIRECTION('',(1.,0.,0.));
#3776=DIRECTION('center_axis',(1.,0.,0.));
#3777=DIRECTION('ref_axis',(0.,7.40148683083433E-16,-1.));
#3778=DIRECTION('center_axis',(1.,0.,0.));
#3779=DIRECTION('ref_axis',(0.,7.40148683083433E-16,-1.));
#3780=DIRECTION('',(1.,0.,0.));
#3781=DIRECTION('center_axis',(0.,-0.707106781186548,-0.707106781186547));
#3782=DIRECTION('ref_axis',(0.,0.707106781186547,-0.707106781186548));
#3783=DIRECTION('',(0.,0.707106781186547,-0.707106781186548));
#3784=DIRECTION('',(1.,0.,0.));
#3785=DIRECTION('center_axis',(1.,0.,0.));
#3786=DIRECTION('ref_axis',(0.,-0.707106781186548,-0.707106781186547));
#3787=DIRECTION('center_axis',(1.,0.,0.));
#3788=DIRECTION('ref_axis',(0.,-0.707106781186548,-0.707106781186547));
#3789=DIRECTION('',(1.,0.,0.));
#3790=DIRECTION('center_axis',(0.,-1.,0.));
#3791=DIRECTION('ref_axis',(0.,0.,-1.));
#3792=DIRECTION('',(0.,0.,-1.));
#3793=DIRECTION('',(1.,0.,0.));
#3794=DIRECTION('center_axis',(0.,0.,1.));
#3795=DIRECTION('ref_axis',(0.,-1.,0.));
#3796=DIRECTION('',(0.,-1.,0.));
#3797=DIRECTION('',(1.,0.,0.));
#3798=DIRECTION('center_axis',(0.,1.,0.));
#3799=DIRECTION('ref_axis',(0.,0.,1.));
#3800=DIRECTION('',(0.,0.,1.));
#3801=DIRECTION('',(1.,0.,0.));
#3802=DIRECTION('center_axis',(1.,0.,0.));
#3803=DIRECTION('ref_axis',(0.,-0.707106752483307,-0.707106809889787));
#3804=DIRECTION('center_axis',(-1.,0.,0.));
#3805=DIRECTION('ref_axis',(0.,-0.707106752483307,-0.707106809889787));
#3806=DIRECTION('',(1.,0.,0.));
#3807=DIRECTION('center_axis',(0.,0.707106752483307,0.707106809889787));
#3808=DIRECTION('ref_axis',(0.,-0.707106809889787,0.707106752483307));
#3809=DIRECTION('',(0.,-0.707106809889787,0.707106752483307));
#3810=DIRECTION('center_axis',(-1.,0.,0.));
#3811=DIRECTION('ref_axis',(0.,-1.,0.));
#3812=DIRECTION('',(-2.18791747904196E-17,1.70784568461311E-17,1.));
#3813=DIRECTION('',(1.,0.,0.));
#3814=DIRECTION('axis',(0.,0.,1.));
#3815=DIRECTION('refdir',(1.,0.,0.));
#3816=DIRECTION('center_axis',(0.,0.,1.));
#3817=DIRECTION('ref_axis',(-0.707106781186546,0.707106781186549,0.));
#3818=DIRECTION('center_axis',(0.,0.,-1.));
#3819=DIRECTION('ref_axis',(-0.707106781186546,0.707106781186549,0.));
#3820=DIRECTION('',(0.,0.,-1.));
#3821=DIRECTION('center_axis',(0.,0.,1.));
#3822=DIRECTION('ref_axis',(-0.707106781186546,0.707106781186549,0.));
#3823=DIRECTION('',(0.,0.,1.));
#3824=DIRECTION('center_axis',(-1.,0.,0.));
#3825=DIRECTION('ref_axis',(0.,-1.,0.));
#3826=DIRECTION('',(0.,-1.,0.));
#3827=DIRECTION('',(0.,0.,-1.));
#3828=DIRECTION('',(0.,-1.,0.));
#3829=DIRECTION('center_axis',(0.,0.,1.));
#3830=DIRECTION('ref_axis',(-1.,0.,0.));
#3831=DIRECTION('',(-1.,0.,0.));
#3832=DIRECTION('',(0.,1.,0.));
#3833=DIRECTION('',(1.,0.,0.));
#3834=DIRECTION('',(0.,1.,0.));
#3835=DIRECTION('',(-1.,0.,0.));
#3836=DIRECTION('',(0.,1.,0.));
#3837=DIRECTION('',(-1.,0.,0.));
#3838=DIRECTION('',(0.17364817766693,-0.984807753012208,0.));
#3839=DIRECTION('',(-1.,0.,0.));
#3840=DIRECTION('center_axis',(0.,0.,1.));
#3841=DIRECTION('ref_axis',(-0.707106781186547,-0.707106781186547,0.));
#3842=DIRECTION('center_axis',(0.,0.,1.));
#3843=DIRECTION('ref_axis',(0.707106781186548,0.707106781186547,0.));
#3844=DIRECTION('center_axis',(0.,0.,-1.));
#3845=DIRECTION('ref_axis',(0.707106781186548,0.707106781186547,0.));
#3846=DIRECTION('',(0.,0.,-1.));
#3847=DIRECTION('center_axis',(0.,0.,1.));
#3848=DIRECTION('ref_axis',(0.707106781186548,0.707106781186547,0.));
#3849=DIRECTION('',(0.,0.,1.));
#3850=DIRECTION('center_axis',(0.,1.,0.));
#3851=DIRECTION('ref_axis',(-1.,0.,0.));
#3852=DIRECTION('',(1.,0.,0.));
#3853=DIRECTION('',(0.,0.,1.));
#3854=DIRECTION('',(-1.,0.,0.));
#3855=DIRECTION('center_axis',(0.,0.,1.));
#3856=DIRECTION('ref_axis',(-1.,0.,0.));
#3857=DIRECTION('',(0.,1.,0.));
#3858=DIRECTION('center_axis',(0.,0.,1.));
#3859=DIRECTION('ref_axis',(0.707106781186547,-0.707106781186547,0.));
#3860=DIRECTION('',(-1.,0.,0.));
#3861=DIRECTION('',(0.17364817766693,0.984807753012208,0.));
#3862=DIRECTION('',(-1.,0.,0.));
#3863=DIRECTION('',(0.,1.,0.));
#3864=DIRECTION('',(1.,0.,0.));
#3865=DIRECTION('',(0.,1.,0.));
#3866=DIRECTION('',(-1.,0.,0.));
#3867=DIRECTION('',(0.,1.,0.));
#3868=DIRECTION('center_axis',(0.,0.,1.));
#3869=DIRECTION('ref_axis',(6.12323399573676E-17,1.,0.));
#3870=DIRECTION('center_axis',(0.,0.,1.));
#3871=DIRECTION('ref_axis',(-6.12323399573677E-17,1.,0.));
#3872=DIRECTION('center_axis',(0.,0.,1.));
#3873=DIRECTION('ref_axis',(-6.12323399573677E-17,1.,0.));
#3874=DIRECTION('center_axis',(0.,0.,-1.));
#3875=DIRECTION('ref_axis',(-6.12323399573677E-17,1.,0.));
#3876=DIRECTION('center_axis',(0.,0.,1.));
#3877=DIRECTION('ref_axis',(-1.,0.,0.));
#3878=DIRECTION('',(0.,0.,-1.));
#3879=DIRECTION('center_axis',(0.,0.,-1.));
#3880=DIRECTION('ref_axis',(-1.,0.,0.));
#3881=DIRECTION('',(0.,0.,1.));
#3882=DIRECTION('',(0.,0.,-1.));
#3883=DIRECTION('center_axis',(0.,0.,1.));
#3884=DIRECTION('ref_axis',(-1.,0.,0.));
#3885=DIRECTION('center_axis',(0.,0.,1.));
#3886=DIRECTION('ref_axis',(0.707106781186547,-0.707106781186547,0.));
#3887=DIRECTION('center_axis',(0.,0.,-1.));
#3888=DIRECTION('ref_axis',(0.707106781186547,-0.707106781186547,0.));
#3889=DIRECTION('',(0.,0.,-1.));
#3890=DIRECTION('',(0.,0.,1.));
#3891=DIRECTION('center_axis',(0.,-1.,0.));
#3892=DIRECTION('ref_axis',(1.,0.,0.));
#3893=DIRECTION('',(1.,0.,0.));
#3894=DIRECTION('',(0.,0.,1.));
#3895=DIRECTION('',(0.,0.,1.));
#3896=DIRECTION('',(1.,0.,0.));
#3897=DIRECTION('',(0.,0.,-1.));
#3898=DIRECTION('center_axis',(0.,0.,1.));
#3899=DIRECTION('ref_axis',(-0.707106781186547,-0.707106781186547,0.));
#3900=DIRECTION('center_axis',(0.,0.,-1.));
#3901=DIRECTION('ref_axis',(-0.707106781186547,-0.707106781186547,0.));
#3902=DIRECTION('center_axis',(0.,0.,1.));
#3903=DIRECTION('ref_axis',(1.,0.,0.));
#3904=DIRECTION('',(0.,-1.,0.));
#3905=DIRECTION('',(1.,0.,0.));
#3906=DIRECTION('',(0.,1.,0.));
#3907=DIRECTION('center_axis',(0.,1.,0.));
#3908=DIRECTION('ref_axis',(-1.,0.,0.));
#3909=DIRECTION('',(0.,0.,1.));
#3910=DIRECTION('',(-1.,0.,0.));
#3911=DIRECTION('',(0.,0.,1.));
#3912=DIRECTION('',(0.,0.,1.));
#3913=DIRECTION('',(1.,0.,0.));
#3914=DIRECTION('',(0.,0.,1.));
#3915=DIRECTION('center_axis',(-1.,0.,0.));
#3916=DIRECTION('ref_axis',(0.,-1.,0.));
#3917=DIRECTION('',(0.,-1.,0.));
#3918=DIRECTION('',(0.,0.,1.));
#3919=DIRECTION('center_axis',(0.,1.,0.));
#3920=DIRECTION('ref_axis',(-1.,0.,0.));
#3921=DIRECTION('',(-1.,0.,0.));
#3922=DIRECTION('',(0.,0.,1.));
#3923=DIRECTION('center_axis',(-1.,0.,0.));
#3924=DIRECTION('ref_axis',(0.,-1.,0.));
#3925=DIRECTION('',(0.,-1.,0.));
#3926=DIRECTION('',(0.,0.,1.));
#3927=DIRECTION('center_axis',(0.,-1.,0.));
#3928=DIRECTION('ref_axis',(1.,0.,0.));
#3929=DIRECTION('',(1.,0.,0.));
#3930=DIRECTION('',(0.,0.,1.));
#3931=DIRECTION('center_axis',(-1.,0.,0.));
#3932=DIRECTION('ref_axis',(0.,-1.,0.));
#3933=DIRECTION('',(0.,-1.,0.));
#3934=DIRECTION('center_axis',(1.,0.,0.));
#3935=DIRECTION('ref_axis',(0.,1.,0.));
#3936=DIRECTION('',(0.,1.,0.));
#3937=DIRECTION('center_axis',(0.,1.,0.));
#3938=DIRECTION('ref_axis',(-1.,0.,0.));
#3939=DIRECTION('',(-1.,0.,0.));
#3940=DIRECTION('',(0.,0.,1.));
#3941=DIRECTION('center_axis',(1.,0.,0.));
#3942=DIRECTION('ref_axis',(0.,1.,0.));
#3943=DIRECTION('',(0.,1.,0.));
#3944=DIRECTION('',(0.,0.,1.));
#3945=DIRECTION('center_axis',(0.,-1.,0.));
#3946=DIRECTION('ref_axis',(1.,0.,0.));
#3947=DIRECTION('',(1.,0.,0.));
#3948=DIRECTION('',(0.,0.,1.));
#3949=DIRECTION('center_axis',(1.,0.,0.));
#3950=DIRECTION('ref_axis',(0.,1.,0.));
#3951=DIRECTION('',(0.,1.,0.));
#3952=DIRECTION('',(0.,0.,1.));
#3953=DIRECTION('center_axis',(0.,1.,0.));
#3954=DIRECTION('ref_axis',(-1.,0.,0.));
#3955=DIRECTION('',(-1.,0.,0.));
#3956=DIRECTION('',(0.,0.,1.));
#3957=DIRECTION('center_axis',(1.,0.,0.));
#3958=DIRECTION('ref_axis',(0.,1.,0.));
#3959=DIRECTION('',(0.,1.,0.));
#3960=DIRECTION('center_axis',(0.,0.,1.));
#3961=DIRECTION('ref_axis',(1.,0.,0.));
#3962=DIRECTION('center_axis',(0.,0.,-1.));
#3963=DIRECTION('ref_axis',(-1.,0.,0.));
#3964=DIRECTION('',(-0.17364817766693,-0.984807753012208,0.));
#3965=DIRECTION('',(0.,-1.,0.));
#3966=DIRECTION('',(-1.,0.,0.));
#3967=DIRECTION('',(0.,1.,0.));
#3968=DIRECTION('',(-0.17364817766693,0.984807753012208,0.));
#3969=DIRECTION('center_axis',(0.984807753012208,-0.17364817766693,0.));
#3970=DIRECTION('ref_axis',(-0.17364817766693,-0.984807753012208,0.));
#3971=DIRECTION('',(-0.17364817766693,-0.984807753012208,0.));
#3972=DIRECTION('',(0.,0.,1.));
#3973=DIRECTION('center_axis',(-0.984807753012208,-0.17364817766693,0.));
#3974=DIRECTION('ref_axis',(-0.17364817766693,0.984807753012208,0.));
#3975=DIRECTION('',(0.,0.,1.));
#3976=DIRECTION('',(0.17364817766693,-0.984807753012208,0.));
#3977=DIRECTION('center_axis',(-1.,0.,0.));
#3978=DIRECTION('ref_axis',(0.,1.,0.));
#3979=DIRECTION('',(0.,0.,1.));
#3980=DIRECTION('center_axis',(0.,-1.,0.));
#3981=DIRECTION('ref_axis',(-1.,0.,0.));
#3982=DIRECTION('',(0.,0.,1.));
#3983=DIRECTION('center_axis',(1.,0.,0.));
#3984=DIRECTION('ref_axis',(0.,-1.,0.));
#3985=DIRECTION('center_axis',(0.,0.,1.));
#3986=DIRECTION('ref_axis',(-1.,0.,0.));
#3987=DIRECTION('center_axis',(0.,0.,1.));
#3988=DIRECTION('ref_axis',(-1.,0.,0.));
#3989=DIRECTION('center_axis',(0.,0.,-1.));
#3990=DIRECTION('ref_axis',(-1.,0.,0.));
#3991=DIRECTION('center_axis',(0.,0.,1.));
#3992=DIRECTION('ref_axis',(-1.,0.,0.));
#3993=DIRECTION('',(0.,0.,-1.));
#3994=DIRECTION('center_axis',(0.,0.,-1.));
#3995=DIRECTION('ref_axis',(-1.,0.,0.));
#3996=DIRECTION('center_axis',(0.,0.,1.));
#3997=DIRECTION('ref_axis',(-1.,0.,0.));
#3998=DIRECTION('',(0.,0.,1.));
#3999=DIRECTION('',(1.,0.,0.));
#4000=DIRECTION('',(0.,0.,1.));
#4001=DIRECTION('',(1.,0.,0.));
#4002=DIRECTION('',(0.,0.,1.));
#4003=DIRECTION('',(1.,0.,0.));
#4004=DIRECTION('',(0.,0.,1.));
#4005=DIRECTION('',(1.,0.,0.));
#4006=DIRECTION('',(0.,0.,1.));
#4007=DIRECTION('',(1.,0.,0.));
#4008=DIRECTION('',(0.,0.,1.));
#4009=DIRECTION('',(1.,0.,0.));
#4010=CARTESIAN_POINT('',(0.,0.,0.));
#4011=CARTESIAN_POINT('',(0.,0.,0.));
#4012=CARTESIAN_POINT('Origin',(37.6222222222222,-13.6712818196177,229.35));
#4013=CARTESIAN_POINT('',(37.6222222222222,-13.6712818196177,97.65));
#4014=CARTESIAN_POINT('',(37.6222222222222,-13.6712818196177,229.35));
#4015=CARTESIAN_POINT('',(37.6222222222222,-13.6712818196177,97.65));
#4016=CARTESIAN_POINT('',(37.6222222222222,-3.67128181961773,97.65));
#4017=CARTESIAN_POINT('',(37.6222222222222,-13.6712818196177,97.65));
#4018=CARTESIAN_POINT('',(37.6222222222222,-3.67128181961773,229.35));
#4019=CARTESIAN_POINT('',(37.6222222222222,-3.67128181961773,97.65));
#4020=CARTESIAN_POINT('',(37.6222222222222,-13.6712818196177,229.35));
#4021=CARTESIAN_POINT('Origin',(27.6222222222222,-13.6712818196177,229.35));
#4022=CARTESIAN_POINT('',(27.6222222222222,-13.6712818196177,239.35));
#4023=CARTESIAN_POINT('Origin',(27.6222222222222,-13.6712818196177,229.35));
#4024=CARTESIAN_POINT('',(27.6222222222222,-3.67128181961773,239.35));
#4025=CARTESIAN_POINT('Origin',(27.6222222222222,-3.67128181961773,229.35));
#4026=CARTESIAN_POINT('',(27.6222222222222,-13.6712818196177,239.35));
#4027=CARTESIAN_POINT('Origin',(-28.8777777777778,-13.6712818196177,239.35));
#4028=CARTESIAN_POINT('',(-28.8777777777778,-13.6712818196177,239.35));
#4029=CARTESIAN_POINT('',(27.6222222222222,-13.6712818196177,239.35));
#4030=CARTESIAN_POINT('',(-28.8777777777778,-3.67128181961773,239.35));
#4031=CARTESIAN_POINT('',(27.6222222222222,-3.67128181961773,239.35));
#4032=CARTESIAN_POINT('',(-28.8777777777778,-13.6712818196177,239.35));
#4033=CARTESIAN_POINT('Origin',(-28.8777777777778,-13.6712818196177,229.35));
#4034=CARTESIAN_POINT('',(-38.8777777777778,-13.6712818196177,229.35));
#4035=CARTESIAN_POINT('Origin',(-28.8777777777778,-13.6712818196177,229.35));
#4036=CARTESIAN_POINT('',(-38.8777777777778,-3.67128181961773,229.35));
#4037=CARTESIAN_POINT('Origin',(-28.8777777777778,-3.67128181961773,229.35));
#4038=CARTESIAN_POINT('',(-38.8777777777778,-13.6712818196177,229.35));
#4039=CARTESIAN_POINT('Origin',(-38.8777777777778,-13.6712818196177,97.65));
#4040=CARTESIAN_POINT('',(-38.8777777777778,-13.6712818196177,97.65));
#4041=CARTESIAN_POINT('',(-38.8777777777778,-13.6712818196177,229.35));
#4042=CARTESIAN_POINT('',(-38.8777777777778,-3.67128181961773,97.65));
#4043=CARTESIAN_POINT('',(-38.8777777777778,-3.67128181961773,229.35));
#4044=CARTESIAN_POINT('',(-38.8777777777778,-13.6712818196177,97.65));
#4045=CARTESIAN_POINT('Origin',(-28.8777777777778,-13.6712818196177,97.65));
#4046=CARTESIAN_POINT('',(-28.8777777777778,-13.6712818196177,87.65));
#4047=CARTESIAN_POINT('Origin',(-28.8777777777778,-13.6712818196177,97.65));
#4048=CARTESIAN_POINT('',(-28.8777777777778,-3.67128181961773,87.65));
#4049=CARTESIAN_POINT('Origin',(-28.8777777777778,-3.67128181961773,97.65));
#4050=CARTESIAN_POINT('',(-28.8777777777778,-13.6712818196177,87.65));
#4051=CARTESIAN_POINT('Origin',(27.6222222222222,-13.6712818196177,87.65));
#4052=CARTESIAN_POINT('',(27.6222222222222,-13.6712818196177,87.65));
#4053=CARTESIAN_POINT('',(-28.8777777777778,-13.6712818196177,87.65));
#4054=CARTESIAN_POINT('',(27.6222222222222,-3.67128181961773,87.65));
#4055=CARTESIAN_POINT('',(-28.8777777777778,-3.67128181961773,87.65));
#4056=CARTESIAN_POINT('',(27.6222222222222,-13.6712818196177,87.65));
#4057=CARTESIAN_POINT('Origin',(27.6222222222222,-13.6712818196177,97.65));
#4058=CARTESIAN_POINT('Origin',(27.6222222222222,-13.6712818196177,97.65));
#4059=CARTESIAN_POINT('Origin',(27.6222222222222,-3.67128181961773,97.65));
#4060=CARTESIAN_POINT('Origin',(-0.627777777777774,-3.67128181961773,163.5));
#4061=CARTESIAN_POINT('Origin',(-0.627777777777774,-13.6712818196177,163.5));
#4062=CARTESIAN_POINT('',(0.,0.,0.));
#4063=CARTESIAN_POINT('Origin',(0.,0.,-15.));
#4064=CARTESIAN_POINT('',(10.,-1.22464679914735E-15,-20.));
#4065=CARTESIAN_POINT('Origin',(0.,0.,-20.));
#4066=CARTESIAN_POINT('',(15.,-1.83697019872103E-15,-15.));
#4067=CARTESIAN_POINT('Origin',(10.,-1.22464679914735E-15,-15.));
#4068=CARTESIAN_POINT('',(-15.,1.83697019872103E-15,-15.));
#4069=CARTESIAN_POINT('Origin',(0.,0.,-15.));
#4070=CARTESIAN_POINT('Origin',(0.,0.,-15.));
#4071=CARTESIAN_POINT('Origin',(0.,0.,0.));
#4072=CARTESIAN_POINT('',(-15.,-1.83697019872103E-15,55.));
#4073=CARTESIAN_POINT('Origin',(0.,0.,55.));
#4074=CARTESIAN_POINT('',(-15.,-1.83697019872103E-15,0.));
#4075=CARTESIAN_POINT('',(4.36106544696024,-14.3520419511416,47.0902128215881));
#4076=CARTESIAN_POINT('Ctrl Pts',(4.36106544696024,-14.3520419511416,47.0902128215881));
#4077=CARTESIAN_POINT('Ctrl Pts',(3.91702913495846,-14.4869684949783,47.3422774438312));
#4078=CARTESIAN_POINT('Ctrl Pts',(3.06486012681908,-14.701450523086,47.90121517539));
#4079=CARTESIAN_POINT('Ctrl Pts',(2.0351270714311,-14.8721676507854,48.6673728737654));
#4080=CARTESIAN_POINT('Ctrl Pts',(1.15938946360239,-14.9601160231116,49.2211454663817));
#4081=CARTESIAN_POINT('Ctrl Pts',(0.417848652540862,-15.0019782041922,49.5625439981964));
#4082=CARTESIAN_POINT('Ctrl Pts',(-0.44503586562537,-15.0011535028615,49.5550759427471));
#4083=CARTESIAN_POINT('Ctrl Pts',(-1.42437640140943,-14.943997138239,49.0918064231814));
#4084=CARTESIAN_POINT('Ctrl Pts',(-2.46509158885723,-14.8132135332378,48.3435197540252));
#4085=CARTESIAN_POINT('Ctrl Pts',(-3.50835955746009,-14.5958717774088,47.6018514446487));
#4086=CARTESIAN_POINT('Ctrl Pts',(-4.37813416017219,-14.3523972212833,47.0705129733312));
#4087=CARTESIAN_POINT('Ctrl Pts',(-5.05817415883929,-14.127965840068,46.716723249567));
#4088=CARTESIAN_POINT('Ctrl Pts',(-5.76214655885144,-13.856011447043,46.4248266762592));
#4089=CARTESIAN_POINT('Ctrl Pts',(-6.87033635019592,-13.3626805901383,46.0505458230363));
#4090=CARTESIAN_POINT('Ctrl Pts',(-8.32458260511309,-12.5348464674432,45.6007102478271));
#4091=CARTESIAN_POINT('Ctrl Pts',(-10.5260217427587,-10.8475783241082,44.7394713149046));
#4092=CARTESIAN_POINT('Ctrl Pts',(-12.1973935678514,-8.84899423608922,43.4751474793498));
#4093=CARTESIAN_POINT('Ctrl Pts',(-13.1876382510421,-7.18224519000475,41.5827478548661));
#4094=CARTESIAN_POINT('Ctrl Pts',(-13.7676940222257,-5.98707087579601,39.3674928982674));
#4095=CARTESIAN_POINT('Ctrl Pts',(-13.8797731720714,-5.68254696131303,36.8443488568227));
#4096=CARTESIAN_POINT('Ctrl Pts',(-13.5627569291739,-6.43061096092233,34.452268128304));
#4097=CARTESIAN_POINT('Ctrl Pts',(-12.9907046853545,-7.55248233928042,32.8969385851398));
#4098=CARTESIAN_POINT('Ctrl Pts',(-11.992291048026,-9.08595169153847,31.805072494954));
#4099=CARTESIAN_POINT('Ctrl Pts',(-10.6036541297356,-10.6834165522201,31.2038098532134));
#4100=CARTESIAN_POINT('Ctrl Pts',(-9.21678224205146,-11.8740959802528,30.9524816962865));
#4101=CARTESIAN_POINT('Ctrl Pts',(-8.15676221764646,-12.5976990583356,30.8188257780343));
#4102=CARTESIAN_POINT('Ctrl Pts',(-7.52946274109839,-12.9772118918342,30.7433692981344));
#4103=CARTESIAN_POINT('Ctrl Pts',(-6.88920906391158,-13.333175405942,30.6642437362328));
#4104=CARTESIAN_POINT('Ctrl Pts',(-6.23159321914403,-13.6527903758088,30.5738472280953));
#4105=CARTESIAN_POINT('Ctrl Pts',(-5.5636376961333,-13.9335296785699,30.4514628303887));
#4106=CARTESIAN_POINT('Ctrl Pts',(-5.06180831935108,-14.1234742350129,30.3346965891775));
#4107=CARTESIAN_POINT('Ctrl Pts',(-4.56227683660375,-14.2925260013842,30.1938469364328));
#4108=CARTESIAN_POINT('Ctrl Pts',(-3.89612439396032,-14.4925111439877,29.9830950236328));
#4109=CARTESIAN_POINT('Ctrl Pts',(-2.72960948297242,-14.7767775724883,29.5950843839046));
#4110=CARTESIAN_POINT('Ctrl Pts',(-0.977649306931763,-15.0233925637313,
29.0891267501456));
#4111=CARTESIAN_POINT('Ctrl Pts',(1.283061835558,-14.9996446427745,29.1444416081228));
#4112=CARTESIAN_POINT('Ctrl Pts',(3.00667835318183,-14.7224438065339,29.6884465411715));
#4113=CARTESIAN_POINT('Ctrl Pts',(4.17111562073909,-14.4159341402999,30.0735499455603));
#4114=CARTESIAN_POINT('Ctrl Pts',(4.83693677089818,-14.201977441145,30.2739978075981));
#4115=CARTESIAN_POINT('Ctrl Pts',(5.33767926308621,-14.0216251327464,30.4021578672016));
#4116=CARTESIAN_POINT('Ctrl Pts',(5.83921538240603,-13.82038624331,30.5044938244414));
#4117=CARTESIAN_POINT('Ctrl Pts',(6.50415761682237,-13.5250222903744,30.6136155943759));
#4118=CARTESIAN_POINT('Ctrl Pts',(7.64508748307694,-12.9424515421872,30.7609047827563));
#4119=CARTESIAN_POINT('Ctrl Pts',(8.97537912277463,-12.0641731053614,30.9110621606934));
#4120=CARTESIAN_POINT('Ctrl Pts',(10.6422183722895,-10.6505713291021,31.2188182676059));
#4121=CARTESIAN_POINT('Ctrl Pts',(12.0474066190914,-9.03526175714004,31.793600862237));
#4122=CARTESIAN_POINT('Ctrl Pts',(13.0965990754939,-7.36571674924976,33.0845817199792));
#4123=CARTESIAN_POINT('Ctrl Pts',(13.7752033176294,-5.97564159736401,35.2280086018107));
#4124=CARTESIAN_POINT('Ctrl Pts',(13.8984662133571,-5.62114518144436,38.3951994587964));
#4125=CARTESIAN_POINT('Ctrl Pts',(13.3183888197822,-7.02944247932563,41.6305621688809));
#4126=CARTESIAN_POINT('Ctrl Pts',(11.8641332205148,-9.32051309949379,43.8078355038575));
#4127=CARTESIAN_POINT('Ctrl Pts',(10.1559459234721,-11.1232212731903,44.8722553999114));
#4128=CARTESIAN_POINT('Ctrl Pts',(8.50825229682045,-12.3866251519225,45.527470402925));
#4129=CARTESIAN_POINT('Ctrl Pts',(7.3866268886087,-13.0737643872827,45.8917802578199));
#4130=CARTESIAN_POINT('Ctrl Pts',(6.45177989452271,-13.5491392079172,46.1900553076462));
#4131=CARTESIAN_POINT('Ctrl Pts',(5.73933604313576,-13.8657414142996,46.4340088018378));
#4132=CARTESIAN_POINT('Ctrl Pts',(5.03514217052442,-14.1360353592291,46.7269720099219));
#4133=CARTESIAN_POINT('Ctrl Pts',(4.58308360296112,-14.2845786792233,46.9641805104665));
#4134=CARTESIAN_POINT('Ctrl Pts',(4.36106544696024,-14.3520419511416,47.0902128215881));
#4135=CARTESIAN_POINT('Origin',(0.,0.,-20.));
#4136=CARTESIAN_POINT('Origin',(-3.67483529662358E-15,-2.22044555717685E-15,
55.));
#4137=CARTESIAN_POINT('',(3.7,-1.76732624149233E-15,61.));
#4138=CARTESIAN_POINT('Origin',(-3.67483529662358E-15,-2.22044555717685E-15,
61.));
#4139=CARTESIAN_POINT('',(3.7,-1.76732624149233E-15,55.));
#4140=CARTESIAN_POINT('',(3.7,-1.76732624149233E-15,55.));
#4141=CARTESIAN_POINT('Origin',(-3.67483529662358E-15,-2.22044555717685E-15,
55.));
#4142=CARTESIAN_POINT('Origin',(-3.88578058618805E-15,-2.22044604925031E-15,
61.));
#4143=CARTESIAN_POINT('Ctrl Pts',(3.6342212058002,-14.2431832269944,46.071765970911));
#4144=CARTESIAN_POINT('Ctrl Pts',(3.81923633580094,-14.1460186159592,45.8539429070759));
#4145=CARTESIAN_POINT('Ctrl Pts',(4.19595180877035,-13.9178537133762,45.40126938243));
#4146=CARTESIAN_POINT('Ctrl Pts',(4.78278003594646,-13.3939988077345,44.7220352561137));
#4147=CARTESIAN_POINT('Ctrl Pts',(5.37648324543559,-12.8739653032922,44.2502328038902));
#4148=CARTESIAN_POINT('Ctrl Pts',(6.15552240717391,-12.2831316536403,43.8098858022446));
#4149=CARTESIAN_POINT('Ctrl Pts',(7.09021024735038,-11.6292474750845,43.3965630152821));
#4150=CARTESIAN_POINT('Ctrl Pts',(8.46328826956005,-10.638317951434,42.7797453293437));
#4151=CARTESIAN_POINT('Ctrl Pts',(9.88677768376231,-9.43411941958023,41.9133556484454));
#4152=CARTESIAN_POINT('Ctrl Pts',(11.0986573498185,-8.07116757784728,40.3436554447224));
#4153=CARTESIAN_POINT('Ctrl Pts',(11.5820551777976,-7.23975351630528,38.0677323701188));
#4154=CARTESIAN_POINT('Ctrl Pts',(11.4793360980245,-7.46881030188571,35.8620243358972));
#4155=CARTESIAN_POINT('Ctrl Pts',(10.9138325629115,-8.16588057049289,34.628128394464));
#4156=CARTESIAN_POINT('Ctrl Pts',(10.0395055159096,-8.89672770498435,33.9456365197088));
#4157=CARTESIAN_POINT('Ctrl Pts',(8.86851531024122,-9.67802326226593,33.5967709043535));
#4158=CARTESIAN_POINT('Ctrl Pts',(7.4794826023122,-10.5853188129169,33.353916722704));
#4159=CARTESIAN_POINT('Ctrl Pts',(6.37090623589745,-11.3214568282561,33.2051195267495));
#4160=CARTESIAN_POINT('Ctrl Pts',(5.42013134735198,-12.0922435567682,32.9814557777147));
#4161=CARTESIAN_POINT('Ctrl Pts',(4.86601281867169,-12.6588851990695,32.7370069471601));
#4162=CARTESIAN_POINT('Ctrl Pts',(4.44806605257184,-13.1588635741508,32.4352810273225));
#4163=CARTESIAN_POINT('Ctrl Pts',(4.03078064241515,-13.6020100457779,32.0533617989252));
#4164=CARTESIAN_POINT('Ctrl Pts',(3.47592968394924,-14.0300111593723,31.5656987409092));
#4165=CARTESIAN_POINT('Ctrl Pts',(2.5055652943182,-14.5024207052198,30.8357885318343));
#4166=CARTESIAN_POINT('Ctrl Pts',(1.0692181962983,-14.8271927933379,30.0556044260567));
#4167=CARTESIAN_POINT('Ctrl Pts',(-0.814707755776434,-14.8551470783842,
29.9807506263891));
#4168=CARTESIAN_POINT('Ctrl Pts',(-2.27467456914369,-14.5684398725924,30.6934416218986));
#4169=CARTESIAN_POINT('Ctrl Pts',(-3.24677032830026,-14.1557213551148,31.3845833387548));
#4170=CARTESIAN_POINT('Ctrl Pts',(-3.80189736383646,-13.7912680320861,31.8485032360983));
#4171=CARTESIAN_POINT('Ctrl Pts',(-4.21817359945924,-13.4201173485463,32.2259820121108));
#4172=CARTESIAN_POINT('Ctrl Pts',(-4.63636474677775,-12.9287763262037,32.5882138916381));
#4173=CARTESIAN_POINT('Ctrl Pts',(-5.19299434928669,-12.2994355892131,32.9095893385312));
#4174=CARTESIAN_POINT('Ctrl Pts',(-5.74100755325965,-11.8262702688237,33.0605323189429));
#4175=CARTESIAN_POINT('Ctrl Pts',(-6.27455228424866,-11.4188226299422,33.1698198928069));
#4176=CARTESIAN_POINT('Ctrl Pts',(-6.79730184803872,-11.0450586376771,33.2583244567068));
#4177=CARTESIAN_POINT('Ctrl Pts',(-7.68065186837621,-10.4500781296057,33.3899138763728));
#4178=CARTESIAN_POINT('Ctrl Pts',(-8.83637844144631,-9.70159708846096,33.5858527622437));
#4179=CARTESIAN_POINT('Ctrl Pts',(-9.99357587335501,-8.9219071354282,33.950106690319));
#4180=CARTESIAN_POINT('Ctrl Pts',(-10.8255872377954,-8.24736721549473,34.5273715498242));
#4181=CARTESIAN_POINT('Ctrl Pts',(-11.3022974409783,-7.70594911273809,35.4075928719136));
#4182=CARTESIAN_POINT('Ctrl Pts',(-11.5664776433928,-7.28664237933865,36.9634179722293));
#4183=CARTESIAN_POINT('Ctrl Pts',(-11.4730783518548,-7.45933271301293,38.7622426797001));
#4184=CARTESIAN_POINT('Ctrl Pts',(-10.9896985425351,-8.16040366605393,40.3105413670378));
#4185=CARTESIAN_POINT('Ctrl Pts',(-10.1644946398762,-9.15111800905709,41.6699515796796));
#4186=CARTESIAN_POINT('Ctrl Pts',(-8.77168478563225,-10.4202024018003,42.6478366045424));
#4187=CARTESIAN_POINT('Ctrl Pts',(-6.93715217092758,-11.7419042085009,43.4681668188147));
#4188=CARTESIAN_POINT('Ctrl Pts',(-5.72528029182994,-12.5778941433265,43.9937216900661));
#4189=CARTESIAN_POINT('Ctrl Pts',(-4.80178879904286,-13.3749818043246,44.699508383438));
#4190=CARTESIAN_POINT('Ctrl Pts',(-4.21514513236608,-13.9027745793366,45.3801855429826));
#4191=CARTESIAN_POINT('Ctrl Pts',(-3.64844513347683,-14.251671854627,46.0583694062144));
#4192=CARTESIAN_POINT('Ctrl Pts',(-2.92363296455007,-14.5705021622331,46.9002317777981));
#4193=CARTESIAN_POINT('Ctrl Pts',(-2.05424299071436,-14.8041036007344,47.8840897933603));
#4194=CARTESIAN_POINT('Ctrl Pts',(-1.18698033450783,-14.9346520537072,48.7792512989088));
#4195=CARTESIAN_POINT('Ctrl Pts',(-0.370863221354422,-14.9891918500245,
49.3130631345577));
#4196=CARTESIAN_POINT('Ctrl Pts',(0.348207210450763,-14.9900888597624,49.3215598710683));
#4197=CARTESIAN_POINT('Ctrl Pts',(0.966157886335225,-14.9498230753064,48.9284770827928));
#4198=CARTESIAN_POINT('Ctrl Pts',(1.6959392261925,-14.8636334532641,48.2732656530465));
#4199=CARTESIAN_POINT('Ctrl Pts',(2.55405010568258,-14.6871702128919,47.3195285997379));
#4200=CARTESIAN_POINT('Ctrl Pts',(3.26419094579872,-14.4375124490648,46.5074120985811));
#4201=CARTESIAN_POINT('Ctrl Pts',(3.6342212058002,-14.2431832269944,46.071765970911));
#4202=CARTESIAN_POINT('Ctrl Pts',(3.77880208944835,-14.3221471447367,46.248786825642));
#4203=CARTESIAN_POINT('Ctrl Pts',(3.97219324244525,-14.2394256829025,46.0441396804955));
#4204=CARTESIAN_POINT('Ctrl Pts',(4.36657675520304,-14.0477721489891,45.6216425043441));
#4205=CARTESIAN_POINT('Ctrl Pts',(4.98671166361587,-13.6221218476732,44.9734660535837));
#4206=CARTESIAN_POINT('Ctrl Pts',(5.61627925653913,-13.177121817618,44.4988127486445));
#4207=CARTESIAN_POINT('Ctrl Pts',(6.44062995221054,-12.6338409439588,44.0437773328256));
#4208=CARTESIAN_POINT('Ctrl Pts',(7.42661857421984,-11.9856164092691,43.6149504520165));
#4209=CARTESIAN_POINT('Ctrl Pts',(8.86961937321214,-10.9494169796617,42.984157338323));
#4210=CARTESIAN_POINT('Ctrl Pts',(10.358179336163,-9.63612838697842,42.1060783425832));
#4211=CARTESIAN_POINT('Ctrl Pts',(11.6271343591092,-8.12571609823923,40.4714220970247));
#4212=CARTESIAN_POINT('Ctrl Pts',(12.144905834778,-7.2301917911262,38.0969718632261));
#4213=CARTESIAN_POINT('Ctrl Pts',(12.032554073687,-7.46904903496712,35.8026633382741));
#4214=CARTESIAN_POINT('Ctrl Pts',(11.4387021816801,-8.26406757091442,34.4772391867185));
#4215=CARTESIAN_POINT('Ctrl Pts',(10.5371341544684,-9.15705647121942,33.7585806871069));
#4216=CARTESIAN_POINT('Ctrl Pts',(9.33312212466636,-10.0945760329201,33.4501347631934));
#4217=CARTESIAN_POINT('Ctrl Pts',(7.88434905618539,-11.1034918023513,33.2407740518604));
#4218=CARTESIAN_POINT('Ctrl Pts',(6.71209307002842,-11.8763569657405,33.0851268082323));
#4219=CARTESIAN_POINT('Ctrl Pts',(5.69393322432897,-12.604005251313,32.8031549273299));
#4220=CARTESIAN_POINT('Ctrl Pts',(5.09768075141349,-13.0957821375247,32.5112392946158));
#4221=CARTESIAN_POINT('Ctrl Pts',(4.64787581594674,-13.5039221593795,32.1799204415335));
#4222=CARTESIAN_POINT('Ctrl Pts',(4.2034913539153,-13.8568844649014,31.7957264075247));
#4223=CARTESIAN_POINT('Ctrl Pts',(3.6187880174933,-14.203391905244,31.3251871379058));
#4224=CARTESIAN_POINT('Ctrl Pts',(2.60447508255716,-14.6013454000755,30.6341018734979));
#4225=CARTESIAN_POINT('Ctrl Pts',(1.11071784291894,-14.8919933413719,29.890240398977));
#4226=CARTESIAN_POINT('Ctrl Pts',(-0.846287833288799,-14.9171510830686,
29.8183370324342));
#4227=CARTESIAN_POINT('Ctrl Pts',(-2.36414413079524,-14.6597444382803,30.4990761368231));
#4228=CARTESIAN_POINT('Ctrl Pts',(-3.3789028048451,-14.3081900270091,31.1533631723927));
#4229=CARTESIAN_POINT('Ctrl Pts',(-3.96186132362334,-14.0092658396472,31.5970421595783));
#4230=CARTESIAN_POINT('Ctrl Pts',(-4.40229076524958,-13.7117510459425,31.9661356817357));
#4231=CARTESIAN_POINT('Ctrl Pts',(-4.85022753970644,-13.3186934789158,32.3435414611755));
#4232=CARTESIAN_POINT('Ctrl Pts',(-5.44993940670606,-12.7912855154244,32.7129153268793));
#4233=CARTESIAN_POINT('Ctrl Pts',(-6.03767180809546,-12.3548151757554,32.9027671425909));
#4234=CARTESIAN_POINT('Ctrl Pts',(-6.60696000994817,-11.9587665558901,33.0357085277007));
#4235=CARTESIAN_POINT('Ctrl Pts',(-7.16240181884189,-11.582273974261,33.1384116824364));
#4236=CARTESIAN_POINT('Ctrl Pts',(-8.09525091023015,-10.9572881811925,33.2746021856053));
#4237=CARTESIAN_POINT('Ctrl Pts',(-9.29932358802586,-10.1198011674879,33.438531060592));
#4238=CARTESIAN_POINT('Ctrl Pts',(-10.4902445568462,-9.18756480292125,33.7679779792188));
#4239=CARTESIAN_POINT('Ctrl Pts',(-11.3473406176887,-8.36307197986016,34.3686282095641));
#4240=CARTESIAN_POINT('Ctrl Pts',(-11.8457528645352,-7.73517667258449,35.3154802447227));
#4241=CARTESIAN_POINT('Ctrl Pts',(-12.1273950734288,-7.27746644485965,36.9526807382095));
#4242=CARTESIAN_POINT('Ctrl Pts',(-12.0267748184115,-7.46349277450569,38.818909320636));
#4243=CARTESIAN_POINT('Ctrl Pts',(-11.5144613729608,-8.22838399076888,40.4373493163375));
#4244=CARTESIAN_POINT('Ctrl Pts',(-10.6479532566595,-9.3203829187741,41.8542654304317));
#4245=CARTESIAN_POINT('Ctrl Pts',(-9.19341995810735,-10.7210808674973,42.8519131223193));
#4246=CARTESIAN_POINT('Ctrl Pts',(-7.26608226878795,-12.1045597760244,43.6860234469374));
#4247=CARTESIAN_POINT('Ctrl Pts',(-5.98608977642805,-12.921117737292,44.238266963952));
#4248=CARTESIAN_POINT('Ctrl Pts',(-5.00685003545009,-13.6067003976212,44.9518902353646));
#4249=CARTESIAN_POINT('Ctrl Pts',(-4.38682074155475,-14.0354256713112,45.601369411146));
#4250=CARTESIAN_POINT('Ctrl Pts',(-3.79326950823802,-14.3277550216692,46.2353735543859));
#4251=CARTESIAN_POINT('Ctrl Pts',(-3.03717466822236,-14.6051437261495,47.0290693642341));
#4252=CARTESIAN_POINT('Ctrl Pts',(-2.13314723801842,-14.8192322505985,47.9700252397687));
#4253=CARTESIAN_POINT('Ctrl Pts',(-1.23232167029318,-14.9417608374429,48.8384395177067));
#4254=CARTESIAN_POINT('Ctrl Pts',(-0.38500679495622,-14.9936658943101,49.3590091978076));
#4255=CARTESIAN_POINT('Ctrl Pts',(0.361484846315851,-14.9944927961482,49.3673397968959));
#4256=CARTESIAN_POINT('Ctrl Pts',(1.00306405918659,-14.9562522769778,48.9838786991549));
#4257=CARTESIAN_POINT('Ctrl Pts',(1.76092702283143,-14.8749481745169,48.3474537149443));
#4258=CARTESIAN_POINT('Ctrl Pts',(2.65267339531616,-14.7111634371624,47.4272608252302));
#4259=CARTESIAN_POINT('Ctrl Pts',(3.39201978345454,-14.4875900684052,46.658081115935));
#4260=CARTESIAN_POINT('Ctrl Pts',(3.77880208944835,-14.3221471447367,46.248786825642));
#4261=CARTESIAN_POINT('Ctrl Pts',(4.03178835881474,-14.403817597414,46.5837392187413));
#4262=CARTESIAN_POINT('Ctrl Pts',(4.23981806130938,-14.3381748602404,46.4085109101713));
#4263=CARTESIAN_POINT('Ctrl Pts',(4.66521443004534,-14.1911020416498,46.0545413082071));
#4264=CARTESIAN_POINT('Ctrl Pts',(5.34342403231583,-13.8976706511189,45.5221980069529));
#4265=CARTESIAN_POINT('Ctrl Pts',(6.03528566373256,-13.5619766002689,45.1079028973989));
#4266=CARTESIAN_POINT('Ctrl Pts',(6.93831055872804,-13.089340016395,44.6849920763197));
#4267=CARTESIAN_POINT('Ctrl Pts',(8.01362826498794,-12.4443216924613,44.2621589583916));
#4268=CARTESIAN_POINT('Ctrl Pts',(9.57830471655452,-11.3126931095661,43.6155415396143));
#4269=CARTESIAN_POINT('Ctrl Pts',(11.1807052616119,-9.77654470475811,42.6806377206875));
#4270=CARTESIAN_POINT('Ctrl Pts',(12.5492657098441,-7.94204065829687,40.8605682450518));
#4271=CARTESIAN_POINT('Ctrl Pts',(13.1264520640319,-6.86192071357223,38.1946414153643));
#4272=CARTESIAN_POINT('Ctrl Pts',(12.9975275117146,-7.13831827922802,35.6125534427638));
#4273=CARTESIAN_POINT('Ctrl Pts',(12.3543606728502,-8.16803411778941,34.0116548231671));
#4274=CARTESIAN_POINT('Ctrl Pts',(11.4046491728598,-9.40148605688676,33.1196727477588));
#4275=CARTESIAN_POINT('Ctrl Pts',(10.1414592124939,-10.6728409275399,32.7723418883235));
#4276=CARTESIAN_POINT('Ctrl Pts',(8.58779218196561,-11.8999487789191,32.5630538083525));
#4277=CARTESIAN_POINT('Ctrl Pts',(7.30450071973817,-12.734509028996,32.4016498211267));
#4278=CARTESIAN_POINT('Ctrl Pts',(6.17061560231317,-13.3591871174044,32.11120189209));
#4279=CARTESIAN_POINT('Ctrl Pts',(5.50188487640986,-13.7087391034312,31.8338584715189));
#4280=CARTESIAN_POINT('Ctrl Pts',(4.99722544015287,-13.9633869039434,31.5440447122162));
#4281=CARTESIAN_POINT('Ctrl Pts',(4.50574018417001,-14.1814059076107,31.2273118154972));
#4282=CARTESIAN_POINT('Ctrl Pts',(3.86897524860419,-14.4155697790738,30.8407400429192));
#4283=CARTESIAN_POINT('Ctrl Pts',(2.77761821116473,-14.7198343657381,30.256221291915));
#4284=CARTESIAN_POINT('Ctrl Pts',(1.18336495798608,-14.9746828346905,29.5887884924963));
#4285=CARTESIAN_POINT('Ctrl Pts',(-0.901558302695603,-14.9965712421662,
29.5230102762475));
#4286=CARTESIAN_POINT('Ctrl Pts',(-2.52079203637386,-14.7702025223302,30.1371172617834));
#4287=CARTESIAN_POINT('Ctrl Pts',(-3.61025279448769,-14.4931735754939,30.6964957063351));
#4288=CARTESIAN_POINT('Ctrl Pts',(-4.24192856955005,-14.2823555489189,31.0647224922814));
#4289=CARTESIAN_POINT('Ctrl Pts',(-4.72441621325432,-14.0895605726367,31.366712967151));
#4290=CARTESIAN_POINT('Ctrl Pts',(-5.22391975799296,-13.8509746749826,31.6842595487117));
#4291=CARTESIAN_POINT('Ctrl Pts',(-5.89756475045969,-13.5038881028778,32.0204325469558));
#4292=CARTESIAN_POINT('Ctrl Pts',(-6.55432988369646,-13.1507852167097,32.2151255912792));
#4293=CARTESIAN_POINT('Ctrl Pts',(-7.18490580880141,-12.7848565372042,32.3512274110917));
#4294=CARTESIAN_POINT('Ctrl Pts',(-7.79679696542304,-12.410193654614,32.4579935948498));
#4295=CARTESIAN_POINT('Ctrl Pts',(-8.81536289347802,-11.7304004223755,32.5969578066318));
#4296=CARTESIAN_POINT('Ctrl Pts',(-10.1048170776786,-10.7013366473663,32.7592479552219));
#4297=CARTESIAN_POINT('Ctrl Pts',(-11.3558442695868,-9.44357689799161,33.1327468913627));
#4298=CARTESIAN_POINT('Ctrl Pts',(-12.2576071573011,-8.30410545665807,33.8774528676295));
#4299=CARTESIAN_POINT('Ctrl Pts',(-12.7937582371726,-7.47721797373172,35.027856172621));
#4300=CARTESIAN_POINT('Ctrl Pts',(-13.1056299378702,-6.9129321281516,36.9173730486934));
#4301=CARTESIAN_POINT('Ctrl Pts',(-12.9925124718559,-7.14045313023417,39.0002701639562));
#4302=CARTESIAN_POINT('Ctrl Pts',(-12.430039249045,-8.06901282042806,40.8222145238924));
#4303=CARTESIAN_POINT('Ctrl Pts',(-11.4915803203405,-9.39271035956118,42.4021096214979));
#4304=CARTESIAN_POINT('Ctrl Pts',(-9.92903277815656,-11.0630641263459,43.4828592132786));
#4305=CARTESIAN_POINT('Ctrl Pts',(-7.83998430033043,-12.5766595738689,44.3335219511176));
#4306=CARTESIAN_POINT('Ctrl Pts',(-6.44163886935959,-13.3654328695866,44.8772301963425));
#4307=CARTESIAN_POINT('Ctrl Pts',(-5.36552209644692,-13.8870693944575,45.5046068020252));
#4308=CARTESIAN_POINT('Ctrl Pts',(-4.68728062098361,-14.1824114568837,46.0375205585008));
#4309=CARTESIAN_POINT('Ctrl Pts',(-4.0467487792819,-14.4057610788259,46.5684061084067));
#4310=CARTESIAN_POINT('Ctrl Pts',(-3.23591260238401,-14.6362992609601,47.2616332565254));
#4311=CARTESIAN_POINT('Ctrl Pts',(-2.27123205520718,-14.832439739553,48.1227501173016));
#4312=CARTESIAN_POINT('Ctrl Pts',(-1.31167284869157,-14.9488849100732,48.9425331983744));
#4313=CARTESIAN_POINT('Ctrl Pts',(-0.409758123342565,-14.9993115305582,
49.4396405318591));
#4314=CARTESIAN_POINT('Ctrl Pts',(0.384720393502213,-15.0000662331765,49.4476362429101));
#4315=CARTESIAN_POINT('Ctrl Pts',(1.06764989918278,-14.9630537181341,49.0813465921714));
#4316=CARTESIAN_POINT('Ctrl Pts',(1.87465828742429,-14.8850851538047,48.4786004931217));
#4317=CARTESIAN_POINT('Ctrl Pts',(2.82526184368347,-14.7320532608651,47.6203648233157));
#4318=CARTESIAN_POINT('Ctrl Pts',(3.61572895382547,-14.5351030717613,46.9341958358812));
#4319=CARTESIAN_POINT('Ctrl Pts',(4.03178835881474,-14.403817597414,46.5837392187413));
#4320=CARTESIAN_POINT('Ctrl Pts',(4.26631338252441,-14.3808336698146,46.9382738600322));
#4321=CARTESIAN_POINT('Ctrl Pts',(4.48499088540937,-14.3159905726569,46.7974849703836));
#4322=CARTESIAN_POINT('Ctrl Pts',(4.93117742170074,-14.1729050577328,46.5252359945956));
#4323=CARTESIAN_POINT('Ctrl Pts',(5.63428961353402,-13.9091789326078,46.1604885361427));
#4324=CARTESIAN_POINT('Ctrl Pts',(6.34826404336526,-13.5984116879231,45.8654869429615));
#4325=CARTESIAN_POINT('Ctrl Pts',(7.28239762977003,-13.1325059064145,45.5298804365891));
#4326=CARTESIAN_POINT('Ctrl Pts',(8.39885295400163,-12.4609338440195,45.1480299285917));
#4327=CARTESIAN_POINT('Ctrl Pts',(10.0316330476895,-11.2336475545938,44.4954112394771));
#4328=CARTESIAN_POINT('Ctrl Pts',(11.7146267290733,-9.50052076799888,43.469804958375));
#4329=CARTESIAN_POINT('Ctrl Pts',(13.1496457774684,-7.33606858020316,41.3996646071327));
#4330=CARTESIAN_POINT('Ctrl Pts',(13.7372790844055,-6.02170607096176,38.3350636695694));
#4331=CARTESIAN_POINT('Ctrl Pts',(13.6093634752983,-6.35351315393823,35.3433215578153));
#4332=CARTESIAN_POINT('Ctrl Pts',(12.937492908022,-7.64201657366328,33.3625843550882));
#4333=CARTESIAN_POINT('Ctrl Pts',(11.9205339170902,-9.19332184434324,32.1912364988255));
#4334=CARTESIAN_POINT('Ctrl Pts',(10.561989965189,-10.7261564560361,31.6845679478201));
#4335=CARTESIAN_POINT('Ctrl Pts',(8.92379590841306,-12.1014826618272,31.4062487940973));
#4336=CARTESIAN_POINT('Ctrl Pts',(7.59657795219006,-12.9718761616535,31.2526735409199));
#4337=CARTESIAN_POINT('Ctrl Pts',(6.4422225049757,-13.5552498967404,31.0625828922745));
#4338=CARTESIAN_POINT('Ctrl Pts',(5.76525714246975,-13.8518146842546,30.903127921651));
#4339=CARTESIAN_POINT('Ctrl Pts',(5.25408143889728,-14.0534387366304,30.7446691238173));
#4340=CARTESIAN_POINT('Ctrl Pts',(4.74960365655185,-14.2315943657583,30.5599885614564));
#4341=CARTESIAN_POINT('Ctrl Pts',(4.08720258513575,-14.4399218732695,30.303731296962));
#4342=CARTESIAN_POINT('Ctrl Pts',(2.94025697725635,-14.7349651472268,29.8587850480737));
#4343=CARTESIAN_POINT('Ctrl Pts',(1.25365806982912,-14.999628599021,29.2777508921115));
#4344=CARTESIAN_POINT('Ctrl Pts',(-0.955181235693784,-15.0223322749223,
29.2192898172815));
#4345=CARTESIAN_POINT('Ctrl Pts',(-2.66882961907625,-14.7868645835162,29.757705167302));
#4346=CARTESIAN_POINT('Ctrl Pts',(-3.81584068918622,-14.5138198635767,30.1971298352078));
#4347=CARTESIAN_POINT('Ctrl Pts',(-4.47576360661663,-14.3199581052185,30.4551235861146));
#4348=CARTESIAN_POINT('Ctrl Pts',(-4.97514159517425,-14.1544528983234,30.6442820521457));
#4349=CARTESIAN_POINT('Ctrl Pts',(-5.4840802071573,-13.9653391893859,30.8212076632605));
#4350=CARTESIAN_POINT('Ctrl Pts',(-6.16537650133944,-13.6834966914645,31.0075476389553));
#4351=CARTESIAN_POINT('Ctrl Pts',(-6.83211164993424,-13.3627705090119,31.1292142040242));
#4352=CARTESIAN_POINT('Ctrl Pts',(-7.47722179425864,-13.0076769251365,31.2253516622027));
#4353=CARTESIAN_POINT('Ctrl Pts',(-8.10637297204785,-12.6304280509831,31.3101789156479));
#4354=CARTESIAN_POINT('Ctrl Pts',(-9.16234163959871,-11.9157168880962,31.4454145361249));
#4355=CARTESIAN_POINT('Ctrl Pts',(-10.5237603929792,-10.7578099592903,31.670130033914));
#4356=CARTESIAN_POINT('Ctrl Pts',(-11.867620840638,-9.24257616260742,32.2031655260993));
#4357=CARTESIAN_POINT('Ctrl Pts',(-12.83439910922,-7.814615852815,33.1909809502104));
#4358=CARTESIAN_POINT('Ctrl Pts',(-13.3978566150736,-6.77566716231901,34.6248702129037));
#4359=CARTESIAN_POINT('Ctrl Pts',(-13.7172580270132,-6.07999300338798,36.866254436632));
#4360=CARTESIAN_POINT('Ctrl Pts',(-13.6029620771442,-6.36240103592965,39.2573704984514));
#4361=CARTESIAN_POINT('Ctrl Pts',(-13.0224819655761,-7.48208987193721,41.3546836987766));
#4362=CARTESIAN_POINT('Ctrl Pts',(-12.0421293858372,-9.05274829352141,43.1533622293666));
#4363=CARTESIAN_POINT('Ctrl Pts',(-10.3979886054878,-10.9647239208046,44.3626534847838));
#4364=CARTESIAN_POINT('Ctrl Pts',(-8.21724030004165,-12.6051181346558,45.2207134452663));
#4365=CARTESIAN_POINT('Ctrl Pts',(-6.76761556553287,-13.4152871971378,45.6986586751039));
#4366=CARTESIAN_POINT('Ctrl Pts',(-5.65713527027623,-13.8996759762237,46.1487852230383));
#4367=CARTESIAN_POINT('Ctrl Pts',(-4.95411501167638,-14.1650428443748,46.5129583265437));
#4368=CARTESIAN_POINT('Ctrl Pts',(-4.28255686838295,-14.3813265749845,46.9198761007116));
#4369=CARTESIAN_POINT('Ctrl Pts',(-3.42807436487726,-14.6146631977007,47.4997811241443));
#4370=CARTESIAN_POINT('Ctrl Pts',(-2.40736573867072,-14.8220079514782,48.2772886375423));
#4371=CARTESIAN_POINT('Ctrl Pts',(-1.39064892287758,-14.9466593452403,49.0470239714865));
#4372=CARTESIAN_POINT('Ctrl Pts',(-0.434462782158363,-15.0010972939382,
49.5204452962884));
#4373=CARTESIAN_POINT('Ctrl Pts',(0.4079187343684,-15.0018859519559,49.528071547658));
#4374=CARTESIAN_POINT('Ctrl Pts',(1.13193487800691,-14.9620059727028,49.1792057969186));
#4375=CARTESIAN_POINT('Ctrl Pts',(1.98724369633186,-14.8782168428424,48.6107408085428));
#4376=CARTESIAN_POINT('Ctrl Pts',(2.99386658788708,-14.7154230832584,47.8169603767205));
#4377=CARTESIAN_POINT('Ctrl Pts',(3.82895837675448,-14.5105198641299,47.2198516393295));
#4378=CARTESIAN_POINT('Ctrl Pts',(4.26631338252441,-14.3808336698146,46.9382738600322));
#4379=CARTESIAN_POINT('Ctrl Pts',(4.36106544696024,-14.3520419511416,47.0902128215881));
#4380=CARTESIAN_POINT('Ctrl Pts',(4.58308360296112,-14.2845786792233,46.9641805104665));
#4381=CARTESIAN_POINT('Ctrl Pts',(5.03514217052442,-14.1360353592291,46.7269720099219));
#4382=CARTESIAN_POINT('Ctrl Pts',(5.73933604313576,-13.8657414142996,46.4340088018378));
#4383=CARTESIAN_POINT('Ctrl Pts',(6.45177989452271,-13.5491392079172,46.1900553076462));
#4384=CARTESIAN_POINT('Ctrl Pts',(7.3866268886087,-13.0737643872827,45.8917802578199));
#4385=CARTESIAN_POINT('Ctrl Pts',(8.50825229682045,-12.3866251519225,45.527470402925));
#4386=CARTESIAN_POINT('Ctrl Pts',(10.1559459234721,-11.1232212731903,44.8722553999114));
#4387=CARTESIAN_POINT('Ctrl Pts',(11.8641332205148,-9.32051309949379,43.8078355038575));
#4388=CARTESIAN_POINT('Ctrl Pts',(13.3183888197822,-7.02944247932563,41.6305621688809));
#4389=CARTESIAN_POINT('Ctrl Pts',(13.8984662133571,-5.62114518144436,38.3951994587964));
#4390=CARTESIAN_POINT('Ctrl Pts',(13.7752033176294,-5.97564159736401,35.2280086018107));
#4391=CARTESIAN_POINT('Ctrl Pts',(13.0965990754939,-7.36571674924976,33.0845817199792));
#4392=CARTESIAN_POINT('Ctrl Pts',(12.0474066190914,-9.03526175714004,31.793600862237));
#4393=CARTESIAN_POINT('Ctrl Pts',(10.6422183722895,-10.6505713291021,31.2188182676059));
#4394=CARTESIAN_POINT('Ctrl Pts',(8.97537912277463,-12.0641731053614,30.9110621606934));
#4395=CARTESIAN_POINT('Ctrl Pts',(7.64508748307694,-12.9424515421872,30.7609047827563));
#4396=CARTESIAN_POINT('Ctrl Pts',(6.50415761682237,-13.5250222903744,30.6136155943759));
#4397=CARTESIAN_POINT('Ctrl Pts',(5.83921538240603,-13.82038624331,30.5044938244414));
#4398=CARTESIAN_POINT('Ctrl Pts',(5.33767926308621,-14.0216251327464,30.4021578672016));
#4399=CARTESIAN_POINT('Ctrl Pts',(4.83693677089818,-14.201977441145,30.2739978075981));
#4400=CARTESIAN_POINT('Ctrl Pts',(4.17111562073909,-14.4159341402999,30.0735499455603));
#4401=CARTESIAN_POINT('Ctrl Pts',(3.00667835318183,-14.7224438065339,29.6884465411715));
#4402=CARTESIAN_POINT('Ctrl Pts',(1.283061835558,-14.9996446427745,29.1444416081228));
#4403=CARTESIAN_POINT('Ctrl Pts',(-0.977649306931763,-15.0233925637313,
29.0891267501456));
#4404=CARTESIAN_POINT('Ctrl Pts',(-2.72960948297242,-14.7767775724883,29.5950843839046));
#4405=CARTESIAN_POINT('Ctrl Pts',(-3.89612439396032,-14.4925111439877,29.9830950236328));
#4406=CARTESIAN_POINT('Ctrl Pts',(-4.56227683660375,-14.2925260013842,30.1938469364328));
#4407=CARTESIAN_POINT('Ctrl Pts',(-5.06180831935108,-14.1234742350129,30.3346965891775));
#4408=CARTESIAN_POINT('Ctrl Pts',(-5.5636376961333,-13.9335296785699,30.4514628303887));
#4409=CARTESIAN_POINT('Ctrl Pts',(-6.23159321914403,-13.6527903758088,30.5738472280953));
#4410=CARTESIAN_POINT('Ctrl Pts',(-6.88920906391158,-13.333175405942,30.6642437362328));
#4411=CARTESIAN_POINT('Ctrl Pts',(-7.52946274109839,-12.9772118918342,30.7433692981344));
#4412=CARTESIAN_POINT('Ctrl Pts',(-8.15676221764646,-12.5976990583356,30.8188257780343));
#4413=CARTESIAN_POINT('Ctrl Pts',(-9.21678224205146,-11.8740959802528,30.9524816962865));
#4414=CARTESIAN_POINT('Ctrl Pts',(-10.6036541297356,-10.6834165522201,31.2038098532134));
#4415=CARTESIAN_POINT('Ctrl Pts',(-11.992291048026,-9.08595169153847,31.805072494954));
#4416=CARTESIAN_POINT('Ctrl Pts',(-12.9907046853545,-7.55248233928042,32.8969385851398));
#4417=CARTESIAN_POINT('Ctrl Pts',(-13.5627569291739,-6.43061096092233,34.452268128304));
#4418=CARTESIAN_POINT('Ctrl Pts',(-13.8797731720714,-5.68254696131303,36.8443488568227));
#4419=CARTESIAN_POINT('Ctrl Pts',(-13.7676940222257,-5.98707087579601,39.3674928982674));
#4420=CARTESIAN_POINT('Ctrl Pts',(-13.1876382510421,-7.18224519000475,41.5827478548661));
#4421=CARTESIAN_POINT('Ctrl Pts',(-12.1973935678514,-8.84899423608922,43.4751474793498));
#4422=CARTESIAN_POINT('Ctrl Pts',(-10.5260217427587,-10.8475783241082,44.7394713149046));
#4423=CARTESIAN_POINT('Ctrl Pts',(-8.32458260511309,-12.5348464674432,45.6007102478271));
#4424=CARTESIAN_POINT('Ctrl Pts',(-6.87033635019592,-13.3626805901383,46.0505458230363));
#4425=CARTESIAN_POINT('Ctrl Pts',(-5.76214655885144,-13.856011447043,46.4248266762592));
#4426=CARTESIAN_POINT('Ctrl Pts',(-5.05817415883929,-14.127965840068,46.716723249567));
#4427=CARTESIAN_POINT('Ctrl Pts',(-4.37813416017219,-14.3523972212833,47.0705129733312));
#4428=CARTESIAN_POINT('Ctrl Pts',(-3.50835955746009,-14.5958717774088,47.6018514446487));
#4429=CARTESIAN_POINT('Ctrl Pts',(-2.46509158885723,-14.8132135332378,48.3435197540252));
#4430=CARTESIAN_POINT('Ctrl Pts',(-1.42437640140943,-14.943997138239,49.0918064231814));
#4431=CARTESIAN_POINT('Ctrl Pts',(-0.44503586562537,-15.0011535028615,49.5550759427471));
#4432=CARTESIAN_POINT('Ctrl Pts',(0.417848652540862,-15.0019782041922,49.5625439981964));
#4433=CARTESIAN_POINT('Ctrl Pts',(1.15938946360239,-14.9601160231116,49.2211454663817));
#4434=CARTESIAN_POINT('Ctrl Pts',(2.0351270714311,-14.8721676507854,48.6673728737654));
#4435=CARTESIAN_POINT('Ctrl Pts',(3.06486012681908,-14.701450523086,47.90121517539));
#4436=CARTESIAN_POINT('Ctrl Pts',(3.91702913495846,-14.4869684949783,47.3422774438312));
#4437=CARTESIAN_POINT('Ctrl Pts',(4.36106544696024,-14.3520419511416,47.0902128215881));
#4438=CARTESIAN_POINT('',(3.6342212058002,-14.2431832269944,46.071765970911));
#4439=CARTESIAN_POINT('Origin',(3.6342212058002,-11.9600349592847,47.0902128215881));
#4440=CARTESIAN_POINT('Ctrl Pts',(3.6342212058002,-14.2431832269944,46.071765970911));
#4441=CARTESIAN_POINT('Ctrl Pts',(3.81923633580094,-14.1460186159592,45.8539429070759));
#4442=CARTESIAN_POINT('Ctrl Pts',(4.19595180877035,-13.9178537133762,45.40126938243));
#4443=CARTESIAN_POINT('Ctrl Pts',(4.78278003594646,-13.3939988077345,44.7220352561137));
#4444=CARTESIAN_POINT('Ctrl Pts',(5.37648324543559,-12.8739653032922,44.2502328038902));
#4445=CARTESIAN_POINT('Ctrl Pts',(6.15552240717391,-12.2831316536403,43.8098858022446));
#4446=CARTESIAN_POINT('Ctrl Pts',(7.09021024735038,-11.6292474750845,43.3965630152821));
#4447=CARTESIAN_POINT('Ctrl Pts',(8.46328826956005,-10.638317951434,42.7797453293437));
#4448=CARTESIAN_POINT('Ctrl Pts',(9.88677768376231,-9.43411941958023,41.9133556484454));
#4449=CARTESIAN_POINT('Ctrl Pts',(11.0986573498185,-8.07116757784728,40.3436554447224));
#4450=CARTESIAN_POINT('Ctrl Pts',(11.5820551777976,-7.23975351630528,38.0677323701188));
#4451=CARTESIAN_POINT('Ctrl Pts',(11.4793360980245,-7.46881030188571,35.8620243358972));
#4452=CARTESIAN_POINT('Ctrl Pts',(10.9138325629115,-8.16588057049289,34.628128394464));
#4453=CARTESIAN_POINT('Ctrl Pts',(10.0395055159096,-8.89672770498435,33.9456365197088));
#4454=CARTESIAN_POINT('Ctrl Pts',(8.86851531024122,-9.67802326226593,33.5967709043535));
#4455=CARTESIAN_POINT('Ctrl Pts',(7.4794826023122,-10.5853188129169,33.353916722704));
#4456=CARTESIAN_POINT('Ctrl Pts',(6.37090623589745,-11.3214568282561,33.2051195267495));
#4457=CARTESIAN_POINT('Ctrl Pts',(5.42013134735198,-12.0922435567682,32.9814557777147));
#4458=CARTESIAN_POINT('Ctrl Pts',(4.86601281867169,-12.6588851990695,32.7370069471601));
#4459=CARTESIAN_POINT('Ctrl Pts',(4.44806605257184,-13.1588635741508,32.4352810273225));
#4460=CARTESIAN_POINT('Ctrl Pts',(4.03078064241515,-13.6020100457779,32.0533617989252));
#4461=CARTESIAN_POINT('Ctrl Pts',(3.47592968394924,-14.0300111593723,31.5656987409092));
#4462=CARTESIAN_POINT('Ctrl Pts',(2.5055652943182,-14.5024207052198,30.8357885318343));
#4463=CARTESIAN_POINT('Ctrl Pts',(1.0692181962983,-14.8271927933379,30.0556044260567));
#4464=CARTESIAN_POINT('Ctrl Pts',(-0.814707755776434,-14.8551470783842,
29.9807506263891));
#4465=CARTESIAN_POINT('Ctrl Pts',(-2.27467456914369,-14.5684398725924,30.6934416218986));
#4466=CARTESIAN_POINT('Ctrl Pts',(-3.24677032830026,-14.1557213551148,31.3845833387548));
#4467=CARTESIAN_POINT('Ctrl Pts',(-3.80189736383646,-13.7912680320861,31.8485032360983));
#4468=CARTESIAN_POINT('Ctrl Pts',(-4.21817359945924,-13.4201173485463,32.2259820121108));
#4469=CARTESIAN_POINT('Ctrl Pts',(-4.63636474677775,-12.9287763262037,32.5882138916381));
#4470=CARTESIAN_POINT('Ctrl Pts',(-5.19299434928669,-12.2994355892131,32.9095893385312));
#4471=CARTESIAN_POINT('Ctrl Pts',(-5.74100755325965,-11.8262702688237,33.0605323189429));
#4472=CARTESIAN_POINT('Ctrl Pts',(-6.27455228424866,-11.4188226299422,33.1698198928069));
#4473=CARTESIAN_POINT('Ctrl Pts',(-6.79730184803872,-11.0450586376771,33.2583244567068));
#4474=CARTESIAN_POINT('Ctrl Pts',(-7.68065186837621,-10.4500781296057,33.3899138763728));
#4475=CARTESIAN_POINT('Ctrl Pts',(-8.83637844144631,-9.70159708846096,33.5858527622437));
#4476=CARTESIAN_POINT('Ctrl Pts',(-9.99357587335501,-8.9219071354282,33.950106690319));
#4477=CARTESIAN_POINT('Ctrl Pts',(-10.8255872377954,-8.24736721549473,34.5273715498242));
#4478=CARTESIAN_POINT('Ctrl Pts',(-11.3022974409783,-7.70594911273809,35.4075928719136));
#4479=CARTESIAN_POINT('Ctrl Pts',(-11.5664776433928,-7.28664237933865,36.9634179722293));
#4480=CARTESIAN_POINT('Ctrl Pts',(-11.4730783518548,-7.45933271301293,38.7622426797001));
#4481=CARTESIAN_POINT('Ctrl Pts',(-10.9896985425351,-8.16040366605393,40.3105413670378));
#4482=CARTESIAN_POINT('Ctrl Pts',(-10.1644946398762,-9.15111800905709,41.6699515796796));
#4483=CARTESIAN_POINT('Ctrl Pts',(-8.77168478563225,-10.4202024018003,42.6478366045424));
#4484=CARTESIAN_POINT('Ctrl Pts',(-6.93715217092758,-11.7419042085009,43.4681668188147));
#4485=CARTESIAN_POINT('Ctrl Pts',(-5.72528029182994,-12.5778941433265,43.9937216900661));
#4486=CARTESIAN_POINT('Ctrl Pts',(-4.80178879904286,-13.3749818043246,44.699508383438));
#4487=CARTESIAN_POINT('Ctrl Pts',(-4.21514513236608,-13.9027745793366,45.3801855429826));
#4488=CARTESIAN_POINT('Ctrl Pts',(-3.64844513347683,-14.251671854627,46.0583694062144));
#4489=CARTESIAN_POINT('Ctrl Pts',(-2.92363296455007,-14.5705021622331,46.9002317777981));
#4490=CARTESIAN_POINT('Ctrl Pts',(-2.05424299071436,-14.8041036007344,47.8840897933603));
#4491=CARTESIAN_POINT('Ctrl Pts',(-1.18698033450783,-14.9346520537072,48.7792512989088));
#4492=CARTESIAN_POINT('Ctrl Pts',(-0.370863221354422,-14.9891918500245,
49.3130631345577));
#4493=CARTESIAN_POINT('Ctrl Pts',(0.348207210450763,-14.9900888597624,49.3215598710683));
#4494=CARTESIAN_POINT('Ctrl Pts',(0.966157886335225,-14.9498230753064,48.9284770827928));
#4495=CARTESIAN_POINT('Ctrl Pts',(1.6959392261925,-14.8636334532641,48.2732656530465));
#4496=CARTESIAN_POINT('Ctrl Pts',(2.55405010568258,-14.6871702128919,47.3195285997379));
#4497=CARTESIAN_POINT('Ctrl Pts',(3.26419094579872,-14.4375124490648,46.5074120985811));
#4498=CARTESIAN_POINT('Ctrl Pts',(3.6342212058002,-14.2431832269944,46.071765970911));
#4499=CARTESIAN_POINT('Ctrl Pts',(-15.,-15.0256908638019,29.4936104358409));
#4500=CARTESIAN_POINT('Ctrl Pts',(270.,-15.0256908638018,29.4936104358409));
#4501=CARTESIAN_POINT('Ctrl Pts',(-15.,-14.9432417293791,29.7485994797997));
#4502=CARTESIAN_POINT('Ctrl Pts',(270.,-14.9432417293791,29.7485994797997));
#4503=CARTESIAN_POINT('Ctrl Pts',(-15.,-14.768574032348,30.2348929362557));
#4504=CARTESIAN_POINT('Ctrl Pts',(270.,-14.768574032348,30.2348929362557));
#4505=CARTESIAN_POINT('Ctrl Pts',(-15.,-14.4772635048215,30.8932766892694));
#4506=CARTESIAN_POINT('Ctrl Pts',(270.,-14.4772635048214,30.8932766892694));
#4507=CARTESIAN_POINT('Ctrl Pts',(-15.,-14.0301313670358,31.6287733985655));
#4508=CARTESIAN_POINT('Ctrl Pts',(270.,-14.0301313670357,31.6287733985655));
#4509=CARTESIAN_POINT('Ctrl Pts',(-15.,-13.375464436525,32.3160560502574));
#4510=CARTESIAN_POINT('Ctrl Pts',(270.,-13.375464436525,32.3160560502574));
#4511=CARTESIAN_POINT('Ctrl Pts',(-15.,-12.63258548896,32.789784450717));
#4512=CARTESIAN_POINT('Ctrl Pts',(270.,-12.63258548896,32.789784450717));
#4513=CARTESIAN_POINT('Ctrl Pts',(-15.,-11.8172409882431,33.0884038398452));
#4514=CARTESIAN_POINT('Ctrl Pts',(270.,-11.8172409882431,33.0884038398452));
#4515=CARTESIAN_POINT('Ctrl Pts',(-15.,-10.9569747337193,33.2796758499594));
#4516=CARTESIAN_POINT('Ctrl Pts',(270.,-10.9569747337192,33.2796758499594));
#4517=CARTESIAN_POINT('Ctrl Pts',(-15.,-10.0925703630301,33.4622379065403));
#4518=CARTESIAN_POINT('Ctrl Pts',(270.,-10.09257036303,33.4622379065403));
#4519=CARTESIAN_POINT('Ctrl Pts',(-15.,-9.27191802863593,33.7399679944649));
#4520=CARTESIAN_POINT('Ctrl Pts',(270.,-9.27191802863588,33.7399679944649));
#4521=CARTESIAN_POINT('Ctrl Pts',(-15.,-8.54513576050059,34.2004880631699));
#4522=CARTESIAN_POINT('Ctrl Pts',(270.,-8.54513576050055,34.2004880631699));
#4523=CARTESIAN_POINT('Ctrl Pts',(-15.,-7.95927412370657,34.8926544749336));
#4524=CARTESIAN_POINT('Ctrl Pts',(270.,-7.95927412370653,34.8926544749336));
#4525=CARTESIAN_POINT('Ctrl Pts',(-15.,-7.55302349914442,35.8023213187587));
#4526=CARTESIAN_POINT('Ctrl Pts',(270.,-7.55302349914438,35.8023213187587));
#4527=CARTESIAN_POINT('Ctrl Pts',(-15.,-7.35442220015236,36.8703396439339));
#4528=CARTESIAN_POINT('Ctrl Pts',(270.,-7.35442220015231,36.8703396439339));
#4529=CARTESIAN_POINT('Ctrl Pts',(-15.,-7.37865738078997,38.01317825091));
#4530=CARTESIAN_POINT('Ctrl Pts',(270.,-7.37865738078993,38.01317825091));
#4531=CARTESIAN_POINT('Ctrl Pts',(-15.,-7.62579995558021,39.142072634475));
#4532=CARTESIAN_POINT('Ctrl Pts',(270.,-7.62579995558016,39.142072634475));
#4533=CARTESIAN_POINT('Ctrl Pts',(-15.,-8.07817183288063,40.1832773764863));
#4534=CARTESIAN_POINT('Ctrl Pts',(270.,-8.07817183288059,40.1832773764863));
#4535=CARTESIAN_POINT('Ctrl Pts',(-15.,-8.69836548398501,41.0962351866371));
#4536=CARTESIAN_POINT('Ctrl Pts',(270.,-8.69836548398497,41.0962351866371));
#4537=CARTESIAN_POINT('Ctrl Pts',(-15.,-9.43684696765166,41.8676256487495));
#4538=CARTESIAN_POINT('Ctrl Pts',(270.,-9.43684696765161,41.8676256487495));
#4539=CARTESIAN_POINT('Ctrl Pts',(-15.,-10.2388523181628,42.5071824318621));
#4540=CARTESIAN_POINT('Ctrl Pts',(270.,-10.2388523181627,42.5071824318621));
#4541=CARTESIAN_POINT('Ctrl Pts',(-15.,-11.0513981830444,43.0430366941048));
#4542=CARTESIAN_POINT('Ctrl Pts',(270.,-11.0513981830444,43.0430366941048));
#4543=CARTESIAN_POINT('Ctrl Pts',(-15.,-11.8303928152904,43.5174762295641));
#4544=CARTESIAN_POINT('Ctrl Pts',(270.,-11.8303928152904,43.5174762295641));
#4545=CARTESIAN_POINT('Ctrl Pts',(-15.,-12.5472756011742,43.9825838489731));
#4546=CARTESIAN_POINT('Ctrl Pts',(270.,-12.5472756011742,43.9825838489731));
#4547=CARTESIAN_POINT('Ctrl Pts',(-15.,-13.1852322869649,44.4947511906091));
#4548=CARTESIAN_POINT('Ctrl Pts',(270.,-13.1852322869649,44.4947511906091));
#4549=CARTESIAN_POINT('Ctrl Pts',(-15.,-13.7359073366894,45.1090719132529));
#4550=CARTESIAN_POINT('Ctrl Pts',(270.,-13.7359073366894,45.1090719132529));
#4551=CARTESIAN_POINT('Ctrl Pts',(-15.,-14.1961476622051,45.8741413709734));
#4552=CARTESIAN_POINT('Ctrl Pts',(270.,-14.196147662205,45.8741413709734));
#4553=CARTESIAN_POINT('Ctrl Pts',(-15.,-14.5644593114774,46.825699123743));
#4554=CARTESIAN_POINT('Ctrl Pts',(270.,-14.5644593114774,46.825699123743));
#4555=CARTESIAN_POINT('Ctrl Pts',(-15.,-14.7871572432378,47.7641756911679));
#4556=CARTESIAN_POINT('Ctrl Pts',(270.,-14.7871572432378,47.7641756911679));
#4557=CARTESIAN_POINT('Ctrl Pts',(-15.,-14.9119940023084,48.5741873222305));
#4558=CARTESIAN_POINT('Ctrl Pts',(270.,-14.9119940023084,48.5741873222305));
#4559=CARTESIAN_POINT('Ctrl Pts',(-15.,-14.9765810070099,49.1654734686153));
#4560=CARTESIAN_POINT('Ctrl Pts',(270.,-14.9765810070098,49.1654734686153));
#4561=CARTESIAN_POINT('Ctrl Pts',(-15.,-15.0045203114893,49.4792158647517));
#4562=CARTESIAN_POINT('Ctrl Pts',(270.,-15.0045203114893,49.4792158647517));
#4563=CARTESIAN_POINT('Ctrl Pts',(-15.,-15.0055489836662,49.4908610248308));
#4564=CARTESIAN_POINT('Ctrl Pts',(270.,-15.0055489836662,49.4908610248308));
#4565=CARTESIAN_POINT('Origin',(0.,0.,55.));
#4566=CARTESIAN_POINT('',(0.,0.,0.));
#4567=CARTESIAN_POINT('Origin',(5.51091059616312E-16,-45.7279220613579,
114.227922061358));
#4568=CARTESIAN_POINT('',(7.5,-46.7279220613579,102.406331643821));
#4569=CARTESIAN_POINT('',(7.5,-45.7279220613579,101.237541004591));
#4570=CARTESIAN_POINT('Ctrl Pts',(7.5,-45.7279220613579,101.237541004591));
#4571=CARTESIAN_POINT('Ctrl Pts',(7.5,-45.8454078435707,101.237541004591));
#4572=CARTESIAN_POINT('Ctrl Pts',(7.5,-45.9830863740381,101.26788587632));
#4573=CARTESIAN_POINT('Ctrl Pts',(7.5,-46.2057345144921,101.36797825672));
#4574=CARTESIAN_POINT('Ctrl Pts',(7.5,-46.3276152737091,101.458721493348));
#4575=CARTESIAN_POINT('Ctrl Pts',(7.5,-46.5072254817237,101.655034310804));
#4576=CARTESIAN_POINT('Ctrl Pts',(7.5,-46.5928440164819,101.798817618007));
#4577=CARTESIAN_POINT('Ctrl Pts',(7.5,-46.6963377734183,102.072386472261));
#4578=CARTESIAN_POINT('Ctrl Pts',(7.5,-46.7279220613579,102.25329455893));
#4579=CARTESIAN_POINT('Ctrl Pts',(7.5,-46.7279220613579,102.406331643821));
#4580=CARTESIAN_POINT('',(-7.5,-45.7279220613579,101.237541004591));
#4581=CARTESIAN_POINT('Origin',(5.51091059616312E-16,-45.7279220613579,
114.227922061358));
#4582=CARTESIAN_POINT('',(-7.5,-46.7279220613579,102.406331643821));
#4583=CARTESIAN_POINT('Ctrl Pts',(-7.5,-46.7279220613579,102.406331643821));
#4584=CARTESIAN_POINT('Ctrl Pts',(-7.5,-46.7279220613579,102.259133792541));
#4585=CARTESIAN_POINT('Ctrl Pts',(-7.5,-46.6986677016964,102.084935741096));
#4586=CARTESIAN_POINT('Ctrl Pts',(-7.5,-46.6027122066096,101.819772049542));
#4587=CARTESIAN_POINT('Ctrl Pts',(-7.5,-46.5229313572361,101.679063586363));
#4588=CARTESIAN_POINT('Ctrl Pts',(-7.5,-46.3486914105579,101.476506003269));
#4589=CARTESIAN_POINT('Ctrl Pts',(-7.5,-46.2236446105071,101.378507199891));
#4590=CARTESIAN_POINT('Ctrl Pts',(-7.5,-45.9931210221141,101.270363756339));
#4591=CARTESIAN_POINT('Ctrl Pts',(-7.5,-45.8501577165402,101.237541004591));
#4592=CARTESIAN_POINT('Ctrl Pts',(-7.5,-45.7279220613579,101.237541004591));
#4593=CARTESIAN_POINT('Origin',(5.51091059616312E-16,-46.7279220613578,
114.227922061358));
#4594=CARTESIAN_POINT('Origin',(5.51091059616312E-16,-42.7279220613578,
114.227922061358));
#4595=CARTESIAN_POINT('',(7.5,-42.7279220613578,101.237541004591));
#4596=CARTESIAN_POINT('',(7.5,-42.7279220613578,101.237541004591));
#4597=CARTESIAN_POINT('',(-7.5,-42.7279220613578,101.237541004591));
#4598=CARTESIAN_POINT('Origin',(5.51091059616312E-16,-42.7279220613578,
114.227922061358));
#4599=CARTESIAN_POINT('',(-7.5,-42.7279220613578,101.237541004591));
#4600=CARTESIAN_POINT('Origin',(0.,0.,62.5));
#4601=CARTESIAN_POINT('',(7.5,-10.6183802907976,64.5));
#4602=CARTESIAN_POINT('',(7.5,-12.9903810567666,62.5));
#4603=CARTESIAN_POINT('Ctrl Pts',(7.5,-12.9903810567666,62.5));
#4604=CARTESIAN_POINT('Ctrl Pts',(7.5,-12.9903810567666,62.7342428129138));
#4605=CARTESIAN_POINT('Ctrl Pts',(7.5,-12.9300827447583,63.0087905773329));
#4606=CARTESIAN_POINT('Ctrl Pts',(7.5,-12.7308401978746,63.4528192128741));
#4607=CARTESIAN_POINT('Ctrl Pts',(7.5,-12.5500174942746,63.6958576306532));
#4608=CARTESIAN_POINT('Ctrl Pts',(7.5,-12.1567282853436,64.055371995994));
#4609=CARTESIAN_POINT('Ctrl Pts',(7.5,-11.8671106631787,64.2266840526543));
#4610=CARTESIAN_POINT('Ctrl Pts',(7.5,-11.3086853927443,64.4366755759289));
#4611=CARTESIAN_POINT('Ctrl Pts',(7.5,-10.9345742001136,64.5));
#4612=CARTESIAN_POINT('Ctrl Pts',(7.5,-10.6183802907977,64.5));
#4613=CARTESIAN_POINT('',(15.,1.83697019872103E-15,62.5));
#4614=CARTESIAN_POINT('Origin',(0.,0.,62.5));
#4615=CARTESIAN_POINT('',(-7.5,-12.9903810567666,62.5));
#4616=CARTESIAN_POINT('Origin',(0.,0.,62.5));
#4617=CARTESIAN_POINT('',(-7.5,-10.6183802907977,64.5));
#4618=CARTESIAN_POINT('Ctrl Pts',(-7.5,-10.6183802907977,64.5));
#4619=CARTESIAN_POINT('Ctrl Pts',(-7.5,-10.9345742001136,64.5));
#4620=CARTESIAN_POINT('Ctrl Pts',(-7.5,-11.3086853927443,64.4366755759289));
#4621=CARTESIAN_POINT('Ctrl Pts',(-7.5,-11.8671106631787,64.2266840526543));
#4622=CARTESIAN_POINT('Ctrl Pts',(-7.5,-12.1567282853436,64.055371995994));
#4623=CARTESIAN_POINT('Ctrl Pts',(-7.5,-12.5500174942746,63.6958576306532));
#4624=CARTESIAN_POINT('Ctrl Pts',(-7.5,-12.7308401978746,63.4528192128741));
#4625=CARTESIAN_POINT('Ctrl Pts',(-7.5,-12.9300827447584,63.0087905773329));
#4626=CARTESIAN_POINT('Ctrl Pts',(-7.5,-12.9903810567666,62.7342428129138));
#4627=CARTESIAN_POINT('Ctrl Pts',(-7.5,-12.9903810567666,62.5));
#4628=CARTESIAN_POINT('Origin',(0.,0.,64.5));
#4629=CARTESIAN_POINT('Origin',(0.,0.,55.));
#4630=CARTESIAN_POINT('',(7.5,-12.9903810567666,56.9744718244894));
#4631=CARTESIAN_POINT('',(7.5,-12.9903810567666,55.));
#4632=CARTESIAN_POINT('',(-7.5,-12.9903810567666,56.9744718244894));
#4633=CARTESIAN_POINT('Origin',(0.,0.,50.345348639406));
#4634=CARTESIAN_POINT('',(-7.5,-12.9903810567666,55.));
#4635=CARTESIAN_POINT('',(15.,1.83697019872103E-15,55.));
#4636=CARTESIAN_POINT('',(15.,1.83697019872103E-15,55.));
#4637=CARTESIAN_POINT('Origin',(0.,0.,55.));
#4638=CARTESIAN_POINT('Origin',(5.55111512312578E-16,-37.7279220613578,
114.227922061358));
#4639=CARTESIAN_POINT('',(3.7,-37.7279220613578,114.227922061358));
#4640=CARTESIAN_POINT('Origin',(5.51091059616312E-16,-37.7279220613578,
114.227922061358));
#4641=CARTESIAN_POINT('Origin',(5.51091059616312E-16,-42.7279220613578,
114.227922061358));
#4642=CARTESIAN_POINT('',(3.7,-44.2279220613579,114.227922061358));
#4643=CARTESIAN_POINT('',(3.7,-42.7279220613578,114.227922061358));
#4644=CARTESIAN_POINT('Origin',(5.51091059616312E-16,-44.2279220613579,
114.227922061358));
#4645=CARTESIAN_POINT('Origin',(5.51091059616312E-16,-42.7279220613578,
114.227922061358));
#4646=CARTESIAN_POINT('',(11.7,-42.7279220613578,114.227922061358));
#4647=CARTESIAN_POINT('Origin',(5.51091059616312E-16,-42.7279220613578,
114.227922061358));
#4648=CARTESIAN_POINT('',(11.7,-44.2279220613579,114.227922061358));
#4649=CARTESIAN_POINT('',(11.7,-42.7279220613578,114.227922061358));
#4650=CARTESIAN_POINT('Origin',(5.51091059616312E-16,-44.2279220613579,
114.227922061358));
#4651=CARTESIAN_POINT('Origin',(0.,-44.2279220613579,114.227922061358));
#4652=CARTESIAN_POINT('Origin',(0.,-42.7279220613578,79.920310216783));
#4653=CARTESIAN_POINT('',(7.5,-42.7279220613578,79.920310216783));
#4654=CARTESIAN_POINT('',(7.5,-42.7279220613578,79.920310216783));
#4655=CARTESIAN_POINT('',(-7.5,-42.7279220613578,79.920310216783));
#4656=CARTESIAN_POINT('',(0.,-42.7279220613578,79.920310216783));
#4657=CARTESIAN_POINT('',(-7.5,-42.7279220613578,79.920310216783));
#4658=CARTESIAN_POINT('Origin',(7.5,-28.8184197061612,79.070100924618));
#4659=CARTESIAN_POINT('',(7.5,-46.7279220613579,78.2634559672906));
#4660=CARTESIAN_POINT('',(7.5,-46.7279220613579,78.2634559672906));
#4661=CARTESIAN_POINT('',(7.5,-44.8241161390704,73.667261889578));
#4662=CARTESIAN_POINT('Origin',(7.5,-40.2279220613578,78.2634559672906));
#4663=CARTESIAN_POINT('',(7.5,-33.5606601717798,62.4038059222874));
#4664=CARTESIAN_POINT('',(7.5,-33.5606601717798,62.4038059222874));
#4665=CARTESIAN_POINT('',(7.5,-28.9644660940673,60.5));
#4666=CARTESIAN_POINT('Origin',(7.5,-28.9644660940672,67.0000000000001));
#4667=CARTESIAN_POINT('',(7.5,-19.8989801501283,60.5));
#4668=CARTESIAN_POINT('',(7.5,-30.,60.5));
#4669=CARTESIAN_POINT('',(7.5,-15.0000002235174,58.0000008642673));
#4670=CARTESIAN_POINT('',(7.5,-30.,64.5));
#4671=CARTESIAN_POINT('',(7.5,-15.,64.5));
#4672=CARTESIAN_POINT('',(7.5,-40.8241161390704,75.3241161390704));
#4673=CARTESIAN_POINT('',(7.5,-30.,64.5));
#4674=CARTESIAN_POINT('Origin',(7.5,-36.2279220613579,79.920310216783));
#4675=CARTESIAN_POINT('Origin',(1.08770485875751E-30,-46.7279220613579,
102.227922061358));
#4676=CARTESIAN_POINT('',(-7.5,-46.7279220613579,78.2634559672906));
#4677=CARTESIAN_POINT('',(-7.5,-46.7279220613579,78.2634559672906));
#4678=CARTESIAN_POINT('',(0.,-46.7279220613579,78.2634559672906));
#4679=CARTESIAN_POINT('Origin',(1.92047004493976E-15,-19.8989801501283,
60.5));
#4680=CARTESIAN_POINT('',(-2.94712100698718,-10.9089173509645,55.9122797878782));
#4681=CARTESIAN_POINT('',(2.94712100698717,-10.9089173509645,55.9122797878782));
#4682=CARTESIAN_POINT('Origin',(-4.38538094726937E-15,-2.22044604925031E-15,
50.345348639406));
#4683=CARTESIAN_POINT('',(2.22044604925031E-15,-10.9089173509645,55.9122797878782));
#4684=CARTESIAN_POINT('Origin',(2.22044604925031E-15,-10.9089173509645,
55.9122797878782));
#4685=CARTESIAN_POINT('',(-2.94712100698718,-10.9089173509645,62.5));
#4686=CARTESIAN_POINT('',(-2.94712100698718,-10.9089173509645,55.));
#4687=CARTESIAN_POINT('',(2.94712100698717,-10.9089173509645,62.5));
#4688=CARTESIAN_POINT('',(1.11022302462516E-15,-10.9089173509645,62.5));
#4689=CARTESIAN_POINT('',(2.94712100698717,-10.9089173509645,55.));
#4690=CARTESIAN_POINT('Origin',(-7.5,-28.8184197061612,79.070100924618));
#4691=CARTESIAN_POINT('',(-7.5,-40.8241161390704,75.3241161390704));
#4692=CARTESIAN_POINT('Origin',(-7.5,-36.2279220613579,79.920310216783));
#4693=CARTESIAN_POINT('',(-7.5,-30.,64.5));
#4694=CARTESIAN_POINT('',(-7.5,-30.,64.5));
#4695=CARTESIAN_POINT('',(-7.5,-15.,64.5));
#4696=CARTESIAN_POINT('',(-7.5,-19.8989801501283,60.5));
#4697=CARTESIAN_POINT('',(-7.5,-15.0000002235174,58.0000008642673));
#4698=CARTESIAN_POINT('',(-7.5,-28.9644660940673,60.5));
#4699=CARTESIAN_POINT('',(-7.5,-30.,60.5));
#4700=CARTESIAN_POINT('',(-7.5,-33.5606601717798,62.4038059222874));
#4701=CARTESIAN_POINT('Origin',(-7.5,-28.9644660940672,67.0000000000001));
#4702=CARTESIAN_POINT('',(-7.5,-44.8241161390704,73.667261889578));
#4703=CARTESIAN_POINT('',(-7.5,-33.5606601717798,62.4038059222874));
#4704=CARTESIAN_POINT('Origin',(-7.5,-40.2279220613578,78.2634559672906));
#4705=CARTESIAN_POINT('Origin',(-6.89687764883979E-16,-44.8241161390704,
73.667261889578));
#4706=CARTESIAN_POINT('',(0.,-33.5606601717798,62.4038059222874));
#4707=CARTESIAN_POINT('',(0.,-44.8241161390704,73.667261889578));
#4708=CARTESIAN_POINT('Origin',(0.,-40.2279220613578,78.2634559672906));
#4709=CARTESIAN_POINT('Origin',(0.,-36.2279220613579,79.920310216783));
#4710=CARTESIAN_POINT('',(0.,-40.8241161390704,75.3241161390704));
#4711=CARTESIAN_POINT('Origin',(0.,-30.,64.5));
#4712=CARTESIAN_POINT('',(0.,-30.,64.5));
#4713=CARTESIAN_POINT('Origin',(1.92047004493976E-15,-19.8989801501283,
60.5));
#4714=CARTESIAN_POINT('',(0.,-19.8989801501283,60.5));
#4715=CARTESIAN_POINT('Origin',(6.34081641654537E-17,-28.9644660940673,
60.5));
#4716=CARTESIAN_POINT('',(0.,-28.9644660940673,60.5));
#4717=CARTESIAN_POINT('Origin',(0.,-28.9644660940672,67.0000000000001));
#4718=CARTESIAN_POINT('Origin',(-4.38538094726937E-15,-2.22044604925031E-15,
55.));
#4719=CARTESIAN_POINT('',(11.3,-8.36595166213804E-16,62.5));
#4720=CARTESIAN_POINT('Origin',(-4.38538094726937E-15,-2.22044604925031E-15,
62.5));
#4721=CARTESIAN_POINT('',(11.3,-8.36595166213804E-16,55.));
#4722=CARTESIAN_POINT('',(11.3,-8.36595166213804E-16,55.));
#4723=CARTESIAN_POINT('Origin',(-4.38538094726937E-15,-2.22044604925031E-15,
55.));
#4724=CARTESIAN_POINT('Origin',(-4.38538094726937E-15,-2.22044604925031E-15,
62.5));
#4725=CARTESIAN_POINT('Origin',(0.,0.,62.5));
#4726=CARTESIAN_POINT('Origin',(0.,0.,64.5));
#4727=CARTESIAN_POINT('Origin',(0.,0.,55.));
#4728=CARTESIAN_POINT('',(0.,0.,0.));
#4729=CARTESIAN_POINT('Origin',(5.5,-35.2279220613578,102.977922061358));
#4730=CARTESIAN_POINT('',(5.5,-34.7279220613579,92.2279220613579));
#4731=CARTESIAN_POINT('',(5.5,-34.7279220613579,101.89909405542));
#4732=CARTESIAN_POINT('',(5.5,-34.7279220613579,102.977922061358));
#4733=CARTESIAN_POINT('',(6.,-35.2279220712016,100.897996397234));
#4734=CARTESIAN_POINT('Ctrl Pts',(6.,-35.2279220712015,100.897996406889));
#4735=CARTESIAN_POINT('Ctrl Pts',(6.00000000163322,-35.1449646810165,100.979365843858));
#4736=CARTESIAN_POINT('Ctrl Pts',(5.97941298138625,-35.0637451661591,101.068121196745));
#4737=CARTESIAN_POINT('Ctrl Pts',(5.89574293325278,-34.9081119917234,101.279193516404));
#4738=CARTESIAN_POINT('Ctrl Pts',(5.8288084733078,-34.8397958901347,101.399984789631));
#4739=CARTESIAN_POINT('Ctrl Pts',(5.67193956437499,-34.75042983651,101.64980769662));
#4740=CARTESIAN_POINT('Ctrl Pts',(5.5877359851486,-34.7284957493784,101.771835609358));
#4741=CARTESIAN_POINT('Ctrl Pts',(5.50222175332757,-34.7279257634751,101.895871468116));
#4742=CARTESIAN_POINT('Ctrl Pts',(5.50111087311642,-34.7279220613579,101.897482759114));
#4743=CARTESIAN_POINT('Ctrl Pts',(5.5,-34.7279220613579,101.89909405542));
#4744=CARTESIAN_POINT('',(6.,-35.2279220613578,91.7279220613578));
#4745=CARTESIAN_POINT('',(6.,-35.2279220613578,102.977922061358));
#4746=CARTESIAN_POINT('Origin',(5.5,-35.2279220613578,92.2279220613579));
#4747=CARTESIAN_POINT('Origin',(-3.,-35.2279220613578,92.2279220613579));
#4748=CARTESIAN_POINT('',(-5.5,-34.7279220613579,92.2279220613579));
#4749=CARTESIAN_POINT('',(-3.,-34.7279220613579,92.2279220613579));
#4750=CARTESIAN_POINT('',(-6.,-35.2279220613578,91.7279220613578));
#4751=CARTESIAN_POINT('',(-3.,-35.2279220613578,91.7279220613578));
#4752=CARTESIAN_POINT('Origin',(-5.5,-35.2279220613578,92.2279220613579));
#4753=CARTESIAN_POINT('Origin',(-5.5,-35.2279220613578,107.354058518924));
#4754=CARTESIAN_POINT('',(-6.,-35.2279220712016,100.897996397234));
#4755=CARTESIAN_POINT('',(-6.,-35.2279220613578,107.354058518924));
#4756=CARTESIAN_POINT('',(-5.5,-34.7279220613579,101.89909405542));
#4757=CARTESIAN_POINT('Ctrl Pts',(-5.5,-34.7279220613579,101.89909405542));
#4758=CARTESIAN_POINT('Ctrl Pts',(-5.50111087311642,-34.7279220613579,101.897482759114));
#4759=CARTESIAN_POINT('Ctrl Pts',(-5.50222175332757,-34.7279257634751,101.895871468116));
#4760=CARTESIAN_POINT('Ctrl Pts',(-5.5877359851486,-34.7284957493784,101.771835609358));
#4761=CARTESIAN_POINT('Ctrl Pts',(-5.67193956437499,-34.75042983651,101.64980769662));
#4762=CARTESIAN_POINT('Ctrl Pts',(-5.8288084733078,-34.8397958901347,101.399984789631));
#4763=CARTESIAN_POINT('Ctrl Pts',(-5.89574293325278,-34.9081119917234,101.279193516404));
#4764=CARTESIAN_POINT('Ctrl Pts',(-5.97941298138646,-35.0637451661594,101.068121196745));
#4765=CARTESIAN_POINT('Ctrl Pts',(-6.00000000163322,-35.144964681017,100.979365843858));
#4766=CARTESIAN_POINT('Ctrl Pts',(-6.,-35.2279220712015,100.897996406889));
#4767=CARTESIAN_POINT('',(-5.5,-34.7279220613579,107.354058518924));
#4768=CARTESIAN_POINT('Origin',(0.,-34.7279220613579,114.227922061358));
#4769=CARTESIAN_POINT('Origin',(5.51091059616312E-16,-34.7279220613579,
114.227922061358));
#4770=CARTESIAN_POINT('',(2.25,-34.7279220613579,96.0000014305115));
#4771=CARTESIAN_POINT('Origin',(0.,-34.7279220613579,96.0000014305115));
#4772=CARTESIAN_POINT('Origin',(5.51091059616312E-16,-36.2279220613579,
114.227922061358));
#4773=CARTESIAN_POINT('',(-6.,-36.2279220613579,100.48019497649));
#4774=CARTESIAN_POINT('Ctrl Pts',(-6.,-36.2279220613579,100.48019497649));
#4775=CARTESIAN_POINT('Ctrl Pts',(-6.,-36.0483320040702,100.48019497649));
#4776=CARTESIAN_POINT('Ctrl Pts',(-6.,-35.8374901960803,100.524798336205));
#4777=CARTESIAN_POINT('Ctrl Pts',(-6.,-35.5177484472641,100.663959296645));
#4778=CARTESIAN_POINT('Ctrl Pts',(-6.,-35.3525404052451,100.775763493412));
#4779=CARTESIAN_POINT('Ctrl Pts',(-6.,-35.2279220760283,100.897996402155));
#4780=CARTESIAN_POINT('',(15.,-36.2279220613579,114.227922061358));
#4781=CARTESIAN_POINT('Origin',(5.51091059616312E-16,-36.2279220613579,
114.227922061358));
#4782=CARTESIAN_POINT('',(6.,-36.2279220613579,100.48019497649));
#4783=CARTESIAN_POINT('Origin',(5.51091059616312E-16,-36.2279220613579,
114.227922061358));
#4784=CARTESIAN_POINT('Ctrl Pts',(6.,-35.2279220760283,100.897996402155));
#4785=CARTESIAN_POINT('Ctrl Pts',(6.,-35.3525404052451,100.775763493412));
#4786=CARTESIAN_POINT('Ctrl Pts',(6.,-35.5177484472641,100.663959296645));
#4787=CARTESIAN_POINT('Ctrl Pts',(6.,-35.8374901960803,100.524798336205));
#4788=CARTESIAN_POINT('Ctrl Pts',(6.,-36.0483320040702,100.48019497649));
#4789=CARTESIAN_POINT('Ctrl Pts',(6.,-36.2279220613579,100.48019497649));
#4790=CARTESIAN_POINT('Origin',(5.51091059616312E-16,-42.7279220613578,
114.227922061358));
#4791=CARTESIAN_POINT('',(-6.,-40.7279220613579,100.48019497649));
#4792=CARTESIAN_POINT('',(-6.,-42.7279220613578,100.48019497649));
#4793=CARTESIAN_POINT('',(6.,-40.7279220613579,100.48019497649));
#4794=CARTESIAN_POINT('Origin',(5.51091059616312E-16,-40.7279220613579,
114.227922061358));
#4795=CARTESIAN_POINT('',(6.,-42.7279220613578,100.48019497649));
#4796=CARTESIAN_POINT('',(15.,-42.7279220613578,114.227922061358));
#4797=CARTESIAN_POINT('',(15.,-42.7279220613578,114.227922061358));
#4798=CARTESIAN_POINT('Origin',(5.51091059616312E-16,-42.7279220613578,
114.227922061358));
#4799=CARTESIAN_POINT('Origin',(-4.5,-39.8779220613579,99.7279220613579));
#4800=CARTESIAN_POINT('',(-4.65,-39.8779220613579,99.7279220613579));
#4801=CARTESIAN_POINT('',(-4.65,-39.8779220613579,91.7279220613578));
#4802=CARTESIAN_POINT('',(-4.65,-39.8779220613579,97.7279220613579));
#4803=CARTESIAN_POINT('',(4.65,-39.8779220613579,99.7279220613579));
#4804=CARTESIAN_POINT('',(-4.5,-39.8779220613579,99.7279220613579));
#4805=CARTESIAN_POINT('',(4.65,-39.8779220613579,91.7279220613578));
#4806=CARTESIAN_POINT('',(4.65,-39.8779220613579,97.7279220613579));
#4807=CARTESIAN_POINT('',(-5.25,-39.8779220613579,91.7279220613578));
#4808=CARTESIAN_POINT('',(2.25,-39.8779220613579,96.0000014305115));
#4809=CARTESIAN_POINT('Origin',(0.,-39.8779220613579,96.0000014305115));
#4810=CARTESIAN_POINT('Origin',(-4.5,-35.7279220613579,99.7279220613579));
#4811=CARTESIAN_POINT('',(-4.65,-35.5779220613579,99.7279220613579));
#4812=CARTESIAN_POINT('',(-4.65,-36.7279220613579,99.7279220613579));
#4813=CARTESIAN_POINT('',(4.65,-35.5779220613579,99.7279220613579));
#4814=CARTESIAN_POINT('',(-4.5,-35.5779220613579,99.7279220613579));
#4815=CARTESIAN_POINT('',(4.65,-35.7279220613579,99.7279220613579));
#4816=CARTESIAN_POINT('Origin',(-4.5,-35.5779220613579,91.7279220613578));
#4817=CARTESIAN_POINT('',(-4.65,-35.5779220613579,91.7279220613578));
#4818=CARTESIAN_POINT('',(-4.65,-35.5779220613579,93.7279220613578));
#4819=CARTESIAN_POINT('',(4.65,-35.5779220613579,91.7279220613578));
#4820=CARTESIAN_POINT('',(-5.25,-35.5779220613579,91.7279220613578));
#4821=CARTESIAN_POINT('',(4.65,-35.5779220613579,93.7279220613578));
#4822=CARTESIAN_POINT('',(2.25,-35.5779220613579,96.0000014305115));
#4823=CARTESIAN_POINT('Origin',(0.,-35.5779220613579,96.0000014305115));
#4824=CARTESIAN_POINT('Origin',(-4.65,-37.7279220613579,95.7279220613579));
#4825=CARTESIAN_POINT('',(-4.65,-36.2279220613579,91.7279220613578));
#4826=CARTESIAN_POINT('Origin',(4.65,-37.7279220613579,95.7279220613579));
#4827=CARTESIAN_POINT('',(4.65,-36.2279220613579,91.7279220613578));
#4828=CARTESIAN_POINT('Origin',(0.,-34.7279220613579,96.0000014305115));
#4829=CARTESIAN_POINT('',(2.25,-34.7279220613579,96.0000014305115));
#4830=CARTESIAN_POINT('Origin',(0.,-34.7279220613579,96.0000014305115));
#4831=CARTESIAN_POINT('',(2.25,-40.7279220613579,96.0000014305115));
#4832=CARTESIAN_POINT('Origin',(0.,-40.7279220613579,96.0000014305115));
#4833=CARTESIAN_POINT('',(2.25,-34.7279220613579,96.0000014305115));
#4834=CARTESIAN_POINT('Origin',(-6.,-34.7279220613579,91.7279220613578));
#4835=CARTESIAN_POINT('',(6.,-40.7279220613579,91.7279220613578));
#4836=CARTESIAN_POINT('',(6.,-34.7279220613579,91.7279220613578));
#4837=CARTESIAN_POINT('',(-6.,-40.7279220613579,91.7279220613578));
#4838=CARTESIAN_POINT('',(6.,-40.7279220613579,91.7279220613578));
#4839=CARTESIAN_POINT('',(-6.,-34.7279220613579,91.7279220613578));
#4840=CARTESIAN_POINT('Origin',(-6.,-34.7279220613579,100.48019497649));
#4841=CARTESIAN_POINT('',(-6.,-40.7279220613579,91.7279220613578));
#4842=CARTESIAN_POINT('Origin',(6.,-34.7279220613579,91.7279220613578));
#4843=CARTESIAN_POINT('',(6.,-40.7279220613579,106.727922061358));
#4844=CARTESIAN_POINT('Origin',(0.,-40.7279220613579,96.1040585189241));
#4845=CARTESIAN_POINT('Origin',(0.,-36.2279220613579,114.227922061358));
#4846=CARTESIAN_POINT('',(11.3,-36.2279220613579,114.227922061358));
#4847=CARTESIAN_POINT('Origin',(5.51091059616312E-16,-36.2279220613579,
114.227922061358));
#4848=CARTESIAN_POINT('Origin',(5.51091059616312E-16,-42.7279220613578,
114.227922061358));
#4849=CARTESIAN_POINT('',(11.3,-42.7279220613578,114.227922061358));
#4850=CARTESIAN_POINT('',(11.3,-42.7279220613578,114.227922061358));
#4851=CARTESIAN_POINT('Origin',(5.51091059616312E-16,-42.7279220613578,
114.227922061358));
#4852=CARTESIAN_POINT('Origin',(0.,-42.7279220613578,114.227922061358));
#4853=CARTESIAN_POINT('',(0.,0.,0.));
#4854=CARTESIAN_POINT('',(0.,0.,0.));
#4855=CARTESIAN_POINT('',(0.,0.,0.));
#4856=CARTESIAN_POINT('Origin',(0.,0.,0.));
#4857=CARTESIAN_POINT('',(-11.,1.34711147906209E-15,-0.499999999999997));
#4858=CARTESIAN_POINT('',(11.,-1.34711147906209E-15,-0.499999999999998));
#4859=CARTESIAN_POINT('Origin',(0.,0.,-0.499999999999997));
#4860=CARTESIAN_POINT('Origin',(0.,0.,-0.499999999999997));
#4861=CARTESIAN_POINT('',(10.5,-1.28587913910472E-15,4.03970845681576E-16));
#4862=CARTESIAN_POINT('',(10.5,-1.28587913910472E-15,0.));
#4863=CARTESIAN_POINT('Origin',(0.,0.,0.));
#4864=CARTESIAN_POINT('Origin',(0.,0.,-6.5));
#4865=CARTESIAN_POINT('',(-11.,-1.34711147906209E-15,-6.5));
#4866=CARTESIAN_POINT('Origin',(0.,0.,-6.5));
#4867=CARTESIAN_POINT('',(-10.5,-1.28587913910472E-15,-7.));
#4868=CARTESIAN_POINT('',(-11.,-1.34711147906209E-15,-6.5));
#4869=CARTESIAN_POINT('Origin',(0.,0.,-7.));
#4870=CARTESIAN_POINT('Origin',(0.,0.,-3.5));
#4871=CARTESIAN_POINT('',(-9.,-1.10218211923262E-15,-5.5));
#4872=CARTESIAN_POINT('Origin',(0.,0.,-5.5));
#4873=CARTESIAN_POINT('',(-9.,-1.10218211923262E-15,-1.5));
#4874=CARTESIAN_POINT('Origin',(-7.5,-9.18485099360515E-16,-3.5));
#4875=CARTESIAN_POINT('Origin',(0.,0.,-1.5));
#4876=CARTESIAN_POINT('Origin',(0.,0.,-7.));
#4877=CARTESIAN_POINT('',(-11.,-1.34711147906209E-15,-7.));
#4878=CARTESIAN_POINT('Origin',(0.,0.,-7.));
#4879=CARTESIAN_POINT('',(-9.,-1.10218211923262E-15,-7.));
#4880=CARTESIAN_POINT('Origin',(0.,0.,-7.));
#4881=CARTESIAN_POINT('',(-9.,-1.10218211923262E-15,-7.));
#4882=CARTESIAN_POINT('Origin',(0.,0.,-7.));
#4883=CARTESIAN_POINT('',(-9.,-1.10218211923262E-15,0.));
#4884=CARTESIAN_POINT('',(-9.,-1.10218211923262E-15,-7.));
#4885=CARTESIAN_POINT('Origin',(0.,0.,0.));
#4886=CARTESIAN_POINT('Origin',(0.,0.,-7.));
#4887=CARTESIAN_POINT('Origin',(0.,0.,0.));
#4888=CARTESIAN_POINT('',(0.,0.,0.));
#4889=CARTESIAN_POINT('Origin',(0.,8.67361737988404E-16,0.));
#4890=CARTESIAN_POINT('',(-6.,-7.34788079488412E-16,2.));
#4891=CARTESIAN_POINT('',(-7.34788079488412E-16,6.,2.));
#4892=CARTESIAN_POINT('Origin',(0.,2.05444821760357E-16,2.));
#4893=CARTESIAN_POINT('Origin',(0.,2.05444821760357E-16,2.));
#4894=CARTESIAN_POINT('',(-7.34788079488412E-16,6.,-2.));
#4895=CARTESIAN_POINT('Origin',(-9.18485099360515E-16,7.5,1.02722410880179E-15));
#4896=CARTESIAN_POINT('',(-6.,-7.34788079488412E-16,-2.));
#4897=CARTESIAN_POINT('Origin',(0.,7.53297679787977E-16,-2.));
#4898=CARTESIAN_POINT('Origin',(0.,7.53297679787977E-16,-2.));
#4899=CARTESIAN_POINT('Origin',(0.,0.,3.1));
#4900=CARTESIAN_POINT('',(-4.,-4.89858719658941E-16,3.1));
#4901=CARTESIAN_POINT('Origin',(0.,0.,3.1));
#4902=CARTESIAN_POINT('',(-4.4,-5.38844591624836E-16,3.5));
#4903=CARTESIAN_POINT('',(-4.,-4.89858719658941E-16,3.1));
#4904=CARTESIAN_POINT('Origin',(0.,0.,3.5));
#4905=CARTESIAN_POINT('Origin',(0.,0.,-3.5));
#4906=CARTESIAN_POINT('',(-4.,4.89858719658941E-16,-3.1));
#4907=CARTESIAN_POINT('',(4.,-4.89858719658941E-16,-3.1));
#4908=CARTESIAN_POINT('Origin',(0.,0.,-3.1));
#4909=CARTESIAN_POINT('Origin',(0.,0.,-3.1));
#4910=CARTESIAN_POINT('',(4.4,-5.38844591624835E-16,-3.5));
#4911=CARTESIAN_POINT('',(4.4,-5.38844591624835E-16,-3.5));
#4912=CARTESIAN_POINT('Origin',(0.,0.,-3.5));
#4913=CARTESIAN_POINT('Origin',(0.,0.,-3.5));
#4914=CARTESIAN_POINT('',(-4.,-4.89858719658941E-16,-3.5));
#4915=CARTESIAN_POINT('Origin',(0.,0.,-3.5));
#4916=CARTESIAN_POINT('',(-6.,-7.34788079488412E-16,-3.5));
#4917=CARTESIAN_POINT('',(-6.,-7.34788079488412E-16,-3.5));
#4918=CARTESIAN_POINT('Origin',(0.,0.,-3.5));
#4919=CARTESIAN_POINT('Origin',(0.,0.,-3.5));
#4920=CARTESIAN_POINT('',(-6.,-7.34788079488412E-16,3.5));
#4921=CARTESIAN_POINT('Origin',(0.,0.,3.5));
#4922=CARTESIAN_POINT('',(-6.,-7.34788079488412E-16,-3.5));
#4923=CARTESIAN_POINT('Origin',(0.,0.,-3.5));
#4924=CARTESIAN_POINT('Origin',(0.,0.,3.5));
#4925=CARTESIAN_POINT('',(0.,0.,0.));
#4926=CARTESIAN_POINT('Origin',(8.00100000000003,2.7935342192084E-14,-3.));
#4927=CARTESIAN_POINT('',(8.,-1.2857446678971E-24,-0.499999999999999));
#4928=CARTESIAN_POINT('',(7.59934207678532,2.50000000000003,-3.));
#4929=CARTESIAN_POINT('Ctrl Pts',(7.59934207678532,2.50000000000003,-3.));
#4930=CARTESIAN_POINT('Ctrl Pts',(7.59934207678532,2.50000000000003,-2.68373798741594));
#4931=CARTESIAN_POINT('Ctrl Pts',(7.62115430689562,2.43635917936577,-2.3479740581336));
#4932=CARTESIAN_POINT('Ctrl Pts',(7.69823516722536,2.18059935848135,-1.73273079525581));
#4933=CARTESIAN_POINT('Ctrl Pts',(7.75221283083079,1.98858205213771,-1.45304814620494));
#4934=CARTESIAN_POINT('Ctrl Pts',(7.85225602053764,1.54702989957254,-1.01149599363977));
#4935=CARTESIAN_POINT('Ctrl Pts',(7.90505909829186,1.26731576271186,-0.819418376817881));
#4936=CARTESIAN_POINT('Ctrl Pts',(7.97941102939897,0.651957214875684,-0.563613869612411));
#4937=CARTESIAN_POINT('Ctrl Pts',(8.,0.316150231665379,-0.499999999999999));
#4938=CARTESIAN_POINT('Ctrl Pts',(8.,2.76167977375508E-14,-0.499999999999999));
#4939=CARTESIAN_POINT('Ctrl Pts',(8.,2.77555756156289E-14,-0.499999999999999));
#4940=CARTESIAN_POINT('Ctrl Pts',(8.,-0.316150231665324,-0.499999999999999));
#4941=CARTESIAN_POINT('Ctrl Pts',(7.97941102939897,-0.651957214875629,-0.563613869612412));
#4942=CARTESIAN_POINT('Ctrl Pts',(7.90505909829187,-1.26731576271181,-0.819418376817882));
#4943=CARTESIAN_POINT('Ctrl Pts',(7.85225602053765,-1.54702989957249,-1.01149599363977));
#4944=CARTESIAN_POINT('Ctrl Pts',(7.7522128308308,-1.98858205213765,-1.45304814620494));
#4945=CARTESIAN_POINT('Ctrl Pts',(7.69823516722538,-2.1805993584813,-1.73273079525581));
#4946=CARTESIAN_POINT('Ctrl Pts',(7.62115430689564,-2.43635917936572,-2.3479740581336));
#4947=CARTESIAN_POINT('Ctrl Pts',(7.59934207678534,-2.49999999999998,-2.68373798741594));
#4948=CARTESIAN_POINT('Ctrl Pts',(7.59934207678534,-2.49999999999998,-3.));
#4949=CARTESIAN_POINT('Ctrl Pts',(7.59934207678534,-2.49999999999998,-3.31626201258407));
#4950=CARTESIAN_POINT('Ctrl Pts',(7.62115430689564,-2.43635917936572,-3.6520259418664));
#4951=CARTESIAN_POINT('Ctrl Pts',(7.69823516722538,-2.1805993584813,-4.2672692047442));
#4952=CARTESIAN_POINT('Ctrl Pts',(7.7522128308308,-1.98858205213765,-4.54695185379506));
#4953=CARTESIAN_POINT('Ctrl Pts',(7.85225602053765,-1.54702989957249,-4.98850400636023));
#4954=CARTESIAN_POINT('Ctrl Pts',(7.90505909829187,-1.26731576271181,-5.18058162318212));
#4955=CARTESIAN_POINT('Ctrl Pts',(7.97941102939897,-0.651957214875628,-5.43638613038759));
#4956=CARTESIAN_POINT('Ctrl Pts',(8.,-0.316150231665323,-5.5));
#4957=CARTESIAN_POINT('Ctrl Pts',(8.,0.31615023166538,-5.5));
#4958=CARTESIAN_POINT('Ctrl Pts',(7.97941102939897,0.651957214875686,-5.43638613038759));
#4959=CARTESIAN_POINT('Ctrl Pts',(7.90505909829186,1.26731576271186,-5.18058162318212));
#4960=CARTESIAN_POINT('Ctrl Pts',(7.85225602053764,1.54702989957254,-4.98850400636023));
#4961=CARTESIAN_POINT('Ctrl Pts',(7.75221283083079,1.98858205213771,-4.54695185379506));
#4962=CARTESIAN_POINT('Ctrl Pts',(7.69823516722536,2.18059935848136,-4.26726920474419));
#4963=CARTESIAN_POINT('Ctrl Pts',(7.62115430689562,2.43635917936577,-3.6520259418664));
#4964=CARTESIAN_POINT('Ctrl Pts',(7.59934207678532,2.50000000000003,-3.31626201258406));
#4965=CARTESIAN_POINT('Ctrl Pts',(7.59934207678532,2.50000000000003,-3.));
#4966=CARTESIAN_POINT('',(6.538348415311,2.50000000000002,-3.));
#4967=CARTESIAN_POINT('',(8.00100000000002,2.50000000000003,-3.));
#4968=CARTESIAN_POINT('',(7.00000000000118,3.2718108223223E-13,-5.50000000000329));
#4969=CARTESIAN_POINT('Ctrl Pts',(6.538348415311,2.50000000000002,-3.));
#4970=CARTESIAN_POINT('Ctrl Pts',(6.538348415311,2.50000000000002,-3.31705704068313));
#4971=CARTESIAN_POINT('Ctrl Pts',(6.56383934070342,2.43605998307257,-3.65309901126448));
#4972=CARTESIAN_POINT('Ctrl Pts',(6.65323018395189,2.18011518479555,-4.26807948631498));
#4973=CARTESIAN_POINT('Ctrl Pts',(6.71556638465912,1.98823697520614,-4.54729693072662));
#4974=CARTESIAN_POINT('Ctrl Pts',(6.83061503429072,1.54743396323757,-4.9880999426952));
#4975=CARTESIAN_POINT('Ctrl Pts',(6.89116763224346,1.26816282586094,-5.18008313971423));
#4976=CARTESIAN_POINT('Ctrl Pts',(6.97639200923896,0.652979956424681,-5.43610689212719));
#4977=CARTESIAN_POINT('Ctrl Pts',(7.,0.316859974787526,-5.5));
#4978=CARTESIAN_POINT('Ctrl Pts',(7.,2.42167397246362E-14,-5.5));
#4979=CARTESIAN_POINT('Ctrl Pts',(7.,2.42167397246362E-14,-5.5));
#4980=CARTESIAN_POINT('Ctrl Pts',(7.,-0.316859974787478,-5.5));
#4981=CARTESIAN_POINT('Ctrl Pts',(6.97639200923896,-0.652979956424633,-5.43610689212719));
#4982=CARTESIAN_POINT('Ctrl Pts',(6.89116763224347,-1.26816282586089,-5.18008313971423));
#4983=CARTESIAN_POINT('Ctrl Pts',(6.83061503429073,-1.54743396323752,-4.9880999426952));
#4984=CARTESIAN_POINT('Ctrl Pts',(6.71556638465913,-1.98823697520609,-4.54729693072662));
#4985=CARTESIAN_POINT('Ctrl Pts',(6.65323018395191,-2.18011518479551,-4.26807948631498));
#4986=CARTESIAN_POINT('Ctrl Pts',(6.56383934070344,-2.43605998307252,-3.65309901126448));
#4987=CARTESIAN_POINT('Ctrl Pts',(6.53834841531102,-2.49999999999998,-3.31705704068312));
#4988=CARTESIAN_POINT('Ctrl Pts',(6.53834841531102,-2.49999999999998,-3.));
#4989=CARTESIAN_POINT('Ctrl Pts',(6.53834841531102,-2.49999999999998,-2.68294295931688));
#4990=CARTESIAN_POINT('Ctrl Pts',(6.56383934070344,-2.43605998307252,-2.34690098873552));
#4991=CARTESIAN_POINT('Ctrl Pts',(6.65323018395191,-2.18011518479551,-1.73192051368502));
#4992=CARTESIAN_POINT('Ctrl Pts',(6.71556638465913,-1.98823697520609,-1.45270306927338));
#4993=CARTESIAN_POINT('Ctrl Pts',(6.83061503429073,-1.54743396323752,-1.0119000573048));
#4994=CARTESIAN_POINT('Ctrl Pts',(6.89116763224347,-1.26816282586089,-0.819916860285767));
#4995=CARTESIAN_POINT('Ctrl Pts',(6.97639200923896,-0.652979956424631,-0.563893107872806));
#4996=CARTESIAN_POINT('Ctrl Pts',(7.,-0.316859974787477,-0.499999999999998));
#4997=CARTESIAN_POINT('Ctrl Pts',(7.,0.316859974787527,-0.499999999999998));
#4998=CARTESIAN_POINT('Ctrl Pts',(6.97639200923896,0.652979956424682,-0.563893107872807));
#4999=CARTESIAN_POINT('Ctrl Pts',(6.89116763224346,1.26816282586094,-0.819916860285768));
#5000=CARTESIAN_POINT('Ctrl Pts',(6.83061503429072,1.54743396323757,-1.01190005730481));
#5001=CARTESIAN_POINT('Ctrl Pts',(6.71556638465912,1.98823697520614,-1.45270306927338));
#5002=CARTESIAN_POINT('Ctrl Pts',(6.65323018395189,2.18011518479555,-1.73192051368502));
#5003=CARTESIAN_POINT('Ctrl Pts',(6.56383934070342,2.43605998307257,-2.34690098873552));
#5004=CARTESIAN_POINT('Ctrl Pts',(6.538348415311,2.50000000000002,-2.68294295931688));
#5005=CARTESIAN_POINT('Ctrl Pts',(6.538348415311,2.50000000000002,-3.));
#5006=CARTESIAN_POINT('Origin',(8.00099999999996,8.00100000000004,-3.));
#5007=CARTESIAN_POINT('',(3.60577936208476,7.14131326801756,-3.));
#5008=CARTESIAN_POINT('Ctrl Pts',(7.14131326801752,3.60577936208484,-3.));
#5009=CARTESIAN_POINT('Ctrl Pts',(7.14131326801752,3.60577936208484,-2.68373798741594));
#5010=CARTESIAN_POINT('Ctrl Pts',(7.11173598801055,3.66620379373939,-2.3479740581336));
#5011=CARTESIAN_POINT('Ctrl Pts',(6.98539088334698,3.90155769648067,-1.73273079525581));
#5012=CARTESIAN_POINT('Ctrl Pts',(6.88778211589421,4.07550240786944,-1.45304814620494));
#5013=CARTESIAN_POINT('Ctrl Pts',(6.64629881242111,4.45846814704903,-1.01149599363977));
#5014=CARTESIAN_POINT('Ctrl Pts',(6.48584846380071,4.69359332436449,-0.819418376817883));
#5015=CARTESIAN_POINT('Ctrl Pts',(6.10329901644479,5.1812922810807,-0.563613869612413));
#5016=CARTESIAN_POINT('Ctrl Pts',(5.88040622217662,5.43330227680814,-0.499999999999999));
#5017=CARTESIAN_POINT('Ctrl Pts',(5.43330227680808,5.88040622217668,-0.499999999999999));
#5018=CARTESIAN_POINT('Ctrl Pts',(5.18129228108064,6.10329901644484,-0.563613869612412));
#5019=CARTESIAN_POINT('Ctrl Pts',(4.69359332436442,6.48584846380076,-0.819418376817882));
#5020=CARTESIAN_POINT('Ctrl Pts',(4.45846814704896,6.64629881242116,-1.01149599363977));
#5021=CARTESIAN_POINT('Ctrl Pts',(4.07550240786937,6.88778211589425,-1.45304814620494));
#5022=CARTESIAN_POINT('Ctrl Pts',(3.9015576964806,6.98539088334702,-1.73273079525581));
#5023=CARTESIAN_POINT('Ctrl Pts',(3.66620379373932,7.11173598801059,-2.3479740581336));
#5024=CARTESIAN_POINT('Ctrl Pts',(3.60577936208476,7.14131326801756,-2.68373798741594));
#5025=CARTESIAN_POINT('Ctrl Pts',(3.60577936208476,7.14131326801756,-3.31626201258407));
#5026=CARTESIAN_POINT('Ctrl Pts',(3.66620379373932,7.11173598801059,-3.6520259418664));
#5027=CARTESIAN_POINT('Ctrl Pts',(3.9015576964806,6.98539088334702,-4.2672692047442));
#5028=CARTESIAN_POINT('Ctrl Pts',(4.07550240786937,6.88778211589425,-4.54695185379506));
#5029=CARTESIAN_POINT('Ctrl Pts',(4.45846814704896,6.64629881242116,-4.98850400636023));
#5030=CARTESIAN_POINT('Ctrl Pts',(4.69359332436442,6.48584846380076,-5.18058162318212));
#5031=CARTESIAN_POINT('Ctrl Pts',(5.18129228108064,6.10329901644484,-5.43638613038759));
#5032=CARTESIAN_POINT('Ctrl Pts',(5.43330227680808,5.88040622217668,-5.5));
#5033=CARTESIAN_POINT('Ctrl Pts',(5.88040622217662,5.43330227680814,-5.5));
#5034=CARTESIAN_POINT('Ctrl Pts',(6.10329901644479,5.1812922810807,-5.43638613038759));
#5035=CARTESIAN_POINT('Ctrl Pts',(6.48584846380071,4.69359332436449,-5.18058162318212));
#5036=CARTESIAN_POINT('Ctrl Pts',(6.64629881242111,4.45846814704903,-4.98850400636023));
#5037=CARTESIAN_POINT('Ctrl Pts',(6.88778211589421,4.07550240786944,-4.54695185379506));
#5038=CARTESIAN_POINT('Ctrl Pts',(6.98539088334698,3.90155769648067,-4.2672692047442));
#5039=CARTESIAN_POINT('Ctrl Pts',(7.11173598801055,3.66620379373939,-3.6520259418664));
#5040=CARTESIAN_POINT('Ctrl Pts',(7.14131326801752,3.60577936208484,-3.31626201258407));
#5041=CARTESIAN_POINT('Ctrl Pts',(7.14131326801752,3.60577936208484,-3.));
#5042=CARTESIAN_POINT('',(2.85554354926033,6.39107745519312,-3.));
#5043=CARTESIAN_POINT('',(6.23323304703358,9.7687669529664,-3.));
#5044=CARTESIAN_POINT('',(6.39107745519309,2.8555435492604,-3.));
#5045=CARTESIAN_POINT('Ctrl Pts',(2.85554354926033,6.39107745519312,-3.));
#5046=CARTESIAN_POINT('Ctrl Pts',(2.85554354926033,6.39107745519312,-3.31705704068313));
#5047=CARTESIAN_POINT('Ctrl Pts',(2.91878077502262,6.36388984183823,-3.65309901126448));
#5048=CARTESIAN_POINT('Ctrl Pts',(3.1629699489307,6.24611841080411,-4.26807948631498));
#5049=CARTESIAN_POINT('Ctrl Pts',(3.34272668232679,6.15451837787498,-4.54729693072662));
#5050=CARTESIAN_POINT('Ctrl Pts',(3.73577316157808,5.92417525926541,-4.9880999426952));
#5051=CARTESIAN_POINT('Ctrl Pts',(3.97606482923762,5.76951789686756,-5.18008313971423));
#5052=CARTESIAN_POINT('Ctrl Pts',(4.47132754278171,5.39478065311531,-5.43610689212719));
#5053=CARTESIAN_POINT('Ctrl Pts',(4.72569363144697,5.1738013051647,-5.5));
#5054=CARTESIAN_POINT('Ctrl Pts',(5.17380130516465,4.72569363144702,-5.5));
#5055=CARTESIAN_POINT('Ctrl Pts',(5.39478065311526,4.47132754278177,-5.43610689212719));
#5056=CARTESIAN_POINT('Ctrl Pts',(5.76951789686752,3.97606482923768,-5.18008313971423));
#5057=CARTESIAN_POINT('Ctrl Pts',(5.92417525926538,3.73577316157814,-4.9880999426952));
#5058=CARTESIAN_POINT('Ctrl Pts',(6.15451837787495,3.34272668232685,-4.54729693072662));
#5059=CARTESIAN_POINT('Ctrl Pts',(6.24611841080408,3.16296994893076,-4.26807948631498));
#5060=CARTESIAN_POINT('Ctrl Pts',(6.3638898418382,2.91878077502268,-3.65309901126448));
#5061=CARTESIAN_POINT('Ctrl Pts',(6.39107745519309,2.85554354926039,-3.31705704068312));
#5062=CARTESIAN_POINT('Ctrl Pts',(6.39107745519309,2.85554354926039,-3.));
#5063=CARTESIAN_POINT('Ctrl Pts',(6.39107745519309,2.85554354926039,-3.));
#5064=CARTESIAN_POINT('Ctrl Pts',(6.39107745519309,2.85554354926039,-2.68294295931688));
#5065=CARTESIAN_POINT('Ctrl Pts',(6.3638898418382,2.91878077502268,-2.34690098873552));
#5066=CARTESIAN_POINT('Ctrl Pts',(6.24611841080408,3.16296994893076,-1.73192051368502));
#5067=CARTESIAN_POINT('Ctrl Pts',(6.15451837787495,3.34272668232685,-1.45270306927338));
#5068=CARTESIAN_POINT('Ctrl Pts',(5.92417525926538,3.73577316157814,-1.01190005730481));
#5069=CARTESIAN_POINT('Ctrl Pts',(5.76951789686752,3.97606482923768,-0.819916860285769));
#5070=CARTESIAN_POINT('Ctrl Pts',(5.39478065311526,4.47132754278177,-0.563893107872808));
#5071=CARTESIAN_POINT('Ctrl Pts',(5.17380130516465,4.72569363144702,-0.499999999999999));
#5072=CARTESIAN_POINT('Ctrl Pts',(4.72569363144697,5.1738013051647,-0.499999999999999));
#5073=CARTESIAN_POINT('Ctrl Pts',(4.47132754278171,5.39478065311531,-0.563893107872807));
#5074=CARTESIAN_POINT('Ctrl Pts',(3.97606482923762,5.76951789686756,-0.819916860285768));
#5075=CARTESIAN_POINT('Ctrl Pts',(3.73577316157808,5.92417525926541,-1.01190005730481));
#5076=CARTESIAN_POINT('Ctrl Pts',(3.34272668232678,6.15451837787498,-1.45270306927338));
#5077=CARTESIAN_POINT('Ctrl Pts',(3.1629699489307,6.24611841080411,-1.73192051368502));
#5078=CARTESIAN_POINT('Ctrl Pts',(2.91878077502262,6.36388984183823,-2.34690098873552));
#5079=CARTESIAN_POINT('Ctrl Pts',(2.85554354926033,6.39107745519312,-2.68294295931688));
#5080=CARTESIAN_POINT('Ctrl Pts',(2.85554354926033,6.39107745519312,-3.));
#5081=CARTESIAN_POINT('Origin',(0.,8.001,-3.));
#5082=CARTESIAN_POINT('',(3.06121563650216E-16,8.,-0.499999999999999));
#5083=CARTESIAN_POINT('Ctrl Pts',(2.5,7.59934207678533,-3.));
#5084=CARTESIAN_POINT('Ctrl Pts',(2.5,7.59934207678533,-2.68373798741594));
#5085=CARTESIAN_POINT('Ctrl Pts',(2.43635917936574,7.62115430689563,-2.3479740581336));
#5086=CARTESIAN_POINT('Ctrl Pts',(2.18059935848133,7.69823516722537,-1.73273079525581));
#5087=CARTESIAN_POINT('Ctrl Pts',(1.98858205213768,7.7522128308308,-1.45304814620494));
#5088=CARTESIAN_POINT('Ctrl Pts',(1.54702989957251,7.85225602053765,-1.01149599363977));
#5089=CARTESIAN_POINT('Ctrl Pts',(1.26731576271184,7.90505909829187,-0.819418376817882));
#5090=CARTESIAN_POINT('Ctrl Pts',(0.651957214875657,7.97941102939897,-0.563613869612412));
#5091=CARTESIAN_POINT('Ctrl Pts',(0.316150231665352,8.,-0.499999999999998));
#5092=CARTESIAN_POINT('Ctrl Pts',(-0.316150231665351,8.,-0.499999999999998));
#5093=CARTESIAN_POINT('Ctrl Pts',(-0.651957214875657,7.97941102939897,-0.563613869612412));
#5094=CARTESIAN_POINT('Ctrl Pts',(-1.26731576271184,7.90505909829187,-0.819418376817882));
#5095=CARTESIAN_POINT('Ctrl Pts',(-1.54702989957251,7.85225602053765,-1.01149599363977));
#5096=CARTESIAN_POINT('Ctrl Pts',(-1.98858205213768,7.7522128308308,-1.45304814620494));
#5097=CARTESIAN_POINT('Ctrl Pts',(-2.18059935848133,7.69823516722537,-1.73273079525581));
#5098=CARTESIAN_POINT('Ctrl Pts',(-2.43635917936574,7.62115430689563,-2.3479740581336));
#5099=CARTESIAN_POINT('Ctrl Pts',(-2.5,7.59934207678533,-2.68373798741594));
#5100=CARTESIAN_POINT('Ctrl Pts',(-2.5,7.59934207678533,-3.31626201258407));
#5101=CARTESIAN_POINT('Ctrl Pts',(-2.43635917936574,7.62115430689563,-3.6520259418664));
#5102=CARTESIAN_POINT('Ctrl Pts',(-2.18059935848133,7.69823516722537,-4.26726920474419));
#5103=CARTESIAN_POINT('Ctrl Pts',(-1.98858205213768,7.7522128308308,-4.54695185379506));
#5104=CARTESIAN_POINT('Ctrl Pts',(-1.54702989957251,7.85225602053765,-4.98850400636023));
#5105=CARTESIAN_POINT('Ctrl Pts',(-1.26731576271184,7.90505909829187,-5.18058162318212));
#5106=CARTESIAN_POINT('Ctrl Pts',(-0.651957214875657,7.97941102939897,-5.43638613038759));
#5107=CARTESIAN_POINT('Ctrl Pts',(-0.316150231665352,8.,-5.5));
#5108=CARTESIAN_POINT('Ctrl Pts',(0.316150231665351,8.,-5.5));
#5109=CARTESIAN_POINT('Ctrl Pts',(0.651957214875656,7.97941102939897,-5.43638613038759));
#5110=CARTESIAN_POINT('Ctrl Pts',(1.26731576271184,7.90505909829187,-5.18058162318212));
#5111=CARTESIAN_POINT('Ctrl Pts',(1.54702989957251,7.85225602053765,-4.98850400636023));
#5112=CARTESIAN_POINT('Ctrl Pts',(1.98858205213768,7.7522128308308,-4.54695185379506));
#5113=CARTESIAN_POINT('Ctrl Pts',(2.18059935848133,7.69823516722537,-4.2672692047442));
#5114=CARTESIAN_POINT('Ctrl Pts',(2.43635917936574,7.62115430689563,-3.6520259418664));
#5115=CARTESIAN_POINT('Ctrl Pts',(2.5,7.59934207678533,-3.31626201258407));
#5116=CARTESIAN_POINT('Ctrl Pts',(2.5,7.59934207678533,-3.));
#5117=CARTESIAN_POINT('',(-2.57164258452028E-16,7.,-0.499999999999999));
#5118=CARTESIAN_POINT('',(-3.06161699786838E-16,8.001,-0.499999999999999));
#5119=CARTESIAN_POINT('',(-6.98240126798852E-17,7.,-5.5));
#5120=CARTESIAN_POINT('Ctrl Pts',(-2.77555756156289E-16,7.,-0.499999999999999));
#5121=CARTESIAN_POINT('Ctrl Pts',(-0.316859974787502,7.,-0.499999999999999));
#5122=CARTESIAN_POINT('Ctrl Pts',(-0.652979956424657,6.97639200923896,-0.563893107872807));
#5123=CARTESIAN_POINT('Ctrl Pts',(-1.26816282586091,6.89116763224346,-0.819916860285768));
#5124=CARTESIAN_POINT('Ctrl Pts',(-1.54743396323755,6.83061503429072,-1.01190005730481));
#5125=CARTESIAN_POINT('Ctrl Pts',(-1.98823697520612,6.71556638465912,-1.45270306927338));
#5126=CARTESIAN_POINT('Ctrl Pts',(-2.18011518479553,6.6532301839519,-1.73192051368502));
#5127=CARTESIAN_POINT('Ctrl Pts',(-2.43605998307254,6.56383934070343,-2.34690098873552));
#5128=CARTESIAN_POINT('Ctrl Pts',(-2.5,6.53834841531101,-2.68294295931688));
#5129=CARTESIAN_POINT('Ctrl Pts',(-2.5,6.53834841531101,-3.31705704068312));
#5130=CARTESIAN_POINT('Ctrl Pts',(-2.43605998307254,6.56383934070343,-3.65309901126448));
#5131=CARTESIAN_POINT('Ctrl Pts',(-2.18011518479553,6.6532301839519,-4.26807948631498));
#5132=CARTESIAN_POINT('Ctrl Pts',(-1.98823697520612,6.71556638465912,-4.54729693072662));
#5133=CARTESIAN_POINT('Ctrl Pts',(-1.54743396323755,6.83061503429072,-4.9880999426952));
#5134=CARTESIAN_POINT('Ctrl Pts',(-1.26816282586091,6.89116763224346,-5.18008313971423));
#5135=CARTESIAN_POINT('Ctrl Pts',(-0.652979956424657,6.97639200923896,-5.43610689212719));
#5136=CARTESIAN_POINT('Ctrl Pts',(-0.316859974787502,7.,-5.5));
#5137=CARTESIAN_POINT('Ctrl Pts',(0.,7.,-5.5));
#5138=CARTESIAN_POINT('Ctrl Pts',(6.93889390390723E-17,7.,-5.5));
#5139=CARTESIAN_POINT('Ctrl Pts',(0.316859974787502,7.,-5.5));
#5140=CARTESIAN_POINT('Ctrl Pts',(0.652979956424657,6.97639200923896,-5.43610689212719));
#5141=CARTESIAN_POINT('Ctrl Pts',(1.26816282586091,6.89116763224346,-5.18008313971423));
#5142=CARTESIAN_POINT('Ctrl Pts',(1.54743396323755,6.83061503429072,-4.9880999426952));
#5143=CARTESIAN_POINT('Ctrl Pts',(1.98823697520612,6.71556638465912,-4.54729693072662));
#5144=CARTESIAN_POINT('Ctrl Pts',(2.18011518479553,6.6532301839519,-4.26807948631498));
#5145=CARTESIAN_POINT('Ctrl Pts',(2.43605998307254,6.56383934070343,-3.65309901126448));
#5146=CARTESIAN_POINT('Ctrl Pts',(2.5,6.53834841531101,-3.31705704068312));
#5147=CARTESIAN_POINT('Ctrl Pts',(2.5,6.53834841531101,-3.));
#5148=CARTESIAN_POINT('Ctrl Pts',(2.5,6.53834841531101,-2.68294295931688));
#5149=CARTESIAN_POINT('Ctrl Pts',(2.43605998307254,6.56383934070343,-2.34690098873552));
#5150=CARTESIAN_POINT('Ctrl Pts',(2.18011518479553,6.6532301839519,-1.73192051368502));
#5151=CARTESIAN_POINT('Ctrl Pts',(1.98823697520612,6.71556638465912,-1.45270306927338));
#5152=CARTESIAN_POINT('Ctrl Pts',(1.54743396323754,6.83061503429072,-1.01190005730481));
#5153=CARTESIAN_POINT('Ctrl Pts',(1.26816282586091,6.89116763224346,-0.819916860285768));
#5154=CARTESIAN_POINT('Ctrl Pts',(0.652979956424657,6.97639200923896,-0.563893107872807));
#5155=CARTESIAN_POINT('Ctrl Pts',(0.316859974787502,7.,-0.499999999999999));
#5156=CARTESIAN_POINT('Ctrl Pts',(-4.16333634234434E-16,7.,-0.499999999999999));
#5157=CARTESIAN_POINT('Origin',(-8.00100000000007,8.00099999999993,-3.));
#5158=CARTESIAN_POINT('',(-7.14131326801757,3.60577936208474,-3.));
#5159=CARTESIAN_POINT('Ctrl Pts',(-3.60577936208486,7.14131326801751,-3.));
#5160=CARTESIAN_POINT('Ctrl Pts',(-3.60577936208486,7.14131326801751,-2.68373798741594));
#5161=CARTESIAN_POINT('Ctrl Pts',(-3.66620379373942,7.11173598801054,-2.3479740581336));
#5162=CARTESIAN_POINT('Ctrl Pts',(-3.90155769648069,6.98539088334696,-1.73273079525581));
#5163=CARTESIAN_POINT('Ctrl Pts',(-4.07550240786946,6.88778211589419,-1.45304814620494));
#5164=CARTESIAN_POINT('Ctrl Pts',(-4.45846814704905,6.64629881242109,-1.01149599363977));
#5165=CARTESIAN_POINT('Ctrl Pts',(-4.69359332436451,6.4858484638007,-0.819418376817883));
#5166=CARTESIAN_POINT('Ctrl Pts',(-5.18129228108072,6.10329901644477,-0.563613869612413));
#5167=CARTESIAN_POINT('Ctrl Pts',(-5.43330227680816,5.8804062221766,-0.499999999999999));
#5168=CARTESIAN_POINT('Ctrl Pts',(-5.8804062221767,5.43330227680806,-0.499999999999999));
#5169=CARTESIAN_POINT('Ctrl Pts',(-6.10329901644486,5.18129228108062,-0.563613869612412));
#5170=CARTESIAN_POINT('Ctrl Pts',(-6.48584846380078,4.6935933243644,-0.819418376817882));
#5171=CARTESIAN_POINT('Ctrl Pts',(-6.64629881242117,4.45846814704894,-1.01149599363977));
#5172=CARTESIAN_POINT('Ctrl Pts',(-6.88778211589427,4.07550240786934,-1.45304814620494));
#5173=CARTESIAN_POINT('Ctrl Pts',(-6.98539088334703,3.90155769648057,-1.73273079525581));
#5174=CARTESIAN_POINT('Ctrl Pts',(-7.11173598801061,3.66620379373929,-2.3479740581336));
#5175=CARTESIAN_POINT('Ctrl Pts',(-7.14131326801757,3.60577936208474,-2.68373798741594));
#5176=CARTESIAN_POINT('Ctrl Pts',(-7.14131326801757,3.60577936208474,-3.31626201258407));
#5177=CARTESIAN_POINT('Ctrl Pts',(-7.1117359880106,3.66620379373929,-3.6520259418664));
#5178=CARTESIAN_POINT('Ctrl Pts',(-6.98539088334703,3.90155769648057,-4.26726920474419));
#5179=CARTESIAN_POINT('Ctrl Pts',(-6.88778211589427,4.07550240786934,-4.54695185379506));
#5180=CARTESIAN_POINT('Ctrl Pts',(-6.64629881242117,4.45846814704894,-4.98850400636023));
#5181=CARTESIAN_POINT('Ctrl Pts',(-6.48584846380078,4.6935933243644,-5.18058162318212));
#5182=CARTESIAN_POINT('Ctrl Pts',(-6.10329901644486,5.18129228108061,-5.43638613038759));
#5183=CARTESIAN_POINT('Ctrl Pts',(-5.8804062221767,5.43330227680806,-5.5));
#5184=CARTESIAN_POINT('Ctrl Pts',(-5.43330227680816,5.8804062221766,-5.5));
#5185=CARTESIAN_POINT('Ctrl Pts',(-5.18129228108072,6.10329901644477,-5.43638613038759));
#5186=CARTESIAN_POINT('Ctrl Pts',(-4.69359332436451,6.48584846380069,-5.18058162318212));
#5187=CARTESIAN_POINT('Ctrl Pts',(-4.45846814704906,6.64629881242109,-4.98850400636023));
#5188=CARTESIAN_POINT('Ctrl Pts',(-4.07550240786946,6.88778211589419,-4.54695185379506));
#5189=CARTESIAN_POINT('Ctrl Pts',(-3.90155769648069,6.98539088334696,-4.2672692047442));
#5190=CARTESIAN_POINT('Ctrl Pts',(-3.66620379373942,7.11173598801054,-3.6520259418664));
#5191=CARTESIAN_POINT('Ctrl Pts',(-3.60577936208486,7.14131326801751,-3.31626201258407));
#5192=CARTESIAN_POINT('Ctrl Pts',(-3.60577936208486,7.14131326801751,-3.));
#5193=CARTESIAN_POINT('',(-6.39107745519313,2.85554354926031,-3.));
#5194=CARTESIAN_POINT('',(-9.76876695296642,6.23323304703355,-3.));
#5195=CARTESIAN_POINT('',(-2.85554354926042,6.39107745519308,-3.));
#5196=CARTESIAN_POINT('Ctrl Pts',(-6.39107745519313,2.85554354926031,-3.));
#5197=CARTESIAN_POINT('Ctrl Pts',(-6.39107745519313,2.85554354926031,-3.31705704068313));
#5198=CARTESIAN_POINT('Ctrl Pts',(-6.36388984183824,2.9187807750226,-3.65309901126448));
#5199=CARTESIAN_POINT('Ctrl Pts',(-6.24611841080412,3.16296994893067,-4.26807948631498));
#5200=CARTESIAN_POINT('Ctrl Pts',(-6.15451837787499,3.34272668232676,-4.54729693072662));
#5201=CARTESIAN_POINT('Ctrl Pts',(-5.92417525926543,3.73577316157806,-4.9880999426952));
#5202=CARTESIAN_POINT('Ctrl Pts',(-5.76951789686758,3.9760648292376,-5.18008313971423));
#5203=CARTESIAN_POINT('Ctrl Pts',(-5.39478065311532,4.47132754278169,-5.43610689212719));
#5204=CARTESIAN_POINT('Ctrl Pts',(-5.17380130516471,4.72569363144695,-5.5));
#5205=CARTESIAN_POINT('Ctrl Pts',(-4.72569363144704,5.17380130516463,-5.5));
#5206=CARTESIAN_POINT('Ctrl Pts',(-4.47132754278179,5.39478065311525,-5.43610689212719));
#5207=CARTESIAN_POINT('Ctrl Pts',(-3.9760648292377,5.76951789686751,-5.18008313971423));
#5208=CARTESIAN_POINT('Ctrl Pts',(-3.73577316157816,5.92417525926536,-4.9880999426952));
#5209=CARTESIAN_POINT('Ctrl Pts',(-3.34272668232687,6.15451837787494,-4.54729693072662));
#5210=CARTESIAN_POINT('Ctrl Pts',(-3.16296994893078,6.24611841080407,-4.26807948631498));
#5211=CARTESIAN_POINT('Ctrl Pts',(-2.91878077502271,6.36388984183819,-3.65309901126448));
#5212=CARTESIAN_POINT('Ctrl Pts',(-2.85554354926042,6.39107745519308,-3.31705704068312));
#5213=CARTESIAN_POINT('Ctrl Pts',(-2.85554354926042,6.39107745519308,-3.));
#5214=CARTESIAN_POINT('Ctrl Pts',(-2.85554354926042,6.39107745519308,-3.));
#5215=CARTESIAN_POINT('Ctrl Pts',(-2.85554354926042,6.39107745519308,-2.68294295931688));
#5216=CARTESIAN_POINT('Ctrl Pts',(-2.91878077502271,6.36388984183819,-2.34690098873552));
#5217=CARTESIAN_POINT('Ctrl Pts',(-3.16296994893078,6.24611841080406,-1.73192051368502));
#5218=CARTESIAN_POINT('Ctrl Pts',(-3.34272668232687,6.15451837787494,-1.45270306927338));
#5219=CARTESIAN_POINT('Ctrl Pts',(-3.73577316157816,5.92417525926536,-1.01190005730481));
#5220=CARTESIAN_POINT('Ctrl Pts',(-3.9760648292377,5.76951789686751,-0.819916860285769));
#5221=CARTESIAN_POINT('Ctrl Pts',(-4.47132754278179,5.39478065311525,-0.563893107872808));
#5222=CARTESIAN_POINT('Ctrl Pts',(-4.72569363144704,5.17380130516463,-0.499999999999999));
#5223=CARTESIAN_POINT('Ctrl Pts',(-5.17380130516471,4.72569363144695,-0.499999999999999));
#5224=CARTESIAN_POINT('Ctrl Pts',(-5.39478065311532,4.47132754278169,-0.563893107872808));
#5225=CARTESIAN_POINT('Ctrl Pts',(-5.76951789686758,3.9760648292376,-0.819916860285769));
#5226=CARTESIAN_POINT('Ctrl Pts',(-5.92417525926543,3.73577316157806,-1.01190005730481));
#5227=CARTESIAN_POINT('Ctrl Pts',(-6.154518377875,3.34272668232676,-1.45270306927338));
#5228=CARTESIAN_POINT('Ctrl Pts',(-6.24611841080412,3.16296994893067,-1.73192051368502));
#5229=CARTESIAN_POINT('Ctrl Pts',(-6.36388984183824,2.9187807750226,-2.34690098873552));
#5230=CARTESIAN_POINT('Ctrl Pts',(-6.39107745519313,2.85554354926031,-2.68294295931688));
#5231=CARTESIAN_POINT('Ctrl Pts',(-6.39107745519313,2.85554354926031,-3.));
#5232=CARTESIAN_POINT('Origin',(-8.00100000000008,-8.38060265762526E-14,
-3.));
#5233=CARTESIAN_POINT('',(-8.,9.79717440603526E-16,-0.499999999999999));
#5234=CARTESIAN_POINT('',(-7.59934207678531,-2.50000000000008,-3.));
#5235=CARTESIAN_POINT('Ctrl Pts',(-7.59934207678531,-2.50000000000008,-3.));
#5236=CARTESIAN_POINT('Ctrl Pts',(-7.59934207678531,-2.50000000000008,-2.68373798741594));
#5237=CARTESIAN_POINT('Ctrl Pts',(-7.62115430689561,-2.43635917936582,-2.3479740581336));
#5238=CARTESIAN_POINT('Ctrl Pts',(-7.69823516722535,-2.18059935848141,-1.73273079525581));
#5239=CARTESIAN_POINT('Ctrl Pts',(-7.75221283083077,-1.98858205213776,-1.45304814620494));
#5240=CARTESIAN_POINT('Ctrl Pts',(-7.85225602053763,-1.5470298995726,-1.01149599363977));
#5241=CARTESIAN_POINT('Ctrl Pts',(-7.90505909829185,-1.26731576271192,-0.819418376817882));
#5242=CARTESIAN_POINT('Ctrl Pts',(-7.97941102939896,-0.65195721487574,-0.563613869612412));
#5243=CARTESIAN_POINT('Ctrl Pts',(-8.,-0.316150231665435,-0.499999999999999));
#5244=CARTESIAN_POINT('Ctrl Pts',(-8.,-8.3544282603043E-14,-0.499999999999999));
#5245=CARTESIAN_POINT('',(-8.,-4.26436391858954E-14,-5.5));
#5246=CARTESIAN_POINT('Ctrl Pts',(-8.,-8.36136715420821E-14,-0.499999999999999));
#5247=CARTESIAN_POINT('Ctrl Pts',(-8.,0.316150231665268,-0.499999999999999));
#5248=CARTESIAN_POINT('Ctrl Pts',(-7.97941102939897,0.651957214875573,-0.563613869612412));
#5249=CARTESIAN_POINT('Ctrl Pts',(-7.90505909829188,1.26731576271175,-0.819418376817882));
#5250=CARTESIAN_POINT('Ctrl Pts',(-7.85225602053766,1.54702989957243,-1.01149599363977));
#5251=CARTESIAN_POINT('Ctrl Pts',(-7.75221283083082,1.9885820521376,-1.45304814620494));
#5252=CARTESIAN_POINT('Ctrl Pts',(-7.69823516722539,2.18059935848125,-1.73273079525581));
#5253=CARTESIAN_POINT('Ctrl Pts',(-7.62115430689566,2.43635917936566,-2.3479740581336));
#5254=CARTESIAN_POINT('Ctrl Pts',(-7.59934207678536,2.49999999999992,-2.68373798741594));
#5255=CARTESIAN_POINT('Ctrl Pts',(-7.59934207678536,2.49999999999992,-3.));
#5256=CARTESIAN_POINT('Ctrl Pts',(-7.59934207678536,2.49999999999992,-3.31626201258406));
#5257=CARTESIAN_POINT('Ctrl Pts',(-7.62115430689566,2.43635917936566,-3.6520259418664));
#5258=CARTESIAN_POINT('Ctrl Pts',(-7.69823516722539,2.18059935848125,-4.2672692047442));
#5259=CARTESIAN_POINT('Ctrl Pts',(-7.75221283083082,1.9885820521376,-4.54695185379506));
#5260=CARTESIAN_POINT('Ctrl Pts',(-7.85225602053766,1.54702989957243,-4.98850400636023));
#5261=CARTESIAN_POINT('Ctrl Pts',(-7.90505909829188,1.26731576271175,-5.18058162318212));
#5262=CARTESIAN_POINT('Ctrl Pts',(-7.97941102939897,0.651957214875572,-5.43638613038759));
#5263=CARTESIAN_POINT('Ctrl Pts',(-8.,0.316150231665267,-5.5));
#5264=CARTESIAN_POINT('Ctrl Pts',(-8.,-8.43075609324728E-14,-5.5));
#5265=CARTESIAN_POINT('Ctrl Pts',(-8.,-8.40993941153556E-14,-5.5));
#5266=CARTESIAN_POINT('Ctrl Pts',(-8.,-0.316150231665436,-5.5));
#5267=CARTESIAN_POINT('Ctrl Pts',(-7.97941102939896,-0.65195721487574,-5.43638613038759));
#5268=CARTESIAN_POINT('Ctrl Pts',(-7.90505909829185,-1.26731576271192,-5.18058162318212));
#5269=CARTESIAN_POINT('Ctrl Pts',(-7.85225602053763,-1.5470298995726,-4.98850400636023));
#5270=CARTESIAN_POINT('Ctrl Pts',(-7.75221283083077,-1.98858205213776,-4.54695185379506));
#5271=CARTESIAN_POINT('Ctrl Pts',(-7.69823516722535,-2.18059935848141,-4.26726920474419));
#5272=CARTESIAN_POINT('Ctrl Pts',(-7.62115430689561,-2.43635917936582,-3.6520259418664));
#5273=CARTESIAN_POINT('Ctrl Pts',(-7.59934207678531,-2.50000000000008,-3.31626201258407));
#5274=CARTESIAN_POINT('Ctrl Pts',(-7.59934207678531,-2.50000000000008,-3.));
#5275=CARTESIAN_POINT('',(-6.53834841531098,-2.50000000000007,-3.));
#5276=CARTESIAN_POINT('',(-8.00100000000006,-2.50000000000009,-3.));
#5277=CARTESIAN_POINT('',(-7.00000000000118,-3.26323830295688E-13,-5.50000000000329));
#5278=CARTESIAN_POINT('Ctrl Pts',(-6.53834841531098,-2.50000000000007,-3.));
#5279=CARTESIAN_POINT('Ctrl Pts',(-6.53834841531098,-2.50000000000007,-3.31705704068312));
#5280=CARTESIAN_POINT('Ctrl Pts',(-6.5638393407034,-2.43605998307261,-3.65309901126448));
#5281=CARTESIAN_POINT('Ctrl Pts',(-6.65323018395188,-2.1801151847956,-4.26807948631498));
#5282=CARTESIAN_POINT('Ctrl Pts',(-6.7155663846591,-1.98823697520619,-4.54729693072662));
#5283=CARTESIAN_POINT('Ctrl Pts',(-6.83061503429071,-1.54743396323762,-4.9880999426952));
#5284=CARTESIAN_POINT('Ctrl Pts',(-6.89116763224345,-1.26816282586099,-5.18008313971423));
#5285=CARTESIAN_POINT('Ctrl Pts',(-6.97639200923895,-0.652979956424731,
-5.43610689212719));
#5286=CARTESIAN_POINT('Ctrl Pts',(-7.,-0.316859974787575,-5.5));
#5287=CARTESIAN_POINT('Ctrl Pts',(-7.,-7.2997163869104E-14,-5.5));
#5288=CARTESIAN_POINT('',(-7.,-3.7343541948488E-14,-0.499999999999999));
#5289=CARTESIAN_POINT('Ctrl Pts',(-7.,-7.32053306862213E-14,-5.5));
#5290=CARTESIAN_POINT('Ctrl Pts',(-7.,0.316859974787429,-5.5));
#5291=CARTESIAN_POINT('Ctrl Pts',(-6.97639200923897,0.652979956424584,-5.43610689212719));
#5292=CARTESIAN_POINT('Ctrl Pts',(-6.89116763224347,1.26816282586084,-5.18008313971423));
#5293=CARTESIAN_POINT('Ctrl Pts',(-6.83061503429074,1.54743396323747,-4.9880999426952));
#5294=CARTESIAN_POINT('Ctrl Pts',(-6.71556638465914,1.98823697520605,-4.54729693072662));
#5295=CARTESIAN_POINT('Ctrl Pts',(-6.65323018395192,2.18011518479546,-4.26807948631498));
#5296=CARTESIAN_POINT('Ctrl Pts',(-6.56383934070346,2.43605998307247,-3.65309901126448));
#5297=CARTESIAN_POINT('Ctrl Pts',(-6.53834841531104,2.49999999999993,-3.31705704068312));
#5298=CARTESIAN_POINT('Ctrl Pts',(-6.53834841531104,2.49999999999993,-3.));
#5299=CARTESIAN_POINT('Ctrl Pts',(-6.53834841531104,2.49999999999993,-2.68294295931688));
#5300=CARTESIAN_POINT('Ctrl Pts',(-6.56383934070345,2.43605998307247,-2.34690098873552));
#5301=CARTESIAN_POINT('Ctrl Pts',(-6.65323018395192,2.18011518479546,-1.73192051368502));
#5302=CARTESIAN_POINT('Ctrl Pts',(-6.71556638465914,1.98823697520605,-1.45270306927338));
#5303=CARTESIAN_POINT('Ctrl Pts',(-6.83061503429074,1.54743396323747,-1.0119000573048));
#5304=CARTESIAN_POINT('Ctrl Pts',(-6.89116763224348,1.26816282586084,-0.819916860285767));
#5305=CARTESIAN_POINT('Ctrl Pts',(-6.97639200923897,0.652979956424584,-0.563893107872807));
#5306=CARTESIAN_POINT('Ctrl Pts',(-7.,0.316859974787428,-0.499999999999999));
#5307=CARTESIAN_POINT('Ctrl Pts',(-7.,-7.37604421985338E-14,-0.499999999999999));
#5308=CARTESIAN_POINT('Ctrl Pts',(-7.,-7.38298311375729E-14,-0.499999999999999));
#5309=CARTESIAN_POINT('Ctrl Pts',(-7.,-0.316859974787576,-0.499999999999999));
#5310=CARTESIAN_POINT('Ctrl Pts',(-6.97639200923895,-0.652979956424731,
-0.563893107872807));
#5311=CARTESIAN_POINT('Ctrl Pts',(-6.89116763224345,-1.26816282586099,-0.819916860285768));
#5312=CARTESIAN_POINT('Ctrl Pts',(-6.83061503429071,-1.54743396323762,-1.01190005730481));
#5313=CARTESIAN_POINT('Ctrl Pts',(-6.7155663846591,-1.98823697520619,-1.45270306927338));
#5314=CARTESIAN_POINT('Ctrl Pts',(-6.65323018395188,-2.1801151847956,-1.73192051368502));
#5315=CARTESIAN_POINT('Ctrl Pts',(-6.5638393407034,-2.43605998307261,-2.34690098873552));
#5316=CARTESIAN_POINT('Ctrl Pts',(-6.53834841531098,-2.50000000000007,-2.68294295931688));
#5317=CARTESIAN_POINT('Ctrl Pts',(-6.53834841531098,-2.50000000000007,-3.));
#5318=CARTESIAN_POINT('Origin',(-8.0009999999999,-8.0010000000001,-3.));
#5319=CARTESIAN_POINT('',(-3.60577936208471,-7.14131326801758,-3.));
#5320=CARTESIAN_POINT('Ctrl Pts',(-7.14131326801749,-3.60577936208489,-3.));
#5321=CARTESIAN_POINT('Ctrl Pts',(-7.14131326801749,-3.60577936208489,-2.68373798741594));
#5322=CARTESIAN_POINT('Ctrl Pts',(-7.11173598801053,-3.66620379373944,-2.3479740581336));
#5323=CARTESIAN_POINT('Ctrl Pts',(-6.98539088334695,-3.90155769648072,-1.7327307952558));
#5324=CARTESIAN_POINT('Ctrl Pts',(-6.88778211589418,-4.07550240786949,-1.45304814620494));
#5325=CARTESIAN_POINT('Ctrl Pts',(-6.64629881242108,-4.45846814704908,-1.01149599363977));
#5326=CARTESIAN_POINT('Ctrl Pts',(-6.48584846380068,-4.69359332436453,-0.819418376817881));
#5327=CARTESIAN_POINT('Ctrl Pts',(-6.10329901644475,-5.18129228108074,-0.563613869612411));
#5328=CARTESIAN_POINT('Ctrl Pts',(-5.88040622217658,-5.43330227680818,-0.499999999999998));
#5329=CARTESIAN_POINT('Ctrl Pts',(-5.43330227680804,-5.88040622217672,-0.499999999999998));
#5330=CARTESIAN_POINT('Ctrl Pts',(-5.18129228108059,-6.10329901644488,-0.563613869612411));
#5331=CARTESIAN_POINT('Ctrl Pts',(-4.69359332436437,-6.48584846380079,-0.819418376817882));
#5332=CARTESIAN_POINT('Ctrl Pts',(-4.45846814704891,-6.64629881242119,-1.01149599363977));
#5333=CARTESIAN_POINT('Ctrl Pts',(-4.07550240786932,-6.88778211589428,-1.45304814620494));
#5334=CARTESIAN_POINT('Ctrl Pts',(-3.90155769648055,-6.98539088334705,-1.73273079525581));
#5335=CARTESIAN_POINT('Ctrl Pts',(-3.66620379373927,-7.11173598801062,-2.3479740581336));
#5336=CARTESIAN_POINT('Ctrl Pts',(-3.60577936208471,-7.14131326801758,-2.68373798741594));
#5337=CARTESIAN_POINT('Ctrl Pts',(-3.60577936208471,-7.14131326801758,-3.31626201258407));
#5338=CARTESIAN_POINT('Ctrl Pts',(-3.66620379373927,-7.11173598801062,-3.6520259418664));
#5339=CARTESIAN_POINT('Ctrl Pts',(-3.90155769648055,-6.98539088334705,-4.2672692047442));
#5340=CARTESIAN_POINT('Ctrl Pts',(-4.07550240786932,-6.88778211589428,-4.54695185379506));
#5341=CARTESIAN_POINT('Ctrl Pts',(-4.45846814704891,-6.64629881242119,-4.98850400636023));
#5342=CARTESIAN_POINT('Ctrl Pts',(-4.69359332436437,-6.48584846380079,-5.18058162318212));
#5343=CARTESIAN_POINT('Ctrl Pts',(-5.18129228108059,-6.10329901644488,-5.43638613038759));
#5344=CARTESIAN_POINT('Ctrl Pts',(-5.43330227680804,-5.88040622217672,-5.5));
#5345=CARTESIAN_POINT('Ctrl Pts',(-5.88040622217658,-5.43330227680818,-5.5));
#5346=CARTESIAN_POINT('Ctrl Pts',(-6.10329901644475,-5.18129228108074,-5.43638613038759));
#5347=CARTESIAN_POINT('Ctrl Pts',(-6.48584846380068,-4.69359332436453,-5.18058162318212));
#5348=CARTESIAN_POINT('Ctrl Pts',(-6.64629881242108,-4.45846814704908,-4.98850400636023));
#5349=CARTESIAN_POINT('Ctrl Pts',(-6.88778211589418,-4.07550240786949,-4.54695185379506));
#5350=CARTESIAN_POINT('Ctrl Pts',(-6.98539088334695,-3.90155769648072,-4.2672692047442));
#5351=CARTESIAN_POINT('Ctrl Pts',(-7.11173598801053,-3.66620379373944,-3.6520259418664));
#5352=CARTESIAN_POINT('Ctrl Pts',(-7.14131326801749,-3.60577936208489,-3.31626201258407));
#5353=CARTESIAN_POINT('Ctrl Pts',(-7.14131326801749,-3.60577936208489,-3.));
#5354=CARTESIAN_POINT('',(-2.85554354926028,-6.39107745519314,-3.));
#5355=CARTESIAN_POINT('',(-6.23323304703351,-9.76876695296645,-3.));
#5356=CARTESIAN_POINT('',(-6.39107745519307,-2.85554354926044,-3.));
#5357=CARTESIAN_POINT('Ctrl Pts',(-2.85554354926028,-6.39107745519314,-3.));
#5358=CARTESIAN_POINT('Ctrl Pts',(-2.85554354926028,-6.39107745519314,-3.31705704068312));
#5359=CARTESIAN_POINT('Ctrl Pts',(-2.91878077502257,-6.36388984183825,-3.65309901126448));
#5360=CARTESIAN_POINT('Ctrl Pts',(-3.16296994893065,-6.24611841080413,-4.26807948631498));
#5361=CARTESIAN_POINT('Ctrl Pts',(-3.34272668232674,-6.15451837787501,-4.54729693072662));
#5362=CARTESIAN_POINT('Ctrl Pts',(-3.73577316157804,-5.92417525926544,-4.9880999426952));
#5363=CARTESIAN_POINT('Ctrl Pts',(-3.97606482923758,-5.76951789686759,-5.18008313971423));
#5364=CARTESIAN_POINT('Ctrl Pts',(-4.47132754278167,-5.39478065311534,-5.43610689212719));
#5365=CARTESIAN_POINT('Ctrl Pts',(-4.72569363144693,-5.17380130516473,-5.5));
#5366=CARTESIAN_POINT('Ctrl Pts',(-5.17380130516462,-4.72569363144705,-5.5));
#5367=CARTESIAN_POINT('Ctrl Pts',(-5.39478065311523,-4.47132754278181,-5.43610689212719));
#5368=CARTESIAN_POINT('Ctrl Pts',(-5.7695178968675,-3.97606482923772,-5.18008313971423));
#5369=CARTESIAN_POINT('Ctrl Pts',(-5.92417525926535,-3.73577316157818,-4.9880999426952));
#5370=CARTESIAN_POINT('Ctrl Pts',(-6.15451837787493,-3.34272668232689,-4.54729693072662));
#5371=CARTESIAN_POINT('Ctrl Pts',(-6.24611841080405,-3.1629699489308,-4.26807948631498));
#5372=CARTESIAN_POINT('Ctrl Pts',(-6.36388984183818,-2.91878077502273,-3.65309901126448));
#5373=CARTESIAN_POINT('Ctrl Pts',(-6.39107745519307,-2.85554354926044,-3.31705704068313));
#5374=CARTESIAN_POINT('Ctrl Pts',(-6.39107745519307,-2.85554354926044,-3.));
#5375=CARTESIAN_POINT('Ctrl Pts',(-6.39107745519307,-2.85554354926044,-3.));
#5376=CARTESIAN_POINT('Ctrl Pts',(-6.39107745519307,-2.85554354926044,-2.68294295931688));
#5377=CARTESIAN_POINT('Ctrl Pts',(-6.36388984183818,-2.91878077502273,-2.34690098873552));
#5378=CARTESIAN_POINT('Ctrl Pts',(-6.24611841080405,-3.1629699489308,-1.73192051368502));
#5379=CARTESIAN_POINT('Ctrl Pts',(-6.15451837787493,-3.34272668232689,-1.45270306927338));
#5380=CARTESIAN_POINT('Ctrl Pts',(-5.92417525926535,-3.73577316157818,-1.0119000573048));
#5381=CARTESIAN_POINT('Ctrl Pts',(-5.76951789686749,-3.97606482923772,-0.819916860285766));
#5382=CARTESIAN_POINT('Ctrl Pts',(-5.39478065311523,-4.47132754278181,-0.563893107872806));
#5383=CARTESIAN_POINT('Ctrl Pts',(-5.17380130516462,-4.72569363144706,-0.499999999999998));
#5384=CARTESIAN_POINT('Ctrl Pts',(-4.72569363144693,-5.17380130516473,-0.499999999999998));
#5385=CARTESIAN_POINT('Ctrl Pts',(-4.47132754278168,-5.39478065311534,-0.563893107872806));
#5386=CARTESIAN_POINT('Ctrl Pts',(-3.97606482923758,-5.76951789686759,-0.819916860285767));
#5387=CARTESIAN_POINT('Ctrl Pts',(-3.73577316157804,-5.92417525926544,-1.0119000573048));
#5388=CARTESIAN_POINT('Ctrl Pts',(-3.34272668232674,-6.15451837787501,-1.45270306927338));
#5389=CARTESIAN_POINT('Ctrl Pts',(-3.16296994893065,-6.24611841080413,-1.73192051368502));
#5390=CARTESIAN_POINT('Ctrl Pts',(-2.91878077502257,-6.36388984183825,-2.34690098873552));
#5391=CARTESIAN_POINT('Ctrl Pts',(-2.85554354926028,-6.39107745519314,-2.68294295931688));
#5392=CARTESIAN_POINT('Ctrl Pts',(-2.85554354926028,-6.39107745519314,-3.));
#5393=CARTESIAN_POINT('Origin',(8.00100000000001,-8.00099999999999,-3.));
#5394=CARTESIAN_POINT('',(7.14131326801755,-3.60577936208479,-3.));
#5395=CARTESIAN_POINT('Ctrl Pts',(3.60577936208481,-7.14131326801753,-3.));
#5396=CARTESIAN_POINT('Ctrl Pts',(3.60577936208481,-7.14131326801753,-2.68373798741594));
#5397=CARTESIAN_POINT('Ctrl Pts',(3.66620379373937,-7.11173598801057,-2.3479740581336));
#5398=CARTESIAN_POINT('Ctrl Pts',(3.90155769648064,-6.98539088334699,-1.7327307952558));
#5399=CARTESIAN_POINT('Ctrl Pts',(4.07550240786942,-6.88778211589422,-1.45304814620494));
#5400=CARTESIAN_POINT('Ctrl Pts',(4.45846814704901,-6.64629881242113,-1.01149599363977));
#5401=CARTESIAN_POINT('Ctrl Pts',(4.69359332436447,-6.48584846380073,-0.819418376817882));
#5402=CARTESIAN_POINT('Ctrl Pts',(5.18129228108068,-6.1032990164448,-0.563613869612412));
#5403=CARTESIAN_POINT('Ctrl Pts',(5.43330227680812,-5.88040622217664,-0.499999999999998));
#5404=CARTESIAN_POINT('Ctrl Pts',(5.88040622217666,-5.4333022768081,-0.499999999999998));
#5405=CARTESIAN_POINT('Ctrl Pts',(6.10329901644482,-5.18129228108066,-0.563613869612412));
#5406=CARTESIAN_POINT('Ctrl Pts',(6.48584846380074,-4.69359332436444,-0.819418376817882));
#5407=CARTESIAN_POINT('Ctrl Pts',(6.64629881242114,-4.45846814704899,-1.01149599363977));
#5408=CARTESIAN_POINT('Ctrl Pts',(6.88778211589424,-4.07550240786939,-1.45304814620494));
#5409=CARTESIAN_POINT('Ctrl Pts',(6.98539088334701,-3.90155769648062,-1.7327307952558));
#5410=CARTESIAN_POINT('Ctrl Pts',(7.11173598801058,-3.66620379373934,-2.3479740581336));
#5411=CARTESIAN_POINT('Ctrl Pts',(7.14131326801755,-3.60577936208479,-2.68373798741594));
#5412=CARTESIAN_POINT('Ctrl Pts',(7.14131326801755,-3.60577936208479,-3.31626201258407));
#5413=CARTESIAN_POINT('Ctrl Pts',(7.11173598801058,-3.66620379373934,-3.6520259418664));
#5414=CARTESIAN_POINT('Ctrl Pts',(6.98539088334701,-3.90155769648062,-4.2672692047442));
#5415=CARTESIAN_POINT('Ctrl Pts',(6.88778211589424,-4.07550240786939,-4.54695185379506));
#5416=CARTESIAN_POINT('Ctrl Pts',(6.64629881242114,-4.45846814704899,-4.98850400636023));
#5417=CARTESIAN_POINT('Ctrl Pts',(6.48584846380074,-4.69359332436444,-5.18058162318212));
#5418=CARTESIAN_POINT('Ctrl Pts',(6.10329901644482,-5.18129228108066,-5.43638613038759));
#5419=CARTESIAN_POINT('Ctrl Pts',(5.88040622217666,-5.4333022768081,-5.5));
#5420=CARTESIAN_POINT('Ctrl Pts',(5.43330227680812,-5.88040622217664,-5.5));
#5421=CARTESIAN_POINT('Ctrl Pts',(5.18129228108068,-6.1032990164448,-5.43638613038759));
#5422=CARTESIAN_POINT('Ctrl Pts',(4.69359332436447,-6.48584846380073,-5.18058162318212));
#5423=CARTESIAN_POINT('Ctrl Pts',(4.45846814704901,-6.64629881242112,-4.98850400636023));
#5424=CARTESIAN_POINT('Ctrl Pts',(4.07550240786942,-6.88778211589422,-4.54695185379506));
#5425=CARTESIAN_POINT('Ctrl Pts',(3.90155769648065,-6.98539088334699,-4.2672692047442));
#5426=CARTESIAN_POINT('Ctrl Pts',(3.66620379373937,-7.11173598801057,-3.6520259418664));
#5427=CARTESIAN_POINT('Ctrl Pts',(3.60577936208481,-7.14131326801753,-3.31626201258407));
#5428=CARTESIAN_POINT('Ctrl Pts',(3.60577936208481,-7.14131326801753,-3.));
#5429=CARTESIAN_POINT('',(6.39107745519311,-2.85554354926035,-3.));
#5430=CARTESIAN_POINT('',(9.76876695296638,-6.23323304703361,-3.));
#5431=CARTESIAN_POINT('',(2.85554354926037,-6.3910774551931,-3.));
#5432=CARTESIAN_POINT('Ctrl Pts',(6.39107745519311,-2.85554354926035,-3.));
#5433=CARTESIAN_POINT('Ctrl Pts',(6.39107745519311,-2.85554354926035,-3.31705704068313));
#5434=CARTESIAN_POINT('Ctrl Pts',(6.36388984183822,-2.91878077502264,-3.65309901126448));
#5435=CARTESIAN_POINT('Ctrl Pts',(6.2461184108041,-3.16296994893072,-4.26807948631498));
#5436=CARTESIAN_POINT('Ctrl Pts',(6.15451837787497,-3.3427266823268,-4.54729693072662));
#5437=CARTESIAN_POINT('Ctrl Pts',(5.9241752592654,-3.7357731615781,-4.9880999426952));
#5438=CARTESIAN_POINT('Ctrl Pts',(5.76951789686755,-3.97606482923764,-5.18008313971423));
#5439=CARTESIAN_POINT('Ctrl Pts',(5.39478065311529,-4.47132754278173,-5.43610689212719));
#5440=CARTESIAN_POINT('Ctrl Pts',(5.17380130516468,-4.72569363144698,-5.5));
#5441=CARTESIAN_POINT('Ctrl Pts',(4.725693631447,-5.17380130516467,-5.5));
#5442=CARTESIAN_POINT('Ctrl Pts',(4.47132754278175,-5.39478065311528,-5.43610689212719));
#5443=CARTESIAN_POINT('Ctrl Pts',(3.97606482923766,-5.76951789686754,-5.18008313971423));
#5444=CARTESIAN_POINT('Ctrl Pts',(3.73577316157812,-5.92417525926539,-4.9880999426952));
#5445=CARTESIAN_POINT('Ctrl Pts',(3.34272668232683,-6.15451837787496,-4.54729693072662));
#5446=CARTESIAN_POINT('Ctrl Pts',(3.16296994893074,-6.24611841080409,-4.26807948631498));
#5447=CARTESIAN_POINT('Ctrl Pts',(2.91878077502266,-6.36388984183821,-3.65309901126448));
#5448=CARTESIAN_POINT('Ctrl Pts',(2.85554354926037,-6.3910774551931,-3.31705704068312));
#5449=CARTESIAN_POINT('Ctrl Pts',(2.85554354926037,-6.3910774551931,-3.));
#5450=CARTESIAN_POINT('Ctrl Pts',(2.85554354926037,-6.3910774551931,-3.));
#5451=CARTESIAN_POINT('Ctrl Pts',(2.85554354926037,-6.3910774551931,-2.68294295931688));
#5452=CARTESIAN_POINT('Ctrl Pts',(2.91878077502266,-6.36388984183821,-2.34690098873552));
#5453=CARTESIAN_POINT('Ctrl Pts',(3.16296994893074,-6.24611841080409,-1.73192051368502));
#5454=CARTESIAN_POINT('Ctrl Pts',(3.34272668232683,-6.15451837787496,-1.45270306927338));
#5455=CARTESIAN_POINT('Ctrl Pts',(3.73577316157812,-5.92417525926539,-1.0119000573048));
#5456=CARTESIAN_POINT('Ctrl Pts',(3.97606482923766,-5.76951789686754,-0.819916860285768));
#5457=CARTESIAN_POINT('Ctrl Pts',(4.47132754278175,-5.39478065311528,-0.563893107872807));
#5458=CARTESIAN_POINT('Ctrl Pts',(4.725693631447,-5.17380130516467,-0.499999999999998));
#5459=CARTESIAN_POINT('Ctrl Pts',(5.17380130516468,-4.72569363144698,-0.499999999999998));
#5460=CARTESIAN_POINT('Ctrl Pts',(5.39478065311529,-4.47132754278173,-0.563893107872807));
#5461=CARTESIAN_POINT('Ctrl Pts',(5.76951789686755,-3.97606482923764,-0.819916860285767));
#5462=CARTESIAN_POINT('Ctrl Pts',(5.9241752592654,-3.7357731615781,-1.0119000573048));
#5463=CARTESIAN_POINT('Ctrl Pts',(6.15451837787497,-3.3427266823268,-1.45270306927338));
#5464=CARTESIAN_POINT('Ctrl Pts',(6.2461184108041,-3.16296994893071,-1.73192051368502));
#5465=CARTESIAN_POINT('Ctrl Pts',(6.36388984183822,-2.91878077502264,-2.34690098873552));
#5466=CARTESIAN_POINT('Ctrl Pts',(6.39107745519311,-2.85554354926035,-2.68294295931688));
#5467=CARTESIAN_POINT('Ctrl Pts',(6.39107745519311,-2.85554354926035,-3.));
#5468=CARTESIAN_POINT('Origin',(0.,-8.001,-3.));
#5469=CARTESIAN_POINT('',(3.06121563650216E-16,-8.,-5.5));
#5470=CARTESIAN_POINT('Ctrl Pts',(-2.5,-7.59934207678533,-3.));
#5471=CARTESIAN_POINT('Ctrl Pts',(-2.5,-7.59934207678533,-2.68373798741594));
#5472=CARTESIAN_POINT('Ctrl Pts',(-2.43635917936574,-7.62115430689563,-2.3479740581336));
#5473=CARTESIAN_POINT('Ctrl Pts',(-2.18059935848133,-7.69823516722537,-1.73273079525581));
#5474=CARTESIAN_POINT('Ctrl Pts',(-1.98858205213768,-7.7522128308308,-1.45304814620494));
#5475=CARTESIAN_POINT('Ctrl Pts',(-1.54702989957251,-7.85225602053765,-1.01149599363977));
#5476=CARTESIAN_POINT('Ctrl Pts',(-1.26731576271184,-7.90505909829187,-0.819418376817882));
#5477=CARTESIAN_POINT('Ctrl Pts',(-0.651957214875656,-7.97941102939897,
-0.563613869612412));
#5478=CARTESIAN_POINT('Ctrl Pts',(-0.316150231665351,-8.,-0.499999999999998));
#5479=CARTESIAN_POINT('Ctrl Pts',(0.316150231665351,-8.,-0.499999999999998));
#5480=CARTESIAN_POINT('Ctrl Pts',(0.651957214875656,-7.97941102939897,-0.563613869612412));
#5481=CARTESIAN_POINT('Ctrl Pts',(1.26731576271184,-7.90505909829187,-0.819418376817882));
#5482=CARTESIAN_POINT('Ctrl Pts',(1.54702989957251,-7.85225602053765,-1.01149599363977));
#5483=CARTESIAN_POINT('Ctrl Pts',(1.98858205213768,-7.7522128308308,-1.45304814620494));
#5484=CARTESIAN_POINT('Ctrl Pts',(2.18059935848133,-7.69823516722537,-1.73273079525581));
#5485=CARTESIAN_POINT('Ctrl Pts',(2.43635917936574,-7.62115430689563,-2.3479740581336));
#5486=CARTESIAN_POINT('Ctrl Pts',(2.5,-7.59934207678533,-2.68373798741594));
#5487=CARTESIAN_POINT('Ctrl Pts',(2.5,-7.59934207678533,-3.31626201258406));
#5488=CARTESIAN_POINT('Ctrl Pts',(2.43635917936574,-7.62115430689563,-3.6520259418664));
#5489=CARTESIAN_POINT('Ctrl Pts',(2.18059935848133,-7.69823516722537,-4.26726920474419));
#5490=CARTESIAN_POINT('Ctrl Pts',(1.98858205213768,-7.75221283083079,-4.54695185379506));
#5491=CARTESIAN_POINT('Ctrl Pts',(1.54702989957251,-7.85225602053765,-4.98850400636023));
#5492=CARTESIAN_POINT('Ctrl Pts',(1.26731576271184,-7.90505909829187,-5.18058162318212));
#5493=CARTESIAN_POINT('Ctrl Pts',(0.651957214875657,-7.97941102939897,-5.43638613038759));
#5494=CARTESIAN_POINT('Ctrl Pts',(0.316150231665352,-8.,-5.5));
#5495=CARTESIAN_POINT('Ctrl Pts',(-0.316150231665351,-8.,-5.5));
#5496=CARTESIAN_POINT('Ctrl Pts',(-0.651957214875656,-7.97941102939897,
-5.43638613038759));
#5497=CARTESIAN_POINT('Ctrl Pts',(-1.26731576271184,-7.90505909829187,-5.18058162318212));
#5498=CARTESIAN_POINT('Ctrl Pts',(-1.54702989957251,-7.85225602053765,-4.98850400636023));
#5499=CARTESIAN_POINT('Ctrl Pts',(-1.98858205213768,-7.7522128308308,-4.54695185379506));
#5500=CARTESIAN_POINT('Ctrl Pts',(-2.18059935848133,-7.69823516722537,-4.2672692047442));
#5501=CARTESIAN_POINT('Ctrl Pts',(-2.43635917936574,-7.62115430689563,-3.6520259418664));
#5502=CARTESIAN_POINT('Ctrl Pts',(-2.5,-7.59934207678533,-3.31626201258407));
#5503=CARTESIAN_POINT('Ctrl Pts',(-2.5,-7.59934207678533,-3.));
#5504=CARTESIAN_POINT('',(-2.91858727971564E-16,-7.,-5.5));
#5505=CARTESIAN_POINT('',(-3.06161699786838E-16,-8.001,-5.5));
#5506=CARTESIAN_POINT('',(-1.40559374830825E-16,-7.,-0.499999999999999));
#5507=CARTESIAN_POINT('Ctrl Pts',(-4.16333634234434E-16,-7.,-5.5));
#5508=CARTESIAN_POINT('Ctrl Pts',(-0.316859974787503,-7.,-5.5));
#5509=CARTESIAN_POINT('Ctrl Pts',(-0.652979956424657,-6.97639200923896,
-5.43610689212719));
#5510=CARTESIAN_POINT('Ctrl Pts',(-1.26816282586091,-6.89116763224346,-5.18008313971423));
#5511=CARTESIAN_POINT('Ctrl Pts',(-1.54743396323755,-6.83061503429072,-4.9880999426952));
#5512=CARTESIAN_POINT('Ctrl Pts',(-1.98823697520612,-6.71556638465912,-4.54729693072662));
#5513=CARTESIAN_POINT('Ctrl Pts',(-2.18011518479553,-6.6532301839519,-4.26807948631498));
#5514=CARTESIAN_POINT('Ctrl Pts',(-2.43605998307254,-6.56383934070343,-3.65309901126448));
#5515=CARTESIAN_POINT('Ctrl Pts',(-2.5,-6.53834841531101,-3.31705704068312));
#5516=CARTESIAN_POINT('Ctrl Pts',(-2.5,-6.53834841531101,-3.));
#5517=CARTESIAN_POINT('Ctrl Pts',(-2.5,-6.53834841531101,-2.68294295931688));
#5518=CARTESIAN_POINT('Ctrl Pts',(-2.43605998307254,-6.56383934070343,-2.34690098873552));
#5519=CARTESIAN_POINT('Ctrl Pts',(-2.18011518479553,-6.6532301839519,-1.73192051368502));
#5520=CARTESIAN_POINT('Ctrl Pts',(-1.98823697520612,-6.71556638465912,-1.45270306927338));
#5521=CARTESIAN_POINT('Ctrl Pts',(-1.54743396323754,-6.83061503429072,-1.01190005730481));
#5522=CARTESIAN_POINT('Ctrl Pts',(-1.26816282586091,-6.89116763224346,-0.819916860285768));
#5523=CARTESIAN_POINT('Ctrl Pts',(-0.652979956424657,-6.97639200923896,
-0.563893107872807));
#5524=CARTESIAN_POINT('Ctrl Pts',(-0.316859974787502,-7.,-0.499999999999999));
#5525=CARTESIAN_POINT('Ctrl Pts',(6.93889390390723E-16,-7.,-0.499999999999999));
#5526=CARTESIAN_POINT('Ctrl Pts',(6.24500451351651E-16,-7.,-0.499999999999999));
#5527=CARTESIAN_POINT('Ctrl Pts',(0.316859974787503,-7.,-0.499999999999999));
#5528=CARTESIAN_POINT('Ctrl Pts',(0.652979956424658,-6.97639200923896,-0.563893107872807));
#5529=CARTESIAN_POINT('Ctrl Pts',(1.26816282586091,-6.89116763224346,-0.819916860285768));
#5530=CARTESIAN_POINT('Ctrl Pts',(1.54743396323755,-6.83061503429072,-1.01190005730481));
#5531=CARTESIAN_POINT('Ctrl Pts',(1.98823697520612,-6.71556638465912,-1.45270306927338));
#5532=CARTESIAN_POINT('Ctrl Pts',(2.18011518479553,-6.6532301839519,-1.73192051368502));
#5533=CARTESIAN_POINT('Ctrl Pts',(2.43605998307254,-6.56383934070343,-2.34690098873552));
#5534=CARTESIAN_POINT('Ctrl Pts',(2.5,-6.53834841531101,-2.68294295931688));
#5535=CARTESIAN_POINT('Ctrl Pts',(2.5,-6.53834841531101,-3.31705704068312));
#5536=CARTESIAN_POINT('Ctrl Pts',(2.43605998307254,-6.56383934070343,-3.65309901126448));
#5537=CARTESIAN_POINT('Ctrl Pts',(2.18011518479553,-6.6532301839519,-4.26807948631498));
#5538=CARTESIAN_POINT('Ctrl Pts',(1.98823697520612,-6.71556638465912,-4.54729693072662));
#5539=CARTESIAN_POINT('Ctrl Pts',(1.54743396323754,-6.83061503429072,-4.9880999426952));
#5540=CARTESIAN_POINT('Ctrl Pts',(1.26816282586091,-6.89116763224346,-5.18008313971423));
#5541=CARTESIAN_POINT('Ctrl Pts',(0.652979956424656,-6.97639200923896,-5.43610689212719));
#5542=CARTESIAN_POINT('Ctrl Pts',(0.316859974787502,-7.,-5.5));
#5543=CARTESIAN_POINT('Ctrl Pts',(-2.77555756156289E-16,-7.,-5.5));
#5544=CARTESIAN_POINT('Origin',(0.,0.,-6.));
#5545=CARTESIAN_POINT('',(-7.,-8.57252759403147E-16,-6.));
#5546=CARTESIAN_POINT('Origin',(0.,0.,-6.));
#5547=CARTESIAN_POINT('',(-7.,-8.57252759403147E-16,-6.));
#5548=CARTESIAN_POINT('',(-7.,-8.57252759403147E-16,0.));
#5549=CARTESIAN_POINT('',(-7.,-8.57252759403147E-16,-6.));
#5550=CARTESIAN_POINT('Origin',(0.,0.,0.));
#5551=CARTESIAN_POINT('Origin',(0.,0.,-6.));
#5552=CARTESIAN_POINT('',(-8.,-9.79717439317883E-16,0.));
#5553=CARTESIAN_POINT('Origin',(0.,0.,0.));
#5554=CARTESIAN_POINT('',(-8.,-9.79717439317883E-16,-6.));
#5555=CARTESIAN_POINT('',(-8.,-9.79717439317883E-16,-6.));
#5556=CARTESIAN_POINT('',(-8.,-9.79717439317883E-16,-6.));
#5557=CARTESIAN_POINT('Origin',(0.,0.,-6.));
#5558=CARTESIAN_POINT('Origin',(0.,0.,-6.));
#5559=CARTESIAN_POINT('Origin',(0.,0.,0.));
#5560=CARTESIAN_POINT('',(0.,0.,0.));
#5561=CARTESIAN_POINT('Origin',(0.,-2.91022750607941E-16,-2.5));
#5562=CARTESIAN_POINT('',(-2.5,-4.4410360050136E-16,-2.5));
#5563=CARTESIAN_POINT('',(2.5,-4.4410360050136E-16,-2.5));
#5564=CARTESIAN_POINT('Origin',(0.,-2.91022750607941E-16,-2.5));
#5565=CARTESIAN_POINT('',(0.,0.,0.));
#5566=CARTESIAN_POINT('Origin',(0.,0.,0.5));
#5567=CARTESIAN_POINT('',(6.,-7.34788079488412E-16,0.5));
#5568=CARTESIAN_POINT('Origin',(0.,0.,0.5));
#5569=CARTESIAN_POINT('',(6.,-7.34788079488412E-16,0.));
#5570=CARTESIAN_POINT('',(6.,-7.34788079488412E-16,0.5));
#5571=CARTESIAN_POINT('Origin',(0.,0.,0.));
#5572=CARTESIAN_POINT('Origin',(0.,0.,0.5));
#5573=CARTESIAN_POINT('',(9.,-1.10218211923262E-15,0.));
#5574=CARTESIAN_POINT('Origin',(0.,0.,0.));
#5575=CARTESIAN_POINT('',(9.,-1.10218211923262E-15,0.5));
#5576=CARTESIAN_POINT('',(9.,-1.10218211923262E-15,0.5));
#5577=CARTESIAN_POINT('Origin',(0.,0.,0.5));
#5578=CARTESIAN_POINT('Origin',(0.,0.,0.5));
#5579=CARTESIAN_POINT('Origin',(0.,0.,0.));
#5580=CARTESIAN_POINT('',(8.09599022025817,10.3717558750447,17.701575071021));
#5581=CARTESIAN_POINT('',(8.09599022025817,10.3717558750447,14.201575071021));
#5582=CARTESIAN_POINT('',(8.095990220258,10.3717558750448,17.201575071021));
#5583=CARTESIAN_POINT('',(10.4131313121031,17.0523888660481,14.201575071021));
#5584=CARTESIAN_POINT('',(8.09599022025817,10.3717558750447,10.701575071021));
#5585=CARTESIAN_POINT('',(5.01053550871084,16.734142944611,14.2015750710209));
#5586=CARTESIAN_POINT('',(1.41535722925501,12.6888969668891,14.2015750710209));
#5587=CARTESIAN_POINT('',(1.7336031506919,7.28630116349663,14.2015750710209));
#5588=CARTESIAN_POINT('',(5.77884912841373,3.69112288404081,14.2015750710209));
#5589=CARTESIAN_POINT('',(11.1814449318062,4.00936880547773,14.2015750710209));
#5590=CARTESIAN_POINT('',(14.7766232112616,8.05461478319971,14.201575071021));
#5591=CARTESIAN_POINT('',(14.4583772898251,13.4572105865921,14.2015750710209));
#5592=CARTESIAN_POINT('',(8.09599022025817,10.3717558750447,17.201575071021));
#5593=CARTESIAN_POINT('',(-8.09599022025817,-10.3717558750447,44.298424928979));
#5594=CARTESIAN_POINT('',(-8.09599022025817,-54.9294971323789,124.599677936402));
#5595=CARTESIAN_POINT('Origin',(0.,0.,84.));
#5596=CARTESIAN_POINT('',(3.7,4.53119315684521E-16,84.));
#5597=CARTESIAN_POINT('Origin',(0.,0.,84.));
#5598=CARTESIAN_POINT('Origin',(0.,0.,79.));
#5599=CARTESIAN_POINT('',(3.7,4.53119315684521E-16,78.));
#5600=CARTESIAN_POINT('Origin',(0.,0.,78.));
#5601=CARTESIAN_POINT('',(3.7,-4.53119315684521E-16,79.));
#5602=CARTESIAN_POINT('Origin',(0.,0.,78.));
#5603=CARTESIAN_POINT('',(11.7,1.4328367550024E-15,78.));
#5604=CARTESIAN_POINT('Origin',(0.,0.,78.));
#5605=CARTESIAN_POINT('Origin',(0.,0.,79.));
#5606=CARTESIAN_POINT('',(11.7,1.4328367550024E-15,79.));
#5607=CARTESIAN_POINT('',(11.7,-1.4328367550024E-15,79.));
#5608=CARTESIAN_POINT('Origin',(0.,0.,79.));
#5609=CARTESIAN_POINT('Origin',(7.5,-12.9903810567667,79.));
#5610=CARTESIAN_POINT('',(7.5,-12.9903810567667,79.));
#5611=CARTESIAN_POINT('',(4.5,-19.3989963000664,79.));
#5612=CARTESIAN_POINT('',(7.5,-12.9903810567667,79.));
#5613=CARTESIAN_POINT('',(4.5,-19.3989963000664,75.));
#5614=CARTESIAN_POINT('',(4.5,-19.3989963000664,83.1819805153395));
#5615=CARTESIAN_POINT('',(7.5,-12.9903810567667,75.));
#5616=CARTESIAN_POINT('',(7.5,-12.9903810567667,75.));
#5617=CARTESIAN_POINT('',(7.5,-12.9903810567667,79.));
#5618=CARTESIAN_POINT('Origin',(0.,0.,79.));
#5619=CARTESIAN_POINT('',(-7.5,-12.9903810567667,79.));
#5620=CARTESIAN_POINT('Origin',(0.,0.,79.));
#5621=CARTESIAN_POINT('',(-7.5,-12.9903810567667,75.));
#5622=CARTESIAN_POINT('Origin',(0.,0.,75.));
#5623=CARTESIAN_POINT('',(-7.5,-12.9903810567667,79.));
#5624=CARTESIAN_POINT('Origin',(-4.5,-19.3989963000664,79.));
#5625=CARTESIAN_POINT('',(-4.5,-19.3989963000664,79.));
#5626=CARTESIAN_POINT('',(-4.5,-19.3989963000664,79.));
#5627=CARTESIAN_POINT('',(-4.5,-19.3989963000664,75.));
#5628=CARTESIAN_POINT('',(-4.5,-19.3989963000664,75.));
#5629=CARTESIAN_POINT('',(-4.5,-19.3989963000664,83.1819805153395));
#5630=CARTESIAN_POINT('Origin',(-4.5,-13.4903810567666,79.));
#5631=CARTESIAN_POINT('',(-4.5,-25.3076115433659,79.));
#5632=CARTESIAN_POINT('',(-4.5,-25.3076115433659,79.));
#5633=CARTESIAN_POINT('',(4.5,-25.3076115433659,79.));
#5634=CARTESIAN_POINT('',(-4.5,-25.3076115433659,79.));
#5635=CARTESIAN_POINT('',(4.5,-25.3076115433659,79.));
#5636=CARTESIAN_POINT('Origin',(-4.5,-26.6091515590622,87.3639610306789));
#5637=CARTESIAN_POINT('',(-4.5,-25.5147186562058,75.));
#5638=CARTESIAN_POINT('',(-4.5,-25.5147186562058,75.));
#5639=CARTESIAN_POINT('',(-4.5,-29.7573593433251,76.7573593128807));
#5640=CARTESIAN_POINT('Origin',(-4.5,-25.5147186562058,81.0000000000001));
#5641=CARTESIAN_POINT('',(-4.5,-37.9705627484771,84.9705627180328));
#5642=CARTESIAN_POINT('',(-4.5,-37.9705627484771,84.9705627180328));
#5643=CARTESIAN_POINT('',(-4.5,-39.7279220613579,89.2132034051521));
#5644=CARTESIAN_POINT('Origin',(-4.5,-33.7279220613578,89.2132034051521));
#5645=CARTESIAN_POINT('',(-4.5,-39.7279220613579,99.7279220613579));
#5646=CARTESIAN_POINT('',(-4.5,-39.7279220613579,89.2132034051521));
#5647=CARTESIAN_POINT('',(-4.5,-35.7279220613579,99.7279220613579));
#5648=CARTESIAN_POINT('',(-4.5,-35.7279220613579,99.7279220613579));
#5649=CARTESIAN_POINT('',(-4.5,-35.7279220613579,89.4203098749814));
#5650=CARTESIAN_POINT('',(-4.5,-35.7279220613579,91.7279220613578));
#5651=CARTESIAN_POINT('',(-4.5,-34.9956889425661,87.652542850257));
#5652=CARTESIAN_POINT('Origin',(-4.5,-33.2279220613578,89.4203098749814));
#5653=CARTESIAN_POINT('',(-4.5,-27.0753784245741,79.7322329752755));
#5654=CARTESIAN_POINT('',(-4.5,-34.9956889425661,87.652542850257));
#5655=CARTESIAN_POINT('Origin',(-4.5,-25.3076115433659,81.5));
#5656=CARTESIAN_POINT('Origin',(0.,-34.7279220613579,96.0000014305115));
#5657=CARTESIAN_POINT('',(2.25,-35.7279220613579,96.0000014305115));
#5658=CARTESIAN_POINT('Origin',(0.,-35.7279220613579,96.0000014305115));
#5659=CARTESIAN_POINT('',(2.25,-39.7279220613579,96.0000014305115));
#5660=CARTESIAN_POINT('',(2.25,-34.7279220613579,96.0000014305115));
#5661=CARTESIAN_POINT('Origin',(0.,-39.7279220613579,96.0000014305115));
#5662=CARTESIAN_POINT('Origin',(-4.5,-25.3076115433659,81.5));
#5663=CARTESIAN_POINT('',(4.5,-27.0753784245741,79.7322329752755));
#5664=CARTESIAN_POINT('',(-4.5,-27.0753784245741,79.7322329752755));
#5665=CARTESIAN_POINT('Origin',(4.5,-25.3076115433659,81.5));
#5666=CARTESIAN_POINT('Origin',(-4.5,-25.5147186562058,75.));
#5667=CARTESIAN_POINT('',(4.5,-25.5147186562058,75.));
#5668=CARTESIAN_POINT('',(4.5,-25.5147186562058,75.));
#5669=CARTESIAN_POINT('',(-4.5,-25.5147186562058,75.));
#5670=CARTESIAN_POINT('Origin',(-4.5,-25.5147186562058,81.0000000000001));
#5671=CARTESIAN_POINT('',(4.5,-29.7573593433251,76.7573593128807));
#5672=CARTESIAN_POINT('Origin',(4.5,-25.5147186562058,81.0000000000001));
#5673=CARTESIAN_POINT('',(-4.5,-29.7573593433251,76.7573593128807));
#5674=CARTESIAN_POINT('Origin',(-4.5,-37.9705627484771,84.9705627180328));
#5675=CARTESIAN_POINT('',(4.5,-37.9705627484771,84.9705627180328));
#5676=CARTESIAN_POINT('',(4.5,-37.9705627484771,84.9705627180328));
#5677=CARTESIAN_POINT('',(-4.5,-37.9705627484771,84.9705627180328));
#5678=CARTESIAN_POINT('Origin',(-4.5,-33.7279220613578,89.2132034051521));
#5679=CARTESIAN_POINT('',(4.5,-39.7279220613579,89.2132034051521));
#5680=CARTESIAN_POINT('Origin',(4.5,-33.7279220613578,89.2132034051521));
#5681=CARTESIAN_POINT('',(-4.5,-39.7279220613579,89.2132034051521));
#5682=CARTESIAN_POINT('Origin',(-4.5,-39.7279220613579,99.7279220613579));
#5683=CARTESIAN_POINT('',(4.5,-39.7279220613579,99.7279220613579));
#5684=CARTESIAN_POINT('',(4.5,-39.7279220613579,89.2132034051521));
#5685=CARTESIAN_POINT('',(-4.5,-39.7279220613579,99.7279220613579));
#5686=CARTESIAN_POINT('Origin',(-4.5,-35.7279220613579,99.7279220613579));
#5687=CARTESIAN_POINT('',(4.5,-35.7279220613579,99.7279220613579));
#5688=CARTESIAN_POINT('',(4.5,-35.7279220613579,99.7279220613579));
#5689=CARTESIAN_POINT('',(-4.5,-35.7279220613579,99.7279220613579));
#5690=CARTESIAN_POINT('Origin',(-4.5,-35.7279220613579,89.4203098749814));
#5691=CARTESIAN_POINT('',(4.5,-35.7279220613579,89.4203098749814));
#5692=CARTESIAN_POINT('',(4.5,-35.7279220613579,91.7279220613578));
#5693=CARTESIAN_POINT('',(-4.5,-35.7279220613579,89.4203098749814));
#5694=CARTESIAN_POINT('Origin',(-4.5,-33.2279220613578,89.4203098749814));
#5695=CARTESIAN_POINT('',(4.5,-34.9956889425661,87.652542850257));
#5696=CARTESIAN_POINT('Origin',(4.5,-33.2279220613578,89.4203098749814));
#5697=CARTESIAN_POINT('',(-4.5,-34.9956889425661,87.652542850257));
#5698=CARTESIAN_POINT('Origin',(-4.5,-27.0753784245741,79.7322329752755));
#5699=CARTESIAN_POINT('',(4.5,-34.9956889425661,87.652542850257));
#5700=CARTESIAN_POINT('Origin',(4.5,-26.6091515590622,87.3639610306789));
#5701=CARTESIAN_POINT('',(-8.09599022025817,-10.3717558750447,67.298424928979));
#5702=CARTESIAN_POINT('',(0.,0.,0.));
#5703=CARTESIAN_POINT('Origin',(-39.4777777777778,-3.67128181961773,107.5));
#5704=CARTESIAN_POINT('',(-40.9777777777778,-3.67128181961773,137.5));
#5705=CARTESIAN_POINT('',(-39.4777777777778,-2.17128181961773,137.5));
#5706=CARTESIAN_POINT('Origin',(-39.4777777777778,-3.67128181961773,137.5));
#5707=CARTESIAN_POINT('',(-39.4777777777778,-2.17128181961773,107.5));
#5708=CARTESIAN_POINT('',(-39.4777777777778,-2.17128181961773,107.5));
#5709=CARTESIAN_POINT('',(-40.9777777777778,-3.67128181961773,107.5));
#5710=CARTESIAN_POINT('Origin',(-39.4777777777778,-3.67128181961773,107.5));
#5711=CARTESIAN_POINT('',(-40.9777777777778,-3.67128181961773,107.5));
#5712=CARTESIAN_POINT('Origin',(-40.9777777777778,-2.17128181961773,107.5));
#5713=CARTESIAN_POINT('',(-40.9777777777778,-15.1712818196177,107.5));
#5714=CARTESIAN_POINT('',(-40.9777777777778,-2.17128181961773,107.5));
#5715=CARTESIAN_POINT('',(-40.9777777777778,-15.1712818196177,137.5));
#5716=CARTESIAN_POINT('',(-40.9777777777778,-15.1712818196177,107.5));
#5717=CARTESIAN_POINT('',(-40.9777777777778,-2.17128181961773,137.5));
#5718=CARTESIAN_POINT('Origin',(-0.777777777777782,-9.92128181961773,107.5));
#5719=CARTESIAN_POINT('',(-38.4777777777778,-2.17128181961773,107.5));
#5720=CARTESIAN_POINT('',(-38.4777777777778,-2.17128181961773,107.5));
#5721=CARTESIAN_POINT('',(-38.4777777777778,-3.67128181961773,107.5));
#5722=CARTESIAN_POINT('',(-38.4777777777778,-15.1712818196177,107.5));
#5723=CARTESIAN_POINT('',(-38.8777777777778,-3.67128181961773,107.5));
#5724=CARTESIAN_POINT('',(-38.8777777777778,-3.67128181961773,107.5));
#5725=CARTESIAN_POINT('',(-38.8777777777778,-13.6712818196177,107.5));
#5726=CARTESIAN_POINT('',(-38.8777777777778,-13.6712818196177,107.5));
#5727=CARTESIAN_POINT('',(-38.4777777777778,-13.6712818196177,107.5));
#5728=CARTESIAN_POINT('',(-38.4777777777778,-13.6712818196177,107.5));
#5729=CARTESIAN_POINT('',(-38.4777777777778,-15.1712818196177,107.5));
#5730=CARTESIAN_POINT('',(-38.4777777777778,-15.1712818196177,107.5));
#5731=CARTESIAN_POINT('',(-4.44081745177116,-15.1712818196177,107.5));
#5732=CARTESIAN_POINT('',(39.4222222222222,-15.1712818196177,107.5));
#5733=CARTESIAN_POINT('',(-4.,-17.6712818196177,107.5));
#5734=CARTESIAN_POINT('',(-4.83449180921215,-12.9386435934129,107.5));
#5735=CARTESIAN_POINT('',(-38.4777777777778,-17.6712818196177,107.5));
#5736=CARTESIAN_POINT('',(39.4222222222222,-17.6712818196177,107.5));
#5737=CARTESIAN_POINT('Origin',(-38.4777777777778,-15.1712818196177,107.5));
#5738=CARTESIAN_POINT('Origin',(37.9222222222222,-3.67128181961773,107.5));
#5739=CARTESIAN_POINT('',(37.9222222222222,-2.17128181961773,137.5));
#5740=CARTESIAN_POINT('',(39.4222222222222,-3.67128181961773,137.5));
#5741=CARTESIAN_POINT('Origin',(37.9222222222222,-3.67128181961773,137.5));
#5742=CARTESIAN_POINT('',(39.4222222222222,-3.67128181961773,107.5));
#5743=CARTESIAN_POINT('',(39.4222222222222,-3.67128181961773,107.5));
#5744=CARTESIAN_POINT('',(37.9222222222222,-2.17128181961773,107.5));
#5745=CARTESIAN_POINT('Origin',(37.9222222222222,-3.67128181961773,107.5));
#5746=CARTESIAN_POINT('',(37.9222222222222,-2.17128181961773,107.5));
#5747=CARTESIAN_POINT('Origin',(39.4222222222222,-2.17128181961773,107.5));
#5748=CARTESIAN_POINT('',(36.9222222222222,-2.17128181961773,107.5));
#5749=CARTESIAN_POINT('',(36.9222222222222,-2.17128181961773,107.5));
#5750=CARTESIAN_POINT('',(36.9222222222222,-2.17128181961773,137.5));
#5751=CARTESIAN_POINT('',(36.9222222222222,-2.17128181961773,107.5));
#5752=CARTESIAN_POINT('',(36.9222222222222,-2.17128181961773,137.5));
#5753=CARTESIAN_POINT('Origin',(-0.777777777777782,-9.92128181961773,107.5));
#5754=CARTESIAN_POINT('',(39.4222222222222,-15.1712818196177,107.5));
#5755=CARTESIAN_POINT('',(39.4222222222222,-17.6712818196177,107.5));
#5756=CARTESIAN_POINT('',(36.9222222222222,-17.6712818196177,107.5));
#5757=CARTESIAN_POINT('Origin',(36.9222222222222,-15.1712818196177,107.5));
#5758=CARTESIAN_POINT('',(4.,-17.6712818196177,107.5));
#5759=CARTESIAN_POINT('',(39.4222222222222,-17.6712818196177,107.5));
#5760=CARTESIAN_POINT('',(4.44081745177116,-15.1712818196177,107.5));
#5761=CARTESIAN_POINT('',(4.59063021363221,-14.3216514269285,107.5));
#5762=CARTESIAN_POINT('',(36.9222222222222,-15.1712818196177,107.5));
#5763=CARTESIAN_POINT('',(39.4222222222222,-15.1712818196177,107.5));
#5764=CARTESIAN_POINT('',(36.9222222222222,-13.6712818196177,107.5));
#5765=CARTESIAN_POINT('',(36.9222222222222,-15.1712818196177,107.5));
#5766=CARTESIAN_POINT('',(37.3222222222222,-13.6712818196177,107.5));
#5767=CARTESIAN_POINT('',(36.9222222222222,-13.6712818196177,107.5));
#5768=CARTESIAN_POINT('',(37.3222222222222,-3.67128181961773,107.5));
#5769=CARTESIAN_POINT('',(37.3222222222222,-13.6712818196177,107.5));
#5770=CARTESIAN_POINT('',(36.9222222222222,-3.67128181961773,107.5));
#5771=CARTESIAN_POINT('',(37.3222222222222,-3.67128181961773,107.5));
#5772=CARTESIAN_POINT('',(36.9222222222222,-15.1712818196177,107.5));
#5773=CARTESIAN_POINT('Origin',(0.,0.,85.5));
#5774=CARTESIAN_POINT('',(4.99999995391786,-12.0000002613448,87.5));
#5775=CARTESIAN_POINT('',(4.59836569582592,-14.2777813273973,85.5));
#5776=CARTESIAN_POINT('Ctrl Pts',(4.59836569582592,-14.2777813273973,85.5));
#5777=CARTESIAN_POINT('Ctrl Pts',(4.59836569582592,-14.2777813273973,85.7360777150346));
#5778=CARTESIAN_POINT('Ctrl Pts',(4.60877843456523,-14.2187277514926,86.0129519104674));
#5779=CARTESIAN_POINT('Ctrl Pts',(4.64312704258469,-14.0239271153027,86.4587749545429));
#5780=CARTESIAN_POINT('Ctrl Pts',(4.6741204226235,-13.84815492256,86.7023743206681));
#5781=CARTESIAN_POINT('Ctrl Pts',(4.74126095202189,-13.4673820588235,87.0603776410952));
#5782=CARTESIAN_POINT('Ctrl Pts',(4.79040369049747,-13.1886797395406,87.2307638471452));
#5783=CARTESIAN_POINT('Ctrl Pts',(4.88451267118854,-12.6549611882847,87.4374599377917));
#5784=CARTESIAN_POINT('Ctrl Pts',(4.94708050967322,-12.3001213433937,87.5));
#5785=CARTESIAN_POINT('Ctrl Pts',(4.99999995391787,-12.0000002613448,87.5));
#5786=CARTESIAN_POINT('',(15.0000002235174,1.83697022609402E-15,85.5));
#5787=CARTESIAN_POINT('Origin',(0.,0.,85.5));
#5788=CARTESIAN_POINT('',(-4.59836569582592,-14.2777813273973,85.5));
#5789=CARTESIAN_POINT('Origin',(0.,0.,85.5));
#5790=CARTESIAN_POINT('',(-4.99999995391787,-12.0000002613448,87.5));
#5791=CARTESIAN_POINT('Ctrl Pts',(-4.99999995391787,-12.0000002613448,87.5));
#5792=CARTESIAN_POINT('Ctrl Pts',(-4.94708050967322,-12.3001213433937,87.5));
#5793=CARTESIAN_POINT('Ctrl Pts',(-4.88451267118854,-12.6549611882847,87.4374599377917));
#5794=CARTESIAN_POINT('Ctrl Pts',(-4.79040369049747,-13.1886797395406,87.2307638471452));
#5795=CARTESIAN_POINT('Ctrl Pts',(-4.74126095202189,-13.4673820588235,87.0603776410952));
#5796=CARTESIAN_POINT('Ctrl Pts',(-4.6741204226235,-13.84815492256,86.7023743206681));
#5797=CARTESIAN_POINT('Ctrl Pts',(-4.64312704258469,-14.0239271153027,86.4587749545429));
#5798=CARTESIAN_POINT('Ctrl Pts',(-4.60877843456523,-14.2187277514926,86.0129519104674));
#5799=CARTESIAN_POINT('Ctrl Pts',(-4.59836569582592,-14.2777813273973,85.7360777150346));
#5800=CARTESIAN_POINT('Ctrl Pts',(-4.59836569582592,-14.2777813273973,85.5));
#5801=CARTESIAN_POINT('Origin',(0.,0.,87.5));
#5802=CARTESIAN_POINT('Origin',(0.,0.,79.));
#5803=CARTESIAN_POINT('',(4.59836569582592,-14.2777813273973,84.5));
#5804=CARTESIAN_POINT('',(4.59836569582592,-14.2777813273973,79.));
#5805=CARTESIAN_POINT('',(-4.59836569582592,-14.2777813273973,84.5));
#5806=CARTESIAN_POINT('Origin',(0.,0.,84.5));
#5807=CARTESIAN_POINT('',(-4.59836569582592,-14.2777813273973,79.));
#5808=CARTESIAN_POINT('',(15.0000002235174,1.83697022609402E-15,79.));
#5809=CARTESIAN_POINT('',(15.0000002235174,1.83697022609402E-15,79.));
#5810=CARTESIAN_POINT('Origin',(0.,0.,79.));
#5811=CARTESIAN_POINT('Origin',(36.9222222222222,-15.1712818196177,107.5));
#5812=CARTESIAN_POINT('',(39.4222222222222,-15.1712818196177,137.5));
#5813=CARTESIAN_POINT('',(36.9222222222222,-17.6712818196177,137.5));
#5814=CARTESIAN_POINT('Origin',(36.9222222222222,-15.1712818196177,137.5));
#5815=CARTESIAN_POINT('',(36.9222222222222,-17.6712818196177,107.5));
#5816=CARTESIAN_POINT('',(39.4222222222222,-15.1712818196177,107.5));
#5817=CARTESIAN_POINT('Origin',(-40.9777777777778,-17.6712818196177,107.5));
#5818=CARTESIAN_POINT('',(-38.4777777777778,-17.6712818196177,137.5));
#5819=CARTESIAN_POINT('',(39.4222222222222,-17.6712818196177,137.5));
#5820=CARTESIAN_POINT('',(-38.4777777777778,-17.6712818196177,107.5));
#5821=CARTESIAN_POINT('',(-4.,-17.6712818196177,127.5));
#5822=CARTESIAN_POINT('',(-4.,-17.6712818196177,97.5));
#5823=CARTESIAN_POINT('',(4.,-17.6712818196177,127.5));
#5824=CARTESIAN_POINT('',(-20.4888888888889,-17.6712818196177,127.5));
#5825=CARTESIAN_POINT('',(4.,-17.6712818196177,97.5));
#5826=CARTESIAN_POINT('Origin',(-38.4777777777778,-15.1712818196177,107.5));
#5827=CARTESIAN_POINT('Origin',(-38.4777777777778,-15.1712818196177,137.5));
#5828=CARTESIAN_POINT('Origin',(0.,-17.6712818196177,127.5));
#5829=CARTESIAN_POINT('',(-4.,-20.1712818196177,127.5));
#5830=CARTESIAN_POINT('',(-4.,-20.1712818196177,127.5));
#5831=CARTESIAN_POINT('',(4.,-20.1712818196177,127.5));
#5832=CARTESIAN_POINT('',(4.,-20.1712818196177,127.5));
#5833=CARTESIAN_POINT('',(4.,-17.6712818196177,127.5));
#5834=CARTESIAN_POINT('Origin',(36.9222222222222,-15.1712818196177,107.5));
#5835=CARTESIAN_POINT('',(-38.4777777777778,-15.1712818196177,137.5));
#5836=CARTESIAN_POINT('',(-38.4777777777778,-15.1712818196177,107.5));
#5837=CARTESIAN_POINT('',(36.9222222222222,-15.1712818196177,137.5));
#5838=CARTESIAN_POINT('',(39.4222222222222,-15.1712818196177,137.5));
#5839=CARTESIAN_POINT('',(36.9222222222222,-15.1712818196177,107.5));
#5840=CARTESIAN_POINT('',(4.44081745177116,-15.1712818196177,87.5));
#5841=CARTESIAN_POINT('',(4.44081745177116,-15.1712818196177,87.5));
#5842=CARTESIAN_POINT('',(-4.44081745177116,-15.1712818196177,87.5));
#5843=CARTESIAN_POINT('',(2.22040872588558,-15.1712818196177,87.5));
#5844=CARTESIAN_POINT('',(-4.44081745177116,-15.1712818196177,87.5));
#5845=CARTESIAN_POINT('Origin',(36.9222222222222,-13.6712818196177,107.5));
#5846=CARTESIAN_POINT('',(36.9222222222222,-13.6712818196177,137.5));
#5847=CARTESIAN_POINT('',(36.9222222222222,-15.1712818196177,137.5));
#5848=CARTESIAN_POINT('',(36.9222222222222,-13.6712818196177,107.5));
#5849=CARTESIAN_POINT('Origin',(37.3222222222222,-13.6712818196177,107.5));
#5850=CARTESIAN_POINT('',(37.3222222222222,-13.6712818196177,137.5));
#5851=CARTESIAN_POINT('',(36.9222222222222,-13.6712818196177,137.5));
#5852=CARTESIAN_POINT('',(37.3222222222222,-13.6712818196177,107.5));
#5853=CARTESIAN_POINT('Origin',(37.3222222222222,-3.67128181961773,107.5));
#5854=CARTESIAN_POINT('',(37.3222222222222,-3.67128181961773,137.5));
#5855=CARTESIAN_POINT('',(37.3222222222222,-13.6712818196177,137.5));
#5856=CARTESIAN_POINT('',(37.3222222222222,-3.67128181961773,107.5));
#5857=CARTESIAN_POINT('Origin',(36.9222222222222,-3.67128181961773,107.5));
#5858=CARTESIAN_POINT('',(36.9222222222222,-3.67128181961773,137.5));
#5859=CARTESIAN_POINT('',(37.3222222222222,-3.67128181961773,137.5));
#5860=CARTESIAN_POINT('',(36.9222222222222,-3.67128181961773,107.5));
#5861=CARTESIAN_POINT('Origin',(36.9222222222222,-2.17128181961773,107.5));
#5862=CARTESIAN_POINT('',(36.9222222222222,-15.1712818196177,137.5));
#5863=CARTESIAN_POINT('Origin',(39.4222222222222,-17.6712818196177,107.5));
#5864=CARTESIAN_POINT('',(39.4222222222222,-17.6712818196177,137.5));
#5865=CARTESIAN_POINT('Origin',(-38.4777777777778,-2.17128181961773,107.5));
#5866=CARTESIAN_POINT('',(-38.4777777777778,-2.17128181961773,137.5));
#5867=CARTESIAN_POINT('',(-38.4777777777778,-2.17128181961773,137.5));
#5868=CARTESIAN_POINT('',(-38.4777777777778,-2.17128181961773,107.5));
#5869=CARTESIAN_POINT('Origin',(-38.4777777777778,-3.67128181961773,107.5));
#5870=CARTESIAN_POINT('',(-38.4777777777778,-3.67128181961773,137.5));
#5871=CARTESIAN_POINT('',(-38.4777777777778,-15.1712818196177,137.5));
#5872=CARTESIAN_POINT('',(-38.4777777777778,-3.67128181961773,107.5));
#5873=CARTESIAN_POINT('Origin',(-38.8777777777778,-3.67128181961773,107.5));
#5874=CARTESIAN_POINT('',(-38.8777777777778,-3.67128181961773,137.5));
#5875=CARTESIAN_POINT('',(-38.8777777777778,-3.67128181961773,137.5));
#5876=CARTESIAN_POINT('',(-38.8777777777778,-3.67128181961773,107.5));
#5877=CARTESIAN_POINT('Origin',(-38.8777777777778,-13.6712818196177,107.5));
#5878=CARTESIAN_POINT('',(-38.8777777777778,-13.6712818196177,137.5));
#5879=CARTESIAN_POINT('',(-38.8777777777778,-13.6712818196177,137.5));
#5880=CARTESIAN_POINT('',(-38.8777777777778,-13.6712818196177,107.5));
#5881=CARTESIAN_POINT('Origin',(-38.4777777777778,-13.6712818196177,107.5));
#5882=CARTESIAN_POINT('',(-38.4777777777778,-13.6712818196177,137.5));
#5883=CARTESIAN_POINT('',(-38.4777777777778,-13.6712818196177,137.5));
#5884=CARTESIAN_POINT('',(-38.4777777777778,-13.6712818196177,107.5));
#5885=CARTESIAN_POINT('Origin',(-38.4777777777778,-15.1712818196177,107.5));
#5886=CARTESIAN_POINT('',(-38.4777777777778,-15.1712818196177,137.5));
#5887=CARTESIAN_POINT('Origin',(-0.777777777777779,-9.92128181961773,137.5));
#5888=CARTESIAN_POINT('Origin',(0.,-16.0856409098089,84.5));
#5889=CARTESIAN_POINT('',(4.,-17.6712818196177,84.5));
#5890=CARTESIAN_POINT('',(5.,-12.,84.5));
#5891=CARTESIAN_POINT('',(4.,-20.1712818196177,84.5));
#5892=CARTESIAN_POINT('',(4.,-17.6712818196177,84.5));
#5893=CARTESIAN_POINT('',(-4.,-20.1712818196177,84.5));
#5894=CARTESIAN_POINT('',(4.,-20.1712818196177,84.5));
#5895=CARTESIAN_POINT('',(-4.,-17.6712818196177,84.5));
#5896=CARTESIAN_POINT('',(-4.,-20.1712818196177,84.5));
#5897=CARTESIAN_POINT('',(-5.,-12.,84.5));
#5898=CARTESIAN_POINT('Origin',(5.,-12.,87.5));
#5899=CARTESIAN_POINT('',(5.,-12.,87.5));
#5900=CARTESIAN_POINT('',(4.,-17.6712818196177,87.5));
#5901=CARTESIAN_POINT('Origin',(-4.,-17.6712818196177,87.5));
#5902=CARTESIAN_POINT('',(-4.,-17.6712818196177,87.5));
#5903=CARTESIAN_POINT('',(-5.,-12.,87.5));
#5904=CARTESIAN_POINT('Origin',(-4.,-20.1712818196177,87.5));
#5905=CARTESIAN_POINT('',(-4.,-20.1712818196177,87.5));
#5906=CARTESIAN_POINT('Origin',(4.,-20.1712818196177,87.5));
#5907=CARTESIAN_POINT('',(4.,-20.1712818196177,87.5));
#5908=CARTESIAN_POINT('Origin',(4.,-17.6712818196177,87.5));
#5909=CARTESIAN_POINT('Origin',(0.,0.,87.5));
#5910=CARTESIAN_POINT('Origin',(0.,0.,85.5));
#5911=CARTESIAN_POINT('',(11.3,1.38385088303651E-15,85.5));
#5912=CARTESIAN_POINT('Origin',(0.,0.,85.5));
#5913=CARTESIAN_POINT('Origin',(0.,0.,79.));
#5914=CARTESIAN_POINT('',(11.3,1.38385088303651E-15,79.));
#5915=CARTESIAN_POINT('',(11.3,1.38385088303651E-15,79.));
#5916=CARTESIAN_POINT('Origin',(0.,0.,79.));
#5917=CARTESIAN_POINT('Origin',(0.,0.,79.));
#5918=CARTESIAN_POINT('',(0.,0.,0.));
#5919=CARTESIAN_POINT('',(0.,0.,0.));
#5920=CARTESIAN_POINT('',(0.,0.,0.));
#5921=CARTESIAN_POINT('',(0.,0.,0.));
#5922=CARTESIAN_POINT('',(0.,0.,0.));
#5923=CARTESIAN_POINT('',(0.,0.,0.));
#5924=UNCERTAINTY_MEASURE_WITH_UNIT(LENGTH_MEASURE(0.01),#5952,
'DISTANCE_ACCURACY_VALUE',
'Maximum model space distance between geometric entities at asserted c
onnectivities');
#5925=UNCERTAINTY_MEASURE_WITH_UNIT(LENGTH_MEASURE(0.01),#5952,
'DISTANCE_ACCURACY_VALUE',
'Maximum model space distance between geometric entities at asserted c
onnectivities');
#5926=UNCERTAINTY_MEASURE_WITH_UNIT(LENGTH_MEASURE(0.01),#5952,
'DISTANCE_ACCURACY_VALUE',
'Maximum model space distance between geometric entities at asserted c
onnectivities');
#5927=UNCERTAINTY_MEASURE_WITH_UNIT(LENGTH_MEASURE(0.01),#5952,
'DISTANCE_ACCURACY_VALUE',
'Maximum model space distance between geometric entities at asserted c
onnectivities');
#5928=UNCERTAINTY_MEASURE_WITH_UNIT(LENGTH_MEASURE(0.01),#5952,
'DISTANCE_ACCURACY_VALUE',
'Maximum model space distance between geometric entities at asserted c
onnectivities');
#5929=UNCERTAINTY_MEASURE_WITH_UNIT(LENGTH_MEASURE(0.01),#5952,
'DISTANCE_ACCURACY_VALUE',
'Maximum model space distance between geometric entities at asserted c
onnectivities');
#5930=UNCERTAINTY_MEASURE_WITH_UNIT(LENGTH_MEASURE(0.01),#5952,
'DISTANCE_ACCURACY_VALUE',
'Maximum model space distance between geometric entities at asserted c
onnectivities');
#5931=UNCERTAINTY_MEASURE_WITH_UNIT(LENGTH_MEASURE(0.01),#5952,
'DISTANCE_ACCURACY_VALUE',
'Maximum model space distance between geometric entities at asserted c
onnectivities');
#5932=UNCERTAINTY_MEASURE_WITH_UNIT(LENGTH_MEASURE(0.01),#5952,
'DISTANCE_ACCURACY_VALUE',
'Maximum model space distance between geometric entities at asserted c
onnectivities');
#5933=UNCERTAINTY_MEASURE_WITH_UNIT(LENGTH_MEASURE(0.01),#5952,
'DISTANCE_ACCURACY_VALUE',
'Maximum model space distance between geometric entities at asserted c
onnectivities');
#5934=UNCERTAINTY_MEASURE_WITH_UNIT(LENGTH_MEASURE(0.01),#5952,
'DISTANCE_ACCURACY_VALUE',
'Maximum model space distance between geometric entities at asserted c
onnectivities');
#5935=UNCERTAINTY_MEASURE_WITH_UNIT(LENGTH_MEASURE(0.01),#5952,
'DISTANCE_ACCURACY_VALUE',
'Maximum model space distance between geometric entities at asserted c
onnectivities');
#5936=UNCERTAINTY_MEASURE_WITH_UNIT(LENGTH_MEASURE(0.01),#5952,
'DISTANCE_ACCURACY_VALUE',
'Maximum model space distance between geometric entities at asserted c
onnectivities');
#5937=UNCERTAINTY_MEASURE_WITH_UNIT(LENGTH_MEASURE(0.01),#5952,
'DISTANCE_ACCURACY_VALUE',
'Maximum model space distance between geometric entities at asserted c
onnectivities');
#5938=(
GEOMETRIC_REPRESENTATION_CONTEXT(3)
GLOBAL_UNCERTAINTY_ASSIGNED_CONTEXT((#5924))
GLOBAL_UNIT_ASSIGNED_CONTEXT((#5952,#5954,#5955))
REPRESENTATION_CONTEXT('','3D')
);
#5939=(
GEOMETRIC_REPRESENTATION_CONTEXT(3)
GLOBAL_UNCERTAINTY_ASSIGNED_CONTEXT((#5925))
GLOBAL_UNIT_ASSIGNED_CONTEXT((#5952,#5954,#5955))
REPRESENTATION_CONTEXT('','3D')
);
#5940=(
GEOMETRIC_REPRESENTATION_CONTEXT(3)
GLOBAL_UNCERTAINTY_ASSIGNED_CONTEXT((#5926))
GLOBAL_UNIT_ASSIGNED_CONTEXT((#5952,#5954,#5955))
REPRESENTATION_CONTEXT('','3D')
);
#5941=(
GEOMETRIC_REPRESENTATION_CONTEXT(3)
GLOBAL_UNCERTAINTY_ASSIGNED_CONTEXT((#5927))
GLOBAL_UNIT_ASSIGNED_CONTEXT((#5952,#5954,#5955))
REPRESENTATION_CONTEXT('','3D')
);
#5942=(
GEOMETRIC_REPRESENTATION_CONTEXT(3)
GLOBAL_UNCERTAINTY_ASSIGNED_CONTEXT((#5928))
GLOBAL_UNIT_ASSIGNED_CONTEXT((#5952,#5954,#5955))
REPRESENTATION_CONTEXT('','3D')
);
#5943=(
GEOMETRIC_REPRESENTATION_CONTEXT(3)
GLOBAL_UNCERTAINTY_ASSIGNED_CONTEXT((#5929))
GLOBAL_UNIT_ASSIGNED_CONTEXT((#5952,#5954,#5955))
REPRESENTATION_CONTEXT('','3D')
);
#5944=(
GEOMETRIC_REPRESENTATION_CONTEXT(3)
GLOBAL_UNCERTAINTY_ASSIGNED_CONTEXT((#5930))
GLOBAL_UNIT_ASSIGNED_CONTEXT((#5952,#5954,#5955))
REPRESENTATION_CONTEXT('','3D')
);
#5945=(
GEOMETRIC_REPRESENTATION_CONTEXT(3)
GLOBAL_UNCERTAINTY_ASSIGNED_CONTEXT((#5931))
GLOBAL_UNIT_ASSIGNED_CONTEXT((#5952,#5954,#5955))
REPRESENTATION_CONTEXT('','3D')
);
#5946=(
GEOMETRIC_REPRESENTATION_CONTEXT(3)
GLOBAL_UNCERTAINTY_ASSIGNED_CONTEXT((#5932))
GLOBAL_UNIT_ASSIGNED_CONTEXT((#5952,#5954,#5955))
REPRESENTATION_CONTEXT('','3D')
);
#5947=(
GEOMETRIC_REPRESENTATION_CONTEXT(3)
GLOBAL_UNCERTAINTY_ASSIGNED_CONTEXT((#5933))
GLOBAL_UNIT_ASSIGNED_CONTEXT((#5952,#5954,#5955))
REPRESENTATION_CONTEXT('','3D')
);
#5948=(
GEOMETRIC_REPRESENTATION_CONTEXT(3)
GLOBAL_UNCERTAINTY_ASSIGNED_CONTEXT((#5934))
GLOBAL_UNIT_ASSIGNED_CONTEXT((#5952,#5954,#5955))
REPRESENTATION_CONTEXT('','3D')
);
#5949=(
GEOMETRIC_REPRESENTATION_CONTEXT(3)
GLOBAL_UNCERTAINTY_ASSIGNED_CONTEXT((#5935))
GLOBAL_UNIT_ASSIGNED_CONTEXT((#5952,#5954,#5955))
REPRESENTATION_CONTEXT('','3D')
);
#5950=(
GEOMETRIC_REPRESENTATION_CONTEXT(3)
GLOBAL_UNCERTAINTY_ASSIGNED_CONTEXT((#5936))
GLOBAL_UNIT_ASSIGNED_CONTEXT((#5952,#5954,#5955))
REPRESENTATION_CONTEXT('','3D')
);
#5951=(
GEOMETRIC_REPRESENTATION_CONTEXT(3)
GLOBAL_UNCERTAINTY_ASSIGNED_CONTEXT((#5937))
GLOBAL_UNIT_ASSIGNED_CONTEXT((#5952,#5954,#5955))
REPRESENTATION_CONTEXT('','3D')
);
#5952=(
LENGTH_UNIT()
NAMED_UNIT(*)
SI_UNIT(.MILLI.,.METRE.)
);
#5953=(
LENGTH_UNIT()
NAMED_UNIT(*)
SI_UNIT($,.METRE.)
);
#5954=(
NAMED_UNIT(*)
PLANE_ANGLE_UNIT()
SI_UNIT($,.RADIAN.)
);
#5955=(
NAMED_UNIT(*)
SI_UNIT($,.STERADIAN.)
SOLID_ANGLE_UNIT()
);
#5956=SHAPE_DEFINITION_REPRESENTATION(#5969,#6004);
#5957=SHAPE_DEFINITION_REPRESENTATION(#5970,#6005);
#5958=SHAPE_DEFINITION_REPRESENTATION(#5971,#6006);
#5959=SHAPE_DEFINITION_REPRESENTATION(#5972,#6007);
#5960=SHAPE_DEFINITION_REPRESENTATION(#5973,#6008);
#5961=SHAPE_DEFINITION_REPRESENTATION(#5974,#6009);
#5962=SHAPE_DEFINITION_REPRESENTATION(#5975,#6010);
#5963=SHAPE_DEFINITION_REPRESENTATION(#5976,#6011);
#5964=SHAPE_DEFINITION_REPRESENTATION(#5977,#6012);
#5965=SHAPE_DEFINITION_REPRESENTATION(#5978,#6013);
#5966=SHAPE_DEFINITION_REPRESENTATION(#5979,#6014);
#5967=SHAPE_DEFINITION_REPRESENTATION(#5980,#6015);
#5968=SHAPE_DEFINITION_REPRESENTATION(#5997,#6016);
#5969=PRODUCT_DEFINITION_SHAPE('',$,#6018);
#5970=PRODUCT_DEFINITION_SHAPE('',$,#6019);
#5971=PRODUCT_DEFINITION_SHAPE('',$,#6020);
#5972=PRODUCT_DEFINITION_SHAPE('',$,#6021);
#5973=PRODUCT_DEFINITION_SHAPE('',$,#6022);
#5974=PRODUCT_DEFINITION_SHAPE('',$,#6023);
#5975=PRODUCT_DEFINITION_SHAPE('',$,#6024);
#5976=PRODUCT_DEFINITION_SHAPE('',$,#6025);
#5977=PRODUCT_DEFINITION_SHAPE('',$,#6026);
#5978=PRODUCT_DEFINITION_SHAPE('',$,#6027);
#5979=PRODUCT_DEFINITION_SHAPE('',$,#6028);
#5980=PRODUCT_DEFINITION_SHAPE('',$,#6029);
#5981=PRODUCT_DEFINITION_SHAPE($,$,#77);
#5982=PRODUCT_DEFINITION_SHAPE($,$,#78);
#5983=PRODUCT_DEFINITION_SHAPE($,$,#79);
#5984=PRODUCT_DEFINITION_SHAPE($,$,#80);
#5985=PRODUCT_DEFINITION_SHAPE($,$,#81);
#5986=PRODUCT_DEFINITION_SHAPE($,$,#82);
#5987=PRODUCT_DEFINITION_SHAPE($,$,#83);
#5988=PRODUCT_DEFINITION_SHAPE($,$,#84);
#5989=PRODUCT_DEFINITION_SHAPE($,$,#85);
#5990=PRODUCT_DEFINITION_SHAPE($,$,#86);
#5991=PRODUCT_DEFINITION_SHAPE($,$,#87);
#5992=PRODUCT_DEFINITION_SHAPE($,$,#88);
#5993=PRODUCT_DEFINITION_SHAPE($,$,#89);
#5994=PRODUCT_DEFINITION_SHAPE($,$,#90);
#5995=PRODUCT_DEFINITION_SHAPE($,$,#91);
#5996=PRODUCT_DEFINITION_SHAPE($,$,#92);
#5997=PRODUCT_DEFINITION_SHAPE('',$,#6030);
#5998=PRODUCT_DEFINITION_SHAPE($,$,#93);
#5999=PRODUCT_DEFINITION_SHAPE($,$,#94);
#6000=PRODUCT_DEFINITION_SHAPE($,$,#95);
#6001=PRODUCT_DEFINITION_SHAPE($,$,#96);
#6002=PRODUCT_DEFINITION_SHAPE($,$,#97);
#6003=PRODUCT_DEFINITION_SHAPE($,$,#98);
#6004=SHAPE_REPRESENTATION('',(#2893,#3186,#3187,#3188,#3189,#3190,#3191),
#5938);
#6005=SHAPE_REPRESENTATION('',(#2894),#5939);
#6006=SHAPE_REPRESENTATION('',(#2913,#3094),#5940);
#6007=SHAPE_REPRESENTATION('',(#2928),#5941);
#6008=SHAPE_REPRESENTATION('',(#2976,#3095),#5942);
#6009=SHAPE_REPRESENTATION('',(#3010,#3133),#5943);
#6010=SHAPE_REPRESENTATION('',(#3011,#3081,#3082,#3083,#3084,#3085,#3086,
#3087,#3088,#3089,#3090,#3091,#3092,#3093),#5944);
#6011=SHAPE_REPRESENTATION('',(#3012),#5945);
#6012=SHAPE_REPRESENTATION('',(#3031),#5946);
#6013=SHAPE_REPRESENTATION('',(#3052),#5947);
#6014=SHAPE_REPRESENTATION('',(#3069),#5948);
#6015=SHAPE_REPRESENTATION('',(#3072),#5949);
#6016=SHAPE_REPRESENTATION('',(#3134),#5950);
#6017=PRODUCT_DEFINITION_CONTEXT('part definition',#6058,'design');
#6018=PRODUCT_DEFINITION('Phone Gimbal','Phone Gimbal v2',#6031,#6017);
#6019=PRODUCT_DEFINITION('Phone','Phone',#6032,#6017);
#6020=PRODUCT_DEFINITION('Handle','Handle',#6033,#6017);
#6021=PRODUCT_DEFINITION('Z axis','Z axis',#6034,#6017);
#6022=PRODUCT_DEFINITION('X axis','X axis',#6035,#6017);
#6023=PRODUCT_DEFINITION('Y axis','Y axis',#6036,#6017);
#6024=PRODUCT_DEFINITION(
'DEEP GROOVE BALL BEARING 608-2RSH 8MM I.D, 22MM O.D',
'DEEP GROOVE BALL BEARING 608-2RSH 8MM I.D, 22MM O.D v1',#6037,#6017);
#6025=PRODUCT_DEFINITION('OUTER RACE','OUTER RACE',#6038,#6017);
#6026=PRODUCT_DEFINITION('INNER RACE','INNER RACE',#6039,#6017);
#6027=PRODUCT_DEFINITION('RETAINER','RETAINER',#6040,#6017);
#6028=PRODUCT_DEFINITION('BALL','BALL',#6041,#6017);
#6029=PRODUCT_DEFINITION('COVER','COVER',#6042,#6017);
#6030=PRODUCT_DEFINITION('Holder','Holder',#6043,#6017);
#6031=PRODUCT_DEFINITION_FORMATION('',$,#6060);
#6032=PRODUCT_DEFINITION_FORMATION('',$,#6061);
#6033=PRODUCT_DEFINITION_FORMATION('',$,#6062);
#6034=PRODUCT_DEFINITION_FORMATION('',$,#6063);
#6035=PRODUCT_DEFINITION_FORMATION('',$,#6064);
#6036=PRODUCT_DEFINITION_FORMATION('',$,#6065);
#6037=PRODUCT_DEFINITION_FORMATION('',$,#6066);
#6038=PRODUCT_DEFINITION_FORMATION('',$,#6067);
#6039=PRODUCT_DEFINITION_FORMATION('',$,#6068);
#6040=PRODUCT_DEFINITION_FORMATION('',$,#6069);
#6041=PRODUCT_DEFINITION_FORMATION('',$,#6070);
#6042=PRODUCT_DEFINITION_FORMATION('',$,#6071);
#6043=PRODUCT_DEFINITION_FORMATION('',$,#6072);
#6044=PRODUCT_RELATED_PRODUCT_CATEGORY('Phone Gimbal v2',
'Phone Gimbal v2',(#6060));
#6045=PRODUCT_RELATED_PRODUCT_CATEGORY('Phone','Phone',(#6061));
#6046=PRODUCT_RELATED_PRODUCT_CATEGORY('Handle','Handle',(#6062));
#6047=PRODUCT_RELATED_PRODUCT_CATEGORY('Z axis','Z axis',(#6063));
#6048=PRODUCT_RELATED_PRODUCT_CATEGORY('X axis','X axis',(#6064));
#6049=PRODUCT_RELATED_PRODUCT_CATEGORY('Y axis','Y axis',(#6065));
#6050=PRODUCT_RELATED_PRODUCT_CATEGORY(
'DEEP GROOVE BALL BEARING 608-2RSH 8MM I.D, 22MM O.D v1',
'DEEP GROOVE BALL BEARING 608-2RSH 8MM I.D, 22MM O.D v1',(#6066));
#6051=PRODUCT_RELATED_PRODUCT_CATEGORY('OUTER RACE','OUTER RACE',(#6067));
#6052=PRODUCT_RELATED_PRODUCT_CATEGORY('INNER RACE','INNER RACE',(#6068));
#6053=PRODUCT_RELATED_PRODUCT_CATEGORY('RETAINER','RETAINER',(#6069));
#6054=PRODUCT_RELATED_PRODUCT_CATEGORY('BALL','BALL',(#6070));
#6055=PRODUCT_RELATED_PRODUCT_CATEGORY('COVER','COVER',(#6071));
#6056=PRODUCT_RELATED_PRODUCT_CATEGORY('Holder','Holder',(#6072));
#6057=APPLICATION_PROTOCOL_DEFINITION('international standard',
'automotive_design',2009,#6058);
#6058=APPLICATION_CONTEXT(
'Core Data for Automotive Mechanical Design Process');
#6059=PRODUCT_CONTEXT('part definition',#6058,'mechanical');
#6060=PRODUCT('Phone Gimbal','Phone Gimbal v2',$,(#6059));
#6061=PRODUCT('Phone','Phone',$,(#6059));
#6062=PRODUCT('Handle','Handle',$,(#6059));
#6063=PRODUCT('Z axis','Z axis',$,(#6059));
#6064=PRODUCT('X axis','X axis',$,(#6059));
#6065=PRODUCT('Y axis','Y axis',$,(#6059));
#6066=PRODUCT('DEEP GROOVE BALL BEARING 608-2RSH 8MM I.D, 22MM O.D',
'DEEP GROOVE BALL BEARING 608-2RSH 8MM I.D, 22MM O.D v1','STEP AP203',(#6059));
#6067=PRODUCT('OUTER RACE','OUTER RACE',$,(#6059));
#6068=PRODUCT('INNER RACE','INNER RACE',$,(#6059));
#6069=PRODUCT('RETAINER','RETAINER',$,(#6059));
#6070=PRODUCT('BALL','BALL',$,(#6059));
#6071=PRODUCT('COVER','COVER',$,(#6059));
#6072=PRODUCT('Holder','Holder',$,(#6059));
#6073=PRESENTATION_STYLE_ASSIGNMENT((#6074));
#6074=SURFACE_STYLE_USAGE(.BOTH.,#6075);
#6075=SURFACE_SIDE_STYLE('',(#6076));
#6076=SURFACE_STYLE_FILL_AREA(#6077);
#6077=FILL_AREA_STYLE('Steel - Satin',(#6078));
#6078=FILL_AREA_STYLE_COLOUR('Steel - Satin',#6079);
#6079=COLOUR_RGB('Steel - Satin',0.627450980392157,0.627450980392157,0.627450980392157);
ENDSEC;
END-ISO-10303-21;
