solid ASCII
  facet normal -9.914449e-01 1.305262e-01 1.545741e-17
    outer loop
      vertex   -4.092667e+01 -3.283053e+00 1.375000e+02
      vertex   -4.092667e+01 -3.283053e+00 1.300000e+02
      vertex   -4.097778e+01 -3.671282e+00 1.375000e+02
    endloop
  endfacet
  facet normal -9.914449e-01 1.305262e-01 0.000000e+00
    outer loop
      vertex   -4.097778e+01 -3.671282e+00 1.375000e+02
      vertex   -4.092667e+01 -3.283053e+00 1.300000e+02
      vertex   -4.092667e+01 -3.283053e+00 1.225000e+02
    endloop
  endfacet
  facet normal -9.914449e-01 1.305262e-01 0.000000e+00
    outer loop
      vertex   -4.097778e+01 -3.671282e+00 1.375000e+02
      vertex   -4.092667e+01 -3.283053e+00 1.225000e+02
      vertex   -4.097778e+01 -3.671282e+00 1.075000e+02
    endloop
  endfacet
  facet normal -9.914449e-01 1.305262e-01 0.000000e+00
    outer loop
      vertex   -4.097778e+01 -3.671282e+00 1.075000e+02
      vertex   -4.092667e+01 -3.283053e+00 1.225000e+02
      vertex   -4.092667e+01 -3.283053e+00 1.150000e+02
    endloop
  endfacet
  facet normal -9.914449e-01 1.305262e-01 -1.535760e-17
    outer loop
      vertex   -4.097778e+01 -3.671282e+00 1.075000e+02
      vertex   -4.092667e+01 -3.283053e+00 1.150000e+02
      vertex   -4.092667e+01 -3.283053e+00 1.075000e+02
    endloop
  endfacet
  facet normal -9.238795e-01 3.826834e-01 -4.531882e-17
    outer loop
      vertex   -4.092667e+01 -3.283053e+00 1.075000e+02
      vertex   -4.092667e+01 -3.283053e+00 1.150000e+02
      vertex   -4.077682e+01 -2.921282e+00 1.075000e+02
    endloop
  endfacet
  facet normal -9.238795e-01 3.826834e-01 -6.797823e-17
    outer loop
      vertex   -4.077682e+01 -2.921282e+00 1.075000e+02
      vertex   -4.092667e+01 -3.283053e+00 1.150000e+02
      vertex   -4.077682e+01 -2.921282e+00 1.150000e+02
    endloop
  endfacet
  facet normal -7.933533e-01 6.087614e-01 -1.081378e-16
    outer loop
      vertex   -4.077682e+01 -2.921282e+00 1.075000e+02
      vertex   -4.077682e+01 -2.921282e+00 1.150000e+02
      vertex   -4.053844e+01 -2.610622e+00 1.075000e+02
    endloop
  endfacet
  facet normal -7.933533e-01 6.087614e-01 1.441837e-16
    outer loop
      vertex   -4.053844e+01 -2.610622e+00 1.075000e+02
      vertex   -4.077682e+01 -2.921282e+00 1.150000e+02
      vertex   -4.053844e+01 -2.610622e+00 1.150000e+02
    endloop
  endfacet
  facet normal -6.087614e-01 7.933533e-01 1.879038e-16
    outer loop
      vertex   -4.053844e+01 -2.610622e+00 1.075000e+02
      vertex   -4.053844e+01 -2.610622e+00 1.150000e+02
      vertex   -4.022778e+01 -2.372244e+00 1.075000e+02
    endloop
  endfacet
  facet normal -6.087614e-01 7.933533e-01 -9.395191e-17
    outer loop
      vertex   -4.022778e+01 -2.372244e+00 1.075000e+02
      vertex   -4.053844e+01 -2.610622e+00 1.150000e+02
      vertex   -4.022778e+01 -2.372244e+00 1.150000e+02
    endloop
  endfacet
  facet normal -3.826834e-01 9.238795e-01 -1.094093e-16
    outer loop
      vertex   -4.022778e+01 -2.372244e+00 1.075000e+02
      vertex   -4.022778e+01 -2.372244e+00 1.150000e+02
      vertex   -3.986601e+01 -2.222393e+00 1.075000e+02
    endloop
  endfacet
  facet normal -3.826834e-01 9.238795e-01 -5.470466e-17
    outer loop
      vertex   -3.986601e+01 -2.222393e+00 1.075000e+02
      vertex   -4.022778e+01 -2.372244e+00 1.150000e+02
      vertex   -3.986601e+01 -2.222393e+00 1.150000e+02
    endloop
  endfacet
  facet normal -1.305262e-01 9.914449e-01 -5.870533e-17
    outer loop
      vertex   -3.986601e+01 -2.222393e+00 1.075000e+02
      vertex   -3.986601e+01 -2.222393e+00 1.150000e+02
      vertex   -3.947778e+01 -2.171282e+00 1.075000e+02
    endloop
  endfacet
  facet normal -1.305262e-01 9.914449e-01 0.000000e+00
    outer loop
      vertex   -3.947778e+01 -2.171282e+00 1.075000e+02
      vertex   -3.986601e+01 -2.222393e+00 1.150000e+02
      vertex   -3.986601e+01 -2.222393e+00 1.225000e+02
    endloop
  endfacet
  facet normal -1.305262e-01 9.914449e-01 0.000000e+00
    outer loop
      vertex   -3.947778e+01 -2.171282e+00 1.075000e+02
      vertex   -3.986601e+01 -2.222393e+00 1.225000e+02
      vertex   -3.947778e+01 -2.171282e+00 1.375000e+02
    endloop
  endfacet
  facet normal -1.305262e-01 9.914449e-01 0.000000e+00
    outer loop
      vertex   -3.947778e+01 -2.171282e+00 1.375000e+02
      vertex   -3.986601e+01 -2.222393e+00 1.225000e+02
      vertex   -3.986601e+01 -2.222393e+00 1.300000e+02
    endloop
  endfacet
  facet normal -1.305262e-01 9.914449e-01 5.906770e-17
    outer loop
      vertex   -3.947778e+01 -2.171282e+00 1.375000e+02
      vertex   -3.986601e+01 -2.222393e+00 1.300000e+02
      vertex   -3.986601e+01 -2.222393e+00 1.375000e+02
    endloop
  endfacet
  facet normal -3.826834e-01 9.238795e-01 5.470466e-17
    outer loop
      vertex   -3.986601e+01 -2.222393e+00 1.375000e+02
      vertex   -3.986601e+01 -2.222393e+00 1.300000e+02
      vertex   -4.022778e+01 -2.372244e+00 1.375000e+02
    endloop
  endfacet
  facet normal -3.826834e-01 9.238795e-01 1.641140e-16
    outer loop
      vertex   -4.022778e+01 -2.372244e+00 1.375000e+02
      vertex   -3.986601e+01 -2.222393e+00 1.300000e+02
      vertex   -4.022778e+01 -2.372244e+00 1.300000e+02
    endloop
  endfacet
  facet normal -6.087614e-01 7.933533e-01 1.409279e-16
    outer loop
      vertex   -4.022778e+01 -2.372244e+00 1.375000e+02
      vertex   -4.022778e+01 -2.372244e+00 1.300000e+02
      vertex   -4.053844e+01 -2.610622e+00 1.375000e+02
    endloop
  endfacet
  facet normal -6.087614e-01 7.933533e-01 -1.879038e-16
    outer loop
      vertex   -4.053844e+01 -2.610622e+00 1.375000e+02
      vertex   -4.022778e+01 -2.372244e+00 1.300000e+02
      vertex   -4.053844e+01 -2.610622e+00 1.300000e+02
    endloop
  endfacet
  facet normal -7.933533e-01 6.087614e-01 -1.441837e-16
    outer loop
      vertex   -4.053844e+01 -2.610622e+00 1.375000e+02
      vertex   -4.053844e+01 -2.610622e+00 1.300000e+02
      vertex   -4.077682e+01 -2.921282e+00 1.375000e+02
    endloop
  endfacet
  facet normal -7.933533e-01 6.087614e-01 1.081378e-16
    outer loop
      vertex   -4.077682e+01 -2.921282e+00 1.375000e+02
      vertex   -4.053844e+01 -2.610622e+00 1.300000e+02
      vertex   -4.077682e+01 -2.921282e+00 1.300000e+02
    endloop
  endfacet
  facet normal -9.238795e-01 3.826834e-01 6.797823e-17
    outer loop
      vertex   -4.077682e+01 -2.921282e+00 1.375000e+02
      vertex   -4.077682e+01 -2.921282e+00 1.300000e+02
      vertex   -4.092667e+01 -3.283053e+00 1.375000e+02
    endloop
  endfacet
  facet normal -9.238795e-01 3.826834e-01 4.531882e-17
    outer loop
      vertex   -4.092667e+01 -3.283053e+00 1.375000e+02
      vertex   -4.077682e+01 -2.921282e+00 1.300000e+02
      vertex   -4.092667e+01 -3.283053e+00 1.300000e+02
    endloop
  endfacet
  facet normal -9.238795e-01 3.826834e-01 0.000000e+00
    outer loop
      vertex   -4.077682e+01 -2.921282e+00 1.150000e+02
      vertex   -4.092667e+01 -3.283053e+00 1.150000e+02
      vertex   -4.092667e+01 -3.283053e+00 1.225000e+02
    endloop
  endfacet
  facet normal -9.238795e-01 3.826834e-01 0.000000e+00
    outer loop
      vertex   -4.092667e+01 -3.283053e+00 1.225000e+02
      vertex   -4.092667e+01 -3.283053e+00 1.300000e+02
      vertex   -4.077682e+01 -2.921282e+00 1.225000e+02
    endloop
  endfacet
  facet normal -9.238795e-01 3.826834e-01 0.000000e+00
    outer loop
      vertex   -4.077682e+01 -2.921282e+00 1.225000e+02
      vertex   -4.092667e+01 -3.283053e+00 1.300000e+02
      vertex   -4.077682e+01 -2.921282e+00 1.300000e+02
    endloop
  endfacet
  facet normal -7.933533e-01 6.087614e-01 0.000000e+00
    outer loop
      vertex   -4.077682e+01 -2.921282e+00 1.225000e+02
      vertex   -4.077682e+01 -2.921282e+00 1.300000e+02
      vertex   -4.053844e+01 -2.610622e+00 1.225000e+02
    endloop
  endfacet
  facet normal -7.933533e-01 6.087614e-01 0.000000e+00
    outer loop
      vertex   -4.053844e+01 -2.610622e+00 1.225000e+02
      vertex   -4.077682e+01 -2.921282e+00 1.300000e+02
      vertex   -4.053844e+01 -2.610622e+00 1.300000e+02
    endloop
  endfacet
  facet normal -6.087614e-01 7.933533e-01 0.000000e+00
    outer loop
      vertex   -4.053844e+01 -2.610622e+00 1.225000e+02
      vertex   -4.053844e+01 -2.610622e+00 1.300000e+02
      vertex   -4.022778e+01 -2.372244e+00 1.225000e+02
    endloop
  endfacet
  facet normal -6.087614e-01 7.933533e-01 0.000000e+00
    outer loop
      vertex   -4.022778e+01 -2.372244e+00 1.225000e+02
      vertex   -4.053844e+01 -2.610622e+00 1.300000e+02
      vertex   -4.022778e+01 -2.372244e+00 1.300000e+02
    endloop
  endfacet
  facet normal -3.826834e-01 9.238795e-01 0.000000e+00
    outer loop
      vertex   -4.022778e+01 -2.372244e+00 1.225000e+02
      vertex   -4.022778e+01 -2.372244e+00 1.300000e+02
      vertex   -3.986601e+01 -2.222393e+00 1.225000e+02
    endloop
  endfacet
  facet normal -3.826834e-01 9.238795e-01 0.000000e+00
    outer loop
      vertex   -3.986601e+01 -2.222393e+00 1.225000e+02
      vertex   -4.022778e+01 -2.372244e+00 1.300000e+02
      vertex   -3.986601e+01 -2.222393e+00 1.300000e+02
    endloop
  endfacet
  facet normal -7.933533e-01 6.087614e-01 0.000000e+00
    outer loop
      vertex   -4.053844e+01 -2.610622e+00 1.150000e+02
      vertex   -4.077682e+01 -2.921282e+00 1.150000e+02
      vertex   -4.077682e+01 -2.921282e+00 1.225000e+02
    endloop
  endfacet
  facet normal -9.238795e-01 3.826834e-01 0.000000e+00
    outer loop
      vertex   -4.077682e+01 -2.921282e+00 1.225000e+02
      vertex   -4.077682e+01 -2.921282e+00 1.150000e+02
      vertex   -4.092667e+01 -3.283053e+00 1.225000e+02
    endloop
  endfacet
  facet normal -7.933533e-01 6.087614e-01 0.000000e+00
    outer loop
      vertex   -4.053844e+01 -2.610622e+00 1.150000e+02
      vertex   -4.077682e+01 -2.921282e+00 1.225000e+02
      vertex   -4.053844e+01 -2.610622e+00 1.225000e+02
    endloop
  endfacet
  facet normal -6.087614e-01 7.933533e-01 0.000000e+00
    outer loop
      vertex   -4.022778e+01 -2.372244e+00 1.150000e+02
      vertex   -4.053844e+01 -2.610622e+00 1.150000e+02
      vertex   -4.053844e+01 -2.610622e+00 1.225000e+02
    endloop
  endfacet
  facet normal -6.087614e-01 7.933533e-01 0.000000e+00
    outer loop
      vertex   -4.022778e+01 -2.372244e+00 1.150000e+02
      vertex   -4.053844e+01 -2.610622e+00 1.225000e+02
      vertex   -4.022778e+01 -2.372244e+00 1.225000e+02
    endloop
  endfacet
  facet normal -3.826834e-01 9.238795e-01 0.000000e+00
    outer loop
      vertex   -3.986601e+01 -2.222393e+00 1.150000e+02
      vertex   -4.022778e+01 -2.372244e+00 1.150000e+02
      vertex   -4.022778e+01 -2.372244e+00 1.225000e+02
    endloop
  endfacet
  facet normal -3.826834e-01 9.238795e-01 0.000000e+00
    outer loop
      vertex   -3.986601e+01 -2.222393e+00 1.150000e+02
      vertex   -4.022778e+01 -2.372244e+00 1.225000e+02
      vertex   -3.986601e+01 -2.222393e+00 1.225000e+02
    endloop
  endfacet
  facet normal -1.000000e+00 0.000000e+00 0.000000e+00
    outer loop
      vertex   -4.097778e+01 -3.671282e+00 1.075000e+02
      vertex   -4.097778e+01 -1.517128e+01 1.075000e+02
      vertex   -4.097778e+01 -3.671282e+00 1.375000e+02
    endloop
  endfacet
  facet normal -1.000000e+00 -0.000000e+00 0.000000e+00
    outer loop
      vertex   -4.097778e+01 -3.671282e+00 1.375000e+02
      vertex   -4.097778e+01 -1.517128e+01 1.075000e+02
      vertex   -4.097778e+01 -1.517128e+01 1.375000e+02
    endloop
  endfacet
  facet normal 0.000000e+00 -0.000000e+00 -1.000000e+00
    outer loop
      vertex   -4.092667e+01 -3.283053e+00 1.075000e+02
      vertex   -3.887778e+01 -3.671282e+00 1.075000e+02
      vertex   -4.097778e+01 -3.671282e+00 1.075000e+02
    endloop
  endfacet
  facet normal 0.000000e+00 0.000000e+00 -1.000000e+00
    outer loop
      vertex   -4.097778e+01 -3.671282e+00 1.075000e+02
      vertex   -3.887778e+01 -3.671282e+00 1.075000e+02
      vertex   -3.887778e+01 -1.367128e+01 1.075000e+02
    endloop
  endfacet
  facet normal 0.000000e+00 0.000000e+00 -1.000000e+00
    outer loop
      vertex   -4.097778e+01 -3.671282e+00 1.075000e+02
      vertex   -3.887778e+01 -1.367128e+01 1.075000e+02
      vertex   -4.097778e+01 -1.517128e+01 1.075000e+02
    endloop
  endfacet
  facet normal 0.000000e+00 0.000000e+00 -1.000000e+00
    outer loop
      vertex   -4.097778e+01 -1.517128e+01 1.075000e+02
      vertex   -3.887778e+01 -1.367128e+01 1.075000e+02
      vertex   -3.847778e+01 -1.517128e+01 1.075000e+02
    endloop
  endfacet
  facet normal 0.000000e+00 0.000000e+00 -1.000000e+00
    outer loop
      vertex   -4.097778e+01 -1.517128e+01 1.075000e+02
      vertex   -3.847778e+01 -1.517128e+01 1.075000e+02
      vertex   -4.091510e+01 -1.572758e+01 1.075000e+02
    endloop
  endfacet
  facet normal 0.000000e+00 0.000000e+00 -1.000000e+00
    outer loop
      vertex   -4.091510e+01 -1.572758e+01 1.075000e+02
      vertex   -3.847778e+01 -1.517128e+01 1.075000e+02
      vertex   -4.073020e+01 -1.625599e+01 1.075000e+02
    endloop
  endfacet
  facet normal 0.000000e+00 0.000000e+00 -1.000000e+00
    outer loop
      vertex   -4.073020e+01 -1.625599e+01 1.075000e+02
      vertex   -3.847778e+01 -1.517128e+01 1.075000e+02
      vertex   -4.043236e+01 -1.673001e+01 1.075000e+02
    endloop
  endfacet
  facet normal 0.000000e+00 0.000000e+00 -1.000000e+00
    outer loop
      vertex   -4.043236e+01 -1.673001e+01 1.075000e+02
      vertex   -3.847778e+01 -1.517128e+01 1.075000e+02
      vertex   -4.003650e+01 -1.712586e+01 1.075000e+02
    endloop
  endfacet
  facet normal 0.000000e+00 0.000000e+00 -1.000000e+00
    outer loop
      vertex   -4.003650e+01 -1.712586e+01 1.075000e+02
      vertex   -3.847778e+01 -1.517128e+01 1.075000e+02
      vertex   -3.847778e+01 -1.767128e+01 1.075000e+02
    endloop
  endfacet
  facet normal 0.000000e+00 0.000000e+00 -1.000000e+00
    outer loop
      vertex   -4.003650e+01 -1.712586e+01 1.075000e+02
      vertex   -3.847778e+01 -1.767128e+01 1.075000e+02
      vertex   -3.956249e+01 -1.742370e+01 1.075000e+02
    endloop
  endfacet
  facet normal 0.000000e+00 0.000000e+00 -1.000000e+00
    outer loop
      vertex   -3.956249e+01 -1.742370e+01 1.075000e+02
      vertex   -3.847778e+01 -1.767128e+01 1.075000e+02
      vertex   -3.903408e+01 -1.760860e+01 1.075000e+02
    endloop
  endfacet
  facet normal 0.000000e+00 0.000000e+00 -1.000000e+00
    outer loop
      vertex   -4.092667e+01 -3.283053e+00 1.075000e+02
      vertex   -4.077682e+01 -2.921282e+00 1.075000e+02
      vertex   -3.887778e+01 -3.671282e+00 1.075000e+02
    endloop
  endfacet
  facet normal 0.000000e+00 0.000000e+00 -1.000000e+00
    outer loop
      vertex   -3.887778e+01 -3.671282e+00 1.075000e+02
      vertex   -4.077682e+01 -2.921282e+00 1.075000e+02
      vertex   -4.053844e+01 -2.610622e+00 1.075000e+02
    endloop
  endfacet
  facet normal 0.000000e+00 0.000000e+00 -1.000000e+00
    outer loop
      vertex   -3.887778e+01 -3.671282e+00 1.075000e+02
      vertex   -4.053844e+01 -2.610622e+00 1.075000e+02
      vertex   -3.847778e+01 -2.171282e+00 1.075000e+02
    endloop
  endfacet
  facet normal 0.000000e+00 0.000000e+00 -1.000000e+00
    outer loop
      vertex   -3.847778e+01 -2.171282e+00 1.075000e+02
      vertex   -4.053844e+01 -2.610622e+00 1.075000e+02
      vertex   -4.022778e+01 -2.372244e+00 1.075000e+02
    endloop
  endfacet
  facet normal -0.000000e+00 0.000000e+00 -1.000000e+00
    outer loop
      vertex   -3.847778e+01 -2.171282e+00 1.075000e+02
      vertex   -4.022778e+01 -2.372244e+00 1.075000e+02
      vertex   -3.947778e+01 -2.171282e+00 1.075000e+02
    endloop
  endfacet
  facet normal 0.000000e+00 0.000000e+00 -1.000000e+00
    outer loop
      vertex   -3.947778e+01 -2.171282e+00 1.075000e+02
      vertex   -4.022778e+01 -2.372244e+00 1.075000e+02
      vertex   -3.986601e+01 -2.222393e+00 1.075000e+02
    endloop
  endfacet
  facet normal 0.000000e+00 -0.000000e+00 -1.000000e+00
    outer loop
      vertex   -3.847778e+01 -2.171282e+00 1.075000e+02
      vertex   -3.847778e+01 -3.671282e+00 1.075000e+02
      vertex   -3.887778e+01 -3.671282e+00 1.075000e+02
    endloop
  endfacet
  facet normal 0.000000e+00 0.000000e+00 -1.000000e+00
    outer loop
      vertex   -3.887778e+01 -1.367128e+01 1.075000e+02
      vertex   -3.847778e+01 -1.367128e+01 1.075000e+02
      vertex   -3.847778e+01 -1.517128e+01 1.075000e+02
    endloop
  endfacet
  facet normal 0.000000e+00 0.000000e+00 -1.000000e+00
    outer loop
      vertex   -3.847778e+01 -1.517128e+01 1.075000e+02
      vertex   -4.440817e+00 -1.517128e+01 1.075000e+02
      vertex   -3.847778e+01 -1.767128e+01 1.075000e+02
    endloop
  endfacet
  facet normal 0.000000e+00 0.000000e+00 -1.000000e+00
    outer loop
      vertex   -3.847778e+01 -1.767128e+01 1.075000e+02
      vertex   -4.440817e+00 -1.517128e+01 1.075000e+02
      vertex   -4.000000e+00 -1.767128e+01 1.075000e+02
    endloop
  endfacet
  facet normal 1.305262e-01 9.914449e-01 -1.174107e-16
    outer loop
      vertex   3.831045e+01 -2.222393e+00 1.375000e+02
      vertex   3.831045e+01 -2.222393e+00 1.300000e+02
      vertex   3.792222e+01 -2.171282e+00 1.375000e+02
    endloop
  endfacet
  facet normal 1.305262e-01 9.914449e-01 0.000000e+00
    outer loop
      vertex   3.792222e+01 -2.171282e+00 1.375000e+02
      vertex   3.831045e+01 -2.222393e+00 1.300000e+02
      vertex   3.831045e+01 -2.222393e+00 1.225000e+02
    endloop
  endfacet
  facet normal 1.305262e-01 9.914449e-01 0.000000e+00
    outer loop
      vertex   3.792222e+01 -2.171282e+00 1.375000e+02
      vertex   3.831045e+01 -2.222393e+00 1.225000e+02
      vertex   3.792222e+01 -2.171282e+00 1.075000e+02
    endloop
  endfacet
  facet normal 1.305262e-01 9.914449e-01 0.000000e+00
    outer loop
      vertex   3.792222e+01 -2.171282e+00 1.075000e+02
      vertex   3.831045e+01 -2.222393e+00 1.225000e+02
      vertex   3.831045e+01 -2.222393e+00 1.150000e+02
    endloop
  endfacet
  facet normal 1.305262e-01 9.914449e-01 1.169540e-16
    outer loop
      vertex   3.792222e+01 -2.171282e+00 1.075000e+02
      vertex   3.831045e+01 -2.222393e+00 1.150000e+02
      vertex   3.831045e+01 -2.222393e+00 1.075000e+02
    endloop
  endfacet
  facet normal 3.826834e-01 9.238795e-01 1.094093e-16
    outer loop
      vertex   3.831045e+01 -2.222393e+00 1.075000e+02
      vertex   3.831045e+01 -2.222393e+00 1.150000e+02
      vertex   3.867222e+01 -2.372244e+00 1.075000e+02
    endloop
  endfacet
  facet normal 3.826834e-01 9.238795e-01 1.094093e-16
    outer loop
      vertex   3.867222e+01 -2.372244e+00 1.075000e+02
      vertex   3.831045e+01 -2.222393e+00 1.150000e+02
      vertex   3.867222e+01 -2.372244e+00 1.150000e+02
    endloop
  endfacet
  facet normal 6.087614e-01 7.933533e-01 9.395191e-17
    outer loop
      vertex   3.867222e+01 -2.372244e+00 1.075000e+02
      vertex   3.867222e+01 -2.372244e+00 1.150000e+02
      vertex   3.898288e+01 -2.610622e+00 1.075000e+02
    endloop
  endfacet
  facet normal 6.087614e-01 7.933533e-01 4.697595e-17
    outer loop
      vertex   3.898288e+01 -2.610622e+00 1.075000e+02
      vertex   3.867222e+01 -2.372244e+00 1.150000e+02
      vertex   3.898288e+01 -2.610622e+00 1.150000e+02
    endloop
  endfacet
  facet normal 7.933533e-01 6.087614e-01 3.604592e-17
    outer loop
      vertex   3.898288e+01 -2.610622e+00 1.075000e+02
      vertex   3.898288e+01 -2.610622e+00 1.150000e+02
      vertex   3.922126e+01 -2.921282e+00 1.075000e+02
    endloop
  endfacet
  facet normal 7.933533e-01 6.087614e-01 3.604592e-17
    outer loop
      vertex   3.922126e+01 -2.921282e+00 1.075000e+02
      vertex   3.898288e+01 -2.610622e+00 1.150000e+02
      vertex   3.922126e+01 -2.921282e+00 1.150000e+02
    endloop
  endfacet
  facet normal 9.238795e-01 3.826834e-01 2.265941e-17
    outer loop
      vertex   3.922126e+01 -2.921282e+00 1.075000e+02
      vertex   3.922126e+01 -2.921282e+00 1.150000e+02
      vertex   3.937111e+01 -3.283053e+00 1.075000e+02
    endloop
  endfacet
  facet normal 9.238795e-01 3.826834e-01 -0.000000e+00
    outer loop
      vertex   3.937111e+01 -3.283053e+00 1.075000e+02
      vertex   3.922126e+01 -2.921282e+00 1.150000e+02
      vertex   3.937111e+01 -3.283053e+00 1.150000e+02
    endloop
  endfacet
  facet normal 9.914449e-01 1.305262e-01 -0.000000e+00
    outer loop
      vertex   3.937111e+01 -3.283053e+00 1.075000e+02
      vertex   3.937111e+01 -3.283053e+00 1.150000e+02
      vertex   3.942222e+01 -3.671282e+00 1.075000e+02
    endloop
  endfacet
  facet normal 9.914449e-01 1.305262e-01 0.000000e+00
    outer loop
      vertex   3.942222e+01 -3.671282e+00 1.075000e+02
      vertex   3.937111e+01 -3.283053e+00 1.150000e+02
      vertex   3.937111e+01 -3.283053e+00 1.225000e+02
    endloop
  endfacet
  facet normal 9.914449e-01 1.305262e-01 -0.000000e+00
    outer loop
      vertex   3.942222e+01 -3.671282e+00 1.075000e+02
      vertex   3.937111e+01 -3.283053e+00 1.225000e+02
      vertex   3.942222e+01 -3.671282e+00 1.375000e+02
    endloop
  endfacet
  facet normal 9.914449e-01 1.305262e-01 0.000000e+00
    outer loop
      vertex   3.942222e+01 -3.671282e+00 1.375000e+02
      vertex   3.937111e+01 -3.283053e+00 1.225000e+02
      vertex   3.937111e+01 -3.283053e+00 1.300000e+02
    endloop
  endfacet
  facet normal 9.914449e-01 1.305262e-01 0.000000e+00
    outer loop
      vertex   3.942222e+01 -3.671282e+00 1.375000e+02
      vertex   3.937111e+01 -3.283053e+00 1.300000e+02
      vertex   3.937111e+01 -3.283053e+00 1.375000e+02
    endloop
  endfacet
  facet normal 9.238795e-01 3.826834e-01 0.000000e+00
    outer loop
      vertex   3.937111e+01 -3.283053e+00 1.375000e+02
      vertex   3.937111e+01 -3.283053e+00 1.300000e+02
      vertex   3.922126e+01 -2.921282e+00 1.375000e+02
    endloop
  endfacet
  facet normal 9.238795e-01 3.826834e-01 -4.531882e-17
    outer loop
      vertex   3.922126e+01 -2.921282e+00 1.375000e+02
      vertex   3.937111e+01 -3.283053e+00 1.300000e+02
      vertex   3.922126e+01 -2.921282e+00 1.300000e+02
    endloop
  endfacet
  facet normal 7.933533e-01 6.087614e-01 -7.209184e-17
    outer loop
      vertex   3.922126e+01 -2.921282e+00 1.375000e+02
      vertex   3.922126e+01 -2.921282e+00 1.300000e+02
      vertex   3.898288e+01 -2.610622e+00 1.375000e+02
    endloop
  endfacet
  facet normal 7.933533e-01 6.087614e-01 -7.209184e-17
    outer loop
      vertex   3.898288e+01 -2.610622e+00 1.375000e+02
      vertex   3.922126e+01 -2.921282e+00 1.300000e+02
      vertex   3.898288e+01 -2.610622e+00 1.300000e+02
    endloop
  endfacet
  facet normal 6.087614e-01 7.933533e-01 -9.395191e-17
    outer loop
      vertex   3.898288e+01 -2.610622e+00 1.375000e+02
      vertex   3.898288e+01 -2.610622e+00 1.300000e+02
      vertex   3.867222e+01 -2.372244e+00 1.375000e+02
    endloop
  endfacet
  facet normal 6.087614e-01 7.933533e-01 -9.395191e-17
    outer loop
      vertex   3.867222e+01 -2.372244e+00 1.375000e+02
      vertex   3.898288e+01 -2.610622e+00 1.300000e+02
      vertex   3.867222e+01 -2.372244e+00 1.300000e+02
    endloop
  endfacet
  facet normal 3.826834e-01 9.238795e-01 -1.094093e-16
    outer loop
      vertex   3.867222e+01 -2.372244e+00 1.375000e+02
      vertex   3.867222e+01 -2.372244e+00 1.300000e+02
      vertex   3.831045e+01 -2.222393e+00 1.375000e+02
    endloop
  endfacet
  facet normal 3.826834e-01 9.238795e-01 -1.094093e-16
    outer loop
      vertex   3.831045e+01 -2.222393e+00 1.375000e+02
      vertex   3.867222e+01 -2.372244e+00 1.300000e+02
      vertex   3.831045e+01 -2.222393e+00 1.300000e+02
    endloop
  endfacet
  facet normal 3.826834e-01 9.238795e-01 0.000000e+00
    outer loop
      vertex   3.867222e+01 -2.372244e+00 1.150000e+02
      vertex   3.831045e+01 -2.222393e+00 1.150000e+02
      vertex   3.831045e+01 -2.222393e+00 1.225000e+02
    endloop
  endfacet
  facet normal 3.826834e-01 9.238795e-01 -0.000000e+00
    outer loop
      vertex   3.831045e+01 -2.222393e+00 1.225000e+02
      vertex   3.831045e+01 -2.222393e+00 1.300000e+02
      vertex   3.867222e+01 -2.372244e+00 1.225000e+02
    endloop
  endfacet
  facet normal 3.826834e-01 9.238795e-01 -0.000000e+00
    outer loop
      vertex   3.867222e+01 -2.372244e+00 1.225000e+02
      vertex   3.831045e+01 -2.222393e+00 1.300000e+02
      vertex   3.867222e+01 -2.372244e+00 1.300000e+02
    endloop
  endfacet
  facet normal 6.087614e-01 7.933533e-01 -0.000000e+00
    outer loop
      vertex   3.867222e+01 -2.372244e+00 1.225000e+02
      vertex   3.867222e+01 -2.372244e+00 1.300000e+02
      vertex   3.898288e+01 -2.610622e+00 1.225000e+02
    endloop
  endfacet
  facet normal 6.087614e-01 7.933533e-01 -0.000000e+00
    outer loop
      vertex   3.898288e+01 -2.610622e+00 1.225000e+02
      vertex   3.867222e+01 -2.372244e+00 1.300000e+02
      vertex   3.898288e+01 -2.610622e+00 1.300000e+02
    endloop
  endfacet
  facet normal 7.933533e-01 6.087614e-01 -0.000000e+00
    outer loop
      vertex   3.898288e+01 -2.610622e+00 1.225000e+02
      vertex   3.898288e+01 -2.610622e+00 1.300000e+02
      vertex   3.922126e+01 -2.921282e+00 1.225000e+02
    endloop
  endfacet
  facet normal 7.933533e-01 6.087614e-01 -0.000000e+00
    outer loop
      vertex   3.922126e+01 -2.921282e+00 1.225000e+02
      vertex   3.898288e+01 -2.610622e+00 1.300000e+02
      vertex   3.922126e+01 -2.921282e+00 1.300000e+02
    endloop
  endfacet
  facet normal 9.238795e-01 3.826834e-01 -0.000000e+00
    outer loop
      vertex   3.922126e+01 -2.921282e+00 1.225000e+02
      vertex   3.922126e+01 -2.921282e+00 1.300000e+02
      vertex   3.937111e+01 -3.283053e+00 1.225000e+02
    endloop
  endfacet
  facet normal 9.238795e-01 3.826834e-01 -0.000000e+00
    outer loop
      vertex   3.937111e+01 -3.283053e+00 1.225000e+02
      vertex   3.922126e+01 -2.921282e+00 1.300000e+02
      vertex   3.937111e+01 -3.283053e+00 1.300000e+02
    endloop
  endfacet
  facet normal 6.087614e-01 7.933533e-01 0.000000e+00
    outer loop
      vertex   3.898288e+01 -2.610622e+00 1.150000e+02
      vertex   3.867222e+01 -2.372244e+00 1.150000e+02
      vertex   3.867222e+01 -2.372244e+00 1.225000e+02
    endloop
  endfacet
  facet normal 3.826834e-01 9.238795e-01 0.000000e+00
    outer loop
      vertex   3.867222e+01 -2.372244e+00 1.225000e+02
      vertex   3.867222e+01 -2.372244e+00 1.150000e+02
      vertex   3.831045e+01 -2.222393e+00 1.225000e+02
    endloop
  endfacet
  facet normal 6.087614e-01 7.933533e-01 -0.000000e+00
    outer loop
      vertex   3.898288e+01 -2.610622e+00 1.150000e+02
      vertex   3.867222e+01 -2.372244e+00 1.225000e+02
      vertex   3.898288e+01 -2.610622e+00 1.225000e+02
    endloop
  endfacet
  facet normal 7.933533e-01 6.087614e-01 0.000000e+00
    outer loop
      vertex   3.922126e+01 -2.921282e+00 1.150000e+02
      vertex   3.898288e+01 -2.610622e+00 1.150000e+02
      vertex   3.898288e+01 -2.610622e+00 1.225000e+02
    endloop
  endfacet
  facet normal 7.933533e-01 6.087614e-01 -3.604592e-17
    outer loop
      vertex   3.922126e+01 -2.921282e+00 1.150000e+02
      vertex   3.898288e+01 -2.610622e+00 1.225000e+02
      vertex   3.922126e+01 -2.921282e+00 1.225000e+02
    endloop
  endfacet
  facet normal 9.238795e-01 3.826834e-01 -2.362708e-17
    outer loop
      vertex   3.937111e+01 -3.283053e+00 1.150000e+02
      vertex   3.922126e+01 -2.921282e+00 1.150000e+02
      vertex   3.922126e+01 -2.921282e+00 1.225000e+02
    endloop
  endfacet
  facet normal 9.238795e-01 3.826834e-01 -0.000000e+00
    outer loop
      vertex   3.937111e+01 -3.283053e+00 1.150000e+02
      vertex   3.922126e+01 -2.921282e+00 1.225000e+02
      vertex   3.937111e+01 -3.283053e+00 1.225000e+02
    endloop
  endfacet
  facet normal 0.000000e+00 1.000000e+00 -0.000000e+00
    outer loop
      vertex   3.792222e+01 -2.171282e+00 1.075000e+02
      vertex   3.692222e+01 -2.171282e+00 1.075000e+02
      vertex   3.792222e+01 -2.171282e+00 1.375000e+02
    endloop
  endfacet
  facet normal 0.000000e+00 1.000000e+00 0.000000e+00
    outer loop
      vertex   3.792222e+01 -2.171282e+00 1.375000e+02
      vertex   3.692222e+01 -2.171282e+00 1.075000e+02
      vertex   3.692222e+01 -2.171282e+00 1.375000e+02
    endloop
  endfacet
  facet normal -0.000000e+00 -0.000000e+00 -1.000000e+00
    outer loop
      vertex   3.831045e+01 -2.222393e+00 1.075000e+02
      vertex   3.867222e+01 -2.372244e+00 1.075000e+02
      vertex   3.792222e+01 -2.171282e+00 1.075000e+02
    endloop
  endfacet
  facet normal -0.000000e+00 -0.000000e+00 -1.000000e+00
    outer loop
      vertex   3.792222e+01 -2.171282e+00 1.075000e+02
      vertex   3.867222e+01 -2.372244e+00 1.075000e+02
      vertex   3.692222e+01 -2.171282e+00 1.075000e+02
    endloop
  endfacet
  facet normal 0.000000e+00 0.000000e+00 -1.000000e+00
    outer loop
      vertex   3.692222e+01 -2.171282e+00 1.075000e+02
      vertex   3.867222e+01 -2.372244e+00 1.075000e+02
      vertex   3.898288e+01 -2.610622e+00 1.075000e+02
    endloop
  endfacet
  facet normal 0.000000e+00 0.000000e+00 -1.000000e+00
    outer loop
      vertex   3.692222e+01 -2.171282e+00 1.075000e+02
      vertex   3.898288e+01 -2.610622e+00 1.075000e+02
      vertex   3.732222e+01 -3.671282e+00 1.075000e+02
    endloop
  endfacet
  facet normal 0.000000e+00 0.000000e+00 -1.000000e+00
    outer loop
      vertex   3.732222e+01 -3.671282e+00 1.075000e+02
      vertex   3.898288e+01 -2.610622e+00 1.075000e+02
      vertex   3.922126e+01 -2.921282e+00 1.075000e+02
    endloop
  endfacet
  facet normal 0.000000e+00 0.000000e+00 -1.000000e+00
    outer loop
      vertex   3.732222e+01 -3.671282e+00 1.075000e+02
      vertex   3.922126e+01 -2.921282e+00 1.075000e+02
      vertex   3.937111e+01 -3.283053e+00 1.075000e+02
    endloop
  endfacet
  facet normal 0.000000e+00 -0.000000e+00 -1.000000e+00
    outer loop
      vertex   3.937111e+01 -3.283053e+00 1.075000e+02
      vertex   3.942222e+01 -3.671282e+00 1.075000e+02
      vertex   3.732222e+01 -3.671282e+00 1.075000e+02
    endloop
  endfacet
  facet normal 0.000000e+00 0.000000e+00 -1.000000e+00
    outer loop
      vertex   3.732222e+01 -3.671282e+00 1.075000e+02
      vertex   3.942222e+01 -3.671282e+00 1.075000e+02
      vertex   3.732222e+01 -1.367128e+01 1.075000e+02
    endloop
  endfacet
  facet normal 0.000000e+00 0.000000e+00 -1.000000e+00
    outer loop
      vertex   3.732222e+01 -1.367128e+01 1.075000e+02
      vertex   3.942222e+01 -3.671282e+00 1.075000e+02
      vertex   3.942222e+01 -1.517128e+01 1.075000e+02
    endloop
  endfacet
  facet normal 0.000000e+00 -0.000000e+00 -1.000000e+00
    outer loop
      vertex   3.732222e+01 -1.367128e+01 1.075000e+02
      vertex   3.942222e+01 -1.517128e+01 1.075000e+02
      vertex   3.692222e+01 -1.517128e+01 1.075000e+02
    endloop
  endfacet
  facet normal 0.000000e+00 0.000000e+00 -1.000000e+00
    outer loop
      vertex   3.692222e+01 -1.517128e+01 1.075000e+02
      vertex   3.942222e+01 -1.517128e+01 1.075000e+02
      vertex   3.935954e+01 -1.572758e+01 1.075000e+02
    endloop
  endfacet
  facet normal 0.000000e+00 0.000000e+00 -1.000000e+00
    outer loop
      vertex   3.692222e+01 -1.517128e+01 1.075000e+02
      vertex   3.935954e+01 -1.572758e+01 1.075000e+02
      vertex   3.917464e+01 -1.625599e+01 1.075000e+02
    endloop
  endfacet
  facet normal -0.000000e+00 0.000000e+00 -1.000000e+00
    outer loop
      vertex   3.917464e+01 -1.625599e+01 1.075000e+02
      vertex   3.887680e+01 -1.673001e+01 1.075000e+02
      vertex   3.692222e+01 -1.517128e+01 1.075000e+02
    endloop
  endfacet
  facet normal 0.000000e+00 0.000000e+00 -1.000000e+00
    outer loop
      vertex   3.692222e+01 -1.517128e+01 1.075000e+02
      vertex   3.887680e+01 -1.673001e+01 1.075000e+02
      vertex   3.848095e+01 -1.712586e+01 1.075000e+02
    endloop
  endfacet
  facet normal 0.000000e+00 -0.000000e+00 -1.000000e+00
    outer loop
      vertex   3.692222e+01 -1.517128e+01 1.075000e+02
      vertex   3.848095e+01 -1.712586e+01 1.075000e+02
      vertex   3.692222e+01 -1.767128e+01 1.075000e+02
    endloop
  endfacet
  facet normal 0.000000e+00 0.000000e+00 -1.000000e+00
    outer loop
      vertex   3.692222e+01 -1.767128e+01 1.075000e+02
      vertex   3.848095e+01 -1.712586e+01 1.075000e+02
      vertex   3.800693e+01 -1.742370e+01 1.075000e+02
    endloop
  endfacet
  facet normal 0.000000e+00 0.000000e+00 -1.000000e+00
    outer loop
      vertex   3.692222e+01 -1.767128e+01 1.075000e+02
      vertex   3.800693e+01 -1.742370e+01 1.075000e+02
      vertex   3.747852e+01 -1.760860e+01 1.075000e+02
    endloop
  endfacet
  facet normal 0.000000e+00 0.000000e+00 -1.000000e+00
    outer loop
      vertex   4.000000e+00 -1.767128e+01 1.075000e+02
      vertex   4.440817e+00 -1.517128e+01 1.075000e+02
      vertex   3.692222e+01 -1.767128e+01 1.075000e+02
    endloop
  endfacet
  facet normal 0.000000e+00 0.000000e+00 -1.000000e+00
    outer loop
      vertex   3.692222e+01 -1.767128e+01 1.075000e+02
      vertex   4.440817e+00 -1.517128e+01 1.075000e+02
      vertex   3.692222e+01 -1.517128e+01 1.075000e+02
    endloop
  endfacet
  facet normal 0.000000e+00 0.000000e+00 -1.000000e+00
    outer loop
      vertex   3.692222e+01 -1.517128e+01 1.075000e+02
      vertex   3.692222e+01 -1.367128e+01 1.075000e+02
      vertex   3.732222e+01 -1.367128e+01 1.075000e+02
    endloop
  endfacet
  facet normal 0.000000e+00 0.000000e+00 -1.000000e+00
    outer loop
      vertex   3.732222e+01 -3.671282e+00 1.075000e+02
      vertex   3.692222e+01 -3.671282e+00 1.075000e+02
      vertex   3.692222e+01 -2.171282e+00 1.075000e+02
    endloop
  endfacet
  facet normal 5.551958e-02 -1.164970e-01 9.916381e-01
    outer loop
      vertex   6.171691e+00 -1.144160e+01 8.750000e+01
      vertex   5.000000e+00 -1.200000e+01 8.750000e+01
      vertex   5.337487e+00 -1.241925e+01 8.743185e+01
    endloop
  endfacet
  facet normal 8.002813e-02 -9.683950e-02 9.920774e-01
    outer loop
      vertex   5.337487e+00 -1.241925e+01 8.743185e+01
      vertex   5.000000e+00 -1.200000e+01 8.750000e+01
      vertex   4.926830e+00 -1.241497e+01 8.746540e+01
    endloop
  endfacet
  facet normal 7.643701e-02 -2.436238e-01 9.668531e-01
    outer loop
      vertex   5.337487e+00 -1.241925e+01 8.743185e+01
      vertex   4.926830e+00 -1.241497e+01 8.746540e+01
      vertex   4.854033e+00 -1.282782e+01 8.736712e+01
    endloop
  endfacet
  facet normal 1.674560e-01 -3.444943e-01 9.237328e-01
    outer loop
      vertex   5.337487e+00 -1.241925e+01 8.743185e+01
      vertex   4.854033e+00 -1.282782e+01 8.736712e+01
      vertex   5.527950e+00 -1.286242e+01 8.723205e+01
    endloop
  endfacet
  facet normal 1.577890e-01 -4.184263e-01 8.944396e-01
    outer loop
      vertex   5.527950e+00 -1.286242e+01 8.723205e+01
      vertex   4.854033e+00 -1.282782e+01 8.736712e+01
      vertex   4.787660e+00 -1.320424e+01 8.720274e+01
    endloop
  endfacet
  facet normal 2.306285e-01 -5.672705e-01 7.905787e-01
    outer loop
      vertex   5.527950e+00 -1.286242e+01 8.723205e+01
      vertex   4.787660e+00 -1.320424e+01 8.720274e+01
      vertex   4.724924e+00 -1.356003e+01 8.696575e+01
    endloop
  endfacet
  facet normal 2.275407e-01 -5.647460e-01 7.932763e-01
    outer loop
      vertex   5.527950e+00 -1.286242e+01 8.723205e+01
      vertex   4.724924e+00 -1.356003e+01 8.696575e+01
      vertex   5.691503e+00 -1.324297e+01 8.691421e+01
    endloop
  endfacet
  facet normal 2.669110e-01 -7.073134e-01 6.545734e-01
    outer loop
      vertex   5.691503e+00 -1.324297e+01 8.691421e+01
      vertex   4.724924e+00 -1.356003e+01 8.696575e+01
      vertex   4.673703e+00 -1.385052e+01 8.667274e+01
    endloop
  endfacet
  facet normal 2.952163e-01 -7.364773e-01 6.086448e-01
    outer loop
      vertex   5.691503e+00 -1.324297e+01 8.691421e+01
      vertex   4.673703e+00 -1.385052e+01 8.667274e+01
      vertex   5.817003e+00 -1.353498e+01 8.650000e+01
    endloop
  endfacet
  facet normal 2.998420e-01 -8.148523e-01 4.960953e-01
    outer loop
      vertex   5.817003e+00 -1.353498e+01 8.650000e+01
      vertex   4.673703e+00 -1.385052e+01 8.667274e+01
      vertex   4.632501e+00 -1.408419e+01 8.631383e+01
    endloop
  endfacet
  facet normal 3.384890e-01 -8.597077e-01 3.825283e-01
    outer loop
      vertex   5.817003e+00 -1.353498e+01 8.650000e+01
      vertex   4.632501e+00 -1.408419e+01 8.631383e+01
      vertex   5.895895e+00 -1.371855e+01 8.601764e+01
    endloop
  endfacet
  facet normal 3.295527e-01 -8.948691e-01 3.010055e-01
    outer loop
      vertex   5.895895e+00 -1.371855e+01 8.601764e+01
      vertex   4.632501e+00 -1.408419e+01 8.631383e+01
      vertex   4.607592e+00 -1.422546e+01 8.592112e+01
    endloop
  endfacet
  facet normal 3.545419e-01 -9.258996e-01 1.304225e-01
    outer loop
      vertex   5.895895e+00 -1.371855e+01 8.601764e+01
      vertex   4.607592e+00 -1.422546e+01 8.592112e+01
      vertex   5.922803e+00 -1.378116e+01 8.550000e+01
    endloop
  endfacet
  facet normal 3.490421e-01 -9.308616e-01 1.080107e-01
    outer loop
      vertex   5.922803e+00 -1.378116e+01 8.550000e+01
      vertex   4.607592e+00 -1.422546e+01 8.592112e+01
      vertex   4.598366e+00 -1.427778e+01 8.550000e+01
    endloop
  endfacet
  facet normal 4.339961e-01 -8.914301e-01 1.303835e-01
    outer loop
      vertex   5.895895e+00 -1.371855e+01 8.601764e+01
      vertex   5.922803e+00 -1.378116e+01 8.550000e+01
      vertex   7.161887e+00 -1.310220e+01 8.601764e+01
    endloop
  endfacet
  facet normal 4.339961e-01 -8.914301e-01 1.303835e-01
    outer loop
      vertex   7.161887e+00 -1.310220e+01 8.601764e+01
      vertex   5.922803e+00 -1.378116e+01 8.550000e+01
      vertex   7.194574e+00 -1.316200e+01 8.550000e+01
    endloop
  endfacet
  facet normal 5.160326e-01 -8.465875e-01 1.303835e-01
    outer loop
      vertex   7.161887e+00 -1.310220e+01 8.601764e+01
      vertex   7.194574e+00 -1.316200e+01 8.550000e+01
      vertex   8.364157e+00 -1.236936e+01 8.601764e+01
    endloop
  endfacet
  facet normal 5.160342e-01 -8.465872e-01 1.303796e-01
    outer loop
      vertex   8.364157e+00 -1.236936e+01 8.601764e+01
      vertex   7.194574e+00 -1.316200e+01 8.550000e+01
      vertex   8.402368e+00 -1.242579e+01 8.550000e+01
    endloop
  endfacet
  facet normal 5.934815e-01 -7.942158e-01 1.303874e-01
    outer loop
      vertex   8.364157e+00 -1.236936e+01 8.601764e+01
      vertex   8.402368e+00 -1.242579e+01 8.550000e+01
      vertex   9.492124e+00 -1.152648e+01 8.601764e+01
    endloop
  endfacet
  facet normal 5.934830e-01 -7.942154e-01 1.303835e-01
    outer loop
      vertex   9.492124e+00 -1.152648e+01 8.601764e+01
      vertex   8.402368e+00 -1.242579e+01 8.550000e+01
      vertex   9.535445e+00 -1.157909e+01 8.550000e+01
    endloop
  endfacet
  facet normal 6.656547e-01 -7.347816e-01 1.303835e-01
    outer loop
      vertex   9.492124e+00 -1.152648e+01 8.601764e+01
      vertex   9.535445e+00 -1.157909e+01 8.550000e+01
      vertex   1.053565e+01 -1.058113e+01 8.601764e+01
    endloop
  endfacet
  facet normal 6.656547e-01 -7.347816e-01 1.303835e-01
    outer loop
      vertex   1.053565e+01 -1.058113e+01 8.601764e+01
      vertex   9.535445e+00 -1.157909e+01 8.550000e+01
      vertex   1.058373e+01 -1.062942e+01 8.550000e+01
    endloop
  endfacet
  facet normal 7.319072e-01 -6.688139e-01 1.303835e-01
    outer loop
      vertex   1.053565e+01 -1.058113e+01 8.601764e+01
      vertex   1.058373e+01 -1.062942e+01 8.550000e+01
      vertex   1.148548e+01 -9.541691e+00 8.601764e+01
    endloop
  endfacet
  facet normal 7.319072e-01 -6.688139e-01 1.303835e-01
    outer loop
      vertex   1.148548e+01 -9.541691e+00 8.601764e+01
      vertex   1.058373e+01 -1.062942e+01 8.550000e+01
      vertex   1.153790e+01 -9.585239e+00 8.550000e+01
    endloop
  endfacet
  facet normal 7.916513e-01 -5.968989e-01 1.303835e-01
    outer loop
      vertex   1.148548e+01 -9.541691e+00 8.601764e+01
      vertex   1.153790e+01 -9.585239e+00 8.550000e+01
      vertex   1.233319e+01 -8.417402e+00 8.601764e+01
    endloop
  endfacet
  facet normal 7.916513e-01 -5.968989e-01 1.303835e-01
    outer loop
      vertex   1.233319e+01 -8.417402e+00 8.601764e+01
      vertex   1.153790e+01 -9.585239e+00 8.550000e+01
      vertex   1.238948e+01 -8.455819e+00 8.550000e+01
    endloop
  endfacet
  facet normal 8.443559e-01 -5.196761e-01 1.303835e-01
    outer loop
      vertex   1.233319e+01 -8.417402e+00 8.601764e+01
      vertex   1.238948e+01 -8.455819e+00 8.550000e+01
      vertex   1.307122e+01 -7.218264e+00 8.601764e+01
    endloop
  endfacet
  facet normal 8.443559e-01 -5.196761e-01 1.303835e-01
    outer loop
      vertex   1.307122e+01 -7.218264e+00 8.601764e+01
      vertex   1.238948e+01 -8.455819e+00 8.550000e+01
      vertex   1.313088e+01 -7.251208e+00 8.550000e+01
    endloop
  endfacet
  facet normal 8.895522e-01 -4.378323e-01 1.303835e-01
    outer loop
      vertex   1.307122e+01 -7.218264e+00 8.601764e+01
      vertex   1.313088e+01 -7.251208e+00 8.550000e+01
      vertex   1.369302e+01 -5.954938e+00 8.601764e+01
    endloop
  endfacet
  facet normal 8.895522e-01 -4.378323e-01 1.303835e-01
    outer loop
      vertex   1.369302e+01 -5.954938e+00 8.601764e+01
      vertex   1.313088e+01 -7.251208e+00 8.550000e+01
      vertex   1.375552e+01 -5.982117e+00 8.550000e+01
    endloop
  endfacet
  facet normal 9.268383e-01 -3.520950e-01 1.303835e-01
    outer loop
      vertex   1.369302e+01 -5.954938e+00 8.601764e+01
      vertex   1.375552e+01 -5.982117e+00 8.550000e+01
      vertex   1.419306e+01 -4.638660e+00 8.601764e+01
    endloop
  endfacet
  facet normal 9.268383e-01 -3.520950e-01 1.303835e-01
    outer loop
      vertex   1.419306e+01 -4.638660e+00 8.601764e+01
      vertex   1.375552e+01 -5.982117e+00 8.550000e+01
      vertex   1.425784e+01 -4.659831e+00 8.550000e+01
    endloop
  endfacet
  facet normal 9.558827e-01 -2.632269e-01 1.303835e-01
    outer loop
      vertex   1.419306e+01 -4.638660e+00 8.601764e+01
      vertex   1.425784e+01 -4.659831e+00 8.550000e+01
      vertex   1.456689e+01 -3.281133e+00 8.601764e+01
    endloop
  endfacet
  facet normal 9.558827e-01 -2.632269e-01 1.303835e-01
    outer loop
      vertex   1.456689e+01 -3.281133e+00 8.601764e+01
      vertex   1.425784e+01 -4.659831e+00 8.550000e+01
      vertex   1.463338e+01 -3.296108e+00 8.550000e+01
    endloop
  endfacet
  facet normal 9.764271e-01 -1.720180e-01 1.303835e-01
    outer loop
      vertex   1.456689e+01 -3.281133e+00 8.601764e+01
      vertex   1.463338e+01 -3.296108e+00 8.550000e+01
      vertex   1.481119e+01 -1.894430e+00 8.601764e+01
    endloop
  endfacet
  facet normal 9.764271e-01 -1.720180e-01 1.303835e-01
    outer loop
      vertex   1.481119e+01 -1.894430e+00 8.601764e+01
      vertex   1.463338e+01 -3.296108e+00 8.550000e+01
      vertex   1.487879e+01 -1.903076e+00 8.550000e+01
    endloop
  endfacet
  facet normal 9.882889e-01 -7.927955e-02 1.303835e-01
    outer loop
      vertex   1.481119e+01 -1.894430e+00 8.601764e+01
      vertex   1.487879e+01 -1.903076e+00 8.550000e+01
      vertex   1.492378e+01 -4.908802e-01 8.601764e+01
    endloop
  endfacet
  facet normal 9.882889e-01 -7.927955e-02 1.303835e-01
    outer loop
      vertex   1.492378e+01 -4.908802e-01 8.601764e+01
      vertex   1.487879e+01 -1.903076e+00 8.550000e+01
      vertex   1.499189e+01 -4.931205e-01 8.550000e+01
    endloop
  endfacet
  facet normal 9.913625e-01 1.416391e-02 1.303835e-01
    outer loop
      vertex   1.492378e+01 -4.908802e-01 8.601764e+01
      vertex   1.499189e+01 -4.931205e-01 8.550000e+01
      vertex   1.490367e+01 9.170343e-01 8.601764e+01
    endloop
  endfacet
  facet normal 9.913625e-01 1.416391e-02 1.303835e-01
    outer loop
      vertex   1.490367e+01 9.170343e-01 8.601764e+01
      vertex   1.499189e+01 -4.931205e-01 8.550000e+01
      vertex   1.497169e+01 9.212196e-01 8.550000e+01
    endloop
  endfacet
  facet normal 9.856206e-01 1.074814e-01 1.303835e-01
    outer loop
      vertex   1.490367e+01 9.170343e-01 8.601764e+01
      vertex   1.497169e+01 9.212196e-01 8.550000e+01
      vertex   1.475102e+01 2.316794e+00 8.601764e+01
    endloop
  endfacet
  facet normal 9.856206e-01 1.074814e-01 1.303835e-01
    outer loop
      vertex   1.475102e+01 2.316794e+00 8.601764e+01
      vertex   1.497169e+01 9.212196e-01 8.550000e+01
      vertex   1.481835e+01 2.327368e+00 8.550000e+01
    endloop
  endfacet
  facet normal 9.711142e-01 1.998432e-01 1.303835e-01
    outer loop
      vertex   1.475102e+01 2.316794e+00 8.601764e+01
      vertex   1.481835e+01 2.327368e+00 8.550000e+01
      vertex   1.446721e+01 3.695953e+00 8.601764e+01
    endloop
  endfacet
  facet normal 9.711142e-01 1.998432e-01 1.303835e-01
    outer loop
      vertex   1.446721e+01 3.695953e+00 8.601764e+01
      vertex   1.481835e+01 2.327368e+00 8.550000e+01
      vertex   1.453324e+01 3.712821e+00 8.550000e+01
    endloop
  endfacet
  facet normal 9.479725e-01 2.904279e-01 1.303835e-01
    outer loop
      vertex   1.446721e+01 3.695953e+00 8.601764e+01
      vertex   1.453324e+01 3.712821e+00 8.550000e+01
      vertex   1.405475e+01 5.042245e+00 8.601764e+01
    endloop
  endfacet
  facet normal 9.479725e-01 2.904279e-01 1.303835e-01
    outer loop
      vertex   1.405475e+01 5.042245e+00 8.601764e+01
      vertex   1.453324e+01 3.712821e+00 8.550000e+01
      vertex   1.411889e+01 5.065258e+00 8.550000e+01
    endloop
  endfacet
  facet normal 9.164011e-01 3.784300e-01 1.303835e-01
    outer loop
      vertex   1.405475e+01 5.042245e+00 8.601764e+01
      vertex   1.411889e+01 5.065258e+00 8.550000e+01
      vertex   1.351731e+01 6.343701e+00 8.601764e+01
    endloop
  endfacet
  facet normal 9.164011e-01 3.784300e-01 1.303835e-01
    outer loop
      vertex   1.351731e+01 6.343701e+00 8.601764e+01
      vertex   1.411889e+01 5.065258e+00 8.550000e+01
      vertex   1.357900e+01 6.372653e+00 8.550000e+01
    endloop
  endfacet
  facet normal 8.766807e-01 4.630670e-01 1.303835e-01
    outer loop
      vertex   1.351731e+01 6.343701e+00 8.601764e+01
      vertex   1.357900e+01 6.372653e+00 8.550000e+01
      vertex   1.285967e+01 7.588747e+00 8.601764e+01
    endloop
  endfacet
  facet normal 8.766807e-01 4.630670e-01 1.303835e-01
    outer loop
      vertex   1.285967e+01 7.588747e+00 8.601764e+01
      vertex   1.357900e+01 6.372653e+00 8.550000e+01
      vertex   1.291836e+01 7.623381e+00 8.550000e+01
    endloop
  endfacet
  facet normal 8.291647e-01 5.435863e-01 1.303835e-01
    outer loop
      vertex   1.285967e+01 7.588747e+00 8.601764e+01
      vertex   1.291836e+01 7.623381e+00 8.550000e+01
      vertex   1.208768e+01 8.766311e+00 8.601764e+01
    endloop
  endfacet
  facet normal 8.291647e-01 5.435863e-01 1.303835e-01
    outer loop
      vertex   1.208768e+01 8.766311e+00 8.601764e+01
      vertex   1.291836e+01 7.623381e+00 8.550000e+01
      vertex   1.214285e+01 8.806320e+00 8.550000e+01
    endloop
  endfacet
  facet normal 7.742758e-01 6.192714e-01 1.303835e-01
    outer loop
      vertex   1.208768e+01 8.766311e+00 8.601764e+01
      vertex   1.214285e+01 8.806320e+00 8.550000e+01
      vertex   1.120821e+01 9.865912e+00 8.601764e+01
    endloop
  endfacet
  facet normal 7.742756e-01 6.192719e-01 1.303822e-01
    outer loop
      vertex   1.120821e+01 9.865912e+00 8.601764e+01
      vertex   1.214285e+01 8.806320e+00 8.550000e+01
      vertex   1.125935e+01 9.910950e+00 8.550000e+01
    endloop
  endfacet
  facet normal 7.125014e-01 6.894501e-01 1.303848e-01
    outer loop
      vertex   1.120821e+01 9.865912e+00 8.601764e+01
      vertex   1.125935e+01 9.910950e+00 8.550000e+01
      vertex   1.022906e+01 1.087780e+01 8.601764e+01
    endloop
  endfacet
  facet normal 7.125012e-01 6.894506e-01 1.303835e-01
    outer loop
      vertex   1.022906e+01 1.087780e+01 8.601764e+01
      vertex   1.125935e+01 9.910950e+00 8.550000e+01
      vertex   1.027574e+01 1.092745e+01 8.550000e+01
    endloop
  endfacet
  facet normal 6.443912e-01 7.534986e-01 1.303835e-01
    outer loop
      vertex   1.022906e+01 1.087780e+01 8.601764e+01
      vertex   1.027574e+01 1.092745e+01 8.550000e+01
      vertex   9.158951e+00 1.179296e+01 8.601764e+01
    endloop
  endfacet
  facet normal 6.443912e-01 7.534986e-01 1.303835e-01
    outer loop
      vertex   9.158951e+00 1.179296e+01 8.601764e+01
      vertex   1.027574e+01 1.092745e+01 8.550000e+01
      vertex   9.200753e+00 1.184678e+01 8.550000e+01
    endloop
  endfacet
  facet normal 5.705510e-01 8.108463e-01 1.303835e-01
    outer loop
      vertex   9.158951e+00 1.179296e+01 8.601764e+01
      vertex   9.200753e+00 1.184678e+01 8.550000e+01
      vertex   8.007403e+00 1.260324e+01 8.601764e+01
    endloop
  endfacet
  facet normal 5.705510e-01 8.108463e-01 1.303835e-01
    outer loop
      vertex   8.007403e+00 1.260324e+01 8.601764e+01
      vertex   9.200753e+00 1.184678e+01 8.550000e+01
      vertex   8.043948e+00 1.266076e+01 8.550000e+01
    endloop
  endfacet
  facet normal 4.916373e-01 8.609837e-01 1.303835e-01
    outer loop
      vertex   8.007403e+00 1.260324e+01 8.601764e+01
      vertex   8.043948e+00 1.266076e+01 8.550000e+01
      vertex   6.784650e+00 1.330146e+01 8.601764e+01
    endloop
  endfacet
  facet normal 4.916373e-01 8.609837e-01 1.303835e-01
    outer loop
      vertex   6.784650e+00 1.330146e+01 8.601764e+01
      vertex   8.043948e+00 1.266076e+01 8.550000e+01
      vertex   6.815615e+00 1.336216e+01 8.550000e+01
    endloop
  endfacet
  facet normal 4.083518e-01 9.034650e-01 1.303835e-01
    outer loop
      vertex   6.784650e+00 1.330146e+01 8.601764e+01
      vertex   6.815615e+00 1.336216e+01 8.550000e+01
      vertex   5.501566e+00 1.388139e+01 8.601764e+01
    endloop
  endfacet
  facet normal 4.083518e-01 9.034650e-01 1.303835e-01
    outer loop
      vertex   5.501566e+00 1.388139e+01 8.601764e+01
      vertex   6.815615e+00 1.336216e+01 8.550000e+01
      vertex   5.526675e+00 1.394474e+01 8.550000e+01
    endloop
  endfacet
  facet normal 3.214352e-01 9.379123e-01 1.303835e-01
    outer loop
      vertex   5.501566e+00 1.388139e+01 8.601764e+01
      vertex   5.526675e+00 1.394474e+01 8.550000e+01
      vertex   4.169560e+00 1.433789e+01 8.601764e+01
    endloop
  endfacet
  facet normal 3.214352e-01 9.379123e-01 1.303835e-01
    outer loop
      vertex   4.169560e+00 1.433789e+01 8.601764e+01
      vertex   5.526675e+00 1.394474e+01 8.550000e+01
      vertex   4.188590e+00 1.440332e+01 8.550000e+01
    endloop
  endfacet
  facet normal 2.316602e-01 9.640195e-01 1.303835e-01
    outer loop
      vertex   4.169560e+00 1.433789e+01 8.601764e+01
      vertex   4.188590e+00 1.440332e+01 8.550000e+01
      vertex   2.800477e+00 1.466689e+01 8.601764e+01
    endloop
  endfacet
  facet normal 2.316602e-01 9.640195e-01 1.303835e-01
    outer loop
      vertex   2.800477e+00 1.466689e+01 8.601764e+01
      vertex   4.188590e+00 1.440332e+01 8.550000e+01
      vertex   2.813259e+00 1.473382e+01 8.550000e+01
    endloop
  endfacet
  facet normal 1.398253e-01 9.815544e-01 1.303835e-01
    outer loop
      vertex   2.800477e+00 1.466689e+01 8.601764e+01
      vertex   2.813259e+00 1.473382e+01 8.550000e+01
      vertex   1.406492e+00 1.486546e+01 8.601764e+01
    endloop
  endfacet
  facet normal 1.398253e-01 9.815544e-01 1.303835e-01
    outer loop
      vertex   1.406492e+00 1.486546e+01 8.601764e+01
      vertex   2.813259e+00 1.473382e+01 8.550000e+01
      vertex   1.412911e+00 1.493331e+01 8.550000e+01
    endloop
  endfacet
  facet normal 4.674700e-02 9.903610e-01 1.303835e-01
    outer loop
      vertex   1.406492e+00 1.486546e+01 8.601764e+01
      vertex   1.412911e+00 1.493331e+01 8.550000e+01
      vertex   -2.401225e-15 1.493185e+01 8.601764e+01
    endloop
  endfacet
  facet normal 4.674700e-02 9.903610e-01 1.303835e-01
    outer loop
      vertex   -2.401225e-15 1.493185e+01 8.601764e+01
      vertex   1.412911e+00 1.493331e+01 8.550000e+01
      vertex   -9.184851e-16 1.500000e+01 8.550000e+01
    endloop
  endfacet
  facet normal -4.674700e-02 9.903610e-01 1.303835e-01
    outer loop
      vertex   -2.401225e-15 1.493185e+01 8.601764e+01
      vertex   -9.184851e-16 1.500000e+01 8.550000e+01
      vertex   -1.406492e+00 1.486546e+01 8.601764e+01
    endloop
  endfacet
  facet normal -4.674700e-02 9.903610e-01 1.303835e-01
    outer loop
      vertex   -1.406492e+00 1.486546e+01 8.601764e+01
      vertex   -9.184851e-16 1.500000e+01 8.550000e+01
      vertex   -1.412911e+00 1.493331e+01 8.550000e+01
    endloop
  endfacet
  facet normal -1.398253e-01 9.815544e-01 1.303835e-01
    outer loop
      vertex   -1.406492e+00 1.486546e+01 8.601764e+01
      vertex   -1.412911e+00 1.493331e+01 8.550000e+01
      vertex   -2.800477e+00 1.466689e+01 8.601764e+01
    endloop
  endfacet
  facet normal -1.398253e-01 9.815544e-01 1.303835e-01
    outer loop
      vertex   -2.800477e+00 1.466689e+01 8.601764e+01
      vertex   -1.412911e+00 1.493331e+01 8.550000e+01
      vertex   -2.813259e+00 1.473382e+01 8.550000e+01
    endloop
  endfacet
  facet normal -2.316602e-01 9.640195e-01 1.303835e-01
    outer loop
      vertex   -2.800477e+00 1.466689e+01 8.601764e+01
      vertex   -2.813259e+00 1.473382e+01 8.550000e+01
      vertex   -4.169560e+00 1.433789e+01 8.601764e+01
    endloop
  endfacet
  facet normal -2.316602e-01 9.640195e-01 1.303835e-01
    outer loop
      vertex   -4.169560e+00 1.433789e+01 8.601764e+01
      vertex   -2.813259e+00 1.473382e+01 8.550000e+01
      vertex   -4.188590e+00 1.440332e+01 8.550000e+01
    endloop
  endfacet
  facet normal -3.214352e-01 9.379123e-01 1.303835e-01
    outer loop
      vertex   -4.169560e+00 1.433789e+01 8.601764e+01
      vertex   -4.188590e+00 1.440332e+01 8.550000e+01
      vertex   -5.501566e+00 1.388139e+01 8.601764e+01
    endloop
  endfacet
  facet normal -3.214352e-01 9.379123e-01 1.303835e-01
    outer loop
      vertex   -5.501566e+00 1.388139e+01 8.601764e+01
      vertex   -4.188590e+00 1.440332e+01 8.550000e+01
      vertex   -5.526675e+00 1.394474e+01 8.550000e+01
    endloop
  endfacet
  facet normal -4.083518e-01 9.034650e-01 1.303835e-01
    outer loop
      vertex   -5.501566e+00 1.388139e+01 8.601764e+01
      vertex   -5.526675e+00 1.394474e+01 8.550000e+01
      vertex   -6.784650e+00 1.330146e+01 8.601764e+01
    endloop
  endfacet
  facet normal -4.083518e-01 9.034650e-01 1.303835e-01
    outer loop
      vertex   -6.784650e+00 1.330146e+01 8.601764e+01
      vertex   -5.526675e+00 1.394474e+01 8.550000e+01
      vertex   -6.815615e+00 1.336216e+01 8.550000e+01
    endloop
  endfacet
  facet normal -4.916373e-01 8.609837e-01 1.303835e-01
    outer loop
      vertex   -6.784650e+00 1.330146e+01 8.601764e+01
      vertex   -6.815615e+00 1.336216e+01 8.550000e+01
      vertex   -8.007403e+00 1.260324e+01 8.601764e+01
    endloop
  endfacet
  facet normal -4.916373e-01 8.609837e-01 1.303835e-01
    outer loop
      vertex   -8.007403e+00 1.260324e+01 8.601764e+01
      vertex   -6.815615e+00 1.336216e+01 8.550000e+01
      vertex   -8.043948e+00 1.266076e+01 8.550000e+01
    endloop
  endfacet
  facet normal -5.705510e-01 8.108463e-01 1.303835e-01
    outer loop
      vertex   -8.007403e+00 1.260324e+01 8.601764e+01
      vertex   -8.043948e+00 1.266076e+01 8.550000e+01
      vertex   -9.158951e+00 1.179296e+01 8.601764e+01
    endloop
  endfacet
  facet normal -5.705510e-01 8.108463e-01 1.303835e-01
    outer loop
      vertex   -9.158951e+00 1.179296e+01 8.601764e+01
      vertex   -8.043948e+00 1.266076e+01 8.550000e+01
      vertex   -9.200753e+00 1.184678e+01 8.550000e+01
    endloop
  endfacet
  facet normal -6.443912e-01 7.534986e-01 1.303835e-01
    outer loop
      vertex   -9.158951e+00 1.179296e+01 8.601764e+01
      vertex   -9.200753e+00 1.184678e+01 8.550000e+01
      vertex   -1.022906e+01 1.087780e+01 8.601764e+01
    endloop
  endfacet
  facet normal -6.443912e-01 7.534986e-01 1.303835e-01
    outer loop
      vertex   -1.022906e+01 1.087780e+01 8.601764e+01
      vertex   -9.200753e+00 1.184678e+01 8.550000e+01
      vertex   -1.027574e+01 1.092745e+01 8.550000e+01
    endloop
  endfacet
  facet normal -7.125012e-01 6.894506e-01 1.303835e-01
    outer loop
      vertex   -1.022906e+01 1.087780e+01 8.601764e+01
      vertex   -1.027574e+01 1.092745e+01 8.550000e+01
      vertex   -1.125935e+01 9.910950e+00 8.550000e+01
    endloop
  endfacet
  facet normal -7.125014e-01 6.894501e-01 1.303848e-01
    outer loop
      vertex   -1.022906e+01 1.087780e+01 8.601764e+01
      vertex   -1.125935e+01 9.910950e+00 8.550000e+01
      vertex   -1.120821e+01 9.865912e+00 8.601764e+01
    endloop
  endfacet
  facet normal -7.742756e-01 6.192719e-01 1.303822e-01
    outer loop
      vertex   -1.120821e+01 9.865912e+00 8.601764e+01
      vertex   -1.125935e+01 9.910950e+00 8.550000e+01
      vertex   -1.214285e+01 8.806320e+00 8.550000e+01
    endloop
  endfacet
  facet normal -7.742758e-01 6.192714e-01 1.303835e-01
    outer loop
      vertex   -1.120821e+01 9.865912e+00 8.601764e+01
      vertex   -1.214285e+01 8.806320e+00 8.550000e+01
      vertex   -1.208768e+01 8.766311e+00 8.601764e+01
    endloop
  endfacet
  facet normal -8.291647e-01 5.435863e-01 1.303835e-01
    outer loop
      vertex   -1.208768e+01 8.766311e+00 8.601764e+01
      vertex   -1.214285e+01 8.806320e+00 8.550000e+01
      vertex   -1.285967e+01 7.588747e+00 8.601764e+01
    endloop
  endfacet
  facet normal -7.727697e-01 5.066146e-01 3.823201e-01
    outer loop
      vertex   -1.208768e+01 8.766311e+00 8.601764e+01
      vertex   -1.285967e+01 7.588747e+00 8.601764e+01
      vertex   -1.268760e+01 7.487203e+00 8.650000e+01
    endloop
  endfacet
  facet normal -8.170539e-01 4.315718e-01 3.823201e-01
    outer loop
      vertex   -1.268760e+01 7.487203e+00 8.650000e+01
      vertex   -1.285967e+01 7.588747e+00 8.601764e+01
      vertex   -1.333644e+01 6.258817e+00 8.650000e+01
    endloop
  endfacet
  facet normal -7.017950e-01 3.706915e-01 6.083350e-01
    outer loop
      vertex   -1.268760e+01 7.487203e+00 8.650000e+01
      vertex   -1.333644e+01 6.258817e+00 8.650000e+01
      vertex   -1.304871e+01 6.123786e+00 8.691421e+01
    endloop
  endfacet
  facet normal -7.335917e-01 3.029384e-01 6.083350e-01
    outer loop
      vertex   -1.304871e+01 6.123786e+00 8.691421e+01
      vertex   -1.333644e+01 6.258817e+00 8.650000e+01
      vertex   -1.356752e+01 4.867447e+00 8.691421e+01
    endloop
  endfacet
  facet normal -5.630669e-01 2.325198e-01 7.930260e-01
    outer loop
      vertex   -1.304871e+01 6.123786e+00 8.691421e+01
      vertex   -1.356752e+01 4.867447e+00 8.691421e+01
      vertex   -1.317763e+01 4.727574e+00 8.723205e+01
    endloop
  endfacet
  facet normal -5.824654e-01 1.784484e-01 7.930260e-01
    outer loop
      vertex   -1.317763e+01 4.727574e+00 8.723205e+01
      vertex   -1.356752e+01 4.867447e+00 8.691421e+01
      vertex   -1.356435e+01 3.465299e+00 8.723205e+01
    endloop
  endfacet
  facet normal -3.662444e-01 1.122054e-01 9.237288e-01
    outer loop
      vertex   -1.317763e+01 4.727574e+00 8.723205e+01
      vertex   -1.356435e+01 3.465299e+00 8.723205e+01
      vertex   -1.309700e+01 3.345904e+00 8.743185e+01
    endloop
  endfacet
  facet normal -3.751851e-01 7.720841e-02 9.237288e-01
    outer loop
      vertex   -1.309700e+01 3.345904e+00 8.743185e+01
      vertex   -1.356435e+01 3.465299e+00 8.723205e+01
      vertex   -1.335394e+01 2.097368e+00 8.743185e+01
    endloop
  endfacet
  facet normal -1.309765e-01 2.695332e-02 9.910190e-01
    outer loop
      vertex   -1.309700e+01 3.345904e+00 8.743185e+01
      vertex   -1.335394e+01 2.097368e+00 8.743185e+01
      vertex   -1.267992e+01 2.867000e+00 8.750000e+01
    endloop
  endfacet
  facet normal -1.251816e-01 2.180087e-02 9.918943e-01
    outer loop
      vertex   -1.267992e+01 2.867000e+00 8.750000e+01
      vertex   -1.335394e+01 2.097368e+00 8.743185e+01
      vertex   -1.290261e+01 1.588298e+00 8.750000e+01
    endloop
  endfacet
  facet normal -1.332440e-01 1.453019e-02 9.909768e-01
    outer loop
      vertex   -1.290261e+01 1.588298e+00 8.750000e+01
      vertex   -1.335394e+01 2.097368e+00 8.743185e+01
      vertex   -1.349212e+01 8.301809e-01 8.743185e+01
    endloop
  endfacet
  facet normal -1.264883e-01 9.191710e-03 9.919255e-01
    outer loop
      vertex   -1.290261e+01 1.588298e+00 8.750000e+01
      vertex   -1.349212e+01 8.301809e-01 8.743185e+01
      vertex   -1.299668e+01 2.937632e-01 8.750000e+01
    endloop
  endfacet
  facet normal -1.342295e-01 1.917779e-03 9.909484e-01
    outer loop
      vertex   -1.299668e+01 2.937632e-01 8.750000e+01
      vertex   -1.349212e+01 8.301809e-01 8.743185e+01
      vertex   -1.351033e+01 -4.443883e-01 8.743185e+01
    endloop
  endfacet
  facet normal -1.266287e-01 -3.463240e-03 9.919441e-01
    outer loop
      vertex   -1.299668e+01 2.937632e-01 8.750000e+01
      vertex   -1.351033e+01 -4.443883e-01 8.743185e+01
      vertex   -1.296120e+01 -1.003700e+00 8.750000e+01
    endloop
  endfacet
  facet normal -1.339177e-01 -1.074275e-02 9.909342e-01
    outer loop
      vertex   -1.296120e+01 -1.003700e+00 8.750000e+01
      vertex   -1.351033e+01 -4.443883e-01 8.743185e+01
      vertex   -1.340840e+01 -1.715006e+00 8.743185e+01
    endloop
  endfacet
  facet normal -1.256042e-01 -1.606696e-02 9.919503e-01
    outer loop
      vertex   -1.296120e+01 -1.003700e+00 8.750000e+01
      vertex   -1.340840e+01 -1.715006e+00 8.743185e+01
      vertex   -1.279651e+01 -2.291158e+00 8.750000e+01
    endloop
  endfacet
  facet normal -1.323102e-01 -2.330921e-02 9.909343e-01
    outer loop
      vertex   -1.279651e+01 -2.291158e+00 8.750000e+01
      vertex   -1.340840e+01 -1.715006e+00 8.743185e+01
      vertex   -1.318724e+01 -2.970373e+00 8.743185e+01
    endloop
  endfacet
  facet normal -1.234235e-01 -2.852283e-02 9.919441e-01
    outer loop
      vertex   -1.279651e+01 -2.291158e+00 8.750000e+01
      vertex   -1.318724e+01 -2.970373e+00 8.743185e+01
      vertex   -1.250426e+01 -3.555776e+00 8.750000e+01
    endloop
  endfacet
  facet normal -1.294249e-01 -3.564047e-02 9.909485e-01
    outer loop
      vertex   -1.250426e+01 -3.555776e+00 8.750000e+01
      vertex   -1.318724e+01 -2.970373e+00 8.743185e+01
      vertex   -1.284882e+01 -4.199327e+00 8.743185e+01
    endloop
  endfacet
  facet normal -1.201026e-01 -4.073514e-02 9.919254e-01
    outer loop
      vertex   -1.250426e+01 -3.555776e+00 8.750000e+01
      vertex   -1.284882e+01 -4.199327e+00 8.743185e+01
      vertex   -1.208736e+01 -4.784949e+00 8.750000e+01
    endloop
  endfacet
  facet normal -1.252963e-01 -4.759858e-02 9.909769e-01
    outer loop
      vertex   -1.208736e+01 -4.784949e+00 8.750000e+01
      vertex   -1.284882e+01 -4.199327e+00 8.743185e+01
      vertex   -1.239614e+01 -5.390939e+00 8.743185e+01
    endloop
  endfacet
  facet normal -1.156644e-01 -5.260963e-02 9.918941e-01
    outer loop
      vertex   -1.208736e+01 -4.784949e+00 8.750000e+01
      vertex   -1.239614e+01 -5.390939e+00 8.743185e+01
      vertex   -1.154997e+01 -5.966423e+00 8.750000e+01
    endloop
  endfacet
  facet normal -1.199746e-01 -5.905078e-02 9.910192e-01
    outer loop
      vertex   -1.154997e+01 -5.966423e+00 8.750000e+01
      vertex   -1.239614e+01 -5.390939e+00 8.743185e+01
      vertex   -1.183323e+01 -6.534613e+00 8.743185e+01
    endloop
  endfacet
  facet normal -1.101388e-01 -6.405392e-02 9.918501e-01
    outer loop
      vertex   -1.154997e+01 -5.966423e+00 8.750000e+01
      vertex   -1.183323e+01 -6.534613e+00 8.743185e+01
      vertex   -1.089744e+01 -7.088422e+00 8.750000e+01
    endloop
  endfacet
  facet normal -1.135252e-01 -6.987142e-02 9.910752e-01
    outer loop
      vertex   -1.089744e+01 -7.088422e+00 8.750000e+01
      vertex   -1.183323e+01 -6.534613e+00 8.743185e+01
      vertex   -1.116510e+01 -7.620180e+00 8.743185e+01
    endloop
  endfacet
  facet normal -1.035624e-01 -7.497802e-02 9.917929e-01
    outer loop
      vertex   -1.089744e+01 -7.088422e+00 8.750000e+01
      vertex   -1.116510e+01 -7.620180e+00 8.743185e+01
      vertex   -1.013629e+01 -8.139759e+00 8.750000e+01
    endloop
  endfacet
  facet normal -1.060273e-01 -7.994379e-02 9.911444e-01
    outer loop
      vertex   -1.013629e+01 -8.139759e+00 8.750000e+01
      vertex   -1.116510e+01 -7.620180e+00 8.743185e+01
      vertex   -1.039768e+01 -8.637986e+00 8.743185e+01
    endloop
  endfacet
  facet normal -9.597865e-02 -8.529482e-02 9.917222e-01
    outer loop
      vertex   -1.013629e+01 -8.139759e+00 8.750000e+01
      vertex   -1.039768e+01 -8.637986e+00 8.743185e+01
      vertex   -9.274088e+00 -9.109956e+00 8.750000e+01
    endloop
  endfacet
  facet normal -9.757290e-02 -8.916173e-02 9.912264e-01
    outer loop
      vertex   -9.274088e+00 -9.109956e+00 8.750000e+01
      vertex   -1.039768e+01 -8.637986e+00 8.743185e+01
      vertex   -9.537803e+00 -9.578980e+00 8.743185e+01
    endloop
  endfacet
  facet normal -8.743705e-02 -9.492048e-02 9.916375e-01
    outer loop
      vertex   -9.274088e+00 -9.109956e+00 8.750000e+01
      vertex   -9.537803e+00 -9.578980e+00 8.743185e+01
      vertex   -8.319440e+00 -9.989341e+00 8.750000e+01
    endloop
  endfacet
  facet normal -8.826491e-02 -9.743105e-02 9.913206e-01
    outer loop
      vertex   -8.319440e+00 -9.989341e+00 8.750000e+01
      vertex   -9.537803e+00 -9.578980e+00 8.743185e+01
      vertex   -8.593113e+00 -1.043480e+01 8.743185e+01
    endloop
  endfacet
  facet normal -7.799330e-02 -1.037749e-01 9.915381e-01
    outer loop
      vertex   -8.319440e+00 -9.989341e+00 8.750000e+01
      vertex   -8.593113e+00 -1.043480e+01 8.743185e+01
      vertex   -7.281860e+00 -1.076915e+01 8.750000e+01
    endloop
  endfacet
  facet normal -7.821653e-02 -1.046731e-01 9.914261e-01
    outer loop
      vertex   -7.281860e+00 -1.076915e+01 8.750000e+01
      vertex   -8.593113e+00 -1.043480e+01 8.743185e+01
      vertex   -7.571845e+00 -1.119793e+01 8.743185e+01
    endloop
  endfacet
  facet normal -6.800960e-02 -1.115760e-01 9.914260e-01
    outer loop
      vertex   -7.281860e+00 -1.076915e+01 8.750000e+01
      vertex   -7.571845e+00 -1.119793e+01 8.743185e+01
      vertex   -6.483576e+00 -1.186127e+01 8.743185e+01
    endloop
  endfacet
  facet normal -1.993646e-01 -3.270760e-01 9.237289e-01
    outer loop
      vertex   -6.483576e+00 -1.186127e+01 8.743185e+01
      vertex   -7.571845e+00 -1.119793e+01 8.743185e+01
      vertex   -6.714935e+00 -1.228453e+01 8.723205e+01
    endloop
  endfacet
  facet normal -1.676722e-01 -3.443996e-01 9.237288e-01
    outer loop
      vertex   -6.483576e+00 -1.186127e+01 8.743185e+01
      vertex   -6.714935e+00 -1.228453e+01 8.723205e+01
      vertex   -5.337487e+00 -1.241925e+01 8.743185e+01
    endloop
  endfacet
  facet normal -1.676722e-01 -3.443996e-01 9.237288e-01
    outer loop
      vertex   -5.337487e+00 -1.241925e+01 8.743185e+01
      vertex   -6.714935e+00 -1.228453e+01 8.723205e+01
      vertex   -5.527950e+00 -1.286242e+01 8.723205e+01
    endloop
  endfacet
  facet normal -1.674560e-01 -3.444943e-01 9.237328e-01
    outer loop
      vertex   -5.337487e+00 -1.241925e+01 8.743185e+01
      vertex   -5.527950e+00 -1.286242e+01 8.723205e+01
      vertex   -4.854033e+00 -1.282782e+01 8.736712e+01
    endloop
  endfacet
  facet normal -1.577890e-01 -4.184263e-01 8.944396e-01
    outer loop
      vertex   -4.854033e+00 -1.282782e+01 8.736712e+01
      vertex   -5.527950e+00 -1.286242e+01 8.723205e+01
      vertex   -4.787660e+00 -1.320424e+01 8.720274e+01
    endloop
  endfacet
  facet normal -2.290604e-01 -5.641072e-01 7.932934e-01
    outer loop
      vertex   -4.787660e+00 -1.320424e+01 8.720274e+01
      vertex   -5.527950e+00 -1.286242e+01 8.723205e+01
      vertex   -5.691503e+00 -1.324297e+01 8.691421e+01
    endloop
  endfacet
  facet normal -2.282693e-01 -5.672975e-01 7.912437e-01
    outer loop
      vertex   -4.787660e+00 -1.320424e+01 8.720274e+01
      vertex   -5.691503e+00 -1.324297e+01 8.691421e+01
      vertex   -4.724924e+00 -1.356003e+01 8.696575e+01
    endloop
  endfacet
  facet normal -2.669110e-01 -7.073134e-01 6.545734e-01
    outer loop
      vertex   -4.724924e+00 -1.356003e+01 8.696575e+01
      vertex   -5.691503e+00 -1.324297e+01 8.691421e+01
      vertex   -4.673703e+00 -1.385052e+01 8.667274e+01
    endloop
  endfacet
  facet normal -2.952163e-01 -7.364773e-01 6.086448e-01
    outer loop
      vertex   -4.673703e+00 -1.385052e+01 8.667274e+01
      vertex   -5.691503e+00 -1.324297e+01 8.691421e+01
      vertex   -5.817003e+00 -1.353498e+01 8.650000e+01
    endloop
  endfacet
  facet normal -2.998420e-01 -8.148523e-01 4.960953e-01
    outer loop
      vertex   -4.673703e+00 -1.385052e+01 8.667274e+01
      vertex   -5.817003e+00 -1.353498e+01 8.650000e+01
      vertex   -4.632501e+00 -1.408419e+01 8.631383e+01
    endloop
  endfacet
  facet normal -3.384890e-01 -8.597077e-01 3.825283e-01
    outer loop
      vertex   -4.632501e+00 -1.408419e+01 8.631383e+01
      vertex   -5.817003e+00 -1.353498e+01 8.650000e+01
      vertex   -5.895895e+00 -1.371855e+01 8.601764e+01
    endloop
  endfacet
  facet normal -3.295527e-01 -8.948691e-01 3.010055e-01
    outer loop
      vertex   -4.632501e+00 -1.408419e+01 8.631383e+01
      vertex   -5.895895e+00 -1.371855e+01 8.601764e+01
      vertex   -4.607592e+00 -1.422546e+01 8.592112e+01
    endloop
  endfacet
  facet normal -3.545419e-01 -9.258996e-01 1.304225e-01
    outer loop
      vertex   -4.607592e+00 -1.422546e+01 8.592112e+01
      vertex   -5.895895e+00 -1.371855e+01 8.601764e+01
      vertex   -5.922803e+00 -1.378116e+01 8.550000e+01
    endloop
  endfacet
  facet normal -3.490421e-01 -9.308616e-01 1.080107e-01
    outer loop
      vertex   -4.607592e+00 -1.422546e+01 8.592112e+01
      vertex   -5.922803e+00 -1.378116e+01 8.550000e+01
      vertex   -4.598366e+00 -1.427778e+01 8.550000e+01
    endloop
  endfacet
  facet normal -8.291647e-01 5.435863e-01 1.303835e-01
    outer loop
      vertex   -1.214285e+01 8.806320e+00 8.550000e+01
      vertex   -1.291836e+01 7.623381e+00 8.550000e+01
      vertex   -1.285967e+01 7.588747e+00 8.601764e+01
    endloop
  endfacet
  facet normal -8.766807e-01 4.630670e-01 1.303835e-01
    outer loop
      vertex   -1.285967e+01 7.588747e+00 8.601764e+01
      vertex   -1.291836e+01 7.623381e+00 8.550000e+01
      vertex   -1.351731e+01 6.343701e+00 8.601764e+01
    endloop
  endfacet
  facet normal -8.170539e-01 4.315718e-01 3.823201e-01
    outer loop
      vertex   -1.285967e+01 7.588747e+00 8.601764e+01
      vertex   -1.351731e+01 6.343701e+00 8.601764e+01
      vertex   -1.333644e+01 6.258817e+00 8.650000e+01
    endloop
  endfacet
  facet normal -8.540727e-01 3.526913e-01 3.823201e-01
    outer loop
      vertex   -1.333644e+01 6.258817e+00 8.650000e+01
      vertex   -1.351731e+01 6.343701e+00 8.601764e+01
      vertex   -1.386668e+01 4.974776e+00 8.650000e+01
    endloop
  endfacet
  facet normal -7.335917e-01 3.029384e-01 6.083350e-01
    outer loop
      vertex   -1.333644e+01 6.258817e+00 8.650000e+01
      vertex   -1.386668e+01 4.974776e+00 8.650000e+01
      vertex   -1.356752e+01 4.867447e+00 8.691421e+01
    endloop
  endfacet
  facet normal -7.588651e-01 2.324915e-01 6.083350e-01
    outer loop
      vertex   -1.356752e+01 4.867447e+00 8.691421e+01
      vertex   -1.386668e+01 4.974776e+00 8.650000e+01
      vertex   -1.396568e+01 3.567826e+00 8.691421e+01
    endloop
  endfacet
  facet normal -5.824654e-01 1.784484e-01 7.930260e-01
    outer loop
      vertex   -1.356752e+01 4.867447e+00 8.691421e+01
      vertex   -1.396568e+01 3.567826e+00 8.691421e+01
      vertex   -1.356435e+01 3.465299e+00 8.723205e+01
    endloop
  endfacet
  facet normal -5.966844e-01 1.227902e-01 7.930260e-01
    outer loop
      vertex   -1.356435e+01 3.465299e+00 8.723205e+01
      vertex   -1.396568e+01 3.567826e+00 8.691421e+01
      vertex   -1.383046e+01 2.172210e+00 8.723205e+01
    endloop
  endfacet
  facet normal -3.751851e-01 7.720841e-02 9.237288e-01
    outer loop
      vertex   -1.356435e+01 3.465299e+00 8.723205e+01
      vertex   -1.383046e+01 2.172210e+00 8.723205e+01
      vertex   -1.335394e+01 2.097368e+00 8.743185e+01
    endloop
  endfacet
  facet normal -3.807896e-01 4.152491e-02 9.237288e-01
    outer loop
      vertex   -1.335394e+01 2.097368e+00 8.743185e+01
      vertex   -1.383046e+01 2.172210e+00 8.723205e+01
      vertex   -1.349212e+01 8.301809e-01 8.743185e+01
    endloop
  endfacet
  facet normal -8.766807e-01 4.630670e-01 1.303835e-01
    outer loop
      vertex   -1.291836e+01 7.623381e+00 8.550000e+01
      vertex   -1.357900e+01 6.372653e+00 8.550000e+01
      vertex   -1.351731e+01 6.343701e+00 8.601764e+01
    endloop
  endfacet
  facet normal -9.164011e-01 3.784300e-01 1.303835e-01
    outer loop
      vertex   -1.351731e+01 6.343701e+00 8.601764e+01
      vertex   -1.357900e+01 6.372653e+00 8.550000e+01
      vertex   -1.405475e+01 5.042245e+00 8.601764e+01
    endloop
  endfacet
  facet normal -8.540727e-01 3.526913e-01 3.823201e-01
    outer loop
      vertex   -1.351731e+01 6.343701e+00 8.601764e+01
      vertex   -1.405475e+01 5.042245e+00 8.601764e+01
      vertex   -1.386668e+01 4.974776e+00 8.650000e+01
    endloop
  endfacet
  facet normal -8.834968e-01 2.706746e-01 3.823201e-01
    outer loop
      vertex   -1.386668e+01 4.974776e+00 8.650000e+01
      vertex   -1.405475e+01 5.042245e+00 8.601764e+01
      vertex   -1.427363e+01 3.646498e+00 8.650000e+01
    endloop
  endfacet
  facet normal -7.588651e-01 2.324915e-01 6.083350e-01
    outer loop
      vertex   -1.386668e+01 4.974776e+00 8.650000e+01
      vertex   -1.427363e+01 3.646498e+00 8.650000e+01
      vertex   -1.396568e+01 3.567826e+00 8.691421e+01
    endloop
  endfacet
  facet normal -7.773904e-01 1.599772e-01 6.083350e-01
    outer loop
      vertex   -1.396568e+01 3.567826e+00 8.691421e+01
      vertex   -1.427363e+01 3.646498e+00 8.650000e+01
      vertex   -1.423965e+01 2.236479e+00 8.691421e+01
    endloop
  endfacet
  facet normal -5.966844e-01 1.227902e-01 7.930260e-01
    outer loop
      vertex   -1.396568e+01 3.567826e+00 8.691421e+01
      vertex   -1.423965e+01 2.236479e+00 8.691421e+01
      vertex   -1.383046e+01 2.172210e+00 8.723205e+01
    endloop
  endfacet
  facet normal -6.055976e-01 6.604011e-02 7.930260e-01
    outer loop
      vertex   -1.383046e+01 2.172210e+00 8.723205e+01
      vertex   -1.423965e+01 2.236479e+00 8.691421e+01
      vertex   -1.397357e+01 8.598050e-01 8.723205e+01
    endloop
  endfacet
  facet normal -3.807896e-01 4.152491e-02 9.237288e-01
    outer loop
      vertex   -1.383046e+01 2.172210e+00 8.723205e+01
      vertex   -1.397357e+01 8.598050e-01 8.723205e+01
      vertex   -1.349212e+01 8.301809e-01 8.743185e+01
    endloop
  endfacet
  facet normal -3.830079e-01 5.472155e-03 9.237288e-01
    outer loop
      vertex   -1.349212e+01 8.301809e-01 8.743185e+01
      vertex   -1.397357e+01 8.598050e-01 8.723205e+01
      vertex   -1.351033e+01 -4.443883e-01 8.743185e+01
    endloop
  endfacet
  facet normal -9.164011e-01 3.784300e-01 1.303835e-01
    outer loop
      vertex   -1.357900e+01 6.372653e+00 8.550000e+01
      vertex   -1.411889e+01 5.065258e+00 8.550000e+01
      vertex   -1.405475e+01 5.042245e+00 8.601764e+01
    endloop
  endfacet
  facet normal -9.479725e-01 2.904279e-01 1.303835e-01
    outer loop
      vertex   -1.405475e+01 5.042245e+00 8.601764e+01
      vertex   -1.411889e+01 5.065258e+00 8.550000e+01
      vertex   -1.446721e+01 3.695953e+00 8.601764e+01
    endloop
  endfacet
  facet normal -8.834968e-01 2.706746e-01 3.823201e-01
    outer loop
      vertex   -1.405475e+01 5.042245e+00 8.601764e+01
      vertex   -1.446721e+01 3.695953e+00 8.601764e+01
      vertex   -1.427363e+01 3.646498e+00 8.650000e+01
    endloop
  endfacet
  facet normal -9.050646e-01 1.862510e-01 3.823201e-01
    outer loop
      vertex   -1.427363e+01 3.646498e+00 8.650000e+01
      vertex   -1.446721e+01 3.695953e+00 8.601764e+01
      vertex   -1.455364e+01 2.285794e+00 8.650000e+01
    endloop
  endfacet
  facet normal -7.773904e-01 1.599772e-01 6.083350e-01
    outer loop
      vertex   -1.427363e+01 3.646498e+00 8.650000e+01
      vertex   -1.455364e+01 2.285794e+00 8.650000e+01
      vertex   -1.423965e+01 2.236479e+00 8.691421e+01
    endloop
  endfacet
  facet normal -7.890029e-01 8.604036e-02 6.083350e-01
    outer loop
      vertex   -1.423965e+01 2.236479e+00 8.691421e+01
      vertex   -1.455364e+01 2.285794e+00 8.650000e+01
      vertex   -1.438700e+01 8.852437e-01 8.691421e+01
    endloop
  endfacet
  facet normal -6.055976e-01 6.604011e-02 7.930260e-01
    outer loop
      vertex   -1.423965e+01 2.236479e+00 8.691421e+01
      vertex   -1.438700e+01 8.852437e-01 8.691421e+01
      vertex   -1.397357e+01 8.598050e-01 8.723205e+01
    endloop
  endfacet
  facet normal -6.091256e-01 8.702770e-03 7.930260e-01
    outer loop
      vertex   -1.397357e+01 8.598050e-01 8.723205e+01
      vertex   -1.438700e+01 8.852437e-01 8.691421e+01
      vertex   -1.399243e+01 -4.602458e-01 8.723205e+01
    endloop
  endfacet
  facet normal -3.830079e-01 5.472155e-03 9.237288e-01
    outer loop
      vertex   -1.397357e+01 8.598050e-01 8.723205e+01
      vertex   -1.399243e+01 -4.602458e-01 8.723205e+01
      vertex   -1.351033e+01 -4.443883e-01 8.743185e+01
    endloop
  endfacet
  facet normal -3.818205e-01 -3.062926e-02 9.237288e-01
    outer loop
      vertex   -1.351033e+01 -4.443883e-01 8.743185e+01
      vertex   -1.399243e+01 -4.602458e-01 8.723205e+01
      vertex   -1.340840e+01 -1.715006e+00 8.743185e+01
    endloop
  endfacet
  facet normal -9.479725e-01 2.904279e-01 1.303835e-01
    outer loop
      vertex   -1.411889e+01 5.065258e+00 8.550000e+01
      vertex   -1.453324e+01 3.712821e+00 8.550000e+01
      vertex   -1.446721e+01 3.695953e+00 8.601764e+01
    endloop
  endfacet
  facet normal -9.711142e-01 1.998432e-01 1.303835e-01
    outer loop
      vertex   -1.446721e+01 3.695953e+00 8.601764e+01
      vertex   -1.453324e+01 3.712821e+00 8.550000e+01
      vertex   -1.475102e+01 2.316794e+00 8.601764e+01
    endloop
  endfacet
  facet normal -9.050646e-01 1.862510e-01 3.823201e-01
    outer loop
      vertex   -1.446721e+01 3.695953e+00 8.601764e+01
      vertex   -1.475102e+01 2.316794e+00 8.601764e+01
      vertex   -1.455364e+01 2.285794e+00 8.650000e+01
    endloop
  endfacet
  facet normal -9.185843e-01 1.001711e-01 3.823201e-01
    outer loop
      vertex   -1.455364e+01 2.285794e+00 8.650000e+01
      vertex   -1.475102e+01 2.316794e+00 8.601764e+01
      vertex   -1.470424e+01 9.047636e-01 8.650000e+01
    endloop
  endfacet
  facet normal -7.890029e-01 8.604036e-02 6.083350e-01
    outer loop
      vertex   -1.455364e+01 2.285794e+00 8.650000e+01
      vertex   -1.470424e+01 9.047636e-01 8.650000e+01
      vertex   -1.438700e+01 8.852437e-01 8.691421e+01
    endloop
  endfacet
  facet normal -7.935994e-01 1.133840e-02 6.083350e-01
    outer loop
      vertex   -1.438700e+01 8.852437e-01 8.691421e+01
      vertex   -1.470424e+01 9.047636e-01 8.650000e+01
      vertex   -1.440642e+01 -4.738630e-01 8.691421e+01
    endloop
  endfacet
  facet normal -6.091256e-01 8.702770e-03 7.930260e-01
    outer loop
      vertex   -1.438700e+01 8.852437e-01 8.691421e+01
      vertex   -1.440642e+01 -4.738630e-01 8.691421e+01
      vertex   -1.399243e+01 -4.602458e-01 8.723205e+01
    endloop
  endfacet
  facet normal -6.072371e-01 -4.871196e-02 7.930260e-01
    outer loop
      vertex   -1.399243e+01 -4.602458e-01 8.723205e+01
      vertex   -1.440642e+01 -4.738630e-01 8.691421e+01
      vertex   -1.388687e+01 -1.776204e+00 8.723205e+01
    endloop
  endfacet
  facet normal -3.818205e-01 -3.062926e-02 9.237288e-01
    outer loop
      vertex   -1.399243e+01 -4.602458e-01 8.723205e+01
      vertex   -1.388687e+01 -1.776204e+00 8.723205e+01
      vertex   -1.340840e+01 -1.715006e+00 8.743185e+01
    endloop
  endfacet
  facet normal -3.772377e-01 -6.645831e-02 9.237288e-01
    outer loop
      vertex   -1.340840e+01 -1.715006e+00 8.743185e+01
      vertex   -1.388687e+01 -1.776204e+00 8.723205e+01
      vertex   -1.318724e+01 -2.970373e+00 8.743185e+01
    endloop
  endfacet
  facet normal -9.711142e-01 1.998432e-01 1.303835e-01
    outer loop
      vertex   -1.453324e+01 3.712821e+00 8.550000e+01
      vertex   -1.481835e+01 2.327368e+00 8.550000e+01
      vertex   -1.475102e+01 2.316794e+00 8.601764e+01
    endloop
  endfacet
  facet normal -9.856206e-01 1.074814e-01 1.303835e-01
    outer loop
      vertex   -1.475102e+01 2.316794e+00 8.601764e+01
      vertex   -1.481835e+01 2.327368e+00 8.550000e+01
      vertex   -1.490367e+01 9.170343e-01 8.601764e+01
    endloop
  endfacet
  facet normal -9.185843e-01 1.001711e-01 3.823201e-01
    outer loop
      vertex   -1.475102e+01 2.316794e+00 8.601764e+01
      vertex   -1.490367e+01 9.170343e-01 8.601764e+01
      vertex   -1.470424e+01 9.047636e-01 8.650000e+01
    endloop
  endfacet
  facet normal -9.239357e-01 1.320056e-02 3.823201e-01
    outer loop
      vertex   -1.470424e+01 9.047636e-01 8.650000e+01
      vertex   -1.490367e+01 9.170343e-01 8.601764e+01
      vertex   -1.472409e+01 -4.843118e-01 8.650000e+01
    endloop
  endfacet
  facet normal -7.935994e-01 1.133840e-02 6.083350e-01
    outer loop
      vertex   -1.470424e+01 9.047636e-01 8.650000e+01
      vertex   -1.472409e+01 -4.843118e-01 8.650000e+01
      vertex   -1.440642e+01 -4.738630e-01 8.691421e+01
    endloop
  endfacet
  facet normal -7.911389e-01 -6.346438e-02 6.083350e-01
    outer loop
      vertex   -1.440642e+01 -4.738630e-01 8.691421e+01
      vertex   -1.472409e+01 -4.843118e-01 8.650000e+01
      vertex   -1.429773e+01 -1.828756e+00 8.691421e+01
    endloop
  endfacet
  facet normal -6.072371e-01 -4.871196e-02 7.930260e-01
    outer loop
      vertex   -1.440642e+01 -4.738630e-01 8.691421e+01
      vertex   -1.429773e+01 -1.828756e+00 8.691421e+01
      vertex   -1.388687e+01 -1.776204e+00 8.723205e+01
    endloop
  endfacet
  facet normal -5.999489e-01 -1.056935e-01 7.930260e-01
    outer loop
      vertex   -1.388687e+01 -1.776204e+00 8.723205e+01
      vertex   -1.429773e+01 -1.828756e+00 8.691421e+01
      vertex   -1.365782e+01 -3.076368e+00 8.723205e+01
    endloop
  endfacet
  facet normal -3.772377e-01 -6.645831e-02 9.237288e-01
    outer loop
      vertex   -1.388687e+01 -1.776204e+00 8.723205e+01
      vertex   -1.365782e+01 -3.076368e+00 8.723205e+01
      vertex   -1.318724e+01 -2.970373e+00 8.743185e+01
    endloop
  endfacet
  facet normal -3.693005e-01 -1.016964e-01 9.237288e-01
    outer loop
      vertex   -1.318724e+01 -2.970373e+00 8.743185e+01
      vertex   -1.365782e+01 -3.076368e+00 8.723205e+01
      vertex   -1.284882e+01 -4.199327e+00 8.743185e+01
    endloop
  endfacet
  facet normal -9.856206e-01 1.074814e-01 1.303835e-01
    outer loop
      vertex   -1.481835e+01 2.327368e+00 8.550000e+01
      vertex   -1.497169e+01 9.212196e-01 8.550000e+01
      vertex   -1.490367e+01 9.170343e-01 8.601764e+01
    endloop
  endfacet
  facet normal -9.913625e-01 1.416391e-02 1.303835e-01
    outer loop
      vertex   -1.490367e+01 9.170343e-01 8.601764e+01
      vertex   -1.497169e+01 9.212196e-01 8.550000e+01
      vertex   -1.492378e+01 -4.908802e-01 8.601764e+01
    endloop
  endfacet
  facet normal -9.239357e-01 1.320056e-02 3.823201e-01
    outer loop
      vertex   -1.490367e+01 9.170343e-01 8.601764e+01
      vertex   -1.492378e+01 -4.908802e-01 8.601764e+01
      vertex   -1.472409e+01 -4.843118e-01 8.650000e+01
    endloop
  endfacet
  facet normal -9.210711e-01 -7.388741e-02 3.823201e-01
    outer loop
      vertex   -1.472409e+01 -4.843118e-01 8.650000e+01
      vertex   -1.492378e+01 -4.908802e-01 8.601764e+01
      vertex   -1.461300e+01 -1.869081e+00 8.650000e+01
    endloop
  endfacet
  facet normal -7.911389e-01 -6.346438e-02 6.083350e-01
    outer loop
      vertex   -1.472409e+01 -4.843118e-01 8.650000e+01
      vertex   -1.461300e+01 -1.869081e+00 8.650000e+01
      vertex   -1.429773e+01 -1.828756e+00 8.691421e+01
    endloop
  endfacet
  facet normal -7.816434e-01 -1.377028e-01 6.083350e-01
    outer loop
      vertex   -1.429773e+01 -1.828756e+00 8.691421e+01
      vertex   -1.461300e+01 -1.869081e+00 8.650000e+01
      vertex   -1.406191e+01 -3.167387e+00 8.691421e+01
    endloop
  endfacet
  facet normal -5.999489e-01 -1.056935e-01 7.930260e-01
    outer loop
      vertex   -1.429773e+01 -1.828756e+00 8.691421e+01
      vertex   -1.406191e+01 -3.167387e+00 8.691421e+01
      vertex   -1.365782e+01 -3.076368e+00 8.723205e+01
    endloop
  endfacet
  facet normal -5.873257e-01 -1.617352e-01 7.930260e-01
    outer loop
      vertex   -1.365782e+01 -3.076368e+00 8.723205e+01
      vertex   -1.406191e+01 -3.167387e+00 8.691421e+01
      vertex   -1.330732e+01 -4.349175e+00 8.723205e+01
    endloop
  endfacet
  facet normal -3.693005e-01 -1.016964e-01 9.237288e-01
    outer loop
      vertex   -1.365782e+01 -3.076368e+00 8.723205e+01
      vertex   -1.330732e+01 -4.349175e+00 8.723205e+01
      vertex   -1.284882e+01 -4.199327e+00 8.743185e+01
    endloop
  endfacet
  facet normal -3.580793e-01 -1.360302e-01 9.237288e-01
    outer loop
      vertex   -1.284882e+01 -4.199327e+00 8.743185e+01
      vertex   -1.330732e+01 -4.349175e+00 8.723205e+01
      vertex   -1.239614e+01 -5.390939e+00 8.743185e+01
    endloop
  endfacet
  facet normal -9.913625e-01 1.416391e-02 1.303835e-01
    outer loop
      vertex   -1.497169e+01 9.212196e-01 8.550000e+01
      vertex   -1.499189e+01 -4.931205e-01 8.550000e+01
      vertex   -1.492378e+01 -4.908802e-01 8.601764e+01
    endloop
  endfacet
  facet normal -9.882889e-01 -7.927955e-02 1.303835e-01
    outer loop
      vertex   -1.492378e+01 -4.908802e-01 8.601764e+01
      vertex   -1.499189e+01 -4.931205e-01 8.550000e+01
      vertex   -1.481119e+01 -1.894430e+00 8.601764e+01
    endloop
  endfacet
  facet normal -9.210711e-01 -7.388741e-02 3.823201e-01
    outer loop
      vertex   -1.492378e+01 -4.908802e-01 8.601764e+01
      vertex   -1.481119e+01 -1.894430e+00 8.601764e+01
      vertex   -1.461300e+01 -1.869081e+00 8.650000e+01
    endloop
  endfacet
  facet normal -9.100161e-01 -1.603184e-01 3.823201e-01
    outer loop
      vertex   -1.461300e+01 -1.869081e+00 8.650000e+01
      vertex   -1.481119e+01 -1.894430e+00 8.601764e+01
      vertex   -1.437198e+01 -3.237229e+00 8.650000e+01
    endloop
  endfacet
  facet normal -7.816434e-01 -1.377028e-01 6.083350e-01
    outer loop
      vertex   -1.461300e+01 -1.869081e+00 8.650000e+01
      vertex   -1.437198e+01 -3.237229e+00 8.650000e+01
      vertex   -1.406191e+01 -3.167387e+00 8.691421e+01
    endloop
  endfacet
  facet normal -7.651973e-01 -2.107168e-01 6.083350e-01
    outer loop
      vertex   -1.406191e+01 -3.167387e+00 8.691421e+01
      vertex   -1.437198e+01 -3.237229e+00 8.650000e+01
      vertex   -1.370104e+01 -4.477853e+00 8.691421e+01
    endloop
  endfacet
  facet normal -5.873257e-01 -1.617352e-01 7.930260e-01
    outer loop
      vertex   -1.406191e+01 -3.167387e+00 8.691421e+01
      vertex   -1.370104e+01 -4.477853e+00 8.691421e+01
      vertex   -1.330732e+01 -4.349175e+00 8.723205e+01
    endloop
  endfacet
  facet normal -5.694798e-01 -2.163387e-01 7.930260e-01
    outer loop
      vertex   -1.330732e+01 -4.349175e+00 8.723205e+01
      vertex   -1.370104e+01 -4.477853e+00 8.691421e+01
      vertex   -1.283848e+01 -5.583309e+00 8.723205e+01
    endloop
  endfacet
  facet normal -3.580793e-01 -1.360302e-01 9.237288e-01
    outer loop
      vertex   -1.330732e+01 -4.349175e+00 8.723205e+01
      vertex   -1.283848e+01 -5.583309e+00 8.723205e+01
      vertex   -1.239614e+01 -5.390939e+00 8.743185e+01
    endloop
  endfacet
  facet normal -3.436740e-01 -1.691543e-01 9.237288e-01
    outer loop
      vertex   -1.239614e+01 -5.390939e+00 8.743185e+01
      vertex   -1.283848e+01 -5.583309e+00 8.723205e+01
      vertex   -1.183323e+01 -6.534613e+00 8.743185e+01
    endloop
  endfacet
  facet normal -9.882889e-01 -7.927955e-02 1.303835e-01
    outer loop
      vertex   -1.499189e+01 -4.931205e-01 8.550000e+01
      vertex   -1.487879e+01 -1.903076e+00 8.550000e+01
      vertex   -1.481119e+01 -1.894430e+00 8.601764e+01
    endloop
  endfacet
  facet normal -9.764271e-01 -1.720180e-01 1.303835e-01
    outer loop
      vertex   -1.481119e+01 -1.894430e+00 8.601764e+01
      vertex   -1.487879e+01 -1.903076e+00 8.550000e+01
      vertex   -1.456689e+01 -3.281133e+00 8.601764e+01
    endloop
  endfacet
  facet normal -9.100161e-01 -1.603184e-01 3.823201e-01
    outer loop
      vertex   -1.481119e+01 -1.894430e+00 8.601764e+01
      vertex   -1.456689e+01 -3.281133e+00 8.601764e+01
      vertex   -1.437198e+01 -3.237229e+00 8.650000e+01
    endloop
  endfacet
  facet normal -8.908690e-01 -2.453237e-01 3.823201e-01
    outer loop
      vertex   -1.437198e+01 -3.237229e+00 8.650000e+01
      vertex   -1.456689e+01 -3.281133e+00 8.601764e+01
      vertex   -1.400315e+01 -4.576591e+00 8.650000e+01
    endloop
  endfacet
  facet normal -7.651973e-01 -2.107168e-01 6.083350e-01
    outer loop
      vertex   -1.437198e+01 -3.237229e+00 8.650000e+01
      vertex   -1.400315e+01 -4.576591e+00 8.650000e+01
      vertex   -1.370104e+01 -4.477853e+00 8.691421e+01
    endloop
  endfacet
  facet normal -7.419469e-01 -2.818569e-01 6.083350e-01
    outer loop
      vertex   -1.370104e+01 -4.477853e+00 8.691421e+01
      vertex   -1.400315e+01 -4.576591e+00 8.650000e+01
      vertex   -1.321833e+01 -5.748500e+00 8.691421e+01
    endloop
  endfacet
  facet normal -5.694798e-01 -2.163387e-01 7.930260e-01
    outer loop
      vertex   -1.370104e+01 -4.477853e+00 8.691421e+01
      vertex   -1.321833e+01 -5.748500e+00 8.691421e+01
      vertex   -1.283848e+01 -5.583309e+00 8.723205e+01
    endloop
  endfacet
  facet normal -5.465700e-01 -2.690185e-01 7.930260e-01
    outer loop
      vertex   -1.283848e+01 -5.583309e+00 8.723205e+01
      vertex   -1.321833e+01 -5.748500e+00 8.691421e+01
      vertex   -1.225549e+01 -6.767794e+00 8.723205e+01
    endloop
  endfacet
  facet normal -3.436740e-01 -1.691543e-01 9.237288e-01
    outer loop
      vertex   -1.283848e+01 -5.583309e+00 8.723205e+01
      vertex   -1.225549e+01 -6.767794e+00 8.723205e+01
      vertex   -1.183323e+01 -6.534613e+00 8.743185e+01
    endloop
  endfacet
  facet normal -3.262127e-01 -2.007743e-01 9.237288e-01
    outer loop
      vertex   -1.183323e+01 -6.534613e+00 8.743185e+01
      vertex   -1.225549e+01 -6.767794e+00 8.723205e+01
      vertex   -1.116510e+01 -7.620180e+00 8.743185e+01
    endloop
  endfacet
  facet normal -9.764271e-01 -1.720180e-01 1.303835e-01
    outer loop
      vertex   -1.487879e+01 -1.903076e+00 8.550000e+01
      vertex   -1.463338e+01 -3.296108e+00 8.550000e+01
      vertex   -1.456689e+01 -3.281133e+00 8.601764e+01
    endloop
  endfacet
  facet normal -9.558827e-01 -2.632269e-01 1.303835e-01
    outer loop
      vertex   -1.456689e+01 -3.281133e+00 8.601764e+01
      vertex   -1.463338e+01 -3.296108e+00 8.550000e+01
      vertex   -1.419306e+01 -4.638660e+00 8.601764e+01
    endloop
  endfacet
  facet normal -8.908690e-01 -2.453237e-01 3.823201e-01
    outer loop
      vertex   -1.456689e+01 -3.281133e+00 8.601764e+01
      vertex   -1.419306e+01 -4.638660e+00 8.601764e+01
      vertex   -1.400315e+01 -4.576591e+00 8.650000e+01
    endloop
  endfacet
  facet normal -8.638001e-01 -3.281475e-01 3.823201e-01
    outer loop
      vertex   -1.400315e+01 -4.576591e+00 8.650000e+01
      vertex   -1.419306e+01 -4.638660e+00 8.601764e+01
      vertex   -1.350980e+01 -5.875256e+00 8.650000e+01
    endloop
  endfacet
  facet normal -7.419469e-01 -2.818569e-01 6.083350e-01
    outer loop
      vertex   -1.400315e+01 -4.576591e+00 8.650000e+01
      vertex   -1.350980e+01 -5.875256e+00 8.650000e+01
      vertex   -1.321833e+01 -5.748500e+00 8.691421e+01
    endloop
  endfacet
  facet normal -7.120988e-01 -3.504908e-01 6.083350e-01
    outer loop
      vertex   -1.321833e+01 -5.748500e+00 8.691421e+01
      vertex   -1.350980e+01 -5.875256e+00 8.650000e+01
      vertex   -1.261809e+01 -6.968030e+00 8.691421e+01
    endloop
  endfacet
  facet normal -5.465700e-01 -2.690185e-01 7.930260e-01
    outer loop
      vertex   -1.321833e+01 -5.748500e+00 8.691421e+01
      vertex   -1.261809e+01 -6.968030e+00 8.691421e+01
      vertex   -1.225549e+01 -6.767794e+00 8.723205e+01
    endloop
  endfacet
  facet normal -5.187999e-01 -3.193061e-01 7.930260e-01
    outer loop
      vertex   -1.225549e+01 -6.767794e+00 8.723205e+01
      vertex   -1.261809e+01 -6.968030e+00 8.691421e+01
      vertex   -1.156351e+01 -7.892098e+00 8.723205e+01
    endloop
  endfacet
  facet normal -3.262127e-01 -2.007743e-01 9.237288e-01
    outer loop
      vertex   -1.225549e+01 -6.767794e+00 8.723205e+01
      vertex   -1.156351e+01 -7.892098e+00 8.723205e+01
      vertex   -1.116510e+01 -7.620180e+00 8.743185e+01
    endloop
  endfacet
  facet normal -3.058505e-01 -2.306089e-01 9.237288e-01
    outer loop
      vertex   -1.116510e+01 -7.620180e+00 8.743185e+01
      vertex   -1.156351e+01 -7.892098e+00 8.723205e+01
      vertex   -1.039768e+01 -8.637986e+00 8.743185e+01
    endloop
  endfacet
  facet normal -9.558827e-01 -2.632269e-01 1.303835e-01
    outer loop
      vertex   -1.463338e+01 -3.296108e+00 8.550000e+01
      vertex   -1.425784e+01 -4.659831e+00 8.550000e+01
      vertex   -1.419306e+01 -4.638660e+00 8.601764e+01
    endloop
  endfacet
  facet normal -9.268383e-01 -3.520950e-01 1.303835e-01
    outer loop
      vertex   -1.419306e+01 -4.638660e+00 8.601764e+01
      vertex   -1.425784e+01 -4.659831e+00 8.550000e+01
      vertex   -1.369302e+01 -5.954938e+00 8.601764e+01
    endloop
  endfacet
  facet normal -8.638001e-01 -3.281475e-01 3.823201e-01
    outer loop
      vertex   -1.419306e+01 -4.638660e+00 8.601764e+01
      vertex   -1.369302e+01 -5.954938e+00 8.601764e+01
      vertex   -1.350980e+01 -5.875256e+00 8.650000e+01
    endloop
  endfacet
  facet normal -8.290499e-01 -4.080534e-01 3.823201e-01
    outer loop
      vertex   -1.350980e+01 -5.875256e+00 8.650000e+01
      vertex   -1.369302e+01 -5.954938e+00 8.601764e+01
      vertex   -1.289632e+01 -7.121677e+00 8.650000e+01
    endloop
  endfacet
  facet normal -7.120988e-01 -3.504908e-01 6.083350e-01
    outer loop
      vertex   -1.350980e+01 -5.875256e+00 8.650000e+01
      vertex   -1.289632e+01 -7.121677e+00 8.650000e+01
      vertex   -1.261809e+01 -6.968030e+00 8.691421e+01
    endloop
  endfacet
  facet normal -6.759185e-01 -4.160079e-01 6.083350e-01
    outer loop
      vertex   -1.261809e+01 -6.968030e+00 8.691421e+01
      vertex   -1.289632e+01 -7.121677e+00 8.650000e+01
      vertex   -1.190564e+01 -8.125599e+00 8.691421e+01
    endloop
  endfacet
  facet normal -5.187999e-01 -3.193061e-01 7.930260e-01
    outer loop
      vertex   -1.261809e+01 -6.968030e+00 8.691421e+01
      vertex   -1.190564e+01 -8.125599e+00 8.691421e+01
      vertex   -1.156351e+01 -7.892098e+00 8.723205e+01
    endloop
  endfacet
  facet normal -4.864165e-01 -3.667543e-01 7.930260e-01
    outer loop
      vertex   -1.156351e+01 -7.892098e+00 8.723205e+01
      vertex   -1.190564e+01 -8.125599e+00 8.691421e+01
      vertex   -1.076871e+01 -8.946223e+00 8.723205e+01
    endloop
  endfacet
  facet normal -3.058505e-01 -2.306089e-01 9.237288e-01
    outer loop
      vertex   -1.156351e+01 -7.892098e+00 8.723205e+01
      vertex   -1.076871e+01 -8.946223e+00 8.723205e+01
      vertex   -1.039768e+01 -8.637986e+00 8.743185e+01
    endloop
  endfacet
  facet normal -2.827687e-01 -2.583929e-01 9.237288e-01
    outer loop
      vertex   -1.039768e+01 -8.637986e+00 8.743185e+01
      vertex   -1.076871e+01 -8.946223e+00 8.723205e+01
      vertex   -9.537803e+00 -9.578980e+00 8.743185e+01
    endloop
  endfacet
  facet normal -9.268383e-01 -3.520950e-01 1.303835e-01
    outer loop
      vertex   -1.425784e+01 -4.659831e+00 8.550000e+01
      vertex   -1.375552e+01 -5.982117e+00 8.550000e+01
      vertex   -1.369302e+01 -5.954938e+00 8.601764e+01
    endloop
  endfacet
  facet normal -8.895522e-01 -4.378323e-01 1.303835e-01
    outer loop
      vertex   -1.369302e+01 -5.954938e+00 8.601764e+01
      vertex   -1.375552e+01 -5.982117e+00 8.550000e+01
      vertex   -1.307122e+01 -7.218264e+00 8.601764e+01
    endloop
  endfacet
  facet normal -8.290499e-01 -4.080534e-01 3.823201e-01
    outer loop
      vertex   -1.369302e+01 -5.954938e+00 8.601764e+01
      vertex   -1.307122e+01 -7.218264e+00 8.601764e+01
      vertex   -1.289632e+01 -7.121677e+00 8.650000e+01
    endloop
  endfacet
  facet normal -7.869276e-01 -4.843308e-01 3.823201e-01
    outer loop
      vertex   -1.289632e+01 -7.121677e+00 8.650000e+01
      vertex   -1.307122e+01 -7.218264e+00 8.601764e+01
      vertex   -1.216816e+01 -8.304770e+00 8.650000e+01
    endloop
  endfacet
  facet normal -6.759185e-01 -4.160079e-01 6.083350e-01
    outer loop
      vertex   -1.289632e+01 -7.121677e+00 8.650000e+01
      vertex   -1.216816e+01 -8.304770e+00 8.650000e+01
      vertex   -1.190564e+01 -8.125599e+00 8.691421e+01
    endloop
  endfacet
  facet normal -6.337278e-01 -4.778258e-01 6.083350e-01
    outer loop
      vertex   -1.190564e+01 -8.125599e+00 8.691421e+01
      vertex   -1.216816e+01 -8.304770e+00 8.650000e+01
      vertex   -1.108732e+01 -9.210912e+00 8.691421e+01
    endloop
  endfacet
  facet normal -4.864165e-01 -3.667543e-01 7.930260e-01
    outer loop
      vertex   -1.190564e+01 -8.125599e+00 8.691421e+01
      vertex   -1.108732e+01 -9.210912e+00 8.691421e+01
      vertex   -1.076871e+01 -8.946223e+00 8.723205e+01
    endloop
  endfacet
  facet normal -4.497078e-01 -4.109412e-01 7.930260e-01
    outer loop
      vertex   -1.076871e+01 -8.946223e+00 8.723205e+01
      vertex   -1.108732e+01 -9.210912e+00 8.691421e+01
      vertex   -9.878149e+00 -9.920795e+00 8.723205e+01
    endloop
  endfacet
  facet normal -2.827687e-01 -2.583929e-01 9.237288e-01
    outer loop
      vertex   -1.076871e+01 -8.946223e+00 8.723205e+01
      vertex   -9.878149e+00 -9.920795e+00 8.723205e+01
      vertex   -9.537803e+00 -9.578980e+00 8.743185e+01
    endloop
  endfacet
  facet normal -2.571724e-01 -2.838792e-01 9.237288e-01
    outer loop
      vertex   -9.537803e+00 -9.578980e+00 8.743185e+01
      vertex   -9.878149e+00 -9.920795e+00 8.723205e+01
      vertex   -8.593113e+00 -1.043480e+01 8.743185e+01
    endloop
  endfacet
  facet normal -8.895522e-01 -4.378323e-01 1.303835e-01
    outer loop
      vertex   -1.375552e+01 -5.982117e+00 8.550000e+01
      vertex   -1.313088e+01 -7.251208e+00 8.550000e+01
      vertex   -1.307122e+01 -7.218264e+00 8.601764e+01
    endloop
  endfacet
  facet normal -8.443559e-01 -5.196761e-01 1.303835e-01
    outer loop
      vertex   -1.307122e+01 -7.218264e+00 8.601764e+01
      vertex   -1.313088e+01 -7.251208e+00 8.550000e+01
      vertex   -1.233319e+01 -8.417402e+00 8.601764e+01
    endloop
  endfacet
  facet normal -7.869276e-01 -4.843308e-01 3.823201e-01
    outer loop
      vertex   -1.307122e+01 -7.218264e+00 8.601764e+01
      vertex   -1.233319e+01 -8.417402e+00 8.601764e+01
      vertex   -1.216816e+01 -8.304770e+00 8.650000e+01
    endloop
  endfacet
  facet normal -7.378077e-01 -5.563013e-01 3.823201e-01
    outer loop
      vertex   -1.216816e+01 -8.304770e+00 8.650000e+01
      vertex   -1.233319e+01 -8.417402e+00 8.601764e+01
      vertex   -1.133180e+01 -9.414015e+00 8.650000e+01
    endloop
  endfacet
  facet normal -6.337278e-01 -4.778258e-01 6.083350e-01
    outer loop
      vertex   -1.216816e+01 -8.304770e+00 8.650000e+01
      vertex   -1.133180e+01 -9.414015e+00 8.650000e+01
      vertex   -1.108732e+01 -9.210912e+00 8.691421e+01
    endloop
  endfacet
  facet normal -5.859018e-01 -5.353948e-01 6.083350e-01
    outer loop
      vertex   -1.108732e+01 -9.210912e+00 8.691421e+01
      vertex   -1.133180e+01 -9.414015e+00 8.650000e+01
      vertex   -1.017041e+01 -1.021432e+01 8.691421e+01
    endloop
  endfacet
  facet normal -4.497078e-01 -4.109412e-01 7.930260e-01
    outer loop
      vertex   -1.108732e+01 -9.210912e+00 8.691421e+01
      vertex   -1.017041e+01 -1.021432e+01 8.691421e+01
      vertex   -9.878149e+00 -9.920795e+00 8.723205e+01
    endloop
  endfacet
  facet normal -4.090001e-01 -4.514739e-01 7.930260e-01
    outer loop
      vertex   -9.878149e+00 -9.920795e+00 8.723205e+01
      vertex   -1.017041e+01 -1.021432e+01 8.691421e+01
      vertex   -8.899749e+00 -1.080715e+01 8.723205e+01
    endloop
  endfacet
  facet normal -2.571724e-01 -2.838792e-01 9.237288e-01
    outer loop
      vertex   -9.878149e+00 -9.920795e+00 8.723205e+01
      vertex   -8.899749e+00 -1.080715e+01 8.723205e+01
      vertex   -8.593113e+00 -1.043480e+01 8.743185e+01
    endloop
  endfacet
  facet normal -2.292874e-01 -3.068426e-01 9.237288e-01
    outer loop
      vertex   -8.593113e+00 -1.043480e+01 8.743185e+01
      vertex   -8.899749e+00 -1.080715e+01 8.723205e+01
      vertex   -7.842072e+00 -1.159750e+01 8.723205e+01
    endloop
  endfacet
  facet normal -2.292862e-01 -3.068419e-01 9.237293e-01
    outer loop
      vertex   -8.593113e+00 -1.043480e+01 8.743185e+01
      vertex   -7.842072e+00 -1.159750e+01 8.723205e+01
      vertex   -7.571845e+00 -1.119793e+01 8.743185e+01
    endloop
  endfacet
  facet normal -1.993658e-01 -3.270768e-01 9.237283e-01
    outer loop
      vertex   -7.571845e+00 -1.119793e+01 8.743185e+01
      vertex   -7.842072e+00 -1.159750e+01 8.723205e+01
      vertex   -6.714935e+00 -1.228453e+01 8.723205e+01
    endloop
  endfacet
  facet normal -8.443559e-01 -5.196761e-01 1.303835e-01
    outer loop
      vertex   -1.313088e+01 -7.251208e+00 8.550000e+01
      vertex   -1.238948e+01 -8.455819e+00 8.550000e+01
      vertex   -1.233319e+01 -8.417402e+00 8.601764e+01
    endloop
  endfacet
  facet normal -7.916513e-01 -5.968989e-01 1.303835e-01
    outer loop
      vertex   -1.233319e+01 -8.417402e+00 8.601764e+01
      vertex   -1.238948e+01 -8.455819e+00 8.550000e+01
      vertex   -1.148548e+01 -9.541691e+00 8.601764e+01
    endloop
  endfacet
  facet normal -7.378077e-01 -5.563013e-01 3.823201e-01
    outer loop
      vertex   -1.233319e+01 -8.417402e+00 8.601764e+01
      vertex   -1.148548e+01 -9.541691e+00 8.601764e+01
      vertex   -1.133180e+01 -9.414015e+00 8.650000e+01
    endloop
  endfacet
  facet normal -6.821270e-01 -6.233250e-01 3.823201e-01
    outer loop
      vertex   -1.133180e+01 -9.414015e+00 8.650000e+01
      vertex   -1.148548e+01 -9.541691e+00 8.601764e+01
      vertex   -1.039467e+01 -1.043955e+01 8.650000e+01
    endloop
  endfacet
  facet normal -5.859018e-01 -5.353948e-01 6.083350e-01
    outer loop
      vertex   -1.133180e+01 -9.414015e+00 8.650000e+01
      vertex   -1.039467e+01 -1.043955e+01 8.650000e+01
      vertex   -1.017041e+01 -1.021432e+01 8.691421e+01
    endloop
  endfacet
  facet normal -5.328658e-01 -5.882028e-01 6.083350e-01
    outer loop
      vertex   -1.017041e+01 -1.021432e+01 8.691421e+01
      vertex   -1.039467e+01 -1.043955e+01 8.650000e+01
      vertex   -9.163063e+00 -1.112690e+01 8.691421e+01
    endloop
  endfacet
  facet normal -4.090001e-01 -4.514739e-01 7.930260e-01
    outer loop
      vertex   -1.017041e+01 -1.021432e+01 8.691421e+01
      vertex   -9.163063e+00 -1.112690e+01 8.691421e+01
      vertex   -8.899749e+00 -1.080715e+01 8.723205e+01
    endloop
  endfacet
  facet normal -3.646533e-01 -4.879937e-01 7.930260e-01
    outer loop
      vertex   -8.899749e+00 -1.080715e+01 8.723205e+01
      vertex   -9.163063e+00 -1.112690e+01 8.691421e+01
      vertex   -8.074128e+00 -1.194060e+01 8.691421e+01
    endloop
  endfacet
  facet normal -3.646515e-01 -4.879927e-01 7.930274e-01
    outer loop
      vertex   -8.899749e+00 -1.080715e+01 8.723205e+01
      vertex   -8.074128e+00 -1.194060e+01 8.691421e+01
      vertex   -7.842072e+00 -1.159750e+01 8.723205e+01
    endloop
  endfacet
  facet normal -3.170667e-01 -5.201736e-01 7.930247e-01
    outer loop
      vertex   -7.842072e+00 -1.159750e+01 8.723205e+01
      vertex   -8.074128e+00 -1.194060e+01 8.691421e+01
      vertex   -6.913608e+00 -1.264799e+01 8.691421e+01
    endloop
  endfacet
  facet normal -3.170650e-01 -5.201725e-01 7.930261e-01
    outer loop
      vertex   -7.842072e+00 -1.159750e+01 8.723205e+01
      vertex   -6.913608e+00 -1.264799e+01 8.691421e+01
      vertex   -6.714935e+00 -1.228453e+01 8.723205e+01
    endloop
  endfacet
  facet normal -2.666614e-01 -5.477239e-01 7.930260e-01
    outer loop
      vertex   -6.714935e+00 -1.228453e+01 8.723205e+01
      vertex   -6.913608e+00 -1.264799e+01 8.691421e+01
      vertex   -5.527950e+00 -1.286242e+01 8.723205e+01
    endloop
  endfacet
  facet normal -7.916513e-01 -5.968989e-01 1.303835e-01
    outer loop
      vertex   -1.238948e+01 -8.455819e+00 8.550000e+01
      vertex   -1.153790e+01 -9.585239e+00 8.550000e+01
      vertex   -1.148548e+01 -9.541691e+00 8.601764e+01
    endloop
  endfacet
  facet normal -7.319072e-01 -6.688139e-01 1.303835e-01
    outer loop
      vertex   -1.148548e+01 -9.541691e+00 8.601764e+01
      vertex   -1.153790e+01 -9.585239e+00 8.550000e+01
      vertex   -1.053565e+01 -1.058113e+01 8.601764e+01
    endloop
  endfacet
  facet normal -6.821270e-01 -6.233250e-01 3.823201e-01
    outer loop
      vertex   -1.148548e+01 -9.541691e+00 8.601764e+01
      vertex   -1.053565e+01 -1.058113e+01 8.601764e+01
      vertex   -1.039467e+01 -1.043955e+01 8.650000e+01
    endloop
  endfacet
  facet normal -6.203807e-01 -6.848059e-01 3.823201e-01
    outer loop
      vertex   -1.039467e+01 -1.043955e+01 8.650000e+01
      vertex   -1.053565e+01 -1.058113e+01 8.601764e+01
      vertex   -9.365111e+00 -1.137225e+01 8.650000e+01
    endloop
  endfacet
  facet normal -5.328658e-01 -5.882028e-01 6.083350e-01
    outer loop
      vertex   -1.039467e+01 -1.043955e+01 8.650000e+01
      vertex   -9.365111e+00 -1.137225e+01 8.650000e+01
      vertex   -9.163063e+00 -1.112690e+01 8.691421e+01
    endloop
  endfacet
  facet normal -4.750895e-01 -6.357818e-01 6.083350e-01
    outer loop
      vertex   -9.163063e+00 -1.112690e+01 8.691421e+01
      vertex   -9.365111e+00 -1.137225e+01 8.650000e+01
      vertex   -8.252201e+00 -1.220387e+01 8.650000e+01
    endloop
  endfacet
  facet normal -4.750874e-01 -6.357810e-01 6.083374e-01
    outer loop
      vertex   -9.163063e+00 -1.112690e+01 8.691421e+01
      vertex   -8.252201e+00 -1.220387e+01 8.650000e+01
      vertex   -8.074128e+00 -1.194060e+01 8.691421e+01
    endloop
  endfacet
  facet normal -4.130912e-01 -6.777072e-01 6.083326e-01
    outer loop
      vertex   -8.074128e+00 -1.194060e+01 8.691421e+01
      vertex   -8.252201e+00 -1.220387e+01 8.650000e+01
      vertex   -7.066055e+00 -1.292688e+01 8.650000e+01
    endloop
  endfacet
  facet normal -4.130892e-01 -6.777062e-01 6.083351e-01
    outer loop
      vertex   -8.074128e+00 -1.194060e+01 8.691421e+01
      vertex   -7.066055e+00 -1.292688e+01 8.650000e+01
      vertex   -6.913608e+00 -1.264799e+01 8.691421e+01
    endloop
  endfacet
  facet normal -3.474199e-01 -7.136021e-01 6.083350e-01
    outer loop
      vertex   -6.913608e+00 -1.264799e+01 8.691421e+01
      vertex   -7.066055e+00 -1.292688e+01 8.650000e+01
      vertex   -5.691503e+00 -1.324297e+01 8.691421e+01
    endloop
  endfacet
  facet normal -2.666614e-01 -5.477239e-01 7.930260e-01
    outer loop
      vertex   -6.913608e+00 -1.264799e+01 8.691421e+01
      vertex   -5.691503e+00 -1.324297e+01 8.691421e+01
      vertex   -5.527950e+00 -1.286242e+01 8.723205e+01
    endloop
  endfacet
  facet normal -7.319072e-01 -6.688139e-01 1.303835e-01
    outer loop
      vertex   -1.153790e+01 -9.585239e+00 8.550000e+01
      vertex   -1.058373e+01 -1.062942e+01 8.550000e+01
      vertex   -1.053565e+01 -1.058113e+01 8.601764e+01
    endloop
  endfacet
  facet normal -6.656547e-01 -7.347816e-01 1.303835e-01
    outer loop
      vertex   -1.053565e+01 -1.058113e+01 8.601764e+01
      vertex   -1.058373e+01 -1.062942e+01 8.550000e+01
      vertex   -9.492124e+00 -1.152648e+01 8.601764e+01
    endloop
  endfacet
  facet normal -6.203807e-01 -6.848059e-01 3.823201e-01
    outer loop
      vertex   -1.053565e+01 -1.058113e+01 8.601764e+01
      vertex   -9.492124e+00 -1.152648e+01 8.601764e+01
      vertex   -9.365111e+00 -1.137225e+01 8.650000e+01
    endloop
  endfacet
  facet normal -5.531166e-01 -7.401982e-01 3.823200e-01
    outer loop
      vertex   -9.365111e+00 -1.137225e+01 8.650000e+01
      vertex   -9.492124e+00 -1.152648e+01 8.601764e+01
      vertex   -8.364157e+00 -1.236936e+01 8.601764e+01
    endloop
  endfacet
  facet normal -5.531147e-01 -7.401979e-01 3.823234e-01
    outer loop
      vertex   -9.365111e+00 -1.137225e+01 8.650000e+01
      vertex   -8.364157e+00 -1.236936e+01 8.601764e+01
      vertex   -8.252201e+00 -1.220387e+01 8.650000e+01
    endloop
  endfacet
  facet normal -4.809358e-01 -7.890087e-01 3.823167e-01
    outer loop
      vertex   -8.252201e+00 -1.220387e+01 8.650000e+01
      vertex   -8.364157e+00 -1.236936e+01 8.601764e+01
      vertex   -7.161887e+00 -1.310220e+01 8.601764e+01
    endloop
  endfacet
  facet normal -4.809339e-01 -7.890082e-01 3.823201e-01
    outer loop
      vertex   -8.252201e+00 -1.220387e+01 8.650000e+01
      vertex   -7.161887e+00 -1.310220e+01 8.601764e+01
      vertex   -7.066055e+00 -1.292688e+01 8.650000e+01
    endloop
  endfacet
  facet normal -4.044781e-01 -8.308001e-01 3.823201e-01
    outer loop
      vertex   -7.066055e+00 -1.292688e+01 8.650000e+01
      vertex   -7.161887e+00 -1.310220e+01 8.601764e+01
      vertex   -5.817003e+00 -1.353498e+01 8.650000e+01
    endloop
  endfacet
  facet normal -3.474199e-01 -7.136021e-01 6.083350e-01
    outer loop
      vertex   -7.066055e+00 -1.292688e+01 8.650000e+01
      vertex   -5.817003e+00 -1.353498e+01 8.650000e+01
      vertex   -5.691503e+00 -1.324297e+01 8.691421e+01
    endloop
  endfacet
  facet normal -6.656547e-01 -7.347816e-01 1.303835e-01
    outer loop
      vertex   -1.058373e+01 -1.062942e+01 8.550000e+01
      vertex   -9.535445e+00 -1.157909e+01 8.550000e+01
      vertex   -9.492124e+00 -1.152648e+01 8.601764e+01
    endloop
  endfacet
  facet normal -5.934830e-01 -7.942154e-01 1.303835e-01
    outer loop
      vertex   -9.492124e+00 -1.152648e+01 8.601764e+01
      vertex   -9.535445e+00 -1.157909e+01 8.550000e+01
      vertex   -8.402368e+00 -1.242579e+01 8.550000e+01
    endloop
  endfacet
  facet normal -5.934815e-01 -7.942158e-01 1.303874e-01
    outer loop
      vertex   -9.492124e+00 -1.152648e+01 8.601764e+01
      vertex   -8.402368e+00 -1.242579e+01 8.550000e+01
      vertex   -8.364157e+00 -1.236936e+01 8.601764e+01
    endloop
  endfacet
  facet normal -5.160342e-01 -8.465872e-01 1.303796e-01
    outer loop
      vertex   -8.364157e+00 -1.236936e+01 8.601764e+01
      vertex   -8.402368e+00 -1.242579e+01 8.550000e+01
      vertex   -7.194574e+00 -1.316200e+01 8.550000e+01
    endloop
  endfacet
  facet normal -5.160326e-01 -8.465875e-01 1.303835e-01
    outer loop
      vertex   -8.364157e+00 -1.236936e+01 8.601764e+01
      vertex   -7.194574e+00 -1.316200e+01 8.550000e+01
      vertex   -7.161887e+00 -1.310220e+01 8.601764e+01
    endloop
  endfacet
  facet normal -4.339961e-01 -8.914301e-01 1.303835e-01
    outer loop
      vertex   -7.161887e+00 -1.310220e+01 8.601764e+01
      vertex   -7.194574e+00 -1.316200e+01 8.550000e+01
      vertex   -5.895895e+00 -1.371855e+01 8.601764e+01
    endloop
  endfacet
  facet normal -4.044781e-01 -8.308001e-01 3.823201e-01
    outer loop
      vertex   -7.161887e+00 -1.310220e+01 8.601764e+01
      vertex   -5.895895e+00 -1.371855e+01 8.601764e+01
      vertex   -5.817003e+00 -1.353498e+01 8.650000e+01
    endloop
  endfacet
  facet normal -4.339961e-01 -8.914301e-01 1.303835e-01
    outer loop
      vertex   -7.194574e+00 -1.316200e+01 8.550000e+01
      vertex   -5.922803e+00 -1.378116e+01 8.550000e+01
      vertex   -5.895895e+00 -1.371855e+01 8.601764e+01
    endloop
  endfacet
  facet normal -7.643701e-02 -2.436238e-01 9.668531e-01
    outer loop
      vertex   -4.854033e+00 -1.282782e+01 8.736712e+01
      vertex   -4.926830e+00 -1.241497e+01 8.746540e+01
      vertex   -5.337487e+00 -1.241925e+01 8.743185e+01
    endloop
  endfacet
  facet normal -8.002813e-02 -9.683950e-02 9.920774e-01
    outer loop
      vertex   -5.337487e+00 -1.241925e+01 8.743185e+01
      vertex   -4.926830e+00 -1.241497e+01 8.746540e+01
      vertex   -5.000000e+00 -1.200000e+01 8.750000e+01
    endloop
  endfacet
  facet normal -5.551958e-02 -1.164970e-01 9.916381e-01
    outer loop
      vertex   -5.337487e+00 -1.241925e+01 8.743185e+01
      vertex   -5.000000e+00 -1.200000e+01 8.750000e+01
      vertex   -6.171691e+00 -1.144160e+01 8.750000e+01
    endloop
  endfacet
  facet normal -5.754942e-02 -1.182068e-01 9.913199e-01
    outer loop
      vertex   -5.337487e+00 -1.241925e+01 8.743185e+01
      vertex   -6.171691e+00 -1.144160e+01 8.750000e+01
      vertex   -6.483576e+00 -1.186127e+01 8.743185e+01
    endloop
  endfacet
  facet normal -6.725366e-02 -1.110305e-01 9.915388e-01
    outer loop
      vertex   -6.483576e+00 -1.186127e+01 8.743185e+01
      vertex   -6.171691e+00 -1.144160e+01 8.750000e+01
      vertex   -7.281860e+00 -1.076915e+01 8.750000e+01
    endloop
  endfacet
  facet normal -1.227142e-01 3.426731e-02 9.918503e-01
    outer loop
      vertex   -1.267992e+01 2.867000e+00 8.750000e+01
      vertex   -1.233083e+01 4.117122e+00 8.750000e+01
      vertex   -1.309700e+01 3.345904e+00 8.743185e+01
    endloop
  endfacet
  facet normal -1.274586e-01 3.904915e-02 9.910749e-01
    outer loop
      vertex   -1.309700e+01 3.345904e+00 8.743185e+01
      vertex   -1.233083e+01 4.117122e+00 8.750000e+01
      vertex   -1.272361e+01 4.564688e+00 8.743185e+01
    endloop
  endfacet
  facet normal -3.662444e-01 1.122054e-01 9.237288e-01
    outer loop
      vertex   -1.309700e+01 3.345904e+00 8.743185e+01
      vertex   -1.272361e+01 4.564688e+00 8.743185e+01
      vertex   -1.317763e+01 4.727574e+00 8.723205e+01
    endloop
  endfacet
  facet normal -3.540470e-01 1.462045e-01 9.237288e-01
    outer loop
      vertex   -1.317763e+01 4.727574e+00 8.723205e+01
      vertex   -1.272361e+01 4.564688e+00 8.743185e+01
      vertex   -1.267374e+01 5.947810e+00 8.723205e+01
    endloop
  endfacet
  facet normal -5.630669e-01 2.325198e-01 7.930260e-01
    outer loop
      vertex   -1.317763e+01 4.727574e+00 8.723205e+01
      vertex   -1.267374e+01 5.947810e+00 8.723205e+01
      vertex   -1.304871e+01 6.123786e+00 8.691421e+01
    endloop
  endfacet
  facet normal -5.386614e-01 2.845235e-01 7.930260e-01
    outer loop
      vertex   -1.304871e+01 6.123786e+00 8.691421e+01
      vertex   -1.267374e+01 5.947810e+00 8.723205e+01
      vertex   -1.241387e+01 7.325670e+00 8.691421e+01
    endloop
  endfacet
  facet normal -7.017950e-01 3.706915e-01 6.083350e-01
    outer loop
      vertex   -1.304871e+01 6.123786e+00 8.691421e+01
      vertex   -1.241387e+01 7.325670e+00 8.691421e+01
      vertex   -1.268760e+01 7.487203e+00 8.650000e+01
    endloop
  endfacet
  facet normal -6.637578e-01 4.351483e-01 6.083350e-01
    outer loop
      vertex   -1.268760e+01 7.487203e+00 8.650000e+01
      vertex   -1.241387e+01 7.325670e+00 8.691421e+01
      vertex   -1.192594e+01 8.649010e+00 8.650000e+01
    endloop
  endfacet
  facet normal -7.727697e-01 5.066146e-01 3.823201e-01
    outer loop
      vertex   -1.268760e+01 7.487203e+00 8.650000e+01
      vertex   -1.192594e+01 8.649010e+00 8.650000e+01
      vertex   -1.208768e+01 8.766311e+00 8.601764e+01
    endloop
  endfacet
  facet normal -7.216143e-01 5.771518e-01 3.823201e-01
    outer loop
      vertex   -1.208768e+01 8.766311e+00 8.601764e+01
      vertex   -1.192594e+01 8.649010e+00 8.650000e+01
      vertex   -1.105825e+01 9.733886e+00 8.650000e+01
    endloop
  endfacet
  facet normal -7.216144e-01 5.771524e-01 3.823190e-01
    outer loop
      vertex   -1.208768e+01 8.766311e+00 8.601764e+01
      vertex   -1.105825e+01 9.733886e+00 8.650000e+01
      vertex   -1.120821e+01 9.865912e+00 8.601764e+01
    endloop
  endfacet
  facet normal -6.640413e-01 6.425572e-01 3.823212e-01
    outer loop
      vertex   -1.120821e+01 9.865912e+00 8.601764e+01
      vertex   -1.105825e+01 9.733886e+00 8.650000e+01
      vertex   -1.009218e+01 1.073225e+01 8.650000e+01
    endloop
  endfacet
  facet normal -6.640413e-01 6.425578e-01 3.823201e-01
    outer loop
      vertex   -1.120821e+01 9.865912e+00 8.601764e+01
      vertex   -1.009218e+01 1.073225e+01 8.650000e+01
      vertex   -1.022906e+01 1.087780e+01 8.601764e+01
    endloop
  endfacet
  facet normal -6.005634e-01 7.022500e-01 3.823201e-01
    outer loop
      vertex   -1.022906e+01 1.087780e+01 8.601764e+01
      vertex   -1.009218e+01 1.073225e+01 8.650000e+01
      vertex   -9.158951e+00 1.179296e+01 8.601764e+01
    endloop
  endfacet
  facet normal -1.190990e-01 4.649473e-02 9.917932e-01
    outer loop
      vertex   -1.233083e+01 4.117122e+00 8.750000e+01
      vertex   -1.185882e+01 5.326203e+00 8.750000e+01
      vertex   -1.272361e+01 4.564688e+00 8.743185e+01
    endloop
  endfacet
  facet normal -1.227375e-01 5.068476e-02 9.911441e-01
    outer loop
      vertex   -1.272361e+01 4.564688e+00 8.743185e+01
      vertex   -1.185882e+01 5.326203e+00 8.750000e+01
      vertex   -1.223707e+01 5.742882e+00 8.743185e+01
    endloop
  endfacet
  facet normal -3.540470e-01 1.462045e-01 9.237288e-01
    outer loop
      vertex   -1.272361e+01 4.564688e+00 8.743185e+01
      vertex   -1.223707e+01 5.742882e+00 8.743185e+01
      vertex   -1.267374e+01 5.947810e+00 8.723205e+01
    endloop
  endfacet
  facet normal -3.387012e-01 1.789036e-01 9.237288e-01
    outer loop
      vertex   -1.267374e+01 5.947810e+00 8.723205e+01
      vertex   -1.223707e+01 5.742882e+00 8.743185e+01
      vertex   -1.205714e+01 7.115156e+00 8.723205e+01
    endloop
  endfacet
  facet normal -5.386614e-01 2.845235e-01 7.930260e-01
    outer loop
      vertex   -1.267374e+01 5.947810e+00 8.723205e+01
      vertex   -1.205714e+01 7.115156e+00 8.723205e+01
      vertex   -1.241387e+01 7.325670e+00 8.691421e+01
    endloop
  endfacet
  facet normal -5.094660e-01 3.339972e-01 7.930260e-01
    outer loop
      vertex   -1.241387e+01 7.325670e+00 8.691421e+01
      vertex   -1.205714e+01 7.115156e+00 8.723205e+01
      vertex   -1.166864e+01 8.462412e+00 8.691421e+01
    endloop
  endfacet
  facet normal -6.637578e-01 4.351483e-01 6.083350e-01
    outer loop
      vertex   -1.241387e+01 7.325670e+00 8.691421e+01
      vertex   -1.166864e+01 8.462412e+00 8.691421e+01
      vertex   -1.192594e+01 8.649010e+00 8.650000e+01
    endloop
  endfacet
  facet normal -6.198190e-01 4.957347e-01 6.083351e-01
    outer loop
      vertex   -1.192594e+01 8.649010e+00 8.650000e+01
      vertex   -1.166864e+01 8.462412e+00 8.691421e+01
      vertex   -1.081968e+01 9.523871e+00 8.691421e+01
    endloop
  endfacet
  facet normal -6.198192e-01 4.957354e-01 6.083342e-01
    outer loop
      vertex   -1.192594e+01 8.649010e+00 8.650000e+01
      vertex   -1.081968e+01 9.523871e+00 8.691421e+01
      vertex   -1.105825e+01 9.733886e+00 8.650000e+01
    endloop
  endfacet
  facet normal -5.703675e-01 5.519135e-01 6.083358e-01
    outer loop
      vertex   -1.105825e+01 9.733886e+00 8.650000e+01
      vertex   -1.081968e+01 9.523871e+00 8.691421e+01
      vertex   -9.874449e+00 1.050071e+01 8.691421e+01
    endloop
  endfacet
  facet normal -5.703676e-01 5.519142e-01 6.083350e-01
    outer loop
      vertex   -1.105825e+01 9.733886e+00 8.650000e+01
      vertex   -9.874449e+00 1.050071e+01 8.691421e+01
      vertex   -1.009218e+01 1.073225e+01 8.650000e+01
    endloop
  endfacet
  facet normal -5.158440e-01 6.031861e-01 6.083350e-01
    outer loop
      vertex   -1.009218e+01 1.073225e+01 8.650000e+01
      vertex   -9.874449e+00 1.050071e+01 8.691421e+01
      vertex   -9.036397e+00 1.163516e+01 8.650000e+01
    endloop
  endfacet
  facet normal -6.005634e-01 7.022500e-01 3.823201e-01
    outer loop
      vertex   -1.009218e+01 1.073225e+01 8.650000e+01
      vertex   -9.036397e+00 1.163516e+01 8.650000e+01
      vertex   -9.158951e+00 1.179296e+01 8.601764e+01
    endloop
  endfacet
  facet normal -5.317454e-01 7.556972e-01 3.823201e-01
    outer loop
      vertex   -9.158951e+00 1.179296e+01 8.601764e+01
      vertex   -9.036397e+00 1.163516e+01 8.650000e+01
      vertex   -8.007403e+00 1.260324e+01 8.601764e+01
    endloop
  endfacet
  facet normal -1.143560e-01 5.838790e-02 9.917225e-01
    outer loop
      vertex   -1.185882e+01 5.326203e+00 8.750000e+01
      vertex   -1.126859e+01 6.482190e+00 8.750000e+01
      vertex   -1.223707e+01 5.742882e+00 8.743185e+01
    endloop
  endfacet
  facet normal -1.168756e-01 6.173427e-02 9.912260e-01
    outer loop
      vertex   -1.223707e+01 5.742882e+00 8.743185e+01
      vertex   -1.126859e+01 6.482190e+00 8.750000e+01
      vertex   -1.164172e+01 6.870007e+00 8.743185e+01
    endloop
  endfacet
  facet normal -3.387012e-01 1.789036e-01 9.237288e-01
    outer loop
      vertex   -1.223707e+01 5.742882e+00 8.743185e+01
      vertex   -1.164172e+01 6.870007e+00 8.743185e+01
      vertex   -1.205714e+01 7.115156e+00 8.723205e+01
    endloop
  endfacet
  facet normal -3.203436e-01 2.100118e-01 9.237288e-01
    outer loop
      vertex   -1.205714e+01 7.115156e+00 8.723205e+01
      vertex   -1.164172e+01 6.870007e+00 8.743185e+01
      vertex   -1.133332e+01 8.219232e+00 8.723205e+01
    endloop
  endfacet
  facet normal -5.094660e-01 3.339972e-01 7.930260e-01
    outer loop
      vertex   -1.205714e+01 7.115156e+00 8.723205e+01
      vertex   -1.133332e+01 8.219232e+00 8.723205e+01
      vertex   -1.166864e+01 8.462412e+00 8.691421e+01
    endloop
  endfacet
  facet normal -4.757410e-01 3.804999e-01 7.930260e-01
    outer loop
      vertex   -1.166864e+01 8.462412e+00 8.691421e+01
      vertex   -1.133332e+01 8.219232e+00 8.723205e+01
      vertex   -1.050877e+01 9.250179e+00 8.723205e+01
    endloop
  endfacet
  facet normal -4.757413e-01 3.805006e-01 7.930256e-01
    outer loop
      vertex   -1.166864e+01 8.462412e+00 8.691421e+01
      vertex   -1.050877e+01 9.250179e+00 8.723205e+01
      vertex   -1.081968e+01 9.523871e+00 8.691421e+01
    endloop
  endfacet
  facet normal -4.377845e-01 4.236198e-01 7.930265e-01
    outer loop
      vertex   -1.081968e+01 9.523871e+00 8.691421e+01
      vertex   -1.050877e+01 9.250179e+00 8.723205e+01
      vertex   -9.590692e+00 1.019895e+01 8.723205e+01
    endloop
  endfacet
  facet normal -4.377848e-01 4.236204e-01 7.930260e-01
    outer loop
      vertex   -1.081968e+01 9.523871e+00 8.691421e+01
      vertex   -9.590692e+00 1.019895e+01 8.723205e+01
      vertex   -9.874449e+00 1.050071e+01 8.691421e+01
    endloop
  endfacet
  facet normal -3.959351e-01 4.629743e-01 7.930260e-01
    outer loop
      vertex   -9.874449e+00 1.050071e+01 8.691421e+01
      vertex   -9.590692e+00 1.019895e+01 8.723205e+01
      vertex   -8.841441e+00 1.138413e+01 8.691421e+01
    endloop
  endfacet
  facet normal -5.158440e-01 6.031861e-01 6.083350e-01
    outer loop
      vertex   -9.874449e+00 1.050071e+01 8.691421e+01
      vertex   -8.841441e+00 1.138413e+01 8.691421e+01
      vertex   -9.036397e+00 1.163516e+01 8.650000e+01
    endloop
  endfacet
  facet normal -4.567340e-01 6.490937e-01 6.083350e-01
    outer loop
      vertex   -9.036397e+00 1.163516e+01 8.650000e+01
      vertex   -8.841441e+00 1.138413e+01 8.691421e+01
      vertex   -7.900257e+00 1.243460e+01 8.650000e+01
    endloop
  endfacet
  facet normal -5.317454e-01 7.556972e-01 3.823201e-01
    outer loop
      vertex   -9.036397e+00 1.163516e+01 8.650000e+01
      vertex   -7.900257e+00 1.243460e+01 8.650000e+01
      vertex   -8.007403e+00 1.260324e+01 8.601764e+01
    endloop
  endfacet
  facet normal -4.581990e-01 8.024245e-01 3.823201e-01
    outer loop
      vertex   -8.007403e+00 1.260324e+01 8.601764e+01
      vertex   -7.900257e+00 1.243460e+01 8.650000e+01
      vertex   -6.784650e+00 1.330146e+01 8.601764e+01
    endloop
  endfacet
  facet normal -1.085121e-01 6.985321e-02 9.916379e-01
    outer loop
      vertex   -1.126859e+01 6.482190e+00 8.750000e+01
      vertex   -1.056604e+01 7.573560e+00 8.750000e+01
      vertex   -1.164172e+01 6.870007e+00 8.743185e+01
    endloop
  endfacet
  facet normal -1.099488e-01 7.208058e-02 9.913202e-01
    outer loop
      vertex   -1.164172e+01 6.870007e+00 8.743185e+01
      vertex   -1.056604e+01 7.573560e+00 8.750000e+01
      vertex   -1.094284e+01 7.936043e+00 8.743185e+01
    endloop
  endfacet
  facet normal -3.203436e-01 2.100118e-01 9.237288e-01
    outer loop
      vertex   -1.164172e+01 6.870007e+00 8.743185e+01
      vertex   -1.094284e+01 7.936043e+00 8.743185e+01
      vertex   -1.133332e+01 8.219232e+00 8.723205e+01
    endloop
  endfacet
  facet normal -2.991380e-01 2.392518e-01 9.237289e-01
    outer loop
      vertex   -1.133332e+01 8.219232e+00 8.723205e+01
      vertex   -1.094284e+01 7.936043e+00 8.743185e+01
      vertex   -1.014670e+01 8.931459e+00 8.743185e+01
    endloop
  endfacet
  facet normal -2.991383e-01 2.392522e-01 9.237287e-01
    outer loop
      vertex   -1.133332e+01 8.219232e+00 8.723205e+01
      vertex   -1.014670e+01 8.931459e+00 8.743185e+01
      vertex   -1.050877e+01 9.250179e+00 8.723205e+01
    endloop
  endfacet
  facet normal -2.752717e-01 2.663648e-01 9.237290e-01
    outer loop
      vertex   -1.050877e+01 9.250179e+00 8.723205e+01
      vertex   -1.014670e+01 8.931459e+00 8.743185e+01
      vertex   -9.260250e+00 9.847554e+00 8.743185e+01
    endloop
  endfacet
  facet normal -2.752718e-01 2.663653e-01 9.237288e-01
    outer loop
      vertex   -1.050877e+01 9.250179e+00 8.723205e+01
      vertex   -9.260250e+00 9.847554e+00 8.743185e+01
      vertex   -9.590692e+00 1.019895e+01 8.723205e+01
    endloop
  endfacet
  facet normal -2.489573e-01 2.911104e-01 9.237288e-01
    outer loop
      vertex   -9.590692e+00 1.019895e+01 8.723205e+01
      vertex   -9.260250e+00 9.847554e+00 8.743185e+01
      vertex   -8.587369e+00 1.105699e+01 8.723205e+01
    endloop
  endfacet
  facet normal -3.959351e-01 4.629743e-01 7.930260e-01
    outer loop
      vertex   -9.590692e+00 1.019895e+01 8.723205e+01
      vertex   -8.587369e+00 1.105699e+01 8.723205e+01
      vertex   -8.841441e+00 1.138413e+01 8.691421e+01
    endloop
  endfacet
  facet normal -3.505652e-01 4.982106e-01 7.930260e-01
    outer loop
      vertex   -8.841441e+00 1.138413e+01 8.691421e+01
      vertex   -8.587369e+00 1.105699e+01 8.723205e+01
      vertex   -7.729812e+00 1.216633e+01 8.691421e+01
    endloop
  endfacet
  facet normal -4.567340e-01 6.490937e-01 6.083350e-01
    outer loop
      vertex   -8.841441e+00 1.138413e+01 8.691421e+01
      vertex   -7.729812e+00 1.216633e+01 8.691421e+01
      vertex   -7.900257e+00 1.243460e+01 8.650000e+01
    endloop
  endfacet
  facet normal -3.935625e-01 6.892293e-01 6.083350e-01
    outer loop
      vertex   -7.900257e+00 1.243460e+01 8.650000e+01
      vertex   -7.729812e+00 1.216633e+01 8.691421e+01
      vertex   -6.693865e+00 1.312347e+01 8.650000e+01
    endloop
  endfacet
  facet normal -4.581990e-01 8.024245e-01 3.823201e-01
    outer loop
      vertex   -7.900257e+00 1.243460e+01 8.650000e+01
      vertex   -6.693865e+00 1.312347e+01 8.650000e+01
      vertex   -6.784650e+00 1.330146e+01 8.601764e+01
    endloop
  endfacet
  facet normal -3.805781e-01 8.420164e-01 3.823201e-01
    outer loop
      vertex   -6.784650e+00 1.330146e+01 8.601764e+01
      vertex   -6.693865e+00 1.312347e+01 8.650000e+01
      vertex   -5.501566e+00 1.388139e+01 8.601764e+01
    endloop
  endfacet
  facet normal -1.016011e-01 8.079911e-02 9.915386e-01
    outer loop
      vertex   -1.056604e+01 7.573560e+00 8.750000e+01
      vertex   -9.758159e+00 8.589432e+00 8.750000e+01
      vertex   -1.094284e+01 7.936043e+00 8.743185e+01
    endloop
  endfacet
  facet normal -1.020452e-01 8.161619e-02 9.914260e-01
    outer loop
      vertex   -1.094284e+01 7.936043e+00 8.743185e+01
      vertex   -9.758159e+00 8.589432e+00 8.750000e+01
      vertex   -1.014670e+01 8.931459e+00 8.743185e+01
    endloop
  endfacet
  facet normal -9.390357e-02 9.086518e-02 9.914261e-01
    outer loop
      vertex   -1.014670e+01 8.931459e+00 8.743185e+01
      vertex   -9.758159e+00 8.589432e+00 8.750000e+01
      vertex   -9.260250e+00 9.847554e+00 8.743185e+01
    endloop
  endfacet
  facet normal -9.303881e-02 9.052903e-02 9.915383e-01
    outer loop
      vertex   -9.260250e+00 9.847554e+00 8.743185e+01
      vertex   -9.758159e+00 8.589432e+00 8.750000e+01
      vertex   -8.853003e+00 9.519682e+00 8.750000e+01
    endloop
  endfacet
  facet normal -8.544645e-02 9.991413e-02 9.913204e-01
    outer loop
      vertex   -9.260250e+00 9.847554e+00 8.743185e+01
      vertex   -8.853003e+00 9.519682e+00 8.750000e+01
      vertex   -8.291496e+00 1.067603e+01 8.743185e+01
    endloop
  endfacet
  facet normal -8.305800e-02 9.877303e-02 9.916377e-01
    outer loop
      vertex   -8.291496e+00 1.067603e+01 8.743185e+01
      vertex   -8.853003e+00 9.519682e+00 8.750000e+01
      vertex   -7.859597e+00 1.035503e+01 8.750000e+01
    endloop
  endfacet
  facet normal -7.606280e-02 1.080977e-01 9.912262e-01
    outer loop
      vertex   -8.291496e+00 1.067603e+01 8.743185e+01
      vertex   -7.859597e+00 1.035503e+01 8.750000e+01
      vertex   -7.249012e+00 1.140957e+01 8.743185e+01
    endloop
  endfacet
  facet normal -7.242660e-02 1.060244e-01 9.917224e-01
    outer loop
      vertex   -7.249012e+00 1.140957e+01 8.743185e+01
      vertex   -7.859597e+00 1.035503e+01 8.750000e+01
      vertex   -6.787843e+00 1.108716e+01 8.750000e+01
    endloop
  endfacet
  facet normal -6.584650e-02 1.153142e-01 9.911442e-01
    outer loop
      vertex   -7.249012e+00 1.140957e+01 8.743185e+01
      vertex   -6.787843e+00 1.108716e+01 8.750000e+01
      vertex   -6.142067e+00 1.204166e+01 8.743185e+01
    endloop
  endfacet
  facet normal -6.123115e-02 1.122380e-01 9.917930e-01
    outer loop
      vertex   -6.142067e+00 1.204166e+01 8.743185e+01
      vertex   -6.787843e+00 1.108716e+01 8.750000e+01
      vertex   -5.648425e+00 1.170877e+01 8.750000e+01
    endloop
  endfacet
  facet normal -5.490407e-02 1.214734e-01 9.910750e-01
    outer loop
      vertex   -6.142067e+00 1.204166e+01 8.743185e+01
      vertex   -5.648425e+00 1.170877e+01 8.750000e+01
      vertex   -4.980506e+00 1.256667e+01 8.743185e+01
    endloop
  endfacet
  facet normal -4.956109e-02 1.173752e-01 9.918502e-01
    outer loop
      vertex   -4.980506e+00 1.256667e+01 8.743185e+01
      vertex   -5.648425e+00 1.170877e+01 8.750000e+01
      vertex   -4.452700e+00 1.221366e+01 8.750000e+01
    endloop
  endfacet
  facet normal -4.335247e-02 1.264977e-01 9.910191e-01
    outer loop
      vertex   -4.980506e+00 1.256667e+01 8.743185e+01
      vertex   -4.452700e+00 1.221366e+01 8.750000e+01
      vertex   -3.774656e+00 1.297993e+01 8.743185e+01
    endloop
  endfacet
  facet normal -3.750833e-02 1.214043e-01 9.918942e-01
    outer loop
      vertex   -3.774656e+00 1.297993e+01 8.743185e+01
      vertex   -4.452700e+00 1.221366e+01 8.750000e+01
      vertex   -3.212589e+00 1.259680e+01 8.750000e+01
    endloop
  endfacet
  facet normal -3.131753e-02 1.303232e-01 9.909768e-01
    outer loop
      vertex   -3.774656e+00 1.297993e+01 8.743185e+01
      vertex   -3.212589e+00 1.259680e+01 8.750000e+01
      vertex   -2.535241e+00 1.327777e+01 8.743185e+01
    endloop
  endfacet
  facet normal -2.516678e-02 1.243001e-01 9.919255e-01
    outer loop
      vertex   -2.535241e+00 1.327777e+01 8.743185e+01
      vertex   -3.212589e+00 1.259680e+01 8.750000e+01
      vertex   -1.940453e+00 1.285436e+01 8.750000e+01
    endloop
  endfacet
  facet normal -1.893216e-02 1.329011e-01 9.909485e-01
    outer loop
      vertex   -2.535241e+00 1.327777e+01 8.743185e+01
      vertex   -1.940453e+00 1.285436e+01 8.750000e+01
      vertex   -1.273282e+00 1.345754e+01 8.743185e+01
    endloop
  endfacet
  facet normal -1.263186e-02 1.260449e-01 9.919441e-01
    outer loop
      vertex   -1.273282e+00 1.345754e+01 8.743185e+01
      vertex   -1.940453e+00 1.285436e+01 8.750000e+01
      vertex   -6.489742e-01 1.298379e+01 8.750000e+01
    endloop
  endfacet
  facet normal -6.334431e-03 1.341984e-01 9.909342e-01
    outer loop
      vertex   -1.273282e+00 1.345754e+01 8.743185e+01
      vertex   -6.489742e-01 1.298379e+01 8.750000e+01
      vertex   8.277166e-16 1.351764e+01 8.743185e+01
    endloop
  endfacet
  facet normal 0.000000e+00 1.266276e-01 9.919503e-01
    outer loop
      vertex   8.277166e-16 1.351764e+01 8.743185e+01
      vertex   -6.489742e-01 1.298379e+01 8.750000e+01
      vertex   6.489742e-01 1.298379e+01 8.750000e+01
    endloop
  endfacet
  facet normal 6.334431e-03 1.341984e-01 9.909342e-01
    outer loop
      vertex   8.277166e-16 1.351764e+01 8.743185e+01
      vertex   6.489742e-01 1.298379e+01 8.750000e+01
      vertex   1.273282e+00 1.345754e+01 8.743185e+01
    endloop
  endfacet
  facet normal 1.263186e-02 1.260449e-01 9.919441e-01
    outer loop
      vertex   1.273282e+00 1.345754e+01 8.743185e+01
      vertex   6.489742e-01 1.298379e+01 8.750000e+01
      vertex   1.940453e+00 1.285436e+01 8.750000e+01
    endloop
  endfacet
  facet normal 1.893216e-02 1.329011e-01 9.909485e-01
    outer loop
      vertex   1.273282e+00 1.345754e+01 8.743185e+01
      vertex   1.940453e+00 1.285436e+01 8.750000e+01
      vertex   2.535241e+00 1.327777e+01 8.743185e+01
    endloop
  endfacet
  facet normal 2.516678e-02 1.243001e-01 9.919255e-01
    outer loop
      vertex   2.535241e+00 1.327777e+01 8.743185e+01
      vertex   1.940453e+00 1.285436e+01 8.750000e+01
      vertex   3.212589e+00 1.259680e+01 8.750000e+01
    endloop
  endfacet
  facet normal 3.131753e-02 1.303232e-01 9.909768e-01
    outer loop
      vertex   2.535241e+00 1.327777e+01 8.743185e+01
      vertex   3.212589e+00 1.259680e+01 8.750000e+01
      vertex   3.774656e+00 1.297993e+01 8.743185e+01
    endloop
  endfacet
  facet normal 3.750833e-02 1.214043e-01 9.918942e-01
    outer loop
      vertex   3.774656e+00 1.297993e+01 8.743185e+01
      vertex   3.212589e+00 1.259680e+01 8.750000e+01
      vertex   4.452700e+00 1.221366e+01 8.750000e+01
    endloop
  endfacet
  facet normal 4.335247e-02 1.264977e-01 9.910191e-01
    outer loop
      vertex   3.774656e+00 1.297993e+01 8.743185e+01
      vertex   4.452700e+00 1.221366e+01 8.750000e+01
      vertex   4.980506e+00 1.256667e+01 8.743185e+01
    endloop
  endfacet
  facet normal 4.956109e-02 1.173752e-01 9.918502e-01
    outer loop
      vertex   4.980506e+00 1.256667e+01 8.743185e+01
      vertex   4.452700e+00 1.221366e+01 8.750000e+01
      vertex   5.648425e+00 1.170877e+01 8.750000e+01
    endloop
  endfacet
  facet normal 5.490407e-02 1.214734e-01 9.910750e-01
    outer loop
      vertex   4.980506e+00 1.256667e+01 8.743185e+01
      vertex   5.648425e+00 1.170877e+01 8.750000e+01
      vertex   6.142067e+00 1.204166e+01 8.743185e+01
    endloop
  endfacet
  facet normal 6.123115e-02 1.122380e-01 9.917930e-01
    outer loop
      vertex   6.142067e+00 1.204166e+01 8.743185e+01
      vertex   5.648425e+00 1.170877e+01 8.750000e+01
      vertex   6.787843e+00 1.108716e+01 8.750000e+01
    endloop
  endfacet
  facet normal 6.584650e-02 1.153142e-01 9.911442e-01
    outer loop
      vertex   6.142067e+00 1.204166e+01 8.743185e+01
      vertex   6.787843e+00 1.108716e+01 8.750000e+01
      vertex   7.249012e+00 1.140957e+01 8.743185e+01
    endloop
  endfacet
  facet normal 7.242660e-02 1.060244e-01 9.917224e-01
    outer loop
      vertex   7.249012e+00 1.140957e+01 8.743185e+01
      vertex   6.787843e+00 1.108716e+01 8.750000e+01
      vertex   7.859597e+00 1.035503e+01 8.750000e+01
    endloop
  endfacet
  facet normal 7.606280e-02 1.080977e-01 9.912262e-01
    outer loop
      vertex   7.249012e+00 1.140957e+01 8.743185e+01
      vertex   7.859597e+00 1.035503e+01 8.750000e+01
      vertex   8.291496e+00 1.067603e+01 8.743185e+01
    endloop
  endfacet
  facet normal 8.305800e-02 9.877303e-02 9.916377e-01
    outer loop
      vertex   8.291496e+00 1.067603e+01 8.743185e+01
      vertex   7.859597e+00 1.035503e+01 8.750000e+01
      vertex   8.853003e+00 9.519682e+00 8.750000e+01
    endloop
  endfacet
  facet normal 8.544645e-02 9.991413e-02 9.913204e-01
    outer loop
      vertex   8.291496e+00 1.067603e+01 8.743185e+01
      vertex   8.853003e+00 9.519682e+00 8.750000e+01
      vertex   9.260250e+00 9.847554e+00 8.743185e+01
    endloop
  endfacet
  facet normal 9.303881e-02 9.052903e-02 9.915383e-01
    outer loop
      vertex   9.260250e+00 9.847554e+00 8.743185e+01
      vertex   8.853003e+00 9.519682e+00 8.750000e+01
      vertex   9.758159e+00 8.589432e+00 8.750000e+01
    endloop
  endfacet
  facet normal 9.390357e-02 9.086518e-02 9.914261e-01
    outer loop
      vertex   9.260250e+00 9.847554e+00 8.743185e+01
      vertex   9.758159e+00 8.589432e+00 8.750000e+01
      vertex   1.014670e+01 8.931459e+00 8.743185e+01
    endloop
  endfacet
  facet normal 1.020452e-01 8.161619e-02 9.914260e-01
    outer loop
      vertex   1.014670e+01 8.931459e+00 8.743185e+01
      vertex   9.758159e+00 8.589432e+00 8.750000e+01
      vertex   1.094284e+01 7.936043e+00 8.743185e+01
    endloop
  endfacet
  facet normal 2.991380e-01 2.392518e-01 9.237289e-01
    outer loop
      vertex   1.014670e+01 8.931459e+00 8.743185e+01
      vertex   1.094284e+01 7.936043e+00 8.743185e+01
      vertex   1.133332e+01 8.219232e+00 8.723205e+01
    endloop
  endfacet
  facet normal 3.203436e-01 2.100118e-01 9.237288e-01
    outer loop
      vertex   1.133332e+01 8.219232e+00 8.723205e+01
      vertex   1.094284e+01 7.936043e+00 8.743185e+01
      vertex   1.205714e+01 7.115156e+00 8.723205e+01
    endloop
  endfacet
  facet normal 5.094660e-01 3.339972e-01 7.930260e-01
    outer loop
      vertex   1.133332e+01 8.219232e+00 8.723205e+01
      vertex   1.205714e+01 7.115156e+00 8.723205e+01
      vertex   1.241387e+01 7.325670e+00 8.691421e+01
    endloop
  endfacet
  facet normal 5.386614e-01 2.845235e-01 7.930260e-01
    outer loop
      vertex   1.241387e+01 7.325670e+00 8.691421e+01
      vertex   1.205714e+01 7.115156e+00 8.723205e+01
      vertex   1.304871e+01 6.123786e+00 8.691421e+01
    endloop
  endfacet
  facet normal 7.017950e-01 3.706915e-01 6.083350e-01
    outer loop
      vertex   1.241387e+01 7.325670e+00 8.691421e+01
      vertex   1.304871e+01 6.123786e+00 8.691421e+01
      vertex   1.333644e+01 6.258817e+00 8.650000e+01
    endloop
  endfacet
  facet normal 7.335917e-01 3.029384e-01 6.083350e-01
    outer loop
      vertex   1.333644e+01 6.258817e+00 8.650000e+01
      vertex   1.304871e+01 6.123786e+00 8.691421e+01
      vertex   1.386668e+01 4.974776e+00 8.650000e+01
    endloop
  endfacet
  facet normal 8.540727e-01 3.526913e-01 3.823201e-01
    outer loop
      vertex   1.333644e+01 6.258817e+00 8.650000e+01
      vertex   1.386668e+01 4.974776e+00 8.650000e+01
      vertex   1.405475e+01 5.042245e+00 8.601764e+01
    endloop
  endfacet
  facet normal 8.834968e-01 2.706746e-01 3.823201e-01
    outer loop
      vertex   1.405475e+01 5.042245e+00 8.601764e+01
      vertex   1.386668e+01 4.974776e+00 8.650000e+01
      vertex   1.446721e+01 3.695953e+00 8.601764e+01
    endloop
  endfacet
  facet normal 1.016011e-01 8.079911e-02 9.915386e-01
    outer loop
      vertex   9.758159e+00 8.589432e+00 8.750000e+01
      vertex   1.056604e+01 7.573560e+00 8.750000e+01
      vertex   1.094284e+01 7.936043e+00 8.743185e+01
    endloop
  endfacet
  facet normal 1.099488e-01 7.208058e-02 9.913202e-01
    outer loop
      vertex   1.094284e+01 7.936043e+00 8.743185e+01
      vertex   1.056604e+01 7.573560e+00 8.750000e+01
      vertex   1.164172e+01 6.870007e+00 8.743185e+01
    endloop
  endfacet
  facet normal 3.203436e-01 2.100118e-01 9.237288e-01
    outer loop
      vertex   1.094284e+01 7.936043e+00 8.743185e+01
      vertex   1.164172e+01 6.870007e+00 8.743185e+01
      vertex   1.205714e+01 7.115156e+00 8.723205e+01
    endloop
  endfacet
  facet normal 3.387012e-01 1.789036e-01 9.237288e-01
    outer loop
      vertex   1.205714e+01 7.115156e+00 8.723205e+01
      vertex   1.164172e+01 6.870007e+00 8.743185e+01
      vertex   1.267374e+01 5.947810e+00 8.723205e+01
    endloop
  endfacet
  facet normal 5.386614e-01 2.845235e-01 7.930260e-01
    outer loop
      vertex   1.205714e+01 7.115156e+00 8.723205e+01
      vertex   1.267374e+01 5.947810e+00 8.723205e+01
      vertex   1.304871e+01 6.123786e+00 8.691421e+01
    endloop
  endfacet
  facet normal 5.630669e-01 2.325198e-01 7.930260e-01
    outer loop
      vertex   1.304871e+01 6.123786e+00 8.691421e+01
      vertex   1.267374e+01 5.947810e+00 8.723205e+01
      vertex   1.356752e+01 4.867447e+00 8.691421e+01
    endloop
  endfacet
  facet normal 7.335917e-01 3.029384e-01 6.083350e-01
    outer loop
      vertex   1.304871e+01 6.123786e+00 8.691421e+01
      vertex   1.356752e+01 4.867447e+00 8.691421e+01
      vertex   1.386668e+01 4.974776e+00 8.650000e+01
    endloop
  endfacet
  facet normal 7.588651e-01 2.324915e-01 6.083350e-01
    outer loop
      vertex   1.386668e+01 4.974776e+00 8.650000e+01
      vertex   1.356752e+01 4.867447e+00 8.691421e+01
      vertex   1.427363e+01 3.646498e+00 8.650000e+01
    endloop
  endfacet
  facet normal 8.834968e-01 2.706746e-01 3.823201e-01
    outer loop
      vertex   1.386668e+01 4.974776e+00 8.650000e+01
      vertex   1.427363e+01 3.646498e+00 8.650000e+01
      vertex   1.446721e+01 3.695953e+00 8.601764e+01
    endloop
  endfacet
  facet normal 9.050646e-01 1.862510e-01 3.823201e-01
    outer loop
      vertex   1.446721e+01 3.695953e+00 8.601764e+01
      vertex   1.427363e+01 3.646498e+00 8.650000e+01
      vertex   1.475102e+01 2.316794e+00 8.601764e+01
    endloop
  endfacet
  facet normal 1.085121e-01 6.985321e-02 9.916379e-01
    outer loop
      vertex   1.056604e+01 7.573560e+00 8.750000e+01
      vertex   1.126859e+01 6.482190e+00 8.750000e+01
      vertex   1.164172e+01 6.870007e+00 8.743185e+01
    endloop
  endfacet
  facet normal 1.168756e-01 6.173427e-02 9.912260e-01
    outer loop
      vertex   1.164172e+01 6.870007e+00 8.743185e+01
      vertex   1.126859e+01 6.482190e+00 8.750000e+01
      vertex   1.223707e+01 5.742882e+00 8.743185e+01
    endloop
  endfacet
  facet normal 3.387012e-01 1.789036e-01 9.237288e-01
    outer loop
      vertex   1.164172e+01 6.870007e+00 8.743185e+01
      vertex   1.223707e+01 5.742882e+00 8.743185e+01
      vertex   1.267374e+01 5.947810e+00 8.723205e+01
    endloop
  endfacet
  facet normal 3.540470e-01 1.462045e-01 9.237288e-01
    outer loop
      vertex   1.267374e+01 5.947810e+00 8.723205e+01
      vertex   1.223707e+01 5.742882e+00 8.743185e+01
      vertex   1.317763e+01 4.727574e+00 8.723205e+01
    endloop
  endfacet
  facet normal 5.630669e-01 2.325198e-01 7.930260e-01
    outer loop
      vertex   1.267374e+01 5.947810e+00 8.723205e+01
      vertex   1.317763e+01 4.727574e+00 8.723205e+01
      vertex   1.356752e+01 4.867447e+00 8.691421e+01
    endloop
  endfacet
  facet normal 5.824654e-01 1.784484e-01 7.930260e-01
    outer loop
      vertex   1.356752e+01 4.867447e+00 8.691421e+01
      vertex   1.317763e+01 4.727574e+00 8.723205e+01
      vertex   1.396568e+01 3.567826e+00 8.691421e+01
    endloop
  endfacet
  facet normal 7.588651e-01 2.324915e-01 6.083350e-01
    outer loop
      vertex   1.356752e+01 4.867447e+00 8.691421e+01
      vertex   1.396568e+01 3.567826e+00 8.691421e+01
      vertex   1.427363e+01 3.646498e+00 8.650000e+01
    endloop
  endfacet
  facet normal 7.773904e-01 1.599772e-01 6.083350e-01
    outer loop
      vertex   1.427363e+01 3.646498e+00 8.650000e+01
      vertex   1.396568e+01 3.567826e+00 8.691421e+01
      vertex   1.455364e+01 2.285794e+00 8.650000e+01
    endloop
  endfacet
  facet normal 9.050646e-01 1.862510e-01 3.823201e-01
    outer loop
      vertex   1.427363e+01 3.646498e+00 8.650000e+01
      vertex   1.455364e+01 2.285794e+00 8.650000e+01
      vertex   1.475102e+01 2.316794e+00 8.601764e+01
    endloop
  endfacet
  facet normal 9.185843e-01 1.001711e-01 3.823201e-01
    outer loop
      vertex   1.475102e+01 2.316794e+00 8.601764e+01
      vertex   1.455364e+01 2.285794e+00 8.650000e+01
      vertex   1.490367e+01 9.170343e-01 8.601764e+01
    endloop
  endfacet
  facet normal 1.143560e-01 5.838790e-02 9.917225e-01
    outer loop
      vertex   1.126859e+01 6.482190e+00 8.750000e+01
      vertex   1.185882e+01 5.326203e+00 8.750000e+01
      vertex   1.223707e+01 5.742882e+00 8.743185e+01
    endloop
  endfacet
  facet normal 1.227375e-01 5.068476e-02 9.911441e-01
    outer loop
      vertex   1.223707e+01 5.742882e+00 8.743185e+01
      vertex   1.185882e+01 5.326203e+00 8.750000e+01
      vertex   1.272361e+01 4.564688e+00 8.743185e+01
    endloop
  endfacet
  facet normal 3.540470e-01 1.462045e-01 9.237288e-01
    outer loop
      vertex   1.223707e+01 5.742882e+00 8.743185e+01
      vertex   1.272361e+01 4.564688e+00 8.743185e+01
      vertex   1.317763e+01 4.727574e+00 8.723205e+01
    endloop
  endfacet
  facet normal 3.662444e-01 1.122054e-01 9.237288e-01
    outer loop
      vertex   1.317763e+01 4.727574e+00 8.723205e+01
      vertex   1.272361e+01 4.564688e+00 8.743185e+01
      vertex   1.356435e+01 3.465299e+00 8.723205e+01
    endloop
  endfacet
  facet normal 5.824654e-01 1.784484e-01 7.930260e-01
    outer loop
      vertex   1.317763e+01 4.727574e+00 8.723205e+01
      vertex   1.356435e+01 3.465299e+00 8.723205e+01
      vertex   1.396568e+01 3.567826e+00 8.691421e+01
    endloop
  endfacet
  facet normal 5.966844e-01 1.227902e-01 7.930260e-01
    outer loop
      vertex   1.396568e+01 3.567826e+00 8.691421e+01
      vertex   1.356435e+01 3.465299e+00 8.723205e+01
      vertex   1.423965e+01 2.236479e+00 8.691421e+01
    endloop
  endfacet
  facet normal 7.773904e-01 1.599772e-01 6.083350e-01
    outer loop
      vertex   1.396568e+01 3.567826e+00 8.691421e+01
      vertex   1.423965e+01 2.236479e+00 8.691421e+01
      vertex   1.455364e+01 2.285794e+00 8.650000e+01
    endloop
  endfacet
  facet normal 7.890029e-01 8.604036e-02 6.083350e-01
    outer loop
      vertex   1.455364e+01 2.285794e+00 8.650000e+01
      vertex   1.423965e+01 2.236479e+00 8.691421e+01
      vertex   1.470424e+01 9.047636e-01 8.650000e+01
    endloop
  endfacet
  facet normal 9.185843e-01 1.001711e-01 3.823201e-01
    outer loop
      vertex   1.455364e+01 2.285794e+00 8.650000e+01
      vertex   1.470424e+01 9.047636e-01 8.650000e+01
      vertex   1.490367e+01 9.170343e-01 8.601764e+01
    endloop
  endfacet
  facet normal 9.239357e-01 1.320056e-02 3.823201e-01
    outer loop
      vertex   1.490367e+01 9.170343e-01 8.601764e+01
      vertex   1.470424e+01 9.047636e-01 8.650000e+01
      vertex   1.492378e+01 -4.908802e-01 8.601764e+01
    endloop
  endfacet
  facet normal 1.190990e-01 4.649473e-02 9.917932e-01
    outer loop
      vertex   1.185882e+01 5.326203e+00 8.750000e+01
      vertex   1.233083e+01 4.117122e+00 8.750000e+01
      vertex   1.272361e+01 4.564688e+00 8.743185e+01
    endloop
  endfacet
  facet normal 1.274586e-01 3.904915e-02 9.910749e-01
    outer loop
      vertex   1.272361e+01 4.564688e+00 8.743185e+01
      vertex   1.233083e+01 4.117122e+00 8.750000e+01
      vertex   1.309700e+01 3.345904e+00 8.743185e+01
    endloop
  endfacet
  facet normal 3.662444e-01 1.122054e-01 9.237288e-01
    outer loop
      vertex   1.272361e+01 4.564688e+00 8.743185e+01
      vertex   1.309700e+01 3.345904e+00 8.743185e+01
      vertex   1.356435e+01 3.465299e+00 8.723205e+01
    endloop
  endfacet
  facet normal 3.751851e-01 7.720841e-02 9.237288e-01
    outer loop
      vertex   1.356435e+01 3.465299e+00 8.723205e+01
      vertex   1.309700e+01 3.345904e+00 8.743185e+01
      vertex   1.383046e+01 2.172210e+00 8.723205e+01
    endloop
  endfacet
  facet normal 5.966844e-01 1.227902e-01 7.930260e-01
    outer loop
      vertex   1.356435e+01 3.465299e+00 8.723205e+01
      vertex   1.383046e+01 2.172210e+00 8.723205e+01
      vertex   1.423965e+01 2.236479e+00 8.691421e+01
    endloop
  endfacet
  facet normal 6.055976e-01 6.604011e-02 7.930260e-01
    outer loop
      vertex   1.423965e+01 2.236479e+00 8.691421e+01
      vertex   1.383046e+01 2.172210e+00 8.723205e+01
      vertex   1.438700e+01 8.852437e-01 8.691421e+01
    endloop
  endfacet
  facet normal 7.890029e-01 8.604036e-02 6.083350e-01
    outer loop
      vertex   1.423965e+01 2.236479e+00 8.691421e+01
      vertex   1.438700e+01 8.852437e-01 8.691421e+01
      vertex   1.470424e+01 9.047636e-01 8.650000e+01
    endloop
  endfacet
  facet normal 7.935994e-01 1.133840e-02 6.083350e-01
    outer loop
      vertex   1.470424e+01 9.047636e-01 8.650000e+01
      vertex   1.438700e+01 8.852437e-01 8.691421e+01
      vertex   1.472409e+01 -4.843118e-01 8.650000e+01
    endloop
  endfacet
  facet normal 9.239357e-01 1.320056e-02 3.823201e-01
    outer loop
      vertex   1.470424e+01 9.047636e-01 8.650000e+01
      vertex   1.472409e+01 -4.843118e-01 8.650000e+01
      vertex   1.492378e+01 -4.908802e-01 8.601764e+01
    endloop
  endfacet
  facet normal 9.210711e-01 -7.388741e-02 3.823201e-01
    outer loop
      vertex   1.492378e+01 -4.908802e-01 8.601764e+01
      vertex   1.472409e+01 -4.843118e-01 8.650000e+01
      vertex   1.481119e+01 -1.894430e+00 8.601764e+01
    endloop
  endfacet
  facet normal 1.227142e-01 3.426731e-02 9.918503e-01
    outer loop
      vertex   1.233083e+01 4.117122e+00 8.750000e+01
      vertex   1.267992e+01 2.867000e+00 8.750000e+01
      vertex   1.309700e+01 3.345904e+00 8.743185e+01
    endloop
  endfacet
  facet normal 1.309765e-01 2.695332e-02 9.910190e-01
    outer loop
      vertex   1.309700e+01 3.345904e+00 8.743185e+01
      vertex   1.267992e+01 2.867000e+00 8.750000e+01
      vertex   1.335394e+01 2.097368e+00 8.743185e+01
    endloop
  endfacet
  facet normal 3.751851e-01 7.720841e-02 9.237288e-01
    outer loop
      vertex   1.309700e+01 3.345904e+00 8.743185e+01
      vertex   1.335394e+01 2.097368e+00 8.743185e+01
      vertex   1.383046e+01 2.172210e+00 8.723205e+01
    endloop
  endfacet
  facet normal 3.807896e-01 4.152491e-02 9.237288e-01
    outer loop
      vertex   1.383046e+01 2.172210e+00 8.723205e+01
      vertex   1.335394e+01 2.097368e+00 8.743185e+01
      vertex   1.397357e+01 8.598050e-01 8.723205e+01
    endloop
  endfacet
  facet normal 6.055976e-01 6.604011e-02 7.930260e-01
    outer loop
      vertex   1.383046e+01 2.172210e+00 8.723205e+01
      vertex   1.397357e+01 8.598050e-01 8.723205e+01
      vertex   1.438700e+01 8.852437e-01 8.691421e+01
    endloop
  endfacet
  facet normal 6.091256e-01 8.702770e-03 7.930260e-01
    outer loop
      vertex   1.438700e+01 8.852437e-01 8.691421e+01
      vertex   1.397357e+01 8.598050e-01 8.723205e+01
      vertex   1.440642e+01 -4.738630e-01 8.691421e+01
    endloop
  endfacet
  facet normal 7.935994e-01 1.133840e-02 6.083350e-01
    outer loop
      vertex   1.438700e+01 8.852437e-01 8.691421e+01
      vertex   1.440642e+01 -4.738630e-01 8.691421e+01
      vertex   1.472409e+01 -4.843118e-01 8.650000e+01
    endloop
  endfacet
  facet normal 7.911389e-01 -6.346438e-02 6.083350e-01
    outer loop
      vertex   1.472409e+01 -4.843118e-01 8.650000e+01
      vertex   1.440642e+01 -4.738630e-01 8.691421e+01
      vertex   1.461300e+01 -1.869081e+00 8.650000e+01
    endloop
  endfacet
  facet normal 9.210711e-01 -7.388741e-02 3.823201e-01
    outer loop
      vertex   1.472409e+01 -4.843118e-01 8.650000e+01
      vertex   1.461300e+01 -1.869081e+00 8.650000e+01
      vertex   1.481119e+01 -1.894430e+00 8.601764e+01
    endloop
  endfacet
  facet normal 9.100161e-01 -1.603184e-01 3.823201e-01
    outer loop
      vertex   1.481119e+01 -1.894430e+00 8.601764e+01
      vertex   1.461300e+01 -1.869081e+00 8.650000e+01
      vertex   1.456689e+01 -3.281133e+00 8.601764e+01
    endloop
  endfacet
  facet normal 1.251816e-01 2.180087e-02 9.918943e-01
    outer loop
      vertex   1.267992e+01 2.867000e+00 8.750000e+01
      vertex   1.290261e+01 1.588298e+00 8.750000e+01
      vertex   1.335394e+01 2.097368e+00 8.743185e+01
    endloop
  endfacet
  facet normal 1.332440e-01 1.453019e-02 9.909768e-01
    outer loop
      vertex   1.335394e+01 2.097368e+00 8.743185e+01
      vertex   1.290261e+01 1.588298e+00 8.750000e+01
      vertex   1.349212e+01 8.301809e-01 8.743185e+01
    endloop
  endfacet
  facet normal 3.807896e-01 4.152491e-02 9.237288e-01
    outer loop
      vertex   1.335394e+01 2.097368e+00 8.743185e+01
      vertex   1.349212e+01 8.301809e-01 8.743185e+01
      vertex   1.397357e+01 8.598050e-01 8.723205e+01
    endloop
  endfacet
  facet normal 3.830079e-01 5.472155e-03 9.237288e-01
    outer loop
      vertex   1.397357e+01 8.598050e-01 8.723205e+01
      vertex   1.349212e+01 8.301809e-01 8.743185e+01
      vertex   1.399243e+01 -4.602458e-01 8.723205e+01
    endloop
  endfacet
  facet normal 6.091256e-01 8.702770e-03 7.930260e-01
    outer loop
      vertex   1.397357e+01 8.598050e-01 8.723205e+01
      vertex   1.399243e+01 -4.602458e-01 8.723205e+01
      vertex   1.440642e+01 -4.738630e-01 8.691421e+01
    endloop
  endfacet
  facet normal 6.072371e-01 -4.871196e-02 7.930260e-01
    outer loop
      vertex   1.440642e+01 -4.738630e-01 8.691421e+01
      vertex   1.399243e+01 -4.602458e-01 8.723205e+01
      vertex   1.429773e+01 -1.828756e+00 8.691421e+01
    endloop
  endfacet
  facet normal 7.911389e-01 -6.346438e-02 6.083350e-01
    outer loop
      vertex   1.440642e+01 -4.738630e-01 8.691421e+01
      vertex   1.429773e+01 -1.828756e+00 8.691421e+01
      vertex   1.461300e+01 -1.869081e+00 8.650000e+01
    endloop
  endfacet
  facet normal 7.816434e-01 -1.377028e-01 6.083350e-01
    outer loop
      vertex   1.461300e+01 -1.869081e+00 8.650000e+01
      vertex   1.429773e+01 -1.828756e+00 8.691421e+01
      vertex   1.437198e+01 -3.237229e+00 8.650000e+01
    endloop
  endfacet
  facet normal 9.100161e-01 -1.603184e-01 3.823201e-01
    outer loop
      vertex   1.461300e+01 -1.869081e+00 8.650000e+01
      vertex   1.437198e+01 -3.237229e+00 8.650000e+01
      vertex   1.456689e+01 -3.281133e+00 8.601764e+01
    endloop
  endfacet
  facet normal 8.908690e-01 -2.453237e-01 3.823201e-01
    outer loop
      vertex   1.456689e+01 -3.281133e+00 8.601764e+01
      vertex   1.437198e+01 -3.237229e+00 8.650000e+01
      vertex   1.419306e+01 -4.638660e+00 8.601764e+01
    endloop
  endfacet
  facet normal 1.264883e-01 9.191710e-03 9.919255e-01
    outer loop
      vertex   1.290261e+01 1.588298e+00 8.750000e+01
      vertex   1.299668e+01 2.937632e-01 8.750000e+01
      vertex   1.349212e+01 8.301809e-01 8.743185e+01
    endloop
  endfacet
  facet normal 1.342295e-01 1.917779e-03 9.909484e-01
    outer loop
      vertex   1.349212e+01 8.301809e-01 8.743185e+01
      vertex   1.299668e+01 2.937632e-01 8.750000e+01
      vertex   1.351033e+01 -4.443883e-01 8.743185e+01
    endloop
  endfacet
  facet normal 3.830079e-01 5.472155e-03 9.237288e-01
    outer loop
      vertex   1.349212e+01 8.301809e-01 8.743185e+01
      vertex   1.351033e+01 -4.443883e-01 8.743185e+01
      vertex   1.399243e+01 -4.602458e-01 8.723205e+01
    endloop
  endfacet
  facet normal 3.818205e-01 -3.062926e-02 9.237288e-01
    outer loop
      vertex   1.399243e+01 -4.602458e-01 8.723205e+01
      vertex   1.351033e+01 -4.443883e-01 8.743185e+01
      vertex   1.388687e+01 -1.776204e+00 8.723205e+01
    endloop
  endfacet
  facet normal 6.072371e-01 -4.871196e-02 7.930260e-01
    outer loop
      vertex   1.399243e+01 -4.602458e-01 8.723205e+01
      vertex   1.388687e+01 -1.776204e+00 8.723205e+01
      vertex   1.429773e+01 -1.828756e+00 8.691421e+01
    endloop
  endfacet
  facet normal 5.999489e-01 -1.056935e-01 7.930260e-01
    outer loop
      vertex   1.429773e+01 -1.828756e+00 8.691421e+01
      vertex   1.388687e+01 -1.776204e+00 8.723205e+01
      vertex   1.406191e+01 -3.167387e+00 8.691421e+01
    endloop
  endfacet
  facet normal 7.816434e-01 -1.377028e-01 6.083350e-01
    outer loop
      vertex   1.429773e+01 -1.828756e+00 8.691421e+01
      vertex   1.406191e+01 -3.167387e+00 8.691421e+01
      vertex   1.437198e+01 -3.237229e+00 8.650000e+01
    endloop
  endfacet
  facet normal 7.651973e-01 -2.107168e-01 6.083350e-01
    outer loop
      vertex   1.437198e+01 -3.237229e+00 8.650000e+01
      vertex   1.406191e+01 -3.167387e+00 8.691421e+01
      vertex   1.400315e+01 -4.576591e+00 8.650000e+01
    endloop
  endfacet
  facet normal 8.908690e-01 -2.453237e-01 3.823201e-01
    outer loop
      vertex   1.437198e+01 -3.237229e+00 8.650000e+01
      vertex   1.400315e+01 -4.576591e+00 8.650000e+01
      vertex   1.419306e+01 -4.638660e+00 8.601764e+01
    endloop
  endfacet
  facet normal 8.638001e-01 -3.281475e-01 3.823201e-01
    outer loop
      vertex   1.419306e+01 -4.638660e+00 8.601764e+01
      vertex   1.400315e+01 -4.576591e+00 8.650000e+01
      vertex   1.369302e+01 -5.954938e+00 8.601764e+01
    endloop
  endfacet
  facet normal 1.266287e-01 -3.463240e-03 9.919441e-01
    outer loop
      vertex   1.299668e+01 2.937632e-01 8.750000e+01
      vertex   1.296120e+01 -1.003700e+00 8.750000e+01
      vertex   1.351033e+01 -4.443883e-01 8.743185e+01
    endloop
  endfacet
  facet normal 1.339177e-01 -1.074275e-02 9.909342e-01
    outer loop
      vertex   1.351033e+01 -4.443883e-01 8.743185e+01
      vertex   1.296120e+01 -1.003700e+00 8.750000e+01
      vertex   1.340840e+01 -1.715006e+00 8.743185e+01
    endloop
  endfacet
  facet normal 3.818205e-01 -3.062926e-02 9.237288e-01
    outer loop
      vertex   1.351033e+01 -4.443883e-01 8.743185e+01
      vertex   1.340840e+01 -1.715006e+00 8.743185e+01
      vertex   1.388687e+01 -1.776204e+00 8.723205e+01
    endloop
  endfacet
  facet normal 3.772377e-01 -6.645831e-02 9.237288e-01
    outer loop
      vertex   1.388687e+01 -1.776204e+00 8.723205e+01
      vertex   1.340840e+01 -1.715006e+00 8.743185e+01
      vertex   1.365782e+01 -3.076368e+00 8.723205e+01
    endloop
  endfacet
  facet normal 5.999489e-01 -1.056935e-01 7.930260e-01
    outer loop
      vertex   1.388687e+01 -1.776204e+00 8.723205e+01
      vertex   1.365782e+01 -3.076368e+00 8.723205e+01
      vertex   1.406191e+01 -3.167387e+00 8.691421e+01
    endloop
  endfacet
  facet normal 5.873257e-01 -1.617352e-01 7.930260e-01
    outer loop
      vertex   1.406191e+01 -3.167387e+00 8.691421e+01
      vertex   1.365782e+01 -3.076368e+00 8.723205e+01
      vertex   1.370104e+01 -4.477853e+00 8.691421e+01
    endloop
  endfacet
  facet normal 7.651973e-01 -2.107168e-01 6.083350e-01
    outer loop
      vertex   1.406191e+01 -3.167387e+00 8.691421e+01
      vertex   1.370104e+01 -4.477853e+00 8.691421e+01
      vertex   1.400315e+01 -4.576591e+00 8.650000e+01
    endloop
  endfacet
  facet normal 7.419469e-01 -2.818569e-01 6.083350e-01
    outer loop
      vertex   1.400315e+01 -4.576591e+00 8.650000e+01
      vertex   1.370104e+01 -4.477853e+00 8.691421e+01
      vertex   1.350980e+01 -5.875256e+00 8.650000e+01
    endloop
  endfacet
  facet normal 8.638001e-01 -3.281475e-01 3.823201e-01
    outer loop
      vertex   1.400315e+01 -4.576591e+00 8.650000e+01
      vertex   1.350980e+01 -5.875256e+00 8.650000e+01
      vertex   1.369302e+01 -5.954938e+00 8.601764e+01
    endloop
  endfacet
  facet normal 8.290499e-01 -4.080534e-01 3.823201e-01
    outer loop
      vertex   1.369302e+01 -5.954938e+00 8.601764e+01
      vertex   1.350980e+01 -5.875256e+00 8.650000e+01
      vertex   1.307122e+01 -7.218264e+00 8.601764e+01
    endloop
  endfacet
  facet normal 1.256042e-01 -1.606696e-02 9.919503e-01
    outer loop
      vertex   1.296120e+01 -1.003700e+00 8.750000e+01
      vertex   1.279651e+01 -2.291158e+00 8.750000e+01
      vertex   1.340840e+01 -1.715006e+00 8.743185e+01
    endloop
  endfacet
  facet normal 1.323102e-01 -2.330921e-02 9.909343e-01
    outer loop
      vertex   1.340840e+01 -1.715006e+00 8.743185e+01
      vertex   1.279651e+01 -2.291158e+00 8.750000e+01
      vertex   1.318724e+01 -2.970373e+00 8.743185e+01
    endloop
  endfacet
  facet normal 3.772377e-01 -6.645831e-02 9.237288e-01
    outer loop
      vertex   1.340840e+01 -1.715006e+00 8.743185e+01
      vertex   1.318724e+01 -2.970373e+00 8.743185e+01
      vertex   1.365782e+01 -3.076368e+00 8.723205e+01
    endloop
  endfacet
  facet normal 3.693005e-01 -1.016964e-01 9.237288e-01
    outer loop
      vertex   1.365782e+01 -3.076368e+00 8.723205e+01
      vertex   1.318724e+01 -2.970373e+00 8.743185e+01
      vertex   1.330732e+01 -4.349175e+00 8.723205e+01
    endloop
  endfacet
  facet normal 5.873257e-01 -1.617352e-01 7.930260e-01
    outer loop
      vertex   1.365782e+01 -3.076368e+00 8.723205e+01
      vertex   1.330732e+01 -4.349175e+00 8.723205e+01
      vertex   1.370104e+01 -4.477853e+00 8.691421e+01
    endloop
  endfacet
  facet normal 5.694798e-01 -2.163387e-01 7.930260e-01
    outer loop
      vertex   1.370104e+01 -4.477853e+00 8.691421e+01
      vertex   1.330732e+01 -4.349175e+00 8.723205e+01
      vertex   1.321833e+01 -5.748500e+00 8.691421e+01
    endloop
  endfacet
  facet normal 7.419469e-01 -2.818569e-01 6.083350e-01
    outer loop
      vertex   1.370104e+01 -4.477853e+00 8.691421e+01
      vertex   1.321833e+01 -5.748500e+00 8.691421e+01
      vertex   1.350980e+01 -5.875256e+00 8.650000e+01
    endloop
  endfacet
  facet normal 7.120988e-01 -3.504908e-01 6.083350e-01
    outer loop
      vertex   1.350980e+01 -5.875256e+00 8.650000e+01
      vertex   1.321833e+01 -5.748500e+00 8.691421e+01
      vertex   1.289632e+01 -7.121677e+00 8.650000e+01
    endloop
  endfacet
  facet normal 8.290499e-01 -4.080534e-01 3.823201e-01
    outer loop
      vertex   1.350980e+01 -5.875256e+00 8.650000e+01
      vertex   1.289632e+01 -7.121677e+00 8.650000e+01
      vertex   1.307122e+01 -7.218264e+00 8.601764e+01
    endloop
  endfacet
  facet normal 7.869276e-01 -4.843308e-01 3.823201e-01
    outer loop
      vertex   1.307122e+01 -7.218264e+00 8.601764e+01
      vertex   1.289632e+01 -7.121677e+00 8.650000e+01
      vertex   1.233319e+01 -8.417402e+00 8.601764e+01
    endloop
  endfacet
  facet normal 1.234235e-01 -2.852283e-02 9.919441e-01
    outer loop
      vertex   1.279651e+01 -2.291158e+00 8.750000e+01
      vertex   1.250426e+01 -3.555776e+00 8.750000e+01
      vertex   1.318724e+01 -2.970373e+00 8.743185e+01
    endloop
  endfacet
  facet normal 1.294249e-01 -3.564047e-02 9.909485e-01
    outer loop
      vertex   1.318724e+01 -2.970373e+00 8.743185e+01
      vertex   1.250426e+01 -3.555776e+00 8.750000e+01
      vertex   1.284882e+01 -4.199327e+00 8.743185e+01
    endloop
  endfacet
  facet normal 3.693005e-01 -1.016964e-01 9.237288e-01
    outer loop
      vertex   1.318724e+01 -2.970373e+00 8.743185e+01
      vertex   1.284882e+01 -4.199327e+00 8.743185e+01
      vertex   1.330732e+01 -4.349175e+00 8.723205e+01
    endloop
  endfacet
  facet normal 3.580793e-01 -1.360302e-01 9.237288e-01
    outer loop
      vertex   1.330732e+01 -4.349175e+00 8.723205e+01
      vertex   1.284882e+01 -4.199327e+00 8.743185e+01
      vertex   1.283848e+01 -5.583309e+00 8.723205e+01
    endloop
  endfacet
  facet normal 5.694798e-01 -2.163387e-01 7.930260e-01
    outer loop
      vertex   1.330732e+01 -4.349175e+00 8.723205e+01
      vertex   1.283848e+01 -5.583309e+00 8.723205e+01
      vertex   1.321833e+01 -5.748500e+00 8.691421e+01
    endloop
  endfacet
  facet normal 5.465700e-01 -2.690185e-01 7.930260e-01
    outer loop
      vertex   1.321833e+01 -5.748500e+00 8.691421e+01
      vertex   1.283848e+01 -5.583309e+00 8.723205e+01
      vertex   1.261809e+01 -6.968030e+00 8.691421e+01
    endloop
  endfacet
  facet normal 7.120988e-01 -3.504908e-01 6.083350e-01
    outer loop
      vertex   1.321833e+01 -5.748500e+00 8.691421e+01
      vertex   1.261809e+01 -6.968030e+00 8.691421e+01
      vertex   1.289632e+01 -7.121677e+00 8.650000e+01
    endloop
  endfacet
  facet normal 6.759185e-01 -4.160079e-01 6.083350e-01
    outer loop
      vertex   1.289632e+01 -7.121677e+00 8.650000e+01
      vertex   1.261809e+01 -6.968030e+00 8.691421e+01
      vertex   1.216816e+01 -8.304770e+00 8.650000e+01
    endloop
  endfacet
  facet normal 7.869276e-01 -4.843308e-01 3.823201e-01
    outer loop
      vertex   1.289632e+01 -7.121677e+00 8.650000e+01
      vertex   1.216816e+01 -8.304770e+00 8.650000e+01
      vertex   1.233319e+01 -8.417402e+00 8.601764e+01
    endloop
  endfacet
  facet normal 7.378077e-01 -5.563013e-01 3.823201e-01
    outer loop
      vertex   1.233319e+01 -8.417402e+00 8.601764e+01
      vertex   1.216816e+01 -8.304770e+00 8.650000e+01
      vertex   1.148548e+01 -9.541691e+00 8.601764e+01
    endloop
  endfacet
  facet normal 1.201026e-01 -4.073514e-02 9.919254e-01
    outer loop
      vertex   1.250426e+01 -3.555776e+00 8.750000e+01
      vertex   1.208736e+01 -4.784949e+00 8.750000e+01
      vertex   1.284882e+01 -4.199327e+00 8.743185e+01
    endloop
  endfacet
  facet normal 1.252963e-01 -4.759858e-02 9.909769e-01
    outer loop
      vertex   1.284882e+01 -4.199327e+00 8.743185e+01
      vertex   1.208736e+01 -4.784949e+00 8.750000e+01
      vertex   1.239614e+01 -5.390939e+00 8.743185e+01
    endloop
  endfacet
  facet normal 3.580793e-01 -1.360302e-01 9.237288e-01
    outer loop
      vertex   1.284882e+01 -4.199327e+00 8.743185e+01
      vertex   1.239614e+01 -5.390939e+00 8.743185e+01
      vertex   1.283848e+01 -5.583309e+00 8.723205e+01
    endloop
  endfacet
  facet normal 3.436740e-01 -1.691543e-01 9.237288e-01
    outer loop
      vertex   1.283848e+01 -5.583309e+00 8.723205e+01
      vertex   1.239614e+01 -5.390939e+00 8.743185e+01
      vertex   1.225549e+01 -6.767794e+00 8.723205e+01
    endloop
  endfacet
  facet normal 5.465700e-01 -2.690185e-01 7.930260e-01
    outer loop
      vertex   1.283848e+01 -5.583309e+00 8.723205e+01
      vertex   1.225549e+01 -6.767794e+00 8.723205e+01
      vertex   1.261809e+01 -6.968030e+00 8.691421e+01
    endloop
  endfacet
  facet normal 5.187999e-01 -3.193061e-01 7.930260e-01
    outer loop
      vertex   1.261809e+01 -6.968030e+00 8.691421e+01
      vertex   1.225549e+01 -6.767794e+00 8.723205e+01
      vertex   1.190564e+01 -8.125599e+00 8.691421e+01
    endloop
  endfacet
  facet normal 6.759185e-01 -4.160079e-01 6.083350e-01
    outer loop
      vertex   1.261809e+01 -6.968030e+00 8.691421e+01
      vertex   1.190564e+01 -8.125599e+00 8.691421e+01
      vertex   1.216816e+01 -8.304770e+00 8.650000e+01
    endloop
  endfacet
  facet normal 6.337278e-01 -4.778258e-01 6.083350e-01
    outer loop
      vertex   1.216816e+01 -8.304770e+00 8.650000e+01
      vertex   1.190564e+01 -8.125599e+00 8.691421e+01
      vertex   1.133180e+01 -9.414015e+00 8.650000e+01
    endloop
  endfacet
  facet normal 7.378077e-01 -5.563013e-01 3.823201e-01
    outer loop
      vertex   1.216816e+01 -8.304770e+00 8.650000e+01
      vertex   1.133180e+01 -9.414015e+00 8.650000e+01
      vertex   1.148548e+01 -9.541691e+00 8.601764e+01
    endloop
  endfacet
  facet normal 6.821270e-01 -6.233250e-01 3.823201e-01
    outer loop
      vertex   1.148548e+01 -9.541691e+00 8.601764e+01
      vertex   1.133180e+01 -9.414015e+00 8.650000e+01
      vertex   1.053565e+01 -1.058113e+01 8.601764e+01
    endloop
  endfacet
  facet normal 1.156644e-01 -5.260963e-02 9.918941e-01
    outer loop
      vertex   1.208736e+01 -4.784949e+00 8.750000e+01
      vertex   1.154997e+01 -5.966423e+00 8.750000e+01
      vertex   1.239614e+01 -5.390939e+00 8.743185e+01
    endloop
  endfacet
  facet normal 1.199746e-01 -5.905078e-02 9.910192e-01
    outer loop
      vertex   1.239614e+01 -5.390939e+00 8.743185e+01
      vertex   1.154997e+01 -5.966423e+00 8.750000e+01
      vertex   1.183323e+01 -6.534613e+00 8.743185e+01
    endloop
  endfacet
  facet normal 3.436740e-01 -1.691543e-01 9.237288e-01
    outer loop
      vertex   1.239614e+01 -5.390939e+00 8.743185e+01
      vertex   1.183323e+01 -6.534613e+00 8.743185e+01
      vertex   1.225549e+01 -6.767794e+00 8.723205e+01
    endloop
  endfacet
  facet normal 3.262127e-01 -2.007743e-01 9.237288e-01
    outer loop
      vertex   1.225549e+01 -6.767794e+00 8.723205e+01
      vertex   1.183323e+01 -6.534613e+00 8.743185e+01
      vertex   1.156351e+01 -7.892098e+00 8.723205e+01
    endloop
  endfacet
  facet normal 5.187999e-01 -3.193061e-01 7.930260e-01
    outer loop
      vertex   1.225549e+01 -6.767794e+00 8.723205e+01
      vertex   1.156351e+01 -7.892098e+00 8.723205e+01
      vertex   1.190564e+01 -8.125599e+00 8.691421e+01
    endloop
  endfacet
  facet normal 4.864165e-01 -3.667543e-01 7.930260e-01
    outer loop
      vertex   1.190564e+01 -8.125599e+00 8.691421e+01
      vertex   1.156351e+01 -7.892098e+00 8.723205e+01
      vertex   1.108732e+01 -9.210912e+00 8.691421e+01
    endloop
  endfacet
  facet normal 6.337278e-01 -4.778258e-01 6.083350e-01
    outer loop
      vertex   1.190564e+01 -8.125599e+00 8.691421e+01
      vertex   1.108732e+01 -9.210912e+00 8.691421e+01
      vertex   1.133180e+01 -9.414015e+00 8.650000e+01
    endloop
  endfacet
  facet normal 5.859018e-01 -5.353948e-01 6.083350e-01
    outer loop
      vertex   1.133180e+01 -9.414015e+00 8.650000e+01
      vertex   1.108732e+01 -9.210912e+00 8.691421e+01
      vertex   1.039467e+01 -1.043955e+01 8.650000e+01
    endloop
  endfacet
  facet normal 6.821270e-01 -6.233250e-01 3.823201e-01
    outer loop
      vertex   1.133180e+01 -9.414015e+00 8.650000e+01
      vertex   1.039467e+01 -1.043955e+01 8.650000e+01
      vertex   1.053565e+01 -1.058113e+01 8.601764e+01
    endloop
  endfacet
  facet normal 6.203807e-01 -6.848059e-01 3.823201e-01
    outer loop
      vertex   1.053565e+01 -1.058113e+01 8.601764e+01
      vertex   1.039467e+01 -1.043955e+01 8.650000e+01
      vertex   9.492124e+00 -1.152648e+01 8.601764e+01
    endloop
  endfacet
  facet normal 1.101388e-01 -6.405392e-02 9.918501e-01
    outer loop
      vertex   1.154997e+01 -5.966423e+00 8.750000e+01
      vertex   1.089744e+01 -7.088422e+00 8.750000e+01
      vertex   1.183323e+01 -6.534613e+00 8.743185e+01
    endloop
  endfacet
  facet normal 1.135252e-01 -6.987142e-02 9.910752e-01
    outer loop
      vertex   1.183323e+01 -6.534613e+00 8.743185e+01
      vertex   1.089744e+01 -7.088422e+00 8.750000e+01
      vertex   1.116510e+01 -7.620180e+00 8.743185e+01
    endloop
  endfacet
  facet normal 3.262127e-01 -2.007743e-01 9.237288e-01
    outer loop
      vertex   1.183323e+01 -6.534613e+00 8.743185e+01
      vertex   1.116510e+01 -7.620180e+00 8.743185e+01
      vertex   1.156351e+01 -7.892098e+00 8.723205e+01
    endloop
  endfacet
  facet normal 3.058505e-01 -2.306089e-01 9.237288e-01
    outer loop
      vertex   1.156351e+01 -7.892098e+00 8.723205e+01
      vertex   1.116510e+01 -7.620180e+00 8.743185e+01
      vertex   1.076871e+01 -8.946223e+00 8.723205e+01
    endloop
  endfacet
  facet normal 4.864165e-01 -3.667543e-01 7.930260e-01
    outer loop
      vertex   1.156351e+01 -7.892098e+00 8.723205e+01
      vertex   1.076871e+01 -8.946223e+00 8.723205e+01
      vertex   1.108732e+01 -9.210912e+00 8.691421e+01
    endloop
  endfacet
  facet normal 4.497078e-01 -4.109412e-01 7.930260e-01
    outer loop
      vertex   1.108732e+01 -9.210912e+00 8.691421e+01
      vertex   1.076871e+01 -8.946223e+00 8.723205e+01
      vertex   1.017041e+01 -1.021432e+01 8.691421e+01
    endloop
  endfacet
  facet normal 5.859018e-01 -5.353948e-01 6.083350e-01
    outer loop
      vertex   1.108732e+01 -9.210912e+00 8.691421e+01
      vertex   1.017041e+01 -1.021432e+01 8.691421e+01
      vertex   1.039467e+01 -1.043955e+01 8.650000e+01
    endloop
  endfacet
  facet normal 5.328658e-01 -5.882028e-01 6.083350e-01
    outer loop
      vertex   1.039467e+01 -1.043955e+01 8.650000e+01
      vertex   1.017041e+01 -1.021432e+01 8.691421e+01
      vertex   9.365111e+00 -1.137225e+01 8.650000e+01
    endloop
  endfacet
  facet normal 6.203807e-01 -6.848059e-01 3.823201e-01
    outer loop
      vertex   1.039467e+01 -1.043955e+01 8.650000e+01
      vertex   9.365111e+00 -1.137225e+01 8.650000e+01
      vertex   9.492124e+00 -1.152648e+01 8.601764e+01
    endloop
  endfacet
  facet normal 5.531166e-01 -7.401982e-01 3.823200e-01
    outer loop
      vertex   9.492124e+00 -1.152648e+01 8.601764e+01
      vertex   9.365111e+00 -1.137225e+01 8.650000e+01
      vertex   8.364157e+00 -1.236936e+01 8.601764e+01
    endloop
  endfacet
  facet normal 1.035624e-01 -7.497802e-02 9.917929e-01
    outer loop
      vertex   1.089744e+01 -7.088422e+00 8.750000e+01
      vertex   1.013629e+01 -8.139759e+00 8.750000e+01
      vertex   1.116510e+01 -7.620180e+00 8.743185e+01
    endloop
  endfacet
  facet normal 1.060273e-01 -7.994379e-02 9.911444e-01
    outer loop
      vertex   1.116510e+01 -7.620180e+00 8.743185e+01
      vertex   1.013629e+01 -8.139759e+00 8.750000e+01
      vertex   1.039768e+01 -8.637986e+00 8.743185e+01
    endloop
  endfacet
  facet normal 3.058505e-01 -2.306089e-01 9.237288e-01
    outer loop
      vertex   1.116510e+01 -7.620180e+00 8.743185e+01
      vertex   1.039768e+01 -8.637986e+00 8.743185e+01
      vertex   1.076871e+01 -8.946223e+00 8.723205e+01
    endloop
  endfacet
  facet normal 2.827687e-01 -2.583929e-01 9.237288e-01
    outer loop
      vertex   1.076871e+01 -8.946223e+00 8.723205e+01
      vertex   1.039768e+01 -8.637986e+00 8.743185e+01
      vertex   9.878149e+00 -9.920795e+00 8.723205e+01
    endloop
  endfacet
  facet normal 4.497078e-01 -4.109412e-01 7.930260e-01
    outer loop
      vertex   1.076871e+01 -8.946223e+00 8.723205e+01
      vertex   9.878149e+00 -9.920795e+00 8.723205e+01
      vertex   1.017041e+01 -1.021432e+01 8.691421e+01
    endloop
  endfacet
  facet normal 4.090001e-01 -4.514739e-01 7.930260e-01
    outer loop
      vertex   1.017041e+01 -1.021432e+01 8.691421e+01
      vertex   9.878149e+00 -9.920795e+00 8.723205e+01
      vertex   9.163063e+00 -1.112690e+01 8.691421e+01
    endloop
  endfacet
  facet normal 5.328658e-01 -5.882028e-01 6.083350e-01
    outer loop
      vertex   1.017041e+01 -1.021432e+01 8.691421e+01
      vertex   9.163063e+00 -1.112690e+01 8.691421e+01
      vertex   9.365111e+00 -1.137225e+01 8.650000e+01
    endloop
  endfacet
  facet normal 4.750895e-01 -6.357818e-01 6.083350e-01
    outer loop
      vertex   9.365111e+00 -1.137225e+01 8.650000e+01
      vertex   9.163063e+00 -1.112690e+01 8.691421e+01
      vertex   8.252201e+00 -1.220387e+01 8.650000e+01
    endloop
  endfacet
  facet normal 5.531147e-01 -7.401979e-01 3.823234e-01
    outer loop
      vertex   9.365111e+00 -1.137225e+01 8.650000e+01
      vertex   8.252201e+00 -1.220387e+01 8.650000e+01
      vertex   8.364157e+00 -1.236936e+01 8.601764e+01
    endloop
  endfacet
  facet normal 4.809358e-01 -7.890087e-01 3.823167e-01
    outer loop
      vertex   8.364157e+00 -1.236936e+01 8.601764e+01
      vertex   8.252201e+00 -1.220387e+01 8.650000e+01
      vertex   7.161887e+00 -1.310220e+01 8.601764e+01
    endloop
  endfacet
  facet normal 9.597865e-02 -8.529482e-02 9.917222e-01
    outer loop
      vertex   1.013629e+01 -8.139759e+00 8.750000e+01
      vertex   9.274088e+00 -9.109956e+00 8.750000e+01
      vertex   1.039768e+01 -8.637986e+00 8.743185e+01
    endloop
  endfacet
  facet normal 9.757290e-02 -8.916173e-02 9.912264e-01
    outer loop
      vertex   1.039768e+01 -8.637986e+00 8.743185e+01
      vertex   9.274088e+00 -9.109956e+00 8.750000e+01
      vertex   9.537803e+00 -9.578980e+00 8.743185e+01
    endloop
  endfacet
  facet normal 2.827687e-01 -2.583929e-01 9.237288e-01
    outer loop
      vertex   1.039768e+01 -8.637986e+00 8.743185e+01
      vertex   9.537803e+00 -9.578980e+00 8.743185e+01
      vertex   9.878149e+00 -9.920795e+00 8.723205e+01
    endloop
  endfacet
  facet normal 2.571724e-01 -2.838792e-01 9.237288e-01
    outer loop
      vertex   9.878149e+00 -9.920795e+00 8.723205e+01
      vertex   9.537803e+00 -9.578980e+00 8.743185e+01
      vertex   8.899749e+00 -1.080715e+01 8.723205e+01
    endloop
  endfacet
  facet normal 4.090001e-01 -4.514739e-01 7.930260e-01
    outer loop
      vertex   9.878149e+00 -9.920795e+00 8.723205e+01
      vertex   8.899749e+00 -1.080715e+01 8.723205e+01
      vertex   9.163063e+00 -1.112690e+01 8.691421e+01
    endloop
  endfacet
  facet normal 3.646533e-01 -4.879937e-01 7.930260e-01
    outer loop
      vertex   9.163063e+00 -1.112690e+01 8.691421e+01
      vertex   8.899749e+00 -1.080715e+01 8.723205e+01
      vertex   8.074128e+00 -1.194060e+01 8.691421e+01
    endloop
  endfacet
  facet normal 4.750874e-01 -6.357810e-01 6.083374e-01
    outer loop
      vertex   9.163063e+00 -1.112690e+01 8.691421e+01
      vertex   8.074128e+00 -1.194060e+01 8.691421e+01
      vertex   8.252201e+00 -1.220387e+01 8.650000e+01
    endloop
  endfacet
  facet normal 4.130912e-01 -6.777072e-01 6.083326e-01
    outer loop
      vertex   8.252201e+00 -1.220387e+01 8.650000e+01
      vertex   8.074128e+00 -1.194060e+01 8.691421e+01
      vertex   7.066055e+00 -1.292688e+01 8.650000e+01
    endloop
  endfacet
  facet normal 4.809339e-01 -7.890082e-01 3.823201e-01
    outer loop
      vertex   8.252201e+00 -1.220387e+01 8.650000e+01
      vertex   7.066055e+00 -1.292688e+01 8.650000e+01
      vertex   7.161887e+00 -1.310220e+01 8.601764e+01
    endloop
  endfacet
  facet normal 4.044781e-01 -8.308001e-01 3.823201e-01
    outer loop
      vertex   7.161887e+00 -1.310220e+01 8.601764e+01
      vertex   7.066055e+00 -1.292688e+01 8.650000e+01
      vertex   5.895895e+00 -1.371855e+01 8.601764e+01
    endloop
  endfacet
  facet normal 8.743705e-02 -9.492048e-02 9.916375e-01
    outer loop
      vertex   9.274088e+00 -9.109956e+00 8.750000e+01
      vertex   8.319440e+00 -9.989341e+00 8.750000e+01
      vertex   9.537803e+00 -9.578980e+00 8.743185e+01
    endloop
  endfacet
  facet normal 8.826491e-02 -9.743105e-02 9.913206e-01
    outer loop
      vertex   9.537803e+00 -9.578980e+00 8.743185e+01
      vertex   8.319440e+00 -9.989341e+00 8.750000e+01
      vertex   8.593113e+00 -1.043480e+01 8.743185e+01
    endloop
  endfacet
  facet normal 2.571724e-01 -2.838792e-01 9.237288e-01
    outer loop
      vertex   9.537803e+00 -9.578980e+00 8.743185e+01
      vertex   8.593113e+00 -1.043480e+01 8.743185e+01
      vertex   8.899749e+00 -1.080715e+01 8.723205e+01
    endloop
  endfacet
  facet normal 2.292874e-01 -3.068426e-01 9.237288e-01
    outer loop
      vertex   8.899749e+00 -1.080715e+01 8.723205e+01
      vertex   8.593113e+00 -1.043480e+01 8.743185e+01
      vertex   7.842072e+00 -1.159750e+01 8.723205e+01
    endloop
  endfacet
  facet normal 3.646515e-01 -4.879927e-01 7.930274e-01
    outer loop
      vertex   8.899749e+00 -1.080715e+01 8.723205e+01
      vertex   7.842072e+00 -1.159750e+01 8.723205e+01
      vertex   8.074128e+00 -1.194060e+01 8.691421e+01
    endloop
  endfacet
  facet normal 3.170667e-01 -5.201736e-01 7.930247e-01
    outer loop
      vertex   8.074128e+00 -1.194060e+01 8.691421e+01
      vertex   7.842072e+00 -1.159750e+01 8.723205e+01
      vertex   6.913608e+00 -1.264799e+01 8.691421e+01
    endloop
  endfacet
  facet normal 4.130892e-01 -6.777062e-01 6.083351e-01
    outer loop
      vertex   8.074128e+00 -1.194060e+01 8.691421e+01
      vertex   6.913608e+00 -1.264799e+01 8.691421e+01
      vertex   7.066055e+00 -1.292688e+01 8.650000e+01
    endloop
  endfacet
  facet normal 3.474199e-01 -7.136021e-01 6.083350e-01
    outer loop
      vertex   7.066055e+00 -1.292688e+01 8.650000e+01
      vertex   6.913608e+00 -1.264799e+01 8.691421e+01
      vertex   5.817003e+00 -1.353498e+01 8.650000e+01
    endloop
  endfacet
  facet normal 4.044781e-01 -8.308001e-01 3.823201e-01
    outer loop
      vertex   7.066055e+00 -1.292688e+01 8.650000e+01
      vertex   5.817003e+00 -1.353498e+01 8.650000e+01
      vertex   5.895895e+00 -1.371855e+01 8.601764e+01
    endloop
  endfacet
  facet normal 7.799330e-02 -1.037749e-01 9.915381e-01
    outer loop
      vertex   8.319440e+00 -9.989341e+00 8.750000e+01
      vertex   7.281860e+00 -1.076915e+01 8.750000e+01
      vertex   8.593113e+00 -1.043480e+01 8.743185e+01
    endloop
  endfacet
  facet normal 7.821653e-02 -1.046731e-01 9.914261e-01
    outer loop
      vertex   8.593113e+00 -1.043480e+01 8.743185e+01
      vertex   7.281860e+00 -1.076915e+01 8.750000e+01
      vertex   7.571845e+00 -1.119793e+01 8.743185e+01
    endloop
  endfacet
  facet normal 2.292862e-01 -3.068419e-01 9.237293e-01
    outer loop
      vertex   8.593113e+00 -1.043480e+01 8.743185e+01
      vertex   7.571845e+00 -1.119793e+01 8.743185e+01
      vertex   7.842072e+00 -1.159750e+01 8.723205e+01
    endloop
  endfacet
  facet normal 1.993658e-01 -3.270768e-01 9.237283e-01
    outer loop
      vertex   7.842072e+00 -1.159750e+01 8.723205e+01
      vertex   7.571845e+00 -1.119793e+01 8.743185e+01
      vertex   6.714935e+00 -1.228453e+01 8.723205e+01
    endloop
  endfacet
  facet normal 3.170650e-01 -5.201725e-01 7.930261e-01
    outer loop
      vertex   7.842072e+00 -1.159750e+01 8.723205e+01
      vertex   6.714935e+00 -1.228453e+01 8.723205e+01
      vertex   6.913608e+00 -1.264799e+01 8.691421e+01
    endloop
  endfacet
  facet normal 2.666614e-01 -5.477239e-01 7.930260e-01
    outer loop
      vertex   6.913608e+00 -1.264799e+01 8.691421e+01
      vertex   6.714935e+00 -1.228453e+01 8.723205e+01
      vertex   5.691503e+00 -1.324297e+01 8.691421e+01
    endloop
  endfacet
  facet normal 3.474199e-01 -7.136021e-01 6.083350e-01
    outer loop
      vertex   6.913608e+00 -1.264799e+01 8.691421e+01
      vertex   5.691503e+00 -1.324297e+01 8.691421e+01
      vertex   5.817003e+00 -1.353498e+01 8.650000e+01
    endloop
  endfacet
  facet normal 6.800960e-02 -1.115760e-01 9.914260e-01
    outer loop
      vertex   7.571845e+00 -1.119793e+01 8.743185e+01
      vertex   7.281860e+00 -1.076915e+01 8.750000e+01
      vertex   6.483576e+00 -1.186127e+01 8.743185e+01
    endloop
  endfacet
  facet normal 6.725366e-02 -1.110305e-01 9.915388e-01
    outer loop
      vertex   6.483576e+00 -1.186127e+01 8.743185e+01
      vertex   7.281860e+00 -1.076915e+01 8.750000e+01
      vertex   6.171691e+00 -1.144160e+01 8.750000e+01
    endloop
  endfacet
  facet normal 5.754942e-02 -1.182068e-01 9.913199e-01
    outer loop
      vertex   6.483576e+00 -1.186127e+01 8.743185e+01
      vertex   6.171691e+00 -1.144160e+01 8.750000e+01
      vertex   5.337487e+00 -1.241925e+01 8.743185e+01
    endloop
  endfacet
  facet normal 1.676722e-01 -3.443996e-01 9.237288e-01
    outer loop
      vertex   6.483576e+00 -1.186127e+01 8.743185e+01
      vertex   5.337487e+00 -1.241925e+01 8.743185e+01
      vertex   5.527950e+00 -1.286242e+01 8.723205e+01
    endloop
  endfacet
  facet normal 1.676722e-01 -3.443996e-01 9.237288e-01
    outer loop
      vertex   6.483576e+00 -1.186127e+01 8.743185e+01
      vertex   5.527950e+00 -1.286242e+01 8.723205e+01
      vertex   6.714935e+00 -1.228453e+01 8.723205e+01
    endloop
  endfacet
  facet normal 2.666614e-01 -5.477239e-01 7.930260e-01
    outer loop
      vertex   6.714935e+00 -1.228453e+01 8.723205e+01
      vertex   5.527950e+00 -1.286242e+01 8.723205e+01
      vertex   5.691503e+00 -1.324297e+01 8.691421e+01
    endloop
  endfacet
  facet normal 1.993646e-01 -3.270760e-01 9.237289e-01
    outer loop
      vertex   7.571845e+00 -1.119793e+01 8.743185e+01
      vertex   6.483576e+00 -1.186127e+01 8.743185e+01
      vertex   6.714935e+00 -1.228453e+01 8.723205e+01
    endloop
  endfacet
  facet normal 8.540727e-01 3.526913e-01 3.823201e-01
    outer loop
      vertex   1.333644e+01 6.258817e+00 8.650000e+01
      vertex   1.405475e+01 5.042245e+00 8.601764e+01
      vertex   1.351731e+01 6.343701e+00 8.601764e+01
    endloop
  endfacet
  facet normal 8.170539e-01 4.315718e-01 3.823201e-01
    outer loop
      vertex   1.333644e+01 6.258817e+00 8.650000e+01
      vertex   1.351731e+01 6.343701e+00 8.601764e+01
      vertex   1.268760e+01 7.487203e+00 8.650000e+01
    endloop
  endfacet
  facet normal 8.170539e-01 4.315718e-01 3.823201e-01
    outer loop
      vertex   1.268760e+01 7.487203e+00 8.650000e+01
      vertex   1.351731e+01 6.343701e+00 8.601764e+01
      vertex   1.285967e+01 7.588747e+00 8.601764e+01
    endloop
  endfacet
  facet normal 7.727697e-01 5.066146e-01 3.823201e-01
    outer loop
      vertex   1.268760e+01 7.487203e+00 8.650000e+01
      vertex   1.285967e+01 7.588747e+00 8.601764e+01
      vertex   1.192594e+01 8.649010e+00 8.650000e+01
    endloop
  endfacet
  facet normal 7.727697e-01 5.066146e-01 3.823201e-01
    outer loop
      vertex   1.192594e+01 8.649010e+00 8.650000e+01
      vertex   1.285967e+01 7.588747e+00 8.601764e+01
      vertex   1.208768e+01 8.766311e+00 8.601764e+01
    endloop
  endfacet
  facet normal 7.216143e-01 5.771518e-01 3.823201e-01
    outer loop
      vertex   1.192594e+01 8.649010e+00 8.650000e+01
      vertex   1.208768e+01 8.766311e+00 8.601764e+01
      vertex   1.105825e+01 9.733886e+00 8.650000e+01
    endloop
  endfacet
  facet normal 7.216144e-01 5.771524e-01 3.823190e-01
    outer loop
      vertex   1.105825e+01 9.733886e+00 8.650000e+01
      vertex   1.208768e+01 8.766311e+00 8.601764e+01
      vertex   1.120821e+01 9.865912e+00 8.601764e+01
    endloop
  endfacet
  facet normal 6.640413e-01 6.425572e-01 3.823212e-01
    outer loop
      vertex   1.105825e+01 9.733886e+00 8.650000e+01
      vertex   1.120821e+01 9.865912e+00 8.601764e+01
      vertex   1.009218e+01 1.073225e+01 8.650000e+01
    endloop
  endfacet
  facet normal 6.640413e-01 6.425578e-01 3.823201e-01
    outer loop
      vertex   1.009218e+01 1.073225e+01 8.650000e+01
      vertex   1.120821e+01 9.865912e+00 8.601764e+01
      vertex   1.022906e+01 1.087780e+01 8.601764e+01
    endloop
  endfacet
  facet normal 6.005634e-01 7.022500e-01 3.823201e-01
    outer loop
      vertex   1.009218e+01 1.073225e+01 8.650000e+01
      vertex   1.022906e+01 1.087780e+01 8.601764e+01
      vertex   9.036397e+00 1.163516e+01 8.650000e+01
    endloop
  endfacet
  facet normal 6.005634e-01 7.022500e-01 3.823201e-01
    outer loop
      vertex   9.036397e+00 1.163516e+01 8.650000e+01
      vertex   1.022906e+01 1.087780e+01 8.601764e+01
      vertex   9.158951e+00 1.179296e+01 8.601764e+01
    endloop
  endfacet
  facet normal 5.317454e-01 7.556972e-01 3.823201e-01
    outer loop
      vertex   9.036397e+00 1.163516e+01 8.650000e+01
      vertex   9.158951e+00 1.179296e+01 8.601764e+01
      vertex   7.900257e+00 1.243460e+01 8.650000e+01
    endloop
  endfacet
  facet normal 5.317454e-01 7.556972e-01 3.823201e-01
    outer loop
      vertex   7.900257e+00 1.243460e+01 8.650000e+01
      vertex   9.158951e+00 1.179296e+01 8.601764e+01
      vertex   8.007403e+00 1.260324e+01 8.601764e+01
    endloop
  endfacet
  facet normal 4.581990e-01 8.024245e-01 3.823201e-01
    outer loop
      vertex   7.900257e+00 1.243460e+01 8.650000e+01
      vertex   8.007403e+00 1.260324e+01 8.601764e+01
      vertex   6.693865e+00 1.312347e+01 8.650000e+01
    endloop
  endfacet
  facet normal 4.581990e-01 8.024245e-01 3.823201e-01
    outer loop
      vertex   6.693865e+00 1.312347e+01 8.650000e+01
      vertex   8.007403e+00 1.260324e+01 8.601764e+01
      vertex   6.784650e+00 1.330146e+01 8.601764e+01
    endloop
  endfacet
  facet normal 3.805781e-01 8.420164e-01 3.823201e-01
    outer loop
      vertex   6.693865e+00 1.312347e+01 8.650000e+01
      vertex   6.784650e+00 1.330146e+01 8.601764e+01
      vertex   5.427950e+00 1.369564e+01 8.650000e+01
    endloop
  endfacet
  facet normal 3.805781e-01 8.420164e-01 3.823201e-01
    outer loop
      vertex   5.427950e+00 1.369564e+01 8.650000e+01
      vertex   6.784650e+00 1.330146e+01 8.601764e+01
      vertex   5.501566e+00 1.388139e+01 8.601764e+01
    endloop
  endfacet
  facet normal 2.995730e-01 8.741209e-01 3.823201e-01
    outer loop
      vertex   5.427950e+00 1.369564e+01 8.650000e+01
      vertex   5.501566e+00 1.388139e+01 8.601764e+01
      vertex   4.113768e+00 1.414603e+01 8.650000e+01
    endloop
  endfacet
  facet normal 2.995730e-01 8.741209e-01 3.823201e-01
    outer loop
      vertex   4.113768e+00 1.414603e+01 8.650000e+01
      vertex   5.501566e+00 1.388139e+01 8.601764e+01
      vertex   4.169560e+00 1.433789e+01 8.601764e+01
    endloop
  endfacet
  facet normal 2.159040e-01 8.984525e-01 3.823201e-01
    outer loop
      vertex   4.113768e+00 1.414603e+01 8.650000e+01
      vertex   4.169560e+00 1.433789e+01 8.601764e+01
      vertex   2.763005e+00 1.447063e+01 8.650000e+01
    endloop
  endfacet
  facet normal 2.159040e-01 8.984525e-01 3.823201e-01
    outer loop
      vertex   2.763005e+00 1.447063e+01 8.650000e+01
      vertex   4.169560e+00 1.433789e+01 8.601764e+01
      vertex   2.800477e+00 1.466689e+01 8.601764e+01
    endloop
  endfacet
  facet normal 1.303152e-01 9.147947e-01 3.823201e-01
    outer loop
      vertex   2.763005e+00 1.447063e+01 8.650000e+01
      vertex   2.800477e+00 1.466689e+01 8.601764e+01
      vertex   1.387672e+00 1.466655e+01 8.650000e+01
    endloop
  endfacet
  facet normal 1.303152e-01 9.147947e-01 3.823201e-01
    outer loop
      vertex   1.387672e+00 1.466655e+01 8.650000e+01
      vertex   2.800477e+00 1.466689e+01 8.601764e+01
      vertex   1.406492e+00 1.486546e+01 8.601764e+01
    endloop
  endfacet
  facet normal 4.356753e-02 9.230023e-01 3.823201e-01
    outer loop
      vertex   1.387672e+00 1.466655e+01 8.650000e+01
      vertex   1.406492e+00 1.486546e+01 8.601764e+01
      vertex   -2.369094e-15 1.473205e+01 8.650000e+01
    endloop
  endfacet
  facet normal 4.356753e-02 9.230023e-01 3.823201e-01
    outer loop
      vertex   -2.369094e-15 1.473205e+01 8.650000e+01
      vertex   1.406492e+00 1.486546e+01 8.601764e+01
      vertex   -2.401225e-15 1.493185e+01 8.601764e+01
    endloop
  endfacet
  facet normal -4.356753e-02 9.230023e-01 3.823201e-01
    outer loop
      vertex   -2.369094e-15 1.473205e+01 8.650000e+01
      vertex   -2.401225e-15 1.493185e+01 8.601764e+01
      vertex   -1.387672e+00 1.466655e+01 8.650000e+01
    endloop
  endfacet
  facet normal -4.356753e-02 9.230023e-01 3.823201e-01
    outer loop
      vertex   -1.387672e+00 1.466655e+01 8.650000e+01
      vertex   -2.401225e-15 1.493185e+01 8.601764e+01
      vertex   -1.406492e+00 1.486546e+01 8.601764e+01
    endloop
  endfacet
  facet normal -1.303152e-01 9.147947e-01 3.823201e-01
    outer loop
      vertex   -1.387672e+00 1.466655e+01 8.650000e+01
      vertex   -1.406492e+00 1.486546e+01 8.601764e+01
      vertex   -2.763005e+00 1.447063e+01 8.650000e+01
    endloop
  endfacet
  facet normal -1.303152e-01 9.147947e-01 3.823201e-01
    outer loop
      vertex   -2.763005e+00 1.447063e+01 8.650000e+01
      vertex   -1.406492e+00 1.486546e+01 8.601764e+01
      vertex   -2.800477e+00 1.466689e+01 8.601764e+01
    endloop
  endfacet
  facet normal -2.159040e-01 8.984525e-01 3.823201e-01
    outer loop
      vertex   -2.763005e+00 1.447063e+01 8.650000e+01
      vertex   -2.800477e+00 1.466689e+01 8.601764e+01
      vertex   -4.113768e+00 1.414603e+01 8.650000e+01
    endloop
  endfacet
  facet normal -2.159040e-01 8.984525e-01 3.823201e-01
    outer loop
      vertex   -4.113768e+00 1.414603e+01 8.650000e+01
      vertex   -2.800477e+00 1.466689e+01 8.601764e+01
      vertex   -4.169560e+00 1.433789e+01 8.601764e+01
    endloop
  endfacet
  facet normal -2.995730e-01 8.741209e-01 3.823201e-01
    outer loop
      vertex   -4.113768e+00 1.414603e+01 8.650000e+01
      vertex   -4.169560e+00 1.433789e+01 8.601764e+01
      vertex   -5.427950e+00 1.369564e+01 8.650000e+01
    endloop
  endfacet
  facet normal -2.995730e-01 8.741209e-01 3.823201e-01
    outer loop
      vertex   -5.427950e+00 1.369564e+01 8.650000e+01
      vertex   -4.169560e+00 1.433789e+01 8.601764e+01
      vertex   -5.501566e+00 1.388139e+01 8.601764e+01
    endloop
  endfacet
  facet normal -3.805781e-01 8.420164e-01 3.823201e-01
    outer loop
      vertex   -5.427950e+00 1.369564e+01 8.650000e+01
      vertex   -5.501566e+00 1.388139e+01 8.601764e+01
      vertex   -6.693865e+00 1.312347e+01 8.650000e+01
    endloop
  endfacet
  facet normal 7.017950e-01 3.706915e-01 6.083350e-01
    outer loop
      vertex   1.333644e+01 6.258817e+00 8.650000e+01
      vertex   1.268760e+01 7.487203e+00 8.650000e+01
      vertex   1.241387e+01 7.325670e+00 8.691421e+01
    endloop
  endfacet
  facet normal 6.637578e-01 4.351483e-01 6.083350e-01
    outer loop
      vertex   1.241387e+01 7.325670e+00 8.691421e+01
      vertex   1.268760e+01 7.487203e+00 8.650000e+01
      vertex   1.166864e+01 8.462412e+00 8.691421e+01
    endloop
  endfacet
  facet normal 5.094660e-01 3.339972e-01 7.930260e-01
    outer loop
      vertex   1.241387e+01 7.325670e+00 8.691421e+01
      vertex   1.166864e+01 8.462412e+00 8.691421e+01
      vertex   1.133332e+01 8.219232e+00 8.723205e+01
    endloop
  endfacet
  facet normal 4.757410e-01 3.804999e-01 7.930260e-01
    outer loop
      vertex   1.133332e+01 8.219232e+00 8.723205e+01
      vertex   1.166864e+01 8.462412e+00 8.691421e+01
      vertex   1.050877e+01 9.250179e+00 8.723205e+01
    endloop
  endfacet
  facet normal 2.991383e-01 2.392522e-01 9.237287e-01
    outer loop
      vertex   1.133332e+01 8.219232e+00 8.723205e+01
      vertex   1.050877e+01 9.250179e+00 8.723205e+01
      vertex   1.014670e+01 8.931459e+00 8.743185e+01
    endloop
  endfacet
  facet normal 2.752717e-01 2.663648e-01 9.237290e-01
    outer loop
      vertex   1.014670e+01 8.931459e+00 8.743185e+01
      vertex   1.050877e+01 9.250179e+00 8.723205e+01
      vertex   9.260250e+00 9.847554e+00 8.743185e+01
    endloop
  endfacet
  facet normal 6.637578e-01 4.351483e-01 6.083350e-01
    outer loop
      vertex   1.166864e+01 8.462412e+00 8.691421e+01
      vertex   1.268760e+01 7.487203e+00 8.650000e+01
      vertex   1.192594e+01 8.649010e+00 8.650000e+01
    endloop
  endfacet
  facet normal 6.198190e-01 4.957347e-01 6.083351e-01
    outer loop
      vertex   1.166864e+01 8.462412e+00 8.691421e+01
      vertex   1.192594e+01 8.649010e+00 8.650000e+01
      vertex   1.081968e+01 9.523871e+00 8.691421e+01
    endloop
  endfacet
  facet normal 6.198192e-01 4.957354e-01 6.083342e-01
    outer loop
      vertex   1.081968e+01 9.523871e+00 8.691421e+01
      vertex   1.192594e+01 8.649010e+00 8.650000e+01
      vertex   1.105825e+01 9.733886e+00 8.650000e+01
    endloop
  endfacet
  facet normal 5.703675e-01 5.519135e-01 6.083358e-01
    outer loop
      vertex   1.081968e+01 9.523871e+00 8.691421e+01
      vertex   1.105825e+01 9.733886e+00 8.650000e+01
      vertex   9.874449e+00 1.050071e+01 8.691421e+01
    endloop
  endfacet
  facet normal 5.703676e-01 5.519142e-01 6.083350e-01
    outer loop
      vertex   9.874449e+00 1.050071e+01 8.691421e+01
      vertex   1.105825e+01 9.733886e+00 8.650000e+01
      vertex   1.009218e+01 1.073225e+01 8.650000e+01
    endloop
  endfacet
  facet normal 5.158440e-01 6.031861e-01 6.083350e-01
    outer loop
      vertex   9.874449e+00 1.050071e+01 8.691421e+01
      vertex   1.009218e+01 1.073225e+01 8.650000e+01
      vertex   8.841441e+00 1.138413e+01 8.691421e+01
    endloop
  endfacet
  facet normal 5.158440e-01 6.031861e-01 6.083350e-01
    outer loop
      vertex   8.841441e+00 1.138413e+01 8.691421e+01
      vertex   1.009218e+01 1.073225e+01 8.650000e+01
      vertex   9.036397e+00 1.163516e+01 8.650000e+01
    endloop
  endfacet
  facet normal 4.567340e-01 6.490937e-01 6.083350e-01
    outer loop
      vertex   8.841441e+00 1.138413e+01 8.691421e+01
      vertex   9.036397e+00 1.163516e+01 8.650000e+01
      vertex   7.729812e+00 1.216633e+01 8.691421e+01
    endloop
  endfacet
  facet normal 4.567340e-01 6.490937e-01 6.083350e-01
    outer loop
      vertex   7.729812e+00 1.216633e+01 8.691421e+01
      vertex   9.036397e+00 1.163516e+01 8.650000e+01
      vertex   7.900257e+00 1.243460e+01 8.650000e+01
    endloop
  endfacet
  facet normal 3.935625e-01 6.892293e-01 6.083350e-01
    outer loop
      vertex   7.729812e+00 1.216633e+01 8.691421e+01
      vertex   7.900257e+00 1.243460e+01 8.650000e+01
      vertex   6.549448e+00 1.284034e+01 8.691421e+01
    endloop
  endfacet
  facet normal 3.935625e-01 6.892293e-01 6.083350e-01
    outer loop
      vertex   6.549448e+00 1.284034e+01 8.691421e+01
      vertex   7.900257e+00 1.243460e+01 8.650000e+01
      vertex   6.693865e+00 1.312347e+01 8.650000e+01
    endloop
  endfacet
  facet normal 3.268913e-01 7.232362e-01 6.083350e-01
    outer loop
      vertex   6.549448e+00 1.284034e+01 8.691421e+01
      vertex   6.693865e+00 1.312347e+01 8.650000e+01
      vertex   5.310844e+00 1.340017e+01 8.691421e+01
    endloop
  endfacet
  facet normal 3.268913e-01 7.232362e-01 6.083350e-01
    outer loop
      vertex   5.310844e+00 1.340017e+01 8.691421e+01
      vertex   6.693865e+00 1.312347e+01 8.650000e+01
      vertex   5.427950e+00 1.369564e+01 8.650000e+01
    endloop
  endfacet
  facet normal 2.573133e-01 7.508118e-01 6.083350e-01
    outer loop
      vertex   5.310844e+00 1.340017e+01 8.691421e+01
      vertex   5.427950e+00 1.369564e+01 8.650000e+01
      vertex   4.025015e+00 1.384084e+01 8.691421e+01
    endloop
  endfacet
  facet normal 2.573133e-01 7.508118e-01 6.083350e-01
    outer loop
      vertex   4.025015e+00 1.384084e+01 8.691421e+01
      vertex   5.427950e+00 1.369564e+01 8.650000e+01
      vertex   4.113768e+00 1.414603e+01 8.650000e+01
    endloop
  endfacet
  facet normal 1.854472e-01 7.717110e-01 6.083350e-01
    outer loop
      vertex   4.025015e+00 1.384084e+01 8.691421e+01
      vertex   4.113768e+00 1.414603e+01 8.650000e+01
      vertex   2.703394e+00 1.415843e+01 8.691421e+01
    endloop
  endfacet
  facet normal 1.854472e-01 7.717110e-01 6.083350e-01
    outer loop
      vertex   2.703394e+00 1.415843e+01 8.691421e+01
      vertex   4.113768e+00 1.414603e+01 8.650000e+01
      vertex   2.763005e+00 1.447063e+01 8.650000e+01
    endloop
  endfacet
  facet normal 1.119321e-01 7.857479e-01 6.083350e-01
    outer loop
      vertex   2.703394e+00 1.415843e+01 8.691421e+01
      vertex   2.763005e+00 1.447063e+01 8.650000e+01
      vertex   1.357734e+00 1.435013e+01 8.691421e+01
    endloop
  endfacet
  facet normal 1.119321e-01 7.857479e-01 6.083350e-01
    outer loop
      vertex   1.357734e+00 1.435013e+01 8.691421e+01
      vertex   2.763005e+00 1.447063e+01 8.650000e+01
      vertex   1.387672e+00 1.466655e+01 8.650000e+01
    endloop
  endfacet
  facet normal 3.742162e-02 7.927976e-01 6.083350e-01
    outer loop
      vertex   1.357734e+00 1.435013e+01 8.691421e+01
      vertex   1.387672e+00 1.466655e+01 8.650000e+01
      vertex   -2.317982e-15 1.441421e+01 8.691421e+01
    endloop
  endfacet
  facet normal 3.742162e-02 7.927976e-01 6.083350e-01
    outer loop
      vertex   -2.317982e-15 1.441421e+01 8.691421e+01
      vertex   1.387672e+00 1.466655e+01 8.650000e+01
      vertex   -2.369094e-15 1.473205e+01 8.650000e+01
    endloop
  endfacet
  facet normal -3.742162e-02 7.927976e-01 6.083350e-01
    outer loop
      vertex   -2.317982e-15 1.441421e+01 8.691421e+01
      vertex   -2.369094e-15 1.473205e+01 8.650000e+01
      vertex   -1.357734e+00 1.435013e+01 8.691421e+01
    endloop
  endfacet
  facet normal -3.742162e-02 7.927976e-01 6.083350e-01
    outer loop
      vertex   -1.357734e+00 1.435013e+01 8.691421e+01
      vertex   -2.369094e-15 1.473205e+01 8.650000e+01
      vertex   -1.387672e+00 1.466655e+01 8.650000e+01
    endloop
  endfacet
  facet normal -1.119321e-01 7.857479e-01 6.083350e-01
    outer loop
      vertex   -1.357734e+00 1.435013e+01 8.691421e+01
      vertex   -1.387672e+00 1.466655e+01 8.650000e+01
      vertex   -2.703394e+00 1.415843e+01 8.691421e+01
    endloop
  endfacet
  facet normal -1.119321e-01 7.857479e-01 6.083350e-01
    outer loop
      vertex   -2.703394e+00 1.415843e+01 8.691421e+01
      vertex   -1.387672e+00 1.466655e+01 8.650000e+01
      vertex   -2.763005e+00 1.447063e+01 8.650000e+01
    endloop
  endfacet
  facet normal -1.854472e-01 7.717110e-01 6.083350e-01
    outer loop
      vertex   -2.703394e+00 1.415843e+01 8.691421e+01
      vertex   -2.763005e+00 1.447063e+01 8.650000e+01
      vertex   -4.025015e+00 1.384084e+01 8.691421e+01
    endloop
  endfacet
  facet normal -1.854472e-01 7.717110e-01 6.083350e-01
    outer loop
      vertex   -4.025015e+00 1.384084e+01 8.691421e+01
      vertex   -2.763005e+00 1.447063e+01 8.650000e+01
      vertex   -4.113768e+00 1.414603e+01 8.650000e+01
    endloop
  endfacet
  facet normal -2.573133e-01 7.508118e-01 6.083350e-01
    outer loop
      vertex   -4.025015e+00 1.384084e+01 8.691421e+01
      vertex   -4.113768e+00 1.414603e+01 8.650000e+01
      vertex   -5.310844e+00 1.340017e+01 8.691421e+01
    endloop
  endfacet
  facet normal -2.573133e-01 7.508118e-01 6.083350e-01
    outer loop
      vertex   -5.310844e+00 1.340017e+01 8.691421e+01
      vertex   -4.113768e+00 1.414603e+01 8.650000e+01
      vertex   -5.427950e+00 1.369564e+01 8.650000e+01
    endloop
  endfacet
  facet normal -3.268913e-01 7.232362e-01 6.083350e-01
    outer loop
      vertex   -5.310844e+00 1.340017e+01 8.691421e+01
      vertex   -5.427950e+00 1.369564e+01 8.650000e+01
      vertex   -6.549448e+00 1.284034e+01 8.691421e+01
    endloop
  endfacet
  facet normal -3.268913e-01 7.232362e-01 6.083350e-01
    outer loop
      vertex   -6.549448e+00 1.284034e+01 8.691421e+01
      vertex   -5.427950e+00 1.369564e+01 8.650000e+01
      vertex   -6.693865e+00 1.312347e+01 8.650000e+01
    endloop
  endfacet
  facet normal -3.935625e-01 6.892293e-01 6.083350e-01
    outer loop
      vertex   -6.549448e+00 1.284034e+01 8.691421e+01
      vertex   -6.693865e+00 1.312347e+01 8.650000e+01
      vertex   -7.729812e+00 1.216633e+01 8.691421e+01
    endloop
  endfacet
  facet normal 4.757413e-01 3.805006e-01 7.930256e-01
    outer loop
      vertex   1.166864e+01 8.462412e+00 8.691421e+01
      vertex   1.081968e+01 9.523871e+00 8.691421e+01
      vertex   1.050877e+01 9.250179e+00 8.723205e+01
    endloop
  endfacet
  facet normal 4.377845e-01 4.236198e-01 7.930265e-01
    outer loop
      vertex   1.050877e+01 9.250179e+00 8.723205e+01
      vertex   1.081968e+01 9.523871e+00 8.691421e+01
      vertex   9.590692e+00 1.019895e+01 8.723205e+01
    endloop
  endfacet
  facet normal 2.752718e-01 2.663653e-01 9.237288e-01
    outer loop
      vertex   1.050877e+01 9.250179e+00 8.723205e+01
      vertex   9.590692e+00 1.019895e+01 8.723205e+01
      vertex   9.260250e+00 9.847554e+00 8.743185e+01
    endloop
  endfacet
  facet normal 2.489573e-01 2.911104e-01 9.237288e-01
    outer loop
      vertex   9.260250e+00 9.847554e+00 8.743185e+01
      vertex   9.590692e+00 1.019895e+01 8.723205e+01
      vertex   8.291496e+00 1.067603e+01 8.743185e+01
    endloop
  endfacet
  facet normal 4.377848e-01 4.236204e-01 7.930260e-01
    outer loop
      vertex   9.590692e+00 1.019895e+01 8.723205e+01
      vertex   1.081968e+01 9.523871e+00 8.691421e+01
      vertex   9.874449e+00 1.050071e+01 8.691421e+01
    endloop
  endfacet
  facet normal 3.959351e-01 4.629743e-01 7.930260e-01
    outer loop
      vertex   9.590692e+00 1.019895e+01 8.723205e+01
      vertex   9.874449e+00 1.050071e+01 8.691421e+01
      vertex   8.587369e+00 1.105699e+01 8.723205e+01
    endloop
  endfacet
  facet normal 3.959351e-01 4.629743e-01 7.930260e-01
    outer loop
      vertex   8.587369e+00 1.105699e+01 8.723205e+01
      vertex   9.874449e+00 1.050071e+01 8.691421e+01
      vertex   8.841441e+00 1.138413e+01 8.691421e+01
    endloop
  endfacet
  facet normal 3.505652e-01 4.982106e-01 7.930260e-01
    outer loop
      vertex   8.587369e+00 1.105699e+01 8.723205e+01
      vertex   8.841441e+00 1.138413e+01 8.691421e+01
      vertex   7.507685e+00 1.181671e+01 8.723205e+01
    endloop
  endfacet
  facet normal 3.505652e-01 4.982106e-01 7.930260e-01
    outer loop
      vertex   7.507685e+00 1.181671e+01 8.723205e+01
      vertex   8.841441e+00 1.138413e+01 8.691421e+01
      vertex   7.729812e+00 1.216633e+01 8.691421e+01
    endloop
  endfacet
  facet normal 3.020781e-01 5.290166e-01 7.930260e-01
    outer loop
      vertex   7.507685e+00 1.181671e+01 8.723205e+01
      vertex   7.729812e+00 1.216633e+01 8.691421e+01
      vertex   6.361240e+00 1.247135e+01 8.723205e+01
    endloop
  endfacet
  facet normal 3.020781e-01 5.290166e-01 7.930260e-01
    outer loop
      vertex   6.361240e+00 1.247135e+01 8.723205e+01
      vertex   7.729812e+00 1.216633e+01 8.691421e+01
      vertex   6.549448e+00 1.284034e+01 8.691421e+01
    endloop
  endfacet
  facet normal 2.509048e-01 5.551185e-01 7.930260e-01
    outer loop
      vertex   6.361240e+00 1.247135e+01 8.723205e+01
      vertex   6.549448e+00 1.284034e+01 8.691421e+01
      vertex   5.158230e+00 1.301509e+01 8.723205e+01
    endloop
  endfacet
  facet normal 2.509048e-01 5.551185e-01 7.930260e-01
    outer loop
      vertex   5.158230e+00 1.301509e+01 8.723205e+01
      vertex   6.549448e+00 1.284034e+01 8.691421e+01
      vertex   5.310844e+00 1.340017e+01 8.691421e+01
    endloop
  endfacet
  facet normal 1.975003e-01 5.762841e-01 7.930260e-01
    outer loop
      vertex   5.158230e+00 1.301509e+01 8.723205e+01
      vertex   5.310844e+00 1.340017e+01 8.691421e+01
      vertex   3.909350e+00 1.344310e+01 8.723205e+01
    endloop
  endfacet
  facet normal 1.975003e-01 5.762841e-01 7.930260e-01
    outer loop
      vertex   3.909350e+00 1.344310e+01 8.723205e+01
      vertex   5.310844e+00 1.340017e+01 8.691421e+01
      vertex   4.025015e+00 1.384084e+01 8.691421e+01
    endloop
  endfacet
  facet normal 1.423396e-01 5.923252e-01 7.930260e-01
    outer loop
      vertex   3.909350e+00 1.344310e+01 8.723205e+01
      vertex   4.025015e+00 1.384084e+01 8.691421e+01
      vertex   2.625708e+00 1.375157e+01 8.723205e+01
    endloop
  endfacet
  facet normal 1.423396e-01 5.923252e-01 7.930260e-01
    outer loop
      vertex   2.625708e+00 1.375157e+01 8.723205e+01
      vertex   4.025015e+00 1.384084e+01 8.691421e+01
      vertex   2.703394e+00 1.415843e+01 8.691421e+01
    endloop
  endfacet
  facet normal 8.591325e-02 6.030992e-01 7.930260e-01
    outer loop
      vertex   2.625708e+00 1.375157e+01 8.723205e+01
      vertex   2.703394e+00 1.415843e+01 8.691421e+01
      vertex   1.318717e+00 1.393775e+01 8.723205e+01
    endloop
  endfacet
  facet normal 8.591325e-02 6.030992e-01 7.930260e-01
    outer loop
      vertex   1.318717e+00 1.393775e+01 8.723205e+01
      vertex   2.703394e+00 1.415843e+01 8.691421e+01
      vertex   1.357734e+00 1.435013e+01 8.691421e+01
    endloop
  endfacet
  facet normal 2.872289e-02 6.085103e-01 7.930260e-01
    outer loop
      vertex   1.318717e+00 1.393775e+01 8.723205e+01
      vertex   1.357734e+00 1.435013e+01 8.691421e+01
      vertex   -2.251372e-15 1.400000e+01 8.723205e+01
    endloop
  endfacet
  facet normal 2.872289e-02 6.085103e-01 7.930260e-01
    outer loop
      vertex   -2.251372e-15 1.400000e+01 8.723205e+01
      vertex   1.357734e+00 1.435013e+01 8.691421e+01
      vertex   -2.317982e-15 1.441421e+01 8.691421e+01
    endloop
  endfacet
  facet normal -2.872289e-02 6.085103e-01 7.930260e-01
    outer loop
      vertex   -2.251372e-15 1.400000e+01 8.723205e+01
      vertex   -2.317982e-15 1.441421e+01 8.691421e+01
      vertex   -1.318717e+00 1.393775e+01 8.723205e+01
    endloop
  endfacet
  facet normal -2.872289e-02 6.085103e-01 7.930260e-01
    outer loop
      vertex   -1.318717e+00 1.393775e+01 8.723205e+01
      vertex   -2.317982e-15 1.441421e+01 8.691421e+01
      vertex   -1.357734e+00 1.435013e+01 8.691421e+01
    endloop
  endfacet
  facet normal -8.591325e-02 6.030992e-01 7.930260e-01
    outer loop
      vertex   -1.318717e+00 1.393775e+01 8.723205e+01
      vertex   -1.357734e+00 1.435013e+01 8.691421e+01
      vertex   -2.625708e+00 1.375157e+01 8.723205e+01
    endloop
  endfacet
  facet normal -8.591325e-02 6.030992e-01 7.930260e-01
    outer loop
      vertex   -2.625708e+00 1.375157e+01 8.723205e+01
      vertex   -1.357734e+00 1.435013e+01 8.691421e+01
      vertex   -2.703394e+00 1.415843e+01 8.691421e+01
    endloop
  endfacet
  facet normal -1.423396e-01 5.923252e-01 7.930260e-01
    outer loop
      vertex   -2.625708e+00 1.375157e+01 8.723205e+01
      vertex   -2.703394e+00 1.415843e+01 8.691421e+01
      vertex   -3.909350e+00 1.344310e+01 8.723205e+01
    endloop
  endfacet
  facet normal -1.423396e-01 5.923252e-01 7.930260e-01
    outer loop
      vertex   -3.909350e+00 1.344310e+01 8.723205e+01
      vertex   -2.703394e+00 1.415843e+01 8.691421e+01
      vertex   -4.025015e+00 1.384084e+01 8.691421e+01
    endloop
  endfacet
  facet normal -1.975003e-01 5.762841e-01 7.930260e-01
    outer loop
      vertex   -3.909350e+00 1.344310e+01 8.723205e+01
      vertex   -4.025015e+00 1.384084e+01 8.691421e+01
      vertex   -5.158230e+00 1.301509e+01 8.723205e+01
    endloop
  endfacet
  facet normal -1.975003e-01 5.762841e-01 7.930260e-01
    outer loop
      vertex   -5.158230e+00 1.301509e+01 8.723205e+01
      vertex   -4.025015e+00 1.384084e+01 8.691421e+01
      vertex   -5.310844e+00 1.340017e+01 8.691421e+01
    endloop
  endfacet
  facet normal -2.509048e-01 5.551185e-01 7.930260e-01
    outer loop
      vertex   -5.158230e+00 1.301509e+01 8.723205e+01
      vertex   -5.310844e+00 1.340017e+01 8.691421e+01
      vertex   -6.361240e+00 1.247135e+01 8.723205e+01
    endloop
  endfacet
  facet normal -2.509048e-01 5.551185e-01 7.930260e-01
    outer loop
      vertex   -6.361240e+00 1.247135e+01 8.723205e+01
      vertex   -5.310844e+00 1.340017e+01 8.691421e+01
      vertex   -6.549448e+00 1.284034e+01 8.691421e+01
    endloop
  endfacet
  facet normal -3.020781e-01 5.290166e-01 7.930260e-01
    outer loop
      vertex   -6.361240e+00 1.247135e+01 8.723205e+01
      vertex   -6.549448e+00 1.284034e+01 8.691421e+01
      vertex   -7.507685e+00 1.181671e+01 8.723205e+01
    endloop
  endfacet
  facet normal -3.020781e-01 5.290166e-01 7.930260e-01
    outer loop
      vertex   -7.507685e+00 1.181671e+01 8.723205e+01
      vertex   -6.549448e+00 1.284034e+01 8.691421e+01
      vertex   -7.729812e+00 1.216633e+01 8.691421e+01
    endloop
  endfacet
  facet normal -3.505652e-01 4.982106e-01 7.930260e-01
    outer loop
      vertex   -7.507685e+00 1.181671e+01 8.723205e+01
      vertex   -7.729812e+00 1.216633e+01 8.691421e+01
      vertex   -8.587369e+00 1.105699e+01 8.723205e+01
    endloop
  endfacet
  facet normal 2.204295e-01 3.132664e-01 9.237288e-01
    outer loop
      vertex   7.249012e+00 1.140957e+01 8.743185e+01
      vertex   8.291496e+00 1.067603e+01 8.743185e+01
      vertex   8.587369e+00 1.105699e+01 8.723205e+01
    endloop
  endfacet
  facet normal 2.489573e-01 2.911104e-01 9.237288e-01
    outer loop
      vertex   8.587369e+00 1.105699e+01 8.723205e+01
      vertex   8.291496e+00 1.067603e+01 8.743185e+01
      vertex   9.590692e+00 1.019895e+01 8.723205e+01
    endloop
  endfacet
  facet normal 2.204295e-01 3.132664e-01 9.237288e-01
    outer loop
      vertex   7.249012e+00 1.140957e+01 8.743185e+01
      vertex   8.587369e+00 1.105699e+01 8.723205e+01
      vertex   7.507685e+00 1.181671e+01 8.723205e+01
    endloop
  endfacet
  facet normal 1.899416e-01 3.326367e-01 9.237288e-01
    outer loop
      vertex   6.142067e+00 1.204166e+01 8.743185e+01
      vertex   7.249012e+00 1.140957e+01 8.743185e+01
      vertex   7.507685e+00 1.181671e+01 8.723205e+01
    endloop
  endfacet
  facet normal 1.899416e-01 3.326367e-01 9.237288e-01
    outer loop
      vertex   6.142067e+00 1.204166e+01 8.743185e+01
      vertex   7.507685e+00 1.181671e+01 8.723205e+01
      vertex   6.361240e+00 1.247135e+01 8.723205e+01
    endloop
  endfacet
  facet normal 1.577647e-01 3.490492e-01 9.237288e-01
    outer loop
      vertex   4.980506e+00 1.256667e+01 8.743185e+01
      vertex   6.142067e+00 1.204166e+01 8.743185e+01
      vertex   6.361240e+00 1.247135e+01 8.723205e+01
    endloop
  endfacet
  facet normal 1.577647e-01 3.490492e-01 9.237288e-01
    outer loop
      vertex   4.980506e+00 1.256667e+01 8.743185e+01
      vertex   6.361240e+00 1.247135e+01 8.723205e+01
      vertex   5.158230e+00 1.301509e+01 8.723205e+01
    endloop
  endfacet
  facet normal 1.241849e-01 3.623577e-01 9.237288e-01
    outer loop
      vertex   3.774656e+00 1.297993e+01 8.743185e+01
      vertex   4.980506e+00 1.256667e+01 8.743185e+01
      vertex   5.158230e+00 1.301509e+01 8.723205e+01
    endloop
  endfacet
  facet normal 1.241849e-01 3.623577e-01 9.237288e-01
    outer loop
      vertex   3.774656e+00 1.297993e+01 8.743185e+01
      vertex   5.158230e+00 1.301509e+01 8.723205e+01
      vertex   3.909350e+00 1.344310e+01 8.723205e+01
    endloop
  endfacet
  facet normal 8.950078e-02 3.724441e-01 9.237288e-01
    outer loop
      vertex   2.535241e+00 1.327777e+01 8.743185e+01
      vertex   3.774656e+00 1.297993e+01 8.743185e+01
      vertex   3.909350e+00 1.344310e+01 8.723205e+01
    endloop
  endfacet
  facet normal 8.950078e-02 3.724441e-01 9.237288e-01
    outer loop
      vertex   2.535241e+00 1.327777e+01 8.743185e+01
      vertex   3.909350e+00 1.344310e+01 8.723205e+01
      vertex   2.625708e+00 1.375157e+01 8.723205e+01
    endloop
  endfacet
  facet normal 5.402081e-02 3.792186e-01 9.237288e-01
    outer loop
      vertex   1.273282e+00 1.345754e+01 8.743185e+01
      vertex   2.535241e+00 1.327777e+01 8.743185e+01
      vertex   2.625708e+00 1.375157e+01 8.723205e+01
    endloop
  endfacet
  facet normal 5.402081e-02 3.792186e-01 9.237288e-01
    outer loop
      vertex   1.273282e+00 1.345754e+01 8.743185e+01
      vertex   2.625708e+00 1.375157e+01 8.723205e+01
      vertex   1.318717e+00 1.393775e+01 8.723205e+01
    endloop
  endfacet
  facet normal 1.806047e-02 3.826210e-01 9.237288e-01
    outer loop
      vertex   8.277166e-16 1.351764e+01 8.743185e+01
      vertex   1.273282e+00 1.345754e+01 8.743185e+01
      vertex   1.318717e+00 1.393775e+01 8.723205e+01
    endloop
  endfacet
  facet normal 1.806047e-02 3.826210e-01 9.237288e-01
    outer loop
      vertex   8.277166e-16 1.351764e+01 8.743185e+01
      vertex   1.318717e+00 1.393775e+01 8.723205e+01
      vertex   -2.251372e-15 1.400000e+01 8.723205e+01
    endloop
  endfacet
  facet normal -1.806047e-02 3.826210e-01 9.237288e-01
    outer loop
      vertex   -1.273282e+00 1.345754e+01 8.743185e+01
      vertex   8.277166e-16 1.351764e+01 8.743185e+01
      vertex   -2.251372e-15 1.400000e+01 8.723205e+01
    endloop
  endfacet
  facet normal -1.806047e-02 3.826210e-01 9.237288e-01
    outer loop
      vertex   -1.273282e+00 1.345754e+01 8.743185e+01
      vertex   -2.251372e-15 1.400000e+01 8.723205e+01
      vertex   -1.318717e+00 1.393775e+01 8.723205e+01
    endloop
  endfacet
  facet normal -5.402081e-02 3.792186e-01 9.237288e-01
    outer loop
      vertex   -2.535241e+00 1.327777e+01 8.743185e+01
      vertex   -1.273282e+00 1.345754e+01 8.743185e+01
      vertex   -1.318717e+00 1.393775e+01 8.723205e+01
    endloop
  endfacet
  facet normal -5.402081e-02 3.792186e-01 9.237288e-01
    outer loop
      vertex   -2.535241e+00 1.327777e+01 8.743185e+01
      vertex   -1.318717e+00 1.393775e+01 8.723205e+01
      vertex   -2.625708e+00 1.375157e+01 8.723205e+01
    endloop
  endfacet
  facet normal -8.950078e-02 3.724441e-01 9.237288e-01
    outer loop
      vertex   -3.774656e+00 1.297993e+01 8.743185e+01
      vertex   -2.535241e+00 1.327777e+01 8.743185e+01
      vertex   -2.625708e+00 1.375157e+01 8.723205e+01
    endloop
  endfacet
  facet normal -8.950078e-02 3.724441e-01 9.237288e-01
    outer loop
      vertex   -3.774656e+00 1.297993e+01 8.743185e+01
      vertex   -2.625708e+00 1.375157e+01 8.723205e+01
      vertex   -3.909350e+00 1.344310e+01 8.723205e+01
    endloop
  endfacet
  facet normal -1.241849e-01 3.623577e-01 9.237288e-01
    outer loop
      vertex   -4.980506e+00 1.256667e+01 8.743185e+01
      vertex   -3.774656e+00 1.297993e+01 8.743185e+01
      vertex   -3.909350e+00 1.344310e+01 8.723205e+01
    endloop
  endfacet
  facet normal -1.241849e-01 3.623577e-01 9.237288e-01
    outer loop
      vertex   -4.980506e+00 1.256667e+01 8.743185e+01
      vertex   -3.909350e+00 1.344310e+01 8.723205e+01
      vertex   -5.158230e+00 1.301509e+01 8.723205e+01
    endloop
  endfacet
  facet normal -1.577647e-01 3.490492e-01 9.237288e-01
    outer loop
      vertex   -6.142067e+00 1.204166e+01 8.743185e+01
      vertex   -4.980506e+00 1.256667e+01 8.743185e+01
      vertex   -5.158230e+00 1.301509e+01 8.723205e+01
    endloop
  endfacet
  facet normal -1.577647e-01 3.490492e-01 9.237288e-01
    outer loop
      vertex   -6.142067e+00 1.204166e+01 8.743185e+01
      vertex   -5.158230e+00 1.301509e+01 8.723205e+01
      vertex   -6.361240e+00 1.247135e+01 8.723205e+01
    endloop
  endfacet
  facet normal -1.899416e-01 3.326367e-01 9.237288e-01
    outer loop
      vertex   -7.249012e+00 1.140957e+01 8.743185e+01
      vertex   -6.142067e+00 1.204166e+01 8.743185e+01
      vertex   -6.361240e+00 1.247135e+01 8.723205e+01
    endloop
  endfacet
  facet normal -1.899416e-01 3.326367e-01 9.237288e-01
    outer loop
      vertex   -7.249012e+00 1.140957e+01 8.743185e+01
      vertex   -6.361240e+00 1.247135e+01 8.723205e+01
      vertex   -7.507685e+00 1.181671e+01 8.723205e+01
    endloop
  endfacet
  facet normal -2.204295e-01 3.132664e-01 9.237288e-01
    outer loop
      vertex   -8.291496e+00 1.067603e+01 8.743185e+01
      vertex   -7.249012e+00 1.140957e+01 8.743185e+01
      vertex   -7.507685e+00 1.181671e+01 8.723205e+01
    endloop
  endfacet
  facet normal -2.204295e-01 3.132664e-01 9.237288e-01
    outer loop
      vertex   -8.291496e+00 1.067603e+01 8.743185e+01
      vertex   -7.507685e+00 1.181671e+01 8.723205e+01
      vertex   -8.587369e+00 1.105699e+01 8.723205e+01
    endloop
  endfacet
  facet normal -2.489573e-01 2.911104e-01 9.237288e-01
    outer loop
      vertex   -9.260250e+00 9.847554e+00 8.743185e+01
      vertex   -8.291496e+00 1.067603e+01 8.743185e+01
      vertex   -8.587369e+00 1.105699e+01 8.723205e+01
    endloop
  endfacet
  facet normal 9.988983e-01 4.687214e-02 -2.291665e-03
    outer loop
      vertex   1.493409e+01 1.404622e+00 7.900000e+01
      vertex   1.497169e+01 9.212196e-01 8.550000e+01
      vertex   1.500000e+01 1.836970e-15 7.900000e+01
    endloop
  endfacet
  facet normal 9.998952e-01 1.428582e-02 2.331010e-03
    outer loop
      vertex   1.500000e+01 1.836970e-15 7.900000e+01
      vertex   1.497169e+01 9.212196e-01 8.550000e+01
      vertex   1.499189e+01 -4.931205e-01 8.550000e+01
    endloop
  endfacet
  facet normal 9.988982e-01 -4.687214e-02 -2.309963e-03
    outer loop
      vertex   1.500000e+01 1.836970e-15 7.900000e+01
      vertex   1.499189e+01 -4.931205e-01 8.550000e+01
      vertex   1.493409e+01 -1.404622e+00 7.900000e+01
    endloop
  endfacet
  facet normal 9.967952e-01 -7.996192e-02 2.348953e-03
    outer loop
      vertex   1.493409e+01 -1.404622e+00 7.900000e+01
      vertex   1.499189e+01 -4.931205e-01 8.550000e+01
      vertex   1.487879e+01 -1.903076e+00 8.550000e+01
    endloop
  endfacet
  facet normal 9.901198e-01 -1.402045e-01 -2.327551e-03
    outer loop
      vertex   1.493409e+01 -1.404622e+00 7.900000e+01
      vertex   1.487879e+01 -1.903076e+00 8.550000e+01
      vertex   1.473694e+01 -2.796901e+00 7.900000e+01
    endloop
  endfacet
  facet normal 9.848313e-01 -1.734986e-01 2.366186e-03
    outer loop
      vertex   1.473694e+01 -2.796901e+00 7.900000e+01
      vertex   1.487879e+01 -1.903076e+00 8.550000e+01
      vertex   1.463338e+01 -3.296108e+00 8.550000e+01
    endloop
  endfacet
  facet normal 9.726402e-01 -2.323047e-01 -2.344427e-03
    outer loop
      vertex   1.473694e+01 -2.796901e+00 7.900000e+01
      vertex   1.463338e+01 -3.296108e+00 8.550000e+01
      vertex   1.441028e+01 -4.164600e+00 7.900000e+01
    endloop
  endfacet
  facet normal 9.641100e-01 -2.654925e-01 2.382707e-03
    outer loop
      vertex   1.441028e+01 -4.164600e+00 7.900000e+01
      vertex   1.463338e+01 -3.296108e+00 8.550000e+01
      vertex   1.425784e+01 -4.659831e+00 8.550000e+01
    endloop
  endfacet
  facet normal 9.466130e-01 -3.223634e-01 -2.360593e-03
    outer loop
      vertex   1.441028e+01 -4.164600e+00 7.900000e+01
      vertex   1.425784e+01 -4.659831e+00 8.550000e+01
      vertex   1.395698e+01 -5.495701e+00 7.900000e+01
    endloop
  endfacet
  facet normal 9.348156e-01 -3.551255e-01 2.398517e-03
    outer loop
      vertex   1.395698e+01 -5.495701e+00 7.900000e+01
      vertex   1.425784e+01 -4.659831e+00 8.550000e+01
      vertex   1.375552e+01 -5.982117e+00 8.550000e+01
    endloop
  endfacet
  facet normal 9.122670e-01 -4.095892e-01 -2.376048e-03
    outer loop
      vertex   1.395698e+01 -5.495701e+00 7.900000e+01
      vertex   1.375552e+01 -5.982117e+00 8.550000e+01
      vertex   1.338103e+01 -6.778505e+00 7.900000e+01
    endloop
  endfacet
  facet normal 8.972085e-01 -4.416006e-01 2.413617e-03
    outer loop
      vertex   1.338103e+01 -6.778505e+00 7.900000e+01
      vertex   1.375552e+01 -5.982117e+00 8.550000e+01
      vertex   1.313088e+01 -7.251208e+00 8.550000e+01
    endloop
  endfacet
  facet normal 8.699039e-01 -4.932155e-01 -2.390792e-03
    outer loop
      vertex   1.338103e+01 -6.778505e+00 7.900000e+01
      vertex   1.313088e+01 -7.251208e+00 8.550000e+01
      vertex   1.268748e+01 -8.001739e+00 7.900000e+01
    endloop
  endfacet
  facet normal 8.516232e-01 -5.241489e-01 2.428005e-03
    outer loop
      vertex   1.268748e+01 -8.001739e+00 7.900000e+01
      vertex   1.313088e+01 -7.251208e+00 8.550000e+01
      vertex   1.238948e+01 -8.455819e+00 8.550000e+01
    endloop
  endfacet
  facet normal 8.198961e-01 -5.725074e-01 -2.404825e-03
    outer loop
      vertex   1.268748e+01 -8.001739e+00 7.900000e+01
      vertex   1.238948e+01 -8.455819e+00 8.550000e+01
      vertex   1.188244e+01 -9.154654e+00 7.900000e+01
    endloop
  endfacet
  facet normal 7.984650e-01 -6.020363e-01 2.441683e-03
    outer loop
      vertex   1.188244e+01 -9.154654e+00 7.900000e+01
      vertex   1.238948e+01 -8.455819e+00 8.550000e+01
      vertex   1.153790e+01 -9.585239e+00 8.550000e+01
    endloop
  endfacet
  facet normal 7.626829e-01 -6.467680e-01 -2.418147e-03
    outer loop
      vertex   1.188244e+01 -9.154654e+00 7.900000e+01
      vertex   1.153790e+01 -9.585239e+00 8.550000e+01
      vertex   1.097297e+01 -1.022712e+01 7.900000e+01
    endloop
  endfacet
  facet normal 7.382066e-01 -6.745703e-01 2.454649e-03
    outer loop
      vertex   1.097297e+01 -1.022712e+01 7.900000e+01
      vertex   1.153790e+01 -9.585239e+00 8.550000e+01
      vertex   1.058373e+01 -1.062942e+01 8.550000e+01
    endloop
  endfacet
  facet normal 6.987674e-01 -7.153449e-01 -2.430759e-03
    outer loop
      vertex   1.097297e+01 -1.022712e+01 7.900000e+01
      vertex   1.058373e+01 -1.062942e+01 8.550000e+01
      vertex   9.967072e+00 -1.120970e+01 7.900000e+01
    endloop
  endfacet
  facet normal 6.713838e-01 -7.411057e-01 2.466905e-03
    outer loop
      vertex   9.967072e+00 -1.120970e+01 7.900000e+01
      vertex   1.058373e+01 -1.062942e+01 8.550000e+01
      vertex   9.535445e+00 -1.157909e+01 8.550000e+01
    endloop
  endfacet
  facet normal 6.287110e-01 -7.776352e-01 -2.442659e-03
    outer loop
      vertex   9.967072e+00 -1.120970e+01 7.900000e+01
      vertex   9.535445e+00 -1.157909e+01 8.550000e+01
      vertex   8.873583e+00 -1.209378e+01 7.900000e+01
    endloop
  endfacet
  facet normal 5.985910e-01 -8.010510e-01 2.478450e-03
    outer loop
      vertex   8.873583e+00 -1.209378e+01 7.900000e+01
      vertex   9.535445e+00 -1.157909e+01 8.550000e+01
      vertex   8.402368e+00 -1.242579e+01 8.550000e+01
    endloop
  endfacet
  facet normal 5.531295e-01 -8.330917e-01 -2.453848e-03
    outer loop
      vertex   8.873583e+00 -1.209378e+01 7.900000e+01
      vertex   8.402368e+00 -1.242579e+01 8.550000e+01
      vertex   7.702113e+00 -1.287158e+01 7.900000e+01
    endloop
  endfacet
  facet normal 5.204753e-01 -8.538731e-01 2.489284e-03
    outer loop
      vertex   7.702113e+00 -1.287158e+01 7.900000e+01
      vertex   8.402368e+00 -1.242579e+01 8.550000e+01
      vertex   7.194574e+00 -1.316200e+01 8.550000e+01
    endloop
  endfacet
  facet normal 4.726871e-01 -8.812269e-01 -2.464327e-03
    outer loop
      vertex   7.702113e+00 -1.287158e+01 7.900000e+01
      vertex   7.194574e+00 -1.316200e+01 8.550000e+01
      vertex   6.462956e+00 -1.353626e+01 7.900000e+01
    endloop
  endfacet
  facet normal 4.377313e-01 -8.991023e-01 2.499407e-03
    outer loop
      vertex   6.462956e+00 -1.353626e+01 7.900000e+01
      vertex   7.194574e+00 -1.316200e+01 8.550000e+01
      vertex   5.922803e+00 -1.378116e+01 8.550000e+01
    endloop
  endfacet
  facet normal 3.880907e-01 -9.216179e-01 -2.474094e-03
    outer loop
      vertex   6.462956e+00 -1.353626e+01 7.900000e+01
      vertex   5.922803e+00 -1.378116e+01 8.550000e+01
      vertex   5.167003e+00 -1.408198e+01 7.900000e+01
    endloop
  endfacet
  facet normal 3.492722e-01 -9.370173e-01 2.752275e-03
    outer loop
      vertex   5.167003e+00 -1.408198e+01 7.900000e+01
      vertex   5.922803e+00 -1.378116e+01 8.550000e+01
      vertex   4.598366e+00 -1.427778e+01 8.450000e+01
    endloop
  endfacet
  facet normal 3.000833e-01 -9.539085e-01 -2.934629e-03
    outer loop
      vertex   5.167003e+00 -1.408198e+01 7.900000e+01
      vertex   4.598366e+00 -1.427778e+01 8.450000e+01
      vertex   3.825642e+00 -1.450395e+01 7.900000e+01
    endloop
  endfacet
  facet normal 2.638996e-01 -9.645467e-01 2.586464e-03
    outer loop
      vertex   3.825642e+00 -1.450395e+01 7.900000e+01
      vertex   4.598366e+00 -1.427778e+01 8.450000e+01
      vertex   3.310809e+00 -1.463006e+01 8.450000e+01
    endloop
  endfacet
  facet normal 2.094394e-01 -9.778176e-01 -2.815624e-03
    outer loop
      vertex   3.825642e+00 -1.450395e+01 7.900000e+01
      vertex   3.310809e+00 -1.463006e+01 8.450000e+01
      vertex   2.450660e+00 -1.479845e+01 7.900000e+01
    endloop
  endfacet
  facet normal 1.771029e-01 -9.841893e-01 2.436595e-03
    outer loop
      vertex   2.450660e+00 -1.479845e+01 7.900000e+01
      vertex   3.310809e+00 -1.463006e+01 8.450000e+01
      vertex   1.997032e+00 -1.486647e+01 8.450000e+01
    endloop
  endfacet
  facet normal 1.169549e-01 -9.931337e-01 -2.634893e-03
    outer loop
      vertex   2.450660e+00 -1.479845e+01 7.900000e+01
      vertex   1.997032e+00 -1.486647e+01 8.450000e+01
      vertex   1.054143e+00 -1.496291e+01 7.900000e+01
    endloop
  endfacet
  facet normal 8.890353e-02 -9.960378e-01 2.225002e-03
    outer loop
      vertex   1.054143e+00 -1.496291e+01 7.900000e+01
      vertex   1.997032e+00 -1.486647e+01 8.450000e+01
      vertex   6.674392e-01 -1.498514e+01 8.450000e+01
    endloop
  endfacet
  facet normal 2.344251e-02 -9.997223e-01 -2.392439e-03
    outer loop
      vertex   1.054143e+00 -1.496291e+01 7.900000e+01
      vertex   6.674392e-01 -1.498514e+01 8.450000e+01
      vertex   -3.516386e-01 -1.499588e+01 7.900000e+01
    endloop
  endfacet
  facet normal 0.000000e+00 -9.999981e-01 1.951688e-03
    outer loop
      vertex   -3.516386e-01 -1.499588e+01 7.900000e+01
      vertex   6.674392e-01 -1.498514e+01 8.450000e+01
      vertex   -6.674392e-01 -1.498514e+01 8.450000e+01
    endloop
  endfacet
  facet normal -7.027604e-02 -9.975254e-01 -2.088268e-03
    outer loop
      vertex   -3.516386e-01 -1.499588e+01 7.900000e+01
      vertex   -6.674392e-01 -1.498514e+01 8.450000e+01
      vertex   -1.754330e+00 -1.489706e+01 7.900000e+01
    endloop
  endfacet
  facet normal -8.890364e-02 -9.960389e-01 1.616660e-03
    outer loop
      vertex   -1.754330e+00 -1.489706e+01 7.900000e+01
      vertex   -6.674392e-01 -1.498514e+01 8.450000e+01
      vertex   -1.997032e+00 -1.486647e+01 8.450000e+01
    endloop
  endfacet
  facet normal -1.633771e-01 -9.865622e-01 -1.722386e-03
    outer loop
      vertex   -1.754330e+00 -1.489706e+01 7.900000e+01
      vertex   -1.997032e+00 -1.486647e+01 8.450000e+01
      vertex   -3.141604e+00 -1.466732e+01 7.900000e+01
    endloop
  endfacet
  facet normal -1.771033e-01 -9.841915e-01 1.219925e-03
    outer loop
      vertex   -3.141604e+00 -1.466732e+01 7.900000e+01
      vertex   -1.997032e+00 -1.486647e+01 8.450000e+01
      vertex   -3.310809e+00 -1.463006e+01 8.450000e+01
    endloop
  endfacet
  facet normal -2.550426e-01 -9.669290e-01 -1.294802e-03
    outer loop
      vertex   -3.141604e+00 -1.466732e+01 7.900000e+01
      vertex   -3.310809e+00 -1.463006e+01 8.450000e+01
      vertex   -4.501270e+00 -1.430869e+01 7.900000e+01
    endloop
  endfacet
  facet normal -2.639004e-01 -9.645496e-01 7.614922e-04
    outer loop
      vertex   -4.501270e+00 -1.430869e+01 7.900000e+01
      vertex   -3.310809e+00 -1.463006e+01 8.450000e+01
      vertex   -4.598366e+00 -1.427778e+01 8.450000e+01
    endloop
  endfacet
  facet normal -3.444667e-01 -9.387982e-01 -8.055239e-04
    outer loop
      vertex   -4.501270e+00 -1.430869e+01 7.900000e+01
      vertex   -4.598366e+00 -1.427778e+01 8.450000e+01
      vertex   -5.821378e+00 -1.382431e+01 7.900000e+01
    endloop
  endfacet
  facet normal -3.476535e-01 -9.376231e-01 0.000000e+00
    outer loop
      vertex   -5.821378e+00 -1.382431e+01 7.900000e+01
      vertex   -4.598366e+00 -1.427778e+01 8.450000e+01
      vertex   -4.598366e+00 -1.427778e+01 8.550000e+01
    endloop
  endfacet
  facet normal -3.510960e-01 -9.363392e-01 7.372889e-04
    outer loop
      vertex   -5.821378e+00 -1.382431e+01 7.900000e+01
      vertex   -4.598366e+00 -1.427778e+01 8.550000e+01
      vertex   -5.922803e+00 -1.378116e+01 8.550000e+01
    endloop
  endfacet
  facet normal 9.941040e-01 1.084065e-01 2.312356e-03
    outer loop
      vertex   1.497169e+01 9.212196e-01 8.550000e+01
      vertex   1.493409e+01 1.404622e+00 7.900000e+01
      vertex   1.481835e+01 2.327368e+00 8.550000e+01
    endloop
  endfacet
  facet normal 9.901200e-01 1.402045e-01 -2.272655e-03
    outer loop
      vertex   1.481835e+01 2.327368e+00 8.550000e+01
      vertex   1.493409e+01 1.404622e+00 7.900000e+01
      vertex   1.473694e+01 2.796901e+00 7.900000e+01
    endloop
  endfacet
  facet normal 9.794728e-01 2.015633e-01 2.292992e-03
    outer loop
      vertex   1.481835e+01 2.327368e+00 8.550000e+01
      vertex   1.473694e+01 2.796901e+00 7.900000e+01
      vertex   1.453324e+01 3.712821e+00 8.550000e+01
    endloop
  endfacet
  facet normal 9.726404e-01 2.323048e-01 -2.252935e-03
    outer loop
      vertex   1.453324e+01 3.712821e+00 8.550000e+01
      vertex   1.473694e+01 2.796901e+00 7.900000e+01
      vertex   1.441028e+01 4.164600e+00 7.900000e+01
    endloop
  endfacet
  facet normal 9.561319e-01 2.929276e-01 2.272916e-03
    outer loop
      vertex   1.453324e+01 3.712821e+00 8.550000e+01
      vertex   1.441028e+01 4.164600e+00 7.900000e+01
      vertex   1.411889e+01 5.065258e+00 8.550000e+01
    endloop
  endfacet
  facet normal 9.466133e-01 3.223635e-01 -2.232504e-03
    outer loop
      vertex   1.411889e+01 5.065258e+00 8.550000e+01
      vertex   1.441028e+01 4.164600e+00 7.900000e+01
      vertex   1.395698e+01 5.495701e+00 7.900000e+01
    endloop
  endfacet
  facet normal 9.242888e-01 3.816872e-01 2.252129e-03
    outer loop
      vertex   1.411889e+01 5.065258e+00 8.550000e+01
      vertex   1.395698e+01 5.495701e+00 7.900000e+01
      vertex   1.357900e+01 6.372653e+00 8.550000e+01
    endloop
  endfacet
  facet normal 9.122673e-01 4.095894e-01 -2.211362e-03
    outer loop
      vertex   1.357900e+01 6.372653e+00 8.550000e+01
      vertex   1.395698e+01 5.495701e+00 7.900000e+01
      vertex   1.338103e+01 6.778505e+00 7.900000e+01
    endloop
  endfacet
  facet normal 8.842266e-01 4.670528e-01 2.230632e-03
    outer loop
      vertex   1.357900e+01 6.372653e+00 8.550000e+01
      vertex   1.338103e+01 6.778505e+00 7.900000e+01
      vertex   1.291836e+01 7.623381e+00 8.550000e+01
    endloop
  endfacet
  facet normal 8.699043e-01 4.932157e-01 -2.189509e-03
    outer loop
      vertex   1.291836e+01 7.623381e+00 8.550000e+01
      vertex   1.338103e+01 6.778505e+00 7.900000e+01
      vertex   1.268748e+01 8.001739e+00 7.900000e+01
    endloop
  endfacet
  facet normal 8.363017e-01 5.482651e-01 2.208424e-03
    outer loop
      vertex   1.291836e+01 7.623381e+00 8.550000e+01
      vertex   1.268748e+01 8.001739e+00 7.900000e+01
      vertex   1.214285e+01 8.806320e+00 8.550000e+01
    endloop
  endfacet
  facet normal 8.198965e-01 5.725077e-01 -2.166945e-03
    outer loop
      vertex   1.214285e+01 8.806320e+00 8.550000e+01
      vertex   1.268748e+01 8.001739e+00 7.900000e+01
      vertex   1.188244e+01 9.154654e+00 7.900000e+01
    endloop
  endfacet
  facet normal 7.809400e-01 6.246022e-01 2.185505e-03
    outer loop
      vertex   1.214285e+01 8.806320e+00 8.550000e+01
      vertex   1.188244e+01 9.154654e+00 7.900000e+01
      vertex   1.125935e+01 9.910950e+00 8.550000e+01
    endloop
  endfacet
  facet normal 7.626834e-01 6.467684e-01 -2.143671e-03
    outer loop
      vertex   1.125935e+01 9.910950e+00 8.550000e+01
      vertex   1.188244e+01 9.154654e+00 7.900000e+01
      vertex   1.097297e+01 1.022712e+01 7.900000e+01
    endloop
  endfacet
  facet normal 7.186341e-01 6.953851e-01 2.161875e-03
    outer loop
      vertex   1.125935e+01 9.910950e+00 8.550000e+01
      vertex   1.097297e+01 1.022712e+01 7.900000e+01
      vertex   1.027574e+01 1.092745e+01 8.550000e+01
    endloop
  endfacet
  facet normal 6.987679e-01 7.153454e-01 -2.119685e-03
    outer loop
      vertex   1.027574e+01 1.092745e+01 8.550000e+01
      vertex   1.097297e+01 1.022712e+01 7.900000e+01
      vertex   9.967072e+00 1.120970e+01 7.900000e+01
    endloop
  endfacet
  facet normal 6.499378e-01 7.599844e-01 2.137534e-03
    outer loop
      vertex   1.027574e+01 1.092745e+01 8.550000e+01
      vertex   9.967072e+00 1.120970e+01 7.900000e+01
      vertex   9.200753e+00 1.184678e+01 8.550000e+01
    endloop
  endfacet
  facet normal 6.287115e-01 7.776358e-01 -2.094989e-03
    outer loop
      vertex   9.200753e+00 1.184678e+01 8.550000e+01
      vertex   9.967072e+00 1.120970e+01 7.900000e+01
      vertex   8.873583e+00 1.209378e+01 7.900000e+01
    endloop
  endfacet
  facet normal 5.754621e-01 8.178257e-01 2.112482e-03
    outer loop
      vertex   9.200753e+00 1.184678e+01 8.550000e+01
      vertex   8.873583e+00 1.209378e+01 7.900000e+01
      vertex   8.043948e+00 1.266076e+01 8.550000e+01
    endloop
  endfacet
  facet normal 5.531300e-01 8.330924e-01 -2.069582e-03
    outer loop
      vertex   8.043948e+00 1.266076e+01 8.550000e+01
      vertex   8.873583e+00 1.209378e+01 7.900000e+01
      vertex   7.702113e+00 1.287158e+01 7.900000e+01
    endloop
  endfacet
  facet normal 4.958692e-01 8.683947e-01 2.086720e-03
    outer loop
      vertex   8.043948e+00 1.266076e+01 8.550000e+01
      vertex   7.702113e+00 1.287158e+01 7.900000e+01
      vertex   6.815615e+00 1.336216e+01 8.550000e+01
    endloop
  endfacet
  facet normal 4.726875e-01 8.812277e-01 -2.043464e-03
    outer loop
      vertex   6.815615e+00 1.336216e+01 8.550000e+01
      vertex   7.702113e+00 1.287158e+01 7.900000e+01
      vertex   6.462956e+00 1.353626e+01 7.900000e+01
    endloop
  endfacet
  facet normal 4.118668e-01 9.112417e-01 2.060246e-03
    outer loop
      vertex   6.815615e+00 1.336216e+01 8.550000e+01
      vertex   6.462956e+00 1.353626e+01 7.900000e+01
      vertex   5.526675e+00 1.394474e+01 8.550000e+01
    endloop
  endfacet
  facet normal 3.880911e-01 9.216188e-01 -2.016635e-03
    outer loop
      vertex   5.526675e+00 1.394474e+01 8.550000e+01
      vertex   6.462956e+00 1.353626e+01 7.900000e+01
      vertex   5.167003e+00 1.408198e+01 7.900000e+01
    endloop
  endfacet
  facet normal 3.242020e-01 9.459857e-01 2.033062e-03
    outer loop
      vertex   5.526675e+00 1.394474e+01 8.550000e+01
      vertex   5.167003e+00 1.408198e+01 7.900000e+01
      vertex   4.188590e+00 1.440332e+01 8.550000e+01
    endloop
  endfacet
  facet normal 3.000840e-01 9.539107e-01 -1.989096e-03
    outer loop
      vertex   4.188590e+00 1.440332e+01 8.550000e+01
      vertex   5.167003e+00 1.408198e+01 7.900000e+01
      vertex   3.825642e+00 1.450395e+01 7.900000e+01
    endloop
  endfacet
  facet normal 2.336543e-01 9.723177e-01 2.005167e-03
    outer loop
      vertex   4.188590e+00 1.440332e+01 8.550000e+01
      vertex   3.825642e+00 1.450395e+01 7.900000e+01
      vertex   2.813259e+00 1.473382e+01 8.550000e+01
    endloop
  endfacet
  facet normal 2.094399e-01 9.778196e-01 -1.960846e-03
    outer loop
      vertex   2.813259e+00 1.473382e+01 8.550000e+01
      vertex   3.825642e+00 1.450395e+01 7.900000e+01
      vertex   2.450660e+00 1.479845e+01 7.900000e+01
    endloop
  endfacet
  facet normal 1.410289e-01 9.900035e-01 1.976562e-03
    outer loop
      vertex   2.813259e+00 1.473382e+01 8.550000e+01
      vertex   2.450660e+00 1.479845e+01 7.900000e+01
      vertex   1.412911e+00 1.493331e+01 8.550000e+01
    endloop
  endfacet
  facet normal 1.169551e-01 9.931353e-01 -1.931884e-03
    outer loop
      vertex   1.412911e+00 1.493331e+01 8.550000e+01
      vertex   2.450660e+00 1.479845e+01 7.900000e+01
      vertex   1.054143e+00 1.496291e+01 7.900000e+01
    endloop
  endfacet
  facet normal 4.714939e-02 9.988860e-01 1.947245e-03
    outer loop
      vertex   1.412911e+00 1.493331e+01 8.550000e+01
      vertex   1.054143e+00 1.496291e+01 7.900000e+01
      vertex   -9.184851e-16 1.500000e+01 8.550000e+01
    endloop
  endfacet
  facet normal 2.344253e-02 9.997234e-01 -1.902213e-03
    outer loop
      vertex   -9.184851e-16 1.500000e+01 8.550000e+01
      vertex   1.054143e+00 1.496291e+01 7.900000e+01
      vertex   -3.516386e-01 1.499588e+01 7.900000e+01
    endloop
  endfacet
  facet normal -4.714940e-02 9.988860e-01 1.917218e-03
    outer loop
      vertex   -9.184851e-16 1.500000e+01 8.550000e+01
      vertex   -3.516386e-01 1.499588e+01 7.900000e+01
      vertex   -1.412911e+00 1.493331e+01 8.550000e+01
    endloop
  endfacet
  facet normal -7.027607e-02 9.975258e-01 -1.871830e-03
    outer loop
      vertex   -1.412911e+00 1.493331e+01 8.550000e+01
      vertex   -3.516386e-01 1.499588e+01 7.900000e+01
      vertex   -1.754330e+00 1.489706e+01 7.900000e+01
    endloop
  endfacet
  facet normal -1.410289e-01 9.900037e-01 1.886480e-03
    outer loop
      vertex   -1.412911e+00 1.493331e+01 8.550000e+01
      vertex   -1.754330e+00 1.489706e+01 7.900000e+01
      vertex   -2.813259e+00 1.473382e+01 8.550000e+01
    endloop
  endfacet
  facet normal -1.633771e-01 9.865620e-01 -1.840737e-03
    outer loop
      vertex   -2.813259e+00 1.473382e+01 8.550000e+01
      vertex   -1.754330e+00 1.489706e+01 7.900000e+01
      vertex   -3.141604e+00 1.466732e+01 7.900000e+01
    endloop
  endfacet
  facet normal -2.336544e-01 9.723179e-01 1.855031e-03
    outer loop
      vertex   -2.813259e+00 1.473382e+01 8.550000e+01
      vertex   -3.141604e+00 1.466732e+01 7.900000e+01
      vertex   -4.188590e+00 1.440332e+01 8.550000e+01
    endloop
  endfacet
  facet normal -2.550424e-01 9.669282e-01 -1.808932e-03
    outer loop
      vertex   -4.188590e+00 1.440332e+01 8.550000e+01
      vertex   -3.141604e+00 1.466732e+01 7.900000e+01
      vertex   -4.501270e+00 1.430869e+01 7.900000e+01
    endloop
  endfacet
  facet normal -3.242022e-01 9.459861e-01 1.822872e-03
    outer loop
      vertex   -4.188590e+00 1.440332e+01 8.550000e+01
      vertex   -4.501270e+00 1.430869e+01 7.900000e+01
      vertex   -5.526675e+00 1.394474e+01 8.550000e+01
    endloop
  endfacet
  facet normal -3.444663e-01 9.387970e-01 -1.776418e-03
    outer loop
      vertex   -5.526675e+00 1.394474e+01 8.550000e+01
      vertex   -4.501270e+00 1.430869e+01 7.900000e+01
      vertex   -5.821378e+00 1.382431e+01 7.900000e+01
    endloop
  endfacet
  facet normal -4.118670e-01 9.112422e-01 1.790001e-03
    outer loop
      vertex   -5.526675e+00 1.394474e+01 8.550000e+01
      vertex   -5.821378e+00 1.382431e+01 7.900000e+01
      vertex   -6.815615e+00 1.336216e+01 8.550000e+01
    endloop
  endfacet
  facet normal -4.308631e-01 9.024156e-01 -1.743192e-03
    outer loop
      vertex   -6.815615e+00 1.336216e+01 8.550000e+01
      vertex   -5.821378e+00 1.382431e+01 7.900000e+01
      vertex   -7.090328e+00 1.321844e+01 7.900000e+01
    endloop
  endfacet
  facet normal -4.958695e-01 8.683953e-01 1.756420e-03
    outer loop
      vertex   -6.815615e+00 1.336216e+01 8.550000e+01
      vertex   -7.090328e+00 1.321844e+01 7.900000e+01
      vertex   -8.043948e+00 1.266076e+01 8.550000e+01
    endloop
  endfacet
  facet normal -5.134734e-01 8.581038e-01 -1.709256e-03
    outer loop
      vertex   -8.043948e+00 1.266076e+01 8.550000e+01
      vertex   -7.090328e+00 1.321844e+01 7.900000e+01
      vertex   -8.296967e+00 1.249641e+01 7.900000e+01
    endloop
  endfacet
  facet normal -5.754625e-01 8.178264e-01 1.722129e-03
    outer loop
      vertex   -8.043948e+00 1.266076e+01 8.550000e+01
      vertex   -8.296967e+00 1.249641e+01 7.900000e+01
      vertex   -9.200753e+00 1.184678e+01 8.550000e+01
    endloop
  endfacet
  facet normal -5.915714e-01 8.062509e-01 -1.674609e-03
    outer loop
      vertex   -9.200753e+00 1.184678e+01 8.550000e+01
      vertex   -8.296967e+00 1.249641e+01 7.900000e+01
      vertex   -9.430693e+00 1.166456e+01 7.900000e+01
    endloop
  endfacet
  facet normal -6.499384e-01 7.599851e-01 1.687126e-03
    outer loop
      vertex   -9.200753e+00 1.184678e+01 8.550000e+01
      vertex   -9.430693e+00 1.166456e+01 7.900000e+01
      vertex   -1.027574e+01 1.092745e+01 8.550000e+01
    endloop
  endfacet
  facet normal -6.644706e-01 7.473126e-01 -1.639251e-03
    outer loop
      vertex   -1.027574e+01 1.092745e+01 8.550000e+01
      vertex   -9.430693e+00 1.166456e+01 7.900000e+01
      vertex   -1.048154e+01 1.073020e+01 7.900000e+01
    endloop
  endfacet
  facet normal -7.186348e-01 6.953857e-01 1.651413e-03
    outer loop
      vertex   -1.027574e+01 1.092745e+01 8.550000e+01
      vertex   -1.048154e+01 1.073020e+01 7.900000e+01
      vertex   -1.125935e+01 9.910950e+00 8.550000e+01
    endloop
  endfacet
  facet normal -7.315304e-01 6.818069e-01 -1.603182e-03
    outer loop
      vertex   -1.125935e+01 9.910950e+00 8.550000e+01
      vertex   -1.048154e+01 1.073020e+01 7.900000e+01
      vertex   -1.144028e+01 9.701549e+00 7.900000e+01
    endloop
  endfacet
  facet normal -7.809409e-01 6.246028e-01 1.614990e-03
    outer loop
      vertex   -1.125935e+01 9.910950e+00 8.550000e+01
      vertex   -1.144028e+01 9.701549e+00 7.900000e+01
      vertex   -1.214285e+01 8.806320e+00 8.550000e+01
    endloop
  endfacet
  facet normal -7.921615e-01 6.103095e-01 -1.566403e-03
    outer loop
      vertex   -1.214285e+01 8.806320e+00 8.550000e+01
      vertex   -1.144028e+01 9.701549e+00 7.900000e+01
      vertex   -1.229848e+01 8.587635e+00 7.900000e+01
    endloop
  endfacet
  facet normal -8.363027e-01 5.482658e-01 1.577855e-03
    outer loop
      vertex   -1.214285e+01 8.806320e+00 8.550000e+01
      vertex   -1.229848e+01 8.587635e+00 7.900000e+01
      vertex   -1.291836e+01 7.623381e+00 8.550000e+01
    endloop
  endfacet
  facet normal -8.458311e-01 5.334487e-01 -1.528914e-03
    outer loop
      vertex   -1.291836e+01 7.623381e+00 8.550000e+01
      vertex   -1.229848e+01 8.587635e+00 7.900000e+01
      vertex   -1.304860e+01 7.398254e+00 7.900000e+01
    endloop
  endfacet
  facet normal -8.842278e-01 4.670534e-01 1.540010e-03
    outer loop
      vertex   -1.291836e+01 7.623381e+00 8.550000e+01
      vertex   -1.304860e+01 7.398254e+00 7.900000e+01
      vertex   -1.357900e+01 6.372653e+00 8.550000e+01
    endloop
  endfacet
  facet normal -8.920675e-01 4.518998e-01 -1.490713e-03
    outer loop
      vertex   -1.357900e+01 6.372653e+00 8.550000e+01
      vertex   -1.304860e+01 7.398254e+00 7.900000e+01
      vertex   -1.368404e+01 6.143855e+00 7.900000e+01
    endloop
  endfacet
  facet normal -9.242901e-01 3.816878e-01 1.501454e-03
    outer loop
      vertex   -1.357900e+01 6.372653e+00 8.550000e+01
      vertex   -1.368404e+01 6.143855e+00 7.900000e+01
      vertex   -1.411889e+01 5.065258e+00 8.550000e+01
    endloop
  endfacet
  facet normal -9.304643e-01 3.663797e-01 -1.451802e-03
    outer loop
      vertex   -1.411889e+01 5.065258e+00 8.550000e+01
      vertex   -1.368404e+01 6.143855e+00 7.900000e+01
      vertex   -1.419924e+01 4.835465e+00 7.900000e+01
    endloop
  endfacet
  facet normal -9.561334e-01 2.929281e-01 1.462188e-03
    outer loop
      vertex   -1.411889e+01 5.065258e+00 8.550000e+01
      vertex   -1.419924e+01 4.835465e+00 7.900000e+01
      vertex   -1.453324e+01 3.712821e+00 8.550000e+01
    endloop
  endfacet
  facet normal -9.606842e-01 2.776397e-01 -1.412180e-03
    outer loop
      vertex   -1.453324e+01 3.712821e+00 8.550000e+01
      vertex   -1.419924e+01 4.835465e+00 7.900000e+01
      vertex   -1.458964e+01 3.484580e+00 7.900000e+01
    endloop
  endfacet
  facet normal -9.794744e-01 2.015636e-01 1.422211e-03
    outer loop
      vertex   -1.453324e+01 3.712821e+00 8.550000e+01
      vertex   -1.458964e+01 3.484580e+00 7.900000e+01
      vertex   -1.481835e+01 2.327368e+00 8.550000e+01
    endloop
  endfacet
  facet normal -9.824616e-01 1.864599e-01 -1.371848e-03
    outer loop
      vertex   -1.481835e+01 2.327368e+00 8.550000e+01
      vertex   -1.458964e+01 3.484580e+00 7.900000e+01
      vertex   -1.485184e+01 2.103073e+00 7.900000e+01
    endloop
  endfacet
  facet normal -9.941057e-01 1.084067e-01 1.381523e-03
    outer loop
      vertex   -1.481835e+01 2.327368e+00 8.550000e+01
      vertex   -1.485184e+01 2.103073e+00 7.900000e+01
      vertex   -1.497169e+01 9.212196e-01 8.550000e+01
    endloop
  endfacet
  facet normal -9.956051e-01 9.364141e-02 -1.330805e-03
    outer loop
      vertex   -1.497169e+01 9.212196e-01 8.550000e+01
      vertex   -1.485184e+01 2.103073e+00 7.900000e+01
      vertex   -1.498351e+01 7.030839e-01 7.900000e+01
    endloop
  endfacet
  facet normal -9.998971e-01 1.428584e-02 1.340125e-03
    outer loop
      vertex   -1.497169e+01 9.212196e-01 8.550000e+01
      vertex   -1.498351e+01 7.030839e-01 7.900000e+01
      vertex   -1.499189e+01 -4.931205e-01 8.550000e+01
    endloop
  endfacet
  facet normal -9.999992e-01 0.000000e+00 -1.289051e-03
    outer loop
      vertex   -1.499189e+01 -4.931205e-01 8.550000e+01
      vertex   -1.498351e+01 7.030839e-01 7.900000e+01
      vertex   -1.498351e+01 -7.030839e-01 7.900000e+01
    endloop
  endfacet
  facet normal -9.967971e-01 -7.996207e-02 1.298016e-03
    outer loop
      vertex   -1.499189e+01 -4.931205e-01 8.550000e+01
      vertex   -1.498351e+01 -7.030839e-01 7.900000e+01
      vertex   -1.487879e+01 -1.903076e+00 8.550000e+01
    endloop
  endfacet
  facet normal -9.956052e-01 -9.364142e-02 -1.246587e-03
    outer loop
      vertex   -1.487879e+01 -1.903076e+00 8.550000e+01
      vertex   -1.498351e+01 -7.030839e-01 7.900000e+01
      vertex   -1.485184e+01 -2.103073e+00 7.900000e+01
    endloop
  endfacet
  facet normal -9.848333e-01 -1.734989e-01 1.255197e-03
    outer loop
      vertex   -1.487879e+01 -1.903076e+00 8.550000e+01
      vertex   -1.485184e+01 -2.103073e+00 7.900000e+01
      vertex   -1.463338e+01 -3.296108e+00 8.550000e+01
    endloop
  endfacet
  facet normal -9.824618e-01 -1.864599e-01 -1.203413e-03
    outer loop
      vertex   -1.463338e+01 -3.296108e+00 8.550000e+01
      vertex   -1.485184e+01 -2.103073e+00 7.900000e+01
      vertex   -1.458964e+01 -3.484580e+00 7.900000e+01
    endloop
  endfacet
  facet normal -9.641120e-01 -2.654930e-01 1.211667e-03
    outer loop
      vertex   -1.463338e+01 -3.296108e+00 8.550000e+01
      vertex   -1.458964e+01 -3.484580e+00 7.900000e+01
      vertex   -1.425784e+01 -4.659831e+00 8.550000e+01
    endloop
  endfacet
  facet normal -9.606845e-01 -2.776398e-01 -1.159527e-03
    outer loop
      vertex   -1.425784e+01 -4.659831e+00 8.550000e+01
      vertex   -1.458964e+01 -3.484580e+00 7.900000e+01
      vertex   -1.419924e+01 -4.835465e+00 7.900000e+01
    endloop
  endfacet
  facet normal -9.348176e-01 -3.551263e-01 1.167426e-03
    outer loop
      vertex   -1.425784e+01 -4.659831e+00 8.550000e+01
      vertex   -1.419924e+01 -4.835465e+00 7.900000e+01
      vertex   -1.375552e+01 -5.982117e+00 8.550000e+01
    endloop
  endfacet
  facet normal -9.304647e-01 -3.663798e-01 -1.114932e-03
    outer loop
      vertex   -1.375552e+01 -5.982117e+00 8.550000e+01
      vertex   -1.419924e+01 -4.835465e+00 7.900000e+01
      vertex   -1.368404e+01 -6.143855e+00 7.900000e+01
    endloop
  endfacet
  facet normal -8.972105e-01 -4.416017e-01 1.122475e-03
    outer loop
      vertex   -1.375552e+01 -5.982117e+00 8.550000e+01
      vertex   -1.368404e+01 -6.143855e+00 7.900000e+01
      vertex   -1.313088e+01 -7.251208e+00 8.550000e+01
    endloop
  endfacet
  facet normal -8.920679e-01 -4.519001e-01 -1.069625e-03
    outer loop
      vertex   -1.313088e+01 -7.251208e+00 8.550000e+01
      vertex   -1.368404e+01 -6.143855e+00 7.900000e+01
      vertex   -1.304860e+01 -7.398254e+00 7.900000e+01
    endloop
  endfacet
  facet normal -8.516252e-01 -5.241502e-01 1.076814e-03
    outer loop
      vertex   -1.313088e+01 -7.251208e+00 8.550000e+01
      vertex   -1.304860e+01 -7.398254e+00 7.900000e+01
      vertex   -1.238948e+01 -8.455819e+00 8.550000e+01
    endloop
  endfacet
  facet normal -8.458316e-01 -5.334490e-01 -1.023608e-03
    outer loop
      vertex   -1.238948e+01 -8.455819e+00 8.550000e+01
      vertex   -1.304860e+01 -7.398254e+00 7.900000e+01
      vertex   -1.229848e+01 -8.587635e+00 7.900000e+01
    endloop
  endfacet
  facet normal -7.984669e-01 -6.020378e-01 1.030441e-03
    outer loop
      vertex   -1.238948e+01 -8.455819e+00 8.550000e+01
      vertex   -1.229848e+01 -8.587635e+00 7.900000e+01
      vertex   -1.153790e+01 -9.585239e+00 8.550000e+01
    endloop
  endfacet
  facet normal -7.921621e-01 -6.103100e-01 -9.768811e-04
    outer loop
      vertex   -1.153790e+01 -9.585239e+00 8.550000e+01
      vertex   -1.229848e+01 -8.587635e+00 7.900000e+01
      vertex   -1.144028e+01 -9.701549e+00 7.900000e+01
    endloop
  endfacet
  facet normal -7.382084e-01 -6.745720e-01 9.833588e-04
    outer loop
      vertex   -1.153790e+01 -9.585239e+00 8.550000e+01
      vertex   -1.144028e+01 -9.701549e+00 7.900000e+01
      vertex   -1.058373e+01 -1.062942e+01 8.550000e+01
    endloop
  endfacet
  facet normal -7.315310e-01 -6.818075e-01 -9.294432e-04
    outer loop
      vertex   -1.058373e+01 -1.062942e+01 8.550000e+01
      vertex   -1.144028e+01 -9.701549e+00 7.900000e+01
      vertex   -1.048154e+01 -1.073020e+01 7.900000e+01
    endloop
  endfacet
  facet normal -6.713856e-01 -7.411076e-01 9.355658e-04
    outer loop
      vertex   -1.058373e+01 -1.062942e+01 8.550000e+01
      vertex   -1.048154e+01 -1.073020e+01 7.900000e+01
      vertex   -9.535445e+00 -1.157909e+01 8.550000e+01
    endloop
  endfacet
  facet normal -6.644712e-01 -7.473133e-01 -8.812949e-04
    outer loop
      vertex   -9.535445e+00 -1.157909e+01 8.550000e+01
      vertex   -1.048154e+01 -1.073020e+01 7.900000e+01
      vertex   -9.430693e+00 -1.166456e+01 7.900000e+01
    endloop
  endfacet
  facet normal -5.985926e-01 -8.010531e-01 8.870622e-04
    outer loop
      vertex   -9.535445e+00 -1.157909e+01 8.550000e+01
      vertex   -9.430693e+00 -1.166456e+01 7.900000e+01
      vertex   -8.402368e+00 -1.242579e+01 8.550000e+01
    endloop
  endfacet
  facet normal -5.915720e-01 -8.062517e-01 -8.324361e-04
    outer loop
      vertex   -8.402368e+00 -1.242579e+01 8.550000e+01
      vertex   -9.430693e+00 -1.166456e+01 7.900000e+01
      vertex   -8.296967e+00 -1.249641e+01 7.900000e+01
    endloop
  endfacet
  facet normal -5.204767e-01 -8.538755e-01 8.378482e-04
    outer loop
      vertex   -8.402368e+00 -1.242579e+01 8.550000e+01
      vertex   -8.296967e+00 -1.249641e+01 7.900000e+01
      vertex   -7.194574e+00 -1.316200e+01 8.550000e+01
    endloop
  endfacet
  facet normal -5.134740e-01 -8.581048e-01 -7.828669e-04
    outer loop
      vertex   -7.194574e+00 -1.316200e+01 8.550000e+01
      vertex   -8.296967e+00 -1.249641e+01 7.900000e+01
      vertex   -7.090328e+00 -1.321844e+01 7.900000e+01
    endloop
  endfacet
  facet normal -4.377326e-01 -8.991049e-01 7.879238e-04
    outer loop
      vertex   -7.194574e+00 -1.316200e+01 8.550000e+01
      vertex   -7.090328e+00 -1.321844e+01 7.900000e+01
      vertex   -5.922803e+00 -1.378116e+01 8.550000e+01
    endloop
  endfacet
  facet normal -4.308636e-01 -9.024168e-01 -7.325873e-04
    outer loop
      vertex   -5.922803e+00 -1.378116e+01 8.550000e+01
      vertex   -7.090328e+00 -1.321844e+01 7.900000e+01
      vertex   -5.821378e+00 -1.382431e+01 7.900000e+01
    endloop
  endfacet
  facet normal 3.510961e-01 -9.363394e-01 0.000000e+00
    outer loop
      vertex   5.922803e+00 -1.378116e+01 8.550000e+01
      vertex   4.598366e+00 -1.427778e+01 8.550000e+01
      vertex   4.598366e+00 -1.427778e+01 8.450000e+01
    endloop
  endfacet
  facet normal 9.937122e-01 -1.119645e-01 0.000000e+00
    outer loop
      vertex   3.935954e+01 -1.572758e+01 1.375000e+02
      vertex   3.935954e+01 -1.572758e+01 1.275000e+02
      vertex   3.942222e+01 -1.517128e+01 1.375000e+02
    endloop
  endfacet
  facet normal 9.937122e-01 -1.119645e-01 0.000000e+00
    outer loop
      vertex   3.942222e+01 -1.517128e+01 1.375000e+02
      vertex   3.935954e+01 -1.572758e+01 1.275000e+02
      vertex   3.935954e+01 -1.572758e+01 1.175000e+02
    endloop
  endfacet
  facet normal 9.937122e-01 -1.119645e-01 0.000000e+00
    outer loop
      vertex   3.942222e+01 -1.517128e+01 1.375000e+02
      vertex   3.935954e+01 -1.572758e+01 1.175000e+02
      vertex   3.942222e+01 -1.517128e+01 1.075000e+02
    endloop
  endfacet
  facet normal 9.937122e-01 -1.119645e-01 0.000000e+00
    outer loop
      vertex   3.942222e+01 -1.517128e+01 1.075000e+02
      vertex   3.935954e+01 -1.572758e+01 1.175000e+02
      vertex   3.935954e+01 -1.572758e+01 1.075000e+02
    endloop
  endfacet
  facet normal 9.438833e-01 -3.302791e-01 0.000000e+00
    outer loop
      vertex   3.935954e+01 -1.572758e+01 1.075000e+02
      vertex   3.935954e+01 -1.572758e+01 1.175000e+02
      vertex   3.917464e+01 -1.625599e+01 1.075000e+02
    endloop
  endfacet
  facet normal 9.438833e-01 -3.302791e-01 -7.880081e-16
    outer loop
      vertex   3.917464e+01 -1.625599e+01 1.075000e+02
      vertex   3.935954e+01 -1.572758e+01 1.175000e+02
      vertex   3.917464e+01 -1.625599e+01 1.175000e+02
    endloop
  endfacet
  facet normal 8.467242e-01 -5.320321e-01 -7.906495e-16
    outer loop
      vertex   3.917464e+01 -1.625599e+01 1.075000e+02
      vertex   3.917464e+01 -1.625599e+01 1.175000e+02
      vertex   3.887680e+01 -1.673001e+01 1.075000e+02
    endloop
  endfacet
  facet normal 8.467242e-01 -5.320321e-01 0.000000e+00
    outer loop
      vertex   3.887680e+01 -1.673001e+01 1.075000e+02
      vertex   3.917464e+01 -1.625599e+01 1.175000e+02
      vertex   3.887680e+01 -1.673001e+01 1.175000e+02
    endloop
  endfacet
  facet normal 7.071068e-01 -7.071068e-01 0.000000e+00
    outer loop
      vertex   3.887680e+01 -1.673001e+01 1.075000e+02
      vertex   3.887680e+01 -1.673001e+01 1.175000e+02
      vertex   3.848095e+01 -1.712586e+01 1.075000e+02
    endloop
  endfacet
  facet normal 7.071068e-01 -7.071068e-01 2.512148e-16
    outer loop
      vertex   3.848095e+01 -1.712586e+01 1.075000e+02
      vertex   3.887680e+01 -1.673001e+01 1.175000e+02
      vertex   3.848095e+01 -1.712586e+01 1.175000e+02
    endloop
  endfacet
  facet normal 5.320321e-01 -8.467242e-01 3.008169e-16
    outer loop
      vertex   3.848095e+01 -1.712586e+01 1.075000e+02
      vertex   3.848095e+01 -1.712586e+01 1.175000e+02
      vertex   3.800693e+01 -1.742370e+01 1.075000e+02
    endloop
  endfacet
  facet normal 5.320321e-01 -8.467242e-01 0.000000e+00
    outer loop
      vertex   3.800693e+01 -1.742370e+01 1.075000e+02
      vertex   3.848095e+01 -1.712586e+01 1.175000e+02
      vertex   3.800693e+01 -1.742370e+01 1.175000e+02
    endloop
  endfacet
  facet normal 3.302791e-01 -9.438833e-01 0.000000e+00
    outer loop
      vertex   3.800693e+01 -1.742370e+01 1.075000e+02
      vertex   3.800693e+01 -1.742370e+01 1.175000e+02
      vertex   3.747852e+01 -1.760860e+01 1.075000e+02
    endloop
  endfacet
  facet normal 3.302791e-01 -9.438833e-01 0.000000e+00
    outer loop
      vertex   3.747852e+01 -1.760860e+01 1.075000e+02
      vertex   3.800693e+01 -1.742370e+01 1.175000e+02
      vertex   3.747852e+01 -1.760860e+01 1.175000e+02
    endloop
  endfacet
  facet normal 1.119645e-01 -9.937122e-01 0.000000e+00
    outer loop
      vertex   3.747852e+01 -1.760860e+01 1.075000e+02
      vertex   3.747852e+01 -1.760860e+01 1.175000e+02
      vertex   3.692222e+01 -1.767128e+01 1.075000e+02
    endloop
  endfacet
  facet normal 1.119645e-01 -9.937122e-01 0.000000e+00
    outer loop
      vertex   3.692222e+01 -1.767128e+01 1.075000e+02
      vertex   3.747852e+01 -1.760860e+01 1.175000e+02
      vertex   3.747852e+01 -1.760860e+01 1.275000e+02
    endloop
  endfacet
  facet normal 1.119645e-01 -9.937122e-01 0.000000e+00
    outer loop
      vertex   3.692222e+01 -1.767128e+01 1.075000e+02
      vertex   3.747852e+01 -1.760860e+01 1.275000e+02
      vertex   3.692222e+01 -1.767128e+01 1.375000e+02
    endloop
  endfacet
  facet normal 1.119645e-01 -9.937122e-01 0.000000e+00
    outer loop
      vertex   3.692222e+01 -1.767128e+01 1.375000e+02
      vertex   3.747852e+01 -1.760860e+01 1.275000e+02
      vertex   3.747852e+01 -1.760860e+01 1.375000e+02
    endloop
  endfacet
  facet normal 3.302791e-01 -9.438833e-01 0.000000e+00
    outer loop
      vertex   3.747852e+01 -1.760860e+01 1.375000e+02
      vertex   3.747852e+01 -1.760860e+01 1.275000e+02
      vertex   3.800693e+01 -1.742370e+01 1.375000e+02
    endloop
  endfacet
  facet normal 3.302791e-01 -9.438833e-01 0.000000e+00
    outer loop
      vertex   3.800693e+01 -1.742370e+01 1.375000e+02
      vertex   3.747852e+01 -1.760860e+01 1.275000e+02
      vertex   3.800693e+01 -1.742370e+01 1.275000e+02
    endloop
  endfacet
  facet normal 5.320321e-01 -8.467242e-01 0.000000e+00
    outer loop
      vertex   3.800693e+01 -1.742370e+01 1.375000e+02
      vertex   3.800693e+01 -1.742370e+01 1.275000e+02
      vertex   3.848095e+01 -1.712586e+01 1.375000e+02
    endloop
  endfacet
  facet normal 5.320321e-01 -8.467242e-01 -3.008169e-16
    outer loop
      vertex   3.848095e+01 -1.712586e+01 1.375000e+02
      vertex   3.800693e+01 -1.742370e+01 1.275000e+02
      vertex   3.848095e+01 -1.712586e+01 1.275000e+02
    endloop
  endfacet
  facet normal 7.071068e-01 -7.071068e-01 -2.512148e-16
    outer loop
      vertex   3.848095e+01 -1.712586e+01 1.375000e+02
      vertex   3.848095e+01 -1.712586e+01 1.275000e+02
      vertex   3.887680e+01 -1.673001e+01 1.375000e+02
    endloop
  endfacet
  facet normal 7.071068e-01 -7.071068e-01 0.000000e+00
    outer loop
      vertex   3.887680e+01 -1.673001e+01 1.375000e+02
      vertex   3.848095e+01 -1.712586e+01 1.275000e+02
      vertex   3.887680e+01 -1.673001e+01 1.275000e+02
    endloop
  endfacet
  facet normal 8.467242e-01 -5.320321e-01 0.000000e+00
    outer loop
      vertex   3.887680e+01 -1.673001e+01 1.375000e+02
      vertex   3.887680e+01 -1.673001e+01 1.275000e+02
      vertex   3.917464e+01 -1.625599e+01 1.375000e+02
    endloop
  endfacet
  facet normal 8.467242e-01 -5.320321e-01 7.906495e-16
    outer loop
      vertex   3.917464e+01 -1.625599e+01 1.375000e+02
      vertex   3.887680e+01 -1.673001e+01 1.275000e+02
      vertex   3.917464e+01 -1.625599e+01 1.275000e+02
    endloop
  endfacet
  facet normal 9.438833e-01 -3.302791e-01 7.880081e-16
    outer loop
      vertex   3.917464e+01 -1.625599e+01 1.375000e+02
      vertex   3.917464e+01 -1.625599e+01 1.275000e+02
      vertex   3.935954e+01 -1.572758e+01 1.375000e+02
    endloop
  endfacet
  facet normal 9.438833e-01 -3.302791e-01 0.000000e+00
    outer loop
      vertex   3.935954e+01 -1.572758e+01 1.375000e+02
      vertex   3.917464e+01 -1.625599e+01 1.275000e+02
      vertex   3.935954e+01 -1.572758e+01 1.275000e+02
    endloop
  endfacet
  facet normal 9.438833e-01 -3.302791e-01 0.000000e+00
    outer loop
      vertex   3.917464e+01 -1.625599e+01 1.175000e+02
      vertex   3.935954e+01 -1.572758e+01 1.175000e+02
      vertex   3.935954e+01 -1.572758e+01 1.275000e+02
    endloop
  endfacet
  facet normal 9.438833e-01 -3.302791e-01 0.000000e+00
    outer loop
      vertex   3.917464e+01 -1.625599e+01 1.175000e+02
      vertex   3.935954e+01 -1.572758e+01 1.275000e+02
      vertex   3.917464e+01 -1.625599e+01 1.275000e+02
    endloop
  endfacet
  facet normal 8.467242e-01 -5.320321e-01 0.000000e+00
    outer loop
      vertex   3.887680e+01 -1.673001e+01 1.175000e+02
      vertex   3.917464e+01 -1.625599e+01 1.175000e+02
      vertex   3.917464e+01 -1.625599e+01 1.275000e+02
    endloop
  endfacet
  facet normal 8.467242e-01 -5.320321e-01 0.000000e+00
    outer loop
      vertex   3.887680e+01 -1.673001e+01 1.175000e+02
      vertex   3.917464e+01 -1.625599e+01 1.275000e+02
      vertex   3.887680e+01 -1.673001e+01 1.275000e+02
    endloop
  endfacet
  facet normal 7.071068e-01 -7.071068e-01 0.000000e+00
    outer loop
      vertex   3.848095e+01 -1.712586e+01 1.175000e+02
      vertex   3.887680e+01 -1.673001e+01 1.175000e+02
      vertex   3.887680e+01 -1.673001e+01 1.275000e+02
    endloop
  endfacet
  facet normal 7.071068e-01 -7.071068e-01 0.000000e+00
    outer loop
      vertex   3.848095e+01 -1.712586e+01 1.175000e+02
      vertex   3.887680e+01 -1.673001e+01 1.275000e+02
      vertex   3.848095e+01 -1.712586e+01 1.275000e+02
    endloop
  endfacet
  facet normal 5.320321e-01 -8.467242e-01 0.000000e+00
    outer loop
      vertex   3.800693e+01 -1.742370e+01 1.175000e+02
      vertex   3.848095e+01 -1.712586e+01 1.175000e+02
      vertex   3.848095e+01 -1.712586e+01 1.275000e+02
    endloop
  endfacet
  facet normal 5.320321e-01 -8.467242e-01 0.000000e+00
    outer loop
      vertex   3.800693e+01 -1.742370e+01 1.175000e+02
      vertex   3.848095e+01 -1.712586e+01 1.275000e+02
      vertex   3.800693e+01 -1.742370e+01 1.275000e+02
    endloop
  endfacet
  facet normal 3.302791e-01 -9.438833e-01 0.000000e+00
    outer loop
      vertex   3.747852e+01 -1.760860e+01 1.175000e+02
      vertex   3.800693e+01 -1.742370e+01 1.175000e+02
      vertex   3.800693e+01 -1.742370e+01 1.275000e+02
    endloop
  endfacet
  facet normal 3.302791e-01 -9.438833e-01 0.000000e+00
    outer loop
      vertex   3.747852e+01 -1.760860e+01 1.175000e+02
      vertex   3.800693e+01 -1.742370e+01 1.275000e+02
      vertex   3.747852e+01 -1.760860e+01 1.275000e+02
    endloop
  endfacet
  facet normal 0.000000e+00 -1.000000e+00 0.000000e+00
    outer loop
      vertex   4.000000e+00 -1.767128e+01 1.075000e+02
      vertex   3.692222e+01 -1.767128e+01 1.075000e+02
      vertex   4.000000e+00 -1.767128e+01 1.275000e+02
    endloop
  endfacet
  facet normal 0.000000e+00 -1.000000e+00 0.000000e+00
    outer loop
      vertex   4.000000e+00 -1.767128e+01 1.275000e+02
      vertex   3.692222e+01 -1.767128e+01 1.075000e+02
      vertex   3.692222e+01 -1.767128e+01 1.375000e+02
    endloop
  endfacet
  facet normal 0.000000e+00 -1.000000e+00 0.000000e+00
    outer loop
      vertex   4.000000e+00 -1.767128e+01 1.275000e+02
      vertex   3.692222e+01 -1.767128e+01 1.375000e+02
      vertex   -4.000000e+00 -1.767128e+01 1.275000e+02
    endloop
  endfacet
  facet normal 0.000000e+00 -1.000000e+00 0.000000e+00
    outer loop
      vertex   -4.000000e+00 -1.767128e+01 1.275000e+02
      vertex   3.692222e+01 -1.767128e+01 1.375000e+02
      vertex   -3.847778e+01 -1.767128e+01 1.375000e+02
    endloop
  endfacet
  facet normal -0.000000e+00 -1.000000e+00 0.000000e+00
    outer loop
      vertex   -4.000000e+00 -1.767128e+01 1.275000e+02
      vertex   -3.847778e+01 -1.767128e+01 1.375000e+02
      vertex   -3.847778e+01 -1.767128e+01 1.075000e+02
    endloop
  endfacet
  facet normal 0.000000e+00 -1.000000e+00 0.000000e+00
    outer loop
      vertex   -3.847778e+01 -1.767128e+01 1.075000e+02
      vertex   -4.000000e+00 -1.767128e+01 1.075000e+02
      vertex   -4.000000e+00 -1.767128e+01 1.275000e+02
    endloop
  endfacet
  facet normal -1.119645e-01 -9.937122e-01 -0.000000e+00
    outer loop
      vertex   -3.903408e+01 -1.760860e+01 1.375000e+02
      vertex   -3.903408e+01 -1.760860e+01 1.275000e+02
      vertex   -3.847778e+01 -1.767128e+01 1.375000e+02
    endloop
  endfacet
  facet normal -1.119645e-01 -9.937122e-01 0.000000e+00
    outer loop
      vertex   -3.847778e+01 -1.767128e+01 1.375000e+02
      vertex   -3.903408e+01 -1.760860e+01 1.275000e+02
      vertex   -3.903408e+01 -1.760860e+01 1.175000e+02
    endloop
  endfacet
  facet normal -1.119645e-01 -9.937122e-01 -0.000000e+00
    outer loop
      vertex   -3.847778e+01 -1.767128e+01 1.375000e+02
      vertex   -3.903408e+01 -1.760860e+01 1.175000e+02
      vertex   -3.847778e+01 -1.767128e+01 1.075000e+02
    endloop
  endfacet
  facet normal -1.119645e-01 -9.937122e-01 -3.532522e-16
    outer loop
      vertex   -3.847778e+01 -1.767128e+01 1.075000e+02
      vertex   -3.903408e+01 -1.760860e+01 1.175000e+02
      vertex   -3.903408e+01 -1.760860e+01 1.075000e+02
    endloop
  endfacet
  facet normal -3.302791e-01 -9.438833e-01 -3.353347e-16
    outer loop
      vertex   -3.903408e+01 -1.760860e+01 1.075000e+02
      vertex   -3.903408e+01 -1.760860e+01 1.175000e+02
      vertex   -3.956249e+01 -1.742370e+01 1.075000e+02
    endloop
  endfacet
  facet normal -3.302791e-01 -9.438833e-01 0.000000e+00
    outer loop
      vertex   -3.956249e+01 -1.742370e+01 1.075000e+02
      vertex   -3.903408e+01 -1.760860e+01 1.175000e+02
      vertex   -3.956249e+01 -1.742370e+01 1.175000e+02
    endloop
  endfacet
  facet normal -5.320321e-01 -8.467242e-01 0.000000e+00
    outer loop
      vertex   -3.956249e+01 -1.742370e+01 1.075000e+02
      vertex   -3.956249e+01 -1.742370e+01 1.175000e+02
      vertex   -4.003650e+01 -1.712586e+01 1.075000e+02
    endloop
  endfacet
  facet normal -5.320321e-01 -8.467242e-01 -3.008169e-16
    outer loop
      vertex   -4.003650e+01 -1.712586e+01 1.075000e+02
      vertex   -3.956249e+01 -1.742370e+01 1.175000e+02
      vertex   -4.003650e+01 -1.712586e+01 1.175000e+02
    endloop
  endfacet
  facet normal -7.071068e-01 -7.071068e-01 -2.512148e-16
    outer loop
      vertex   -4.003650e+01 -1.712586e+01 1.075000e+02
      vertex   -4.003650e+01 -1.712586e+01 1.175000e+02
      vertex   -4.043236e+01 -1.673001e+01 1.075000e+02
    endloop
  endfacet
  facet normal -7.071068e-01 -7.071068e-01 0.000000e+00
    outer loop
      vertex   -4.043236e+01 -1.673001e+01 1.075000e+02
      vertex   -4.003650e+01 -1.712586e+01 1.175000e+02
      vertex   -4.043236e+01 -1.673001e+01 1.175000e+02
    endloop
  endfacet
  facet normal -8.467242e-01 -5.320321e-01 0.000000e+00
    outer loop
      vertex   -4.043236e+01 -1.673001e+01 1.075000e+02
      vertex   -4.043236e+01 -1.673001e+01 1.175000e+02
      vertex   -4.073020e+01 -1.625599e+01 1.075000e+02
    endloop
  endfacet
  facet normal -8.467242e-01 -5.320321e-01 -1.890158e-16
    outer loop
      vertex   -4.073020e+01 -1.625599e+01 1.075000e+02
      vertex   -4.043236e+01 -1.673001e+01 1.175000e+02
      vertex   -4.073020e+01 -1.625599e+01 1.175000e+02
    endloop
  endfacet
  facet normal -9.438833e-01 -3.302791e-01 -1.173387e-16
    outer loop
      vertex   -4.073020e+01 -1.625599e+01 1.075000e+02
      vertex   -4.073020e+01 -1.625599e+01 1.175000e+02
      vertex   -4.091510e+01 -1.572758e+01 1.075000e+02
    endloop
  endfacet
  facet normal -9.438833e-01 -3.302791e-01 -1.173387e-16
    outer loop
      vertex   -4.091510e+01 -1.572758e+01 1.075000e+02
      vertex   -4.073020e+01 -1.625599e+01 1.175000e+02
      vertex   -4.091510e+01 -1.572758e+01 1.175000e+02
    endloop
  endfacet
  facet normal -9.937122e-01 -1.119645e-01 -3.977777e-17
    outer loop
      vertex   -4.091510e+01 -1.572758e+01 1.075000e+02
      vertex   -4.091510e+01 -1.572758e+01 1.175000e+02
      vertex   -4.097778e+01 -1.517128e+01 1.075000e+02
    endloop
  endfacet
  facet normal -9.937122e-01 -1.119645e-01 0.000000e+00
    outer loop
      vertex   -4.097778e+01 -1.517128e+01 1.075000e+02
      vertex   -4.091510e+01 -1.572758e+01 1.175000e+02
      vertex   -4.091510e+01 -1.572758e+01 1.275000e+02
    endloop
  endfacet
  facet normal -9.937122e-01 -1.119645e-01 0.000000e+00
    outer loop
      vertex   -4.097778e+01 -1.517128e+01 1.075000e+02
      vertex   -4.091510e+01 -1.572758e+01 1.275000e+02
      vertex   -4.097778e+01 -1.517128e+01 1.375000e+02
    endloop
  endfacet
  facet normal -9.937122e-01 -1.119645e-01 0.000000e+00
    outer loop
      vertex   -4.097778e+01 -1.517128e+01 1.375000e+02
      vertex   -4.091510e+01 -1.572758e+01 1.275000e+02
      vertex   -4.091510e+01 -1.572758e+01 1.375000e+02
    endloop
  endfacet
  facet normal -9.438833e-01 -3.302791e-01 -0.000000e+00
    outer loop
      vertex   -4.091510e+01 -1.572758e+01 1.375000e+02
      vertex   -4.091510e+01 -1.572758e+01 1.275000e+02
      vertex   -4.073020e+01 -1.625599e+01 1.375000e+02
    endloop
  endfacet
  facet normal -9.438833e-01 -3.302791e-01 1.173387e-16
    outer loop
      vertex   -4.073020e+01 -1.625599e+01 1.375000e+02
      vertex   -4.091510e+01 -1.572758e+01 1.275000e+02
      vertex   -4.073020e+01 -1.625599e+01 1.275000e+02
    endloop
  endfacet
  facet normal -8.467242e-01 -5.320321e-01 1.890158e-16
    outer loop
      vertex   -4.073020e+01 -1.625599e+01 1.375000e+02
      vertex   -4.073020e+01 -1.625599e+01 1.275000e+02
      vertex   -4.043236e+01 -1.673001e+01 1.375000e+02
    endloop
  endfacet
  facet normal -8.467242e-01 -5.320321e-01 -0.000000e+00
    outer loop
      vertex   -4.043236e+01 -1.673001e+01 1.375000e+02
      vertex   -4.073020e+01 -1.625599e+01 1.275000e+02
      vertex   -4.043236e+01 -1.673001e+01 1.275000e+02
    endloop
  endfacet
  facet normal -7.071068e-01 -7.071068e-01 -0.000000e+00
    outer loop
      vertex   -4.043236e+01 -1.673001e+01 1.375000e+02
      vertex   -4.043236e+01 -1.673001e+01 1.275000e+02
      vertex   -4.003650e+01 -1.712586e+01 1.375000e+02
    endloop
  endfacet
  facet normal -7.071068e-01 -7.071068e-01 2.512148e-16
    outer loop
      vertex   -4.003650e+01 -1.712586e+01 1.375000e+02
      vertex   -4.043236e+01 -1.673001e+01 1.275000e+02
      vertex   -4.003650e+01 -1.712586e+01 1.275000e+02
    endloop
  endfacet
  facet normal -5.320321e-01 -8.467242e-01 3.008169e-16
    outer loop
      vertex   -4.003650e+01 -1.712586e+01 1.375000e+02
      vertex   -4.003650e+01 -1.712586e+01 1.275000e+02
      vertex   -3.956249e+01 -1.742370e+01 1.375000e+02
    endloop
  endfacet
  facet normal -5.320321e-01 -8.467242e-01 -0.000000e+00
    outer loop
      vertex   -3.956249e+01 -1.742370e+01 1.375000e+02
      vertex   -4.003650e+01 -1.712586e+01 1.275000e+02
      vertex   -3.956249e+01 -1.742370e+01 1.275000e+02
    endloop
  endfacet
  facet normal -3.302791e-01 -9.438833e-01 -0.000000e+00
    outer loop
      vertex   -3.956249e+01 -1.742370e+01 1.375000e+02
      vertex   -3.956249e+01 -1.742370e+01 1.275000e+02
      vertex   -3.903408e+01 -1.760860e+01 1.375000e+02
    endloop
  endfacet
  facet normal -3.302791e-01 -9.438833e-01 -0.000000e+00
    outer loop
      vertex   -3.903408e+01 -1.760860e+01 1.375000e+02
      vertex   -3.956249e+01 -1.742370e+01 1.275000e+02
      vertex   -3.903408e+01 -1.760860e+01 1.275000e+02
    endloop
  endfacet
  facet normal -3.302791e-01 -9.438833e-01 0.000000e+00
    outer loop
      vertex   -3.956249e+01 -1.742370e+01 1.175000e+02
      vertex   -3.903408e+01 -1.760860e+01 1.175000e+02
      vertex   -3.903408e+01 -1.760860e+01 1.275000e+02
    endloop
  endfacet
  facet normal -3.302791e-01 -9.438833e-01 0.000000e+00
    outer loop
      vertex   -3.956249e+01 -1.742370e+01 1.175000e+02
      vertex   -3.903408e+01 -1.760860e+01 1.275000e+02
      vertex   -3.956249e+01 -1.742370e+01 1.275000e+02
    endloop
  endfacet
  facet normal -5.320321e-01 -8.467242e-01 0.000000e+00
    outer loop
      vertex   -4.003650e+01 -1.712586e+01 1.175000e+02
      vertex   -3.956249e+01 -1.742370e+01 1.175000e+02
      vertex   -3.956249e+01 -1.742370e+01 1.275000e+02
    endloop
  endfacet
  facet normal -5.320321e-01 -8.467242e-01 0.000000e+00
    outer loop
      vertex   -4.003650e+01 -1.712586e+01 1.175000e+02
      vertex   -3.956249e+01 -1.742370e+01 1.275000e+02
      vertex   -4.003650e+01 -1.712586e+01 1.275000e+02
    endloop
  endfacet
  facet normal -7.071068e-01 -7.071068e-01 0.000000e+00
    outer loop
      vertex   -4.043236e+01 -1.673001e+01 1.175000e+02
      vertex   -4.003650e+01 -1.712586e+01 1.175000e+02
      vertex   -4.003650e+01 -1.712586e+01 1.275000e+02
    endloop
  endfacet
  facet normal -7.071068e-01 -7.071068e-01 0.000000e+00
    outer loop
      vertex   -4.043236e+01 -1.673001e+01 1.175000e+02
      vertex   -4.003650e+01 -1.712586e+01 1.275000e+02
      vertex   -4.043236e+01 -1.673001e+01 1.275000e+02
    endloop
  endfacet
  facet normal -8.467242e-01 -5.320321e-01 0.000000e+00
    outer loop
      vertex   -4.073020e+01 -1.625599e+01 1.175000e+02
      vertex   -4.043236e+01 -1.673001e+01 1.175000e+02
      vertex   -4.043236e+01 -1.673001e+01 1.275000e+02
    endloop
  endfacet
  facet normal -8.467242e-01 -5.320321e-01 0.000000e+00
    outer loop
      vertex   -4.073020e+01 -1.625599e+01 1.175000e+02
      vertex   -4.043236e+01 -1.673001e+01 1.275000e+02
      vertex   -4.073020e+01 -1.625599e+01 1.275000e+02
    endloop
  endfacet
  facet normal -9.438833e-01 -3.302791e-01 0.000000e+00
    outer loop
      vertex   -4.091510e+01 -1.572758e+01 1.175000e+02
      vertex   -4.073020e+01 -1.625599e+01 1.175000e+02
      vertex   -4.073020e+01 -1.625599e+01 1.275000e+02
    endloop
  endfacet
  facet normal -9.438833e-01 -3.302791e-01 0.000000e+00
    outer loop
      vertex   -4.091510e+01 -1.572758e+01 1.175000e+02
      vertex   -4.073020e+01 -1.625599e+01 1.275000e+02
      vertex   -4.091510e+01 -1.572758e+01 1.275000e+02
    endloop
  endfacet
  facet normal 0.000000e+00 0.000000e+00 1.000000e+00
    outer loop
      vertex   4.000000e+00 -1.767128e+01 1.275000e+02
      vertex   -4.000000e+00 -1.767128e+01 1.275000e+02
      vertex   4.000000e+00 -2.017128e+01 1.275000e+02
    endloop
  endfacet
  facet normal 0.000000e+00 0.000000e+00 1.000000e+00
    outer loop
      vertex   4.000000e+00 -2.017128e+01 1.275000e+02
      vertex   -4.000000e+00 -1.767128e+01 1.275000e+02
      vertex   -4.000000e+00 -2.017128e+01 1.275000e+02
    endloop
  endfacet
  facet normal 0.000000e+00 1.000000e+00 0.000000e+00
    outer loop
      vertex   -3.847778e+01 -1.517128e+01 1.075000e+02
      vertex   -3.847778e+01 -1.517128e+01 1.375000e+02
      vertex   -4.440817e+00 -1.517128e+01 1.075000e+02
    endloop
  endfacet
  facet normal 0.000000e+00 1.000000e+00 -0.000000e+00
    outer loop
      vertex   -4.440817e+00 -1.517128e+01 1.075000e+02
      vertex   -3.847778e+01 -1.517128e+01 1.375000e+02
      vertex   3.692222e+01 -1.517128e+01 1.375000e+02
    endloop
  endfacet
  facet normal 0.000000e+00 1.000000e+00 0.000000e+00
    outer loop
      vertex   -4.440817e+00 -1.517128e+01 1.075000e+02
      vertex   3.692222e+01 -1.517128e+01 1.375000e+02
      vertex   4.440817e+00 -1.517128e+01 1.075000e+02
    endloop
  endfacet
  facet normal 0.000000e+00 1.000000e+00 0.000000e+00
    outer loop
      vertex   4.440817e+00 -1.517128e+01 1.075000e+02
      vertex   3.692222e+01 -1.517128e+01 1.375000e+02
      vertex   3.692222e+01 -1.517128e+01 1.075000e+02
    endloop
  endfacet
  facet normal 0.000000e+00 1.000000e+00 -0.000000e+00
    outer loop
      vertex   4.440817e+00 -1.517128e+01 8.750000e+01
      vertex   -4.440817e+00 -1.517128e+01 8.750000e+01
      vertex   4.440817e+00 -1.517128e+01 1.075000e+02
    endloop
  endfacet
  facet normal 0.000000e+00 1.000000e+00 0.000000e+00
    outer loop
      vertex   4.440817e+00 -1.517128e+01 1.075000e+02
      vertex   -4.440817e+00 -1.517128e+01 8.750000e+01
      vertex   -4.440817e+00 -1.517128e+01 1.075000e+02
    endloop
  endfacet
  facet normal -1.000000e+00 0.000000e+00 0.000000e+00
    outer loop
      vertex   3.692222e+01 -1.367128e+01 1.075000e+02
      vertex   3.692222e+01 -1.517128e+01 1.075000e+02
      vertex   3.692222e+01 -1.367128e+01 1.375000e+02
    endloop
  endfacet
  facet normal -1.000000e+00 -0.000000e+00 0.000000e+00
    outer loop
      vertex   3.692222e+01 -1.367128e+01 1.375000e+02
      vertex   3.692222e+01 -1.517128e+01 1.075000e+02
      vertex   3.692222e+01 -1.517128e+01 1.375000e+02
    endloop
  endfacet
  facet normal 0.000000e+00 1.000000e+00 -0.000000e+00
    outer loop
      vertex   3.732222e+01 -1.367128e+01 1.075000e+02
      vertex   3.692222e+01 -1.367128e+01 1.075000e+02
      vertex   3.732222e+01 -1.367128e+01 1.375000e+02
    endloop
  endfacet
  facet normal 0.000000e+00 1.000000e+00 0.000000e+00
    outer loop
      vertex   3.732222e+01 -1.367128e+01 1.375000e+02
      vertex   3.692222e+01 -1.367128e+01 1.075000e+02
      vertex   3.692222e+01 -1.367128e+01 1.375000e+02
    endloop
  endfacet
  facet normal -1.000000e+00 0.000000e+00 0.000000e+00
    outer loop
      vertex   3.732222e+01 -3.671282e+00 1.075000e+02
      vertex   3.732222e+01 -1.367128e+01 1.075000e+02
      vertex   3.732222e+01 -3.671282e+00 1.375000e+02
    endloop
  endfacet
  facet normal -1.000000e+00 -0.000000e+00 0.000000e+00
    outer loop
      vertex   3.732222e+01 -3.671282e+00 1.375000e+02
      vertex   3.732222e+01 -1.367128e+01 1.075000e+02
      vertex   3.732222e+01 -1.367128e+01 1.375000e+02
    endloop
  endfacet
  facet normal 0.000000e+00 -1.000000e+00 0.000000e+00
    outer loop
      vertex   3.692222e+01 -3.671282e+00 1.075000e+02
      vertex   3.732222e+01 -3.671282e+00 1.075000e+02
      vertex   3.692222e+01 -3.671282e+00 1.375000e+02
    endloop
  endfacet
  facet normal 0.000000e+00 -1.000000e+00 0.000000e+00
    outer loop
      vertex   3.692222e+01 -3.671282e+00 1.375000e+02
      vertex   3.732222e+01 -3.671282e+00 1.075000e+02
      vertex   3.732222e+01 -3.671282e+00 1.375000e+02
    endloop
  endfacet
  facet normal -1.000000e+00 0.000000e+00 0.000000e+00
    outer loop
      vertex   3.692222e+01 -2.171282e+00 1.075000e+02
      vertex   3.692222e+01 -3.671282e+00 1.075000e+02
      vertex   3.692222e+01 -2.171282e+00 1.375000e+02
    endloop
  endfacet
  facet normal -1.000000e+00 -0.000000e+00 0.000000e+00
    outer loop
      vertex   3.692222e+01 -2.171282e+00 1.375000e+02
      vertex   3.692222e+01 -3.671282e+00 1.075000e+02
      vertex   3.692222e+01 -3.671282e+00 1.375000e+02
    endloop
  endfacet
  facet normal 1.000000e+00 0.000000e+00 0.000000e+00
    outer loop
      vertex   3.942222e+01 -3.671282e+00 1.375000e+02
      vertex   3.942222e+01 -1.517128e+01 1.375000e+02
      vertex   3.942222e+01 -3.671282e+00 1.075000e+02
    endloop
  endfacet
  facet normal 1.000000e+00 0.000000e+00 0.000000e+00
    outer loop
      vertex   3.942222e+01 -3.671282e+00 1.075000e+02
      vertex   3.942222e+01 -1.517128e+01 1.375000e+02
      vertex   3.942222e+01 -1.517128e+01 1.075000e+02
    endloop
  endfacet
  facet normal -0.000000e+00 1.000000e+00 0.000000e+00
    outer loop
      vertex   -3.947778e+01 -2.171282e+00 1.375000e+02
      vertex   -3.847778e+01 -2.171282e+00 1.375000e+02
      vertex   -3.947778e+01 -2.171282e+00 1.075000e+02
    endloop
  endfacet
  facet normal 0.000000e+00 1.000000e+00 0.000000e+00
    outer loop
      vertex   -3.947778e+01 -2.171282e+00 1.075000e+02
      vertex   -3.847778e+01 -2.171282e+00 1.375000e+02
      vertex   -3.847778e+01 -2.171282e+00 1.075000e+02
    endloop
  endfacet
  facet normal 1.000000e+00 0.000000e+00 0.000000e+00
    outer loop
      vertex   -3.847778e+01 -3.671282e+00 1.075000e+02
      vertex   -3.847778e+01 -2.171282e+00 1.075000e+02
      vertex   -3.847778e+01 -3.671282e+00 1.375000e+02
    endloop
  endfacet
  facet normal 1.000000e+00 -0.000000e+00 0.000000e+00
    outer loop
      vertex   -3.847778e+01 -3.671282e+00 1.375000e+02
      vertex   -3.847778e+01 -2.171282e+00 1.075000e+02
      vertex   -3.847778e+01 -2.171282e+00 1.375000e+02
    endloop
  endfacet
  facet normal 0.000000e+00 -1.000000e+00 0.000000e+00
    outer loop
      vertex   -3.887778e+01 -3.671282e+00 1.075000e+02
      vertex   -3.847778e+01 -3.671282e+00 1.075000e+02
      vertex   -3.887778e+01 -3.671282e+00 1.375000e+02
    endloop
  endfacet
  facet normal 0.000000e+00 -1.000000e+00 0.000000e+00
    outer loop
      vertex   -3.887778e+01 -3.671282e+00 1.375000e+02
      vertex   -3.847778e+01 -3.671282e+00 1.075000e+02
      vertex   -3.847778e+01 -3.671282e+00 1.375000e+02
    endloop
  endfacet
  facet normal 1.000000e+00 0.000000e+00 -2.368476e-16
    outer loop
      vertex   -3.887778e+01 -1.367128e+01 1.075000e+02
      vertex   -3.887778e+01 -3.671282e+00 1.075000e+02
      vertex   -3.887778e+01 -1.367128e+01 1.375000e+02
    endloop
  endfacet
  facet normal 1.000000e+00 0.000000e+00 -2.368476e-16
    outer loop
      vertex   -3.887778e+01 -1.367128e+01 1.375000e+02
      vertex   -3.887778e+01 -3.671282e+00 1.075000e+02
      vertex   -3.887778e+01 -3.671282e+00 1.375000e+02
    endloop
  endfacet
  facet normal 0.000000e+00 1.000000e+00 -0.000000e+00
    outer loop
      vertex   -3.847778e+01 -1.367128e+01 1.075000e+02
      vertex   -3.887778e+01 -1.367128e+01 1.075000e+02
      vertex   -3.847778e+01 -1.367128e+01 1.375000e+02
    endloop
  endfacet
  facet normal 0.000000e+00 1.000000e+00 0.000000e+00
    outer loop
      vertex   -3.847778e+01 -1.367128e+01 1.375000e+02
      vertex   -3.887778e+01 -1.367128e+01 1.075000e+02
      vertex   -3.887778e+01 -1.367128e+01 1.375000e+02
    endloop
  endfacet
  facet normal 1.000000e+00 0.000000e+00 0.000000e+00
    outer loop
      vertex   -3.847778e+01 -1.517128e+01 1.075000e+02
      vertex   -3.847778e+01 -1.367128e+01 1.075000e+02
      vertex   -3.847778e+01 -1.517128e+01 1.375000e+02
    endloop
  endfacet
  facet normal 1.000000e+00 -0.000000e+00 0.000000e+00
    outer loop
      vertex   -3.847778e+01 -1.517128e+01 1.375000e+02
      vertex   -3.847778e+01 -1.367128e+01 1.075000e+02
      vertex   -3.847778e+01 -1.367128e+01 1.375000e+02
    endloop
  endfacet
  facet normal -0.000000e+00 0.000000e+00 1.000000e+00
    outer loop
      vertex   -3.947778e+01 -2.171282e+00 1.375000e+02
      vertex   -3.986601e+01 -2.222393e+00 1.375000e+02
      vertex   -3.847778e+01 -2.171282e+00 1.375000e+02
    endloop
  endfacet
  facet normal 0.000000e+00 0.000000e+00 1.000000e+00
    outer loop
      vertex   -3.847778e+01 -2.171282e+00 1.375000e+02
      vertex   -3.986601e+01 -2.222393e+00 1.375000e+02
      vertex   -4.022778e+01 -2.372244e+00 1.375000e+02
    endloop
  endfacet
  facet normal 0.000000e+00 0.000000e+00 1.000000e+00
    outer loop
      vertex   -3.847778e+01 -2.171282e+00 1.375000e+02
      vertex   -4.022778e+01 -2.372244e+00 1.375000e+02
      vertex   -4.053844e+01 -2.610622e+00 1.375000e+02
    endloop
  endfacet
  facet normal -0.000000e+00 0.000000e+00 1.000000e+00
    outer loop
      vertex   -4.053844e+01 -2.610622e+00 1.375000e+02
      vertex   -4.077682e+01 -2.921282e+00 1.375000e+02
      vertex   -3.847778e+01 -2.171282e+00 1.375000e+02
    endloop
  endfacet
  facet normal 0.000000e+00 0.000000e+00 1.000000e+00
    outer loop
      vertex   -3.847778e+01 -2.171282e+00 1.375000e+02
      vertex   -4.077682e+01 -2.921282e+00 1.375000e+02
      vertex   -3.847778e+01 -3.671282e+00 1.375000e+02
    endloop
  endfacet
  facet normal 0.000000e+00 0.000000e+00 1.000000e+00
    outer loop
      vertex   -3.847778e+01 -3.671282e+00 1.375000e+02
      vertex   -4.077682e+01 -2.921282e+00 1.375000e+02
      vertex   -4.092667e+01 -3.283053e+00 1.375000e+02
    endloop
  endfacet
  facet normal 0.000000e+00 0.000000e+00 1.000000e+00
    outer loop
      vertex   -3.847778e+01 -3.671282e+00 1.375000e+02
      vertex   -4.092667e+01 -3.283053e+00 1.375000e+02
      vertex   -3.887778e+01 -3.671282e+00 1.375000e+02
    endloop
  endfacet
  facet normal 0.000000e+00 0.000000e+00 1.000000e+00
    outer loop
      vertex   -3.887778e+01 -3.671282e+00 1.375000e+02
      vertex   -4.092667e+01 -3.283053e+00 1.375000e+02
      vertex   -4.097778e+01 -3.671282e+00 1.375000e+02
    endloop
  endfacet
  facet normal 0.000000e+00 0.000000e+00 1.000000e+00
    outer loop
      vertex   -3.887778e+01 -3.671282e+00 1.375000e+02
      vertex   -4.097778e+01 -3.671282e+00 1.375000e+02
      vertex   -3.887778e+01 -1.367128e+01 1.375000e+02
    endloop
  endfacet
  facet normal 0.000000e+00 0.000000e+00 1.000000e+00
    outer loop
      vertex   -3.887778e+01 -1.367128e+01 1.375000e+02
      vertex   -4.097778e+01 -3.671282e+00 1.375000e+02
      vertex   -4.097778e+01 -1.517128e+01 1.375000e+02
    endloop
  endfacet
  facet normal 0.000000e+00 0.000000e+00 1.000000e+00
    outer loop
      vertex   -3.887778e+01 -1.367128e+01 1.375000e+02
      vertex   -4.097778e+01 -1.517128e+01 1.375000e+02
      vertex   -3.847778e+01 -1.517128e+01 1.375000e+02
    endloop
  endfacet
  facet normal 0.000000e+00 0.000000e+00 1.000000e+00
    outer loop
      vertex   -3.847778e+01 -1.517128e+01 1.375000e+02
      vertex   -4.097778e+01 -1.517128e+01 1.375000e+02
      vertex   -4.091510e+01 -1.572758e+01 1.375000e+02
    endloop
  endfacet
  facet normal 0.000000e+00 0.000000e+00 1.000000e+00
    outer loop
      vertex   -3.847778e+01 -1.517128e+01 1.375000e+02
      vertex   -4.091510e+01 -1.572758e+01 1.375000e+02
      vertex   -4.073020e+01 -1.625599e+01 1.375000e+02
    endloop
  endfacet
  facet normal -0.000000e+00 0.000000e+00 1.000000e+00
    outer loop
      vertex   -4.073020e+01 -1.625599e+01 1.375000e+02
      vertex   -4.043236e+01 -1.673001e+01 1.375000e+02
      vertex   -3.847778e+01 -1.517128e+01 1.375000e+02
    endloop
  endfacet
  facet normal 0.000000e+00 0.000000e+00 1.000000e+00
    outer loop
      vertex   -3.847778e+01 -1.517128e+01 1.375000e+02
      vertex   -4.043236e+01 -1.673001e+01 1.375000e+02
      vertex   -3.847778e+01 -1.767128e+01 1.375000e+02
    endloop
  endfacet
  facet normal 0.000000e+00 0.000000e+00 1.000000e+00
    outer loop
      vertex   -3.847778e+01 -1.517128e+01 1.375000e+02
      vertex   -3.847778e+01 -1.767128e+01 1.375000e+02
      vertex   3.692222e+01 -1.767128e+01 1.375000e+02
    endloop
  endfacet
  facet normal 0.000000e+00 0.000000e+00 1.000000e+00
    outer loop
      vertex   -4.043236e+01 -1.673001e+01 1.375000e+02
      vertex   -4.003650e+01 -1.712586e+01 1.375000e+02
      vertex   -3.847778e+01 -1.767128e+01 1.375000e+02
    endloop
  endfacet
  facet normal 0.000000e+00 0.000000e+00 1.000000e+00
    outer loop
      vertex   -3.847778e+01 -1.767128e+01 1.375000e+02
      vertex   -4.003650e+01 -1.712586e+01 1.375000e+02
      vertex   -3.956249e+01 -1.742370e+01 1.375000e+02
    endloop
  endfacet
  facet normal 0.000000e+00 0.000000e+00 1.000000e+00
    outer loop
      vertex   -3.847778e+01 -1.767128e+01 1.375000e+02
      vertex   -3.956249e+01 -1.742370e+01 1.375000e+02
      vertex   -3.903408e+01 -1.760860e+01 1.375000e+02
    endloop
  endfacet
  facet normal 0.000000e+00 -0.000000e+00 1.000000e+00
    outer loop
      vertex   3.747852e+01 -1.760860e+01 1.375000e+02
      vertex   3.800693e+01 -1.742370e+01 1.375000e+02
      vertex   3.692222e+01 -1.767128e+01 1.375000e+02
    endloop
  endfacet
  facet normal 0.000000e+00 0.000000e+00 1.000000e+00
    outer loop
      vertex   3.692222e+01 -1.767128e+01 1.375000e+02
      vertex   3.800693e+01 -1.742370e+01 1.375000e+02
      vertex   3.848095e+01 -1.712586e+01 1.375000e+02
    endloop
  endfacet
  facet normal 0.000000e+00 0.000000e+00 1.000000e+00
    outer loop
      vertex   3.692222e+01 -1.767128e+01 1.375000e+02
      vertex   3.848095e+01 -1.712586e+01 1.375000e+02
      vertex   3.887680e+01 -1.673001e+01 1.375000e+02
    endloop
  endfacet
  facet normal 0.000000e+00 0.000000e+00 1.000000e+00
    outer loop
      vertex   3.692222e+01 -1.767128e+01 1.375000e+02
      vertex   3.887680e+01 -1.673001e+01 1.375000e+02
      vertex   3.692222e+01 -1.517128e+01 1.375000e+02
    endloop
  endfacet
  facet normal 0.000000e+00 0.000000e+00 1.000000e+00
    outer loop
      vertex   3.692222e+01 -1.517128e+01 1.375000e+02
      vertex   3.887680e+01 -1.673001e+01 1.375000e+02
      vertex   3.917464e+01 -1.625599e+01 1.375000e+02
    endloop
  endfacet
  facet normal 0.000000e+00 0.000000e+00 1.000000e+00
    outer loop
      vertex   3.692222e+01 -1.517128e+01 1.375000e+02
      vertex   3.917464e+01 -1.625599e+01 1.375000e+02
      vertex   3.935954e+01 -1.572758e+01 1.375000e+02
    endloop
  endfacet
  facet normal 0.000000e+00 -0.000000e+00 1.000000e+00
    outer loop
      vertex   3.935954e+01 -1.572758e+01 1.375000e+02
      vertex   3.942222e+01 -1.517128e+01 1.375000e+02
      vertex   3.692222e+01 -1.517128e+01 1.375000e+02
    endloop
  endfacet
  facet normal 0.000000e+00 0.000000e+00 1.000000e+00
    outer loop
      vertex   3.692222e+01 -1.517128e+01 1.375000e+02
      vertex   3.942222e+01 -1.517128e+01 1.375000e+02
      vertex   3.732222e+01 -1.367128e+01 1.375000e+02
    endloop
  endfacet
  facet normal 0.000000e+00 0.000000e+00 1.000000e+00
    outer loop
      vertex   3.692222e+01 -1.517128e+01 1.375000e+02
      vertex   3.732222e+01 -1.367128e+01 1.375000e+02
      vertex   3.692222e+01 -1.367128e+01 1.375000e+02
    endloop
  endfacet
  facet normal 0.000000e+00 -0.000000e+00 1.000000e+00
    outer loop
      vertex   3.942222e+01 -1.517128e+01 1.375000e+02
      vertex   3.942222e+01 -3.671282e+00 1.375000e+02
      vertex   3.732222e+01 -1.367128e+01 1.375000e+02
    endloop
  endfacet
  facet normal 0.000000e+00 0.000000e+00 1.000000e+00
    outer loop
      vertex   3.732222e+01 -1.367128e+01 1.375000e+02
      vertex   3.942222e+01 -3.671282e+00 1.375000e+02
      vertex   3.732222e+01 -3.671282e+00 1.375000e+02
    endloop
  endfacet
  facet normal 0.000000e+00 0.000000e+00 1.000000e+00
    outer loop
      vertex   3.732222e+01 -3.671282e+00 1.375000e+02
      vertex   3.942222e+01 -3.671282e+00 1.375000e+02
      vertex   3.937111e+01 -3.283053e+00 1.375000e+02
    endloop
  endfacet
  facet normal 0.000000e+00 -0.000000e+00 1.000000e+00
    outer loop
      vertex   3.732222e+01 -3.671282e+00 1.375000e+02
      vertex   3.937111e+01 -3.283053e+00 1.375000e+02
      vertex   3.692222e+01 -3.671282e+00 1.375000e+02
    endloop
  endfacet
  facet normal 0.000000e+00 0.000000e+00 1.000000e+00
    outer loop
      vertex   3.692222e+01 -3.671282e+00 1.375000e+02
      vertex   3.937111e+01 -3.283053e+00 1.375000e+02
      vertex   3.922126e+01 -2.921282e+00 1.375000e+02
    endloop
  endfacet
  facet normal 0.000000e+00 0.000000e+00 1.000000e+00
    outer loop
      vertex   3.692222e+01 -3.671282e+00 1.375000e+02
      vertex   3.922126e+01 -2.921282e+00 1.375000e+02
      vertex   3.692222e+01 -2.171282e+00 1.375000e+02
    endloop
  endfacet
  facet normal 0.000000e+00 0.000000e+00 1.000000e+00
    outer loop
      vertex   3.692222e+01 -2.171282e+00 1.375000e+02
      vertex   3.922126e+01 -2.921282e+00 1.375000e+02
      vertex   3.898288e+01 -2.610622e+00 1.375000e+02
    endloop
  endfacet
  facet normal 0.000000e+00 0.000000e+00 1.000000e+00
    outer loop
      vertex   3.692222e+01 -2.171282e+00 1.375000e+02
      vertex   3.898288e+01 -2.610622e+00 1.375000e+02
      vertex   3.867222e+01 -2.372244e+00 1.375000e+02
    endloop
  endfacet
  facet normal 0.000000e+00 0.000000e+00 1.000000e+00
    outer loop
      vertex   3.867222e+01 -2.372244e+00 1.375000e+02
      vertex   3.831045e+01 -2.222393e+00 1.375000e+02
      vertex   3.692222e+01 -2.171282e+00 1.375000e+02
    endloop
  endfacet
  facet normal -0.000000e+00 0.000000e+00 1.000000e+00
    outer loop
      vertex   3.692222e+01 -2.171282e+00 1.375000e+02
      vertex   3.831045e+01 -2.222393e+00 1.375000e+02
      vertex   3.792222e+01 -2.171282e+00 1.375000e+02
    endloop
  endfacet
  facet normal 0.000000e+00 0.000000e+00 1.000000e+00
    outer loop
      vertex   3.692222e+01 -1.517128e+01 1.375000e+02
      vertex   -3.847778e+01 -1.517128e+01 1.375000e+02
      vertex   3.692222e+01 -1.767128e+01 1.375000e+02
    endloop
  endfacet
  facet normal 0.000000e+00 -0.000000e+00 1.000000e+00
    outer loop
      vertex   -3.847778e+01 -1.517128e+01 1.375000e+02
      vertex   -3.847778e+01 -1.367128e+01 1.375000e+02
      vertex   -3.887778e+01 -1.367128e+01 1.375000e+02
    endloop
  endfacet
  facet normal 0.000000e+00 0.000000e+00 -1.000000e+00
    outer loop
      vertex   -4.598366e+00 -1.427778e+01 8.450000e+01
      vertex   -3.310809e+00 -1.463006e+01 8.450000e+01
      vertex   -4.000000e+00 -1.767128e+01 8.450000e+01
    endloop
  endfacet
  facet normal 0.000000e+00 0.000000e+00 -1.000000e+00
    outer loop
      vertex   -4.000000e+00 -1.767128e+01 8.450000e+01
      vertex   -3.310809e+00 -1.463006e+01 8.450000e+01
      vertex   -1.997032e+00 -1.486647e+01 8.450000e+01
    endloop
  endfacet
  facet normal 0.000000e+00 0.000000e+00 -1.000000e+00
    outer loop
      vertex   -4.000000e+00 -1.767128e+01 8.450000e+01
      vertex   -1.997032e+00 -1.486647e+01 8.450000e+01
      vertex   -6.674392e-01 -1.498514e+01 8.450000e+01
    endloop
  endfacet
  facet normal 0.000000e+00 -0.000000e+00 -1.000000e+00
    outer loop
      vertex   -6.674392e-01 -1.498514e+01 8.450000e+01
      vertex   6.674392e-01 -1.498514e+01 8.450000e+01
      vertex   -4.000000e+00 -1.767128e+01 8.450000e+01
    endloop
  endfacet
  facet normal 0.000000e+00 0.000000e+00 -1.000000e+00
    outer loop
      vertex   -4.000000e+00 -1.767128e+01 8.450000e+01
      vertex   6.674392e-01 -1.498514e+01 8.450000e+01
      vertex   4.000000e+00 -1.767128e+01 8.450000e+01
    endloop
  endfacet
  facet normal 0.000000e+00 0.000000e+00 -1.000000e+00
    outer loop
      vertex   -4.000000e+00 -1.767128e+01 8.450000e+01
      vertex   4.000000e+00 -1.767128e+01 8.450000e+01
      vertex   -4.000000e+00 -2.017128e+01 8.450000e+01
    endloop
  endfacet
  facet normal 0.000000e+00 0.000000e+00 -1.000000e+00
    outer loop
      vertex   -4.000000e+00 -2.017128e+01 8.450000e+01
      vertex   4.000000e+00 -1.767128e+01 8.450000e+01
      vertex   4.000000e+00 -2.017128e+01 8.450000e+01
    endloop
  endfacet
  facet normal 0.000000e+00 0.000000e+00 -1.000000e+00
    outer loop
      vertex   6.674392e-01 -1.498514e+01 8.450000e+01
      vertex   1.997032e+00 -1.486647e+01 8.450000e+01
      vertex   4.000000e+00 -1.767128e+01 8.450000e+01
    endloop
  endfacet
  facet normal 0.000000e+00 0.000000e+00 -1.000000e+00
    outer loop
      vertex   4.000000e+00 -1.767128e+01 8.450000e+01
      vertex   1.997032e+00 -1.486647e+01 8.450000e+01
      vertex   3.310809e+00 -1.463006e+01 8.450000e+01
    endloop
  endfacet
  facet normal 0.000000e+00 0.000000e+00 -1.000000e+00
    outer loop
      vertex   4.000000e+00 -1.767128e+01 8.450000e+01
      vertex   3.310809e+00 -1.463006e+01 8.450000e+01
      vertex   4.598366e+00 -1.427778e+01 8.450000e+01
    endloop
  endfacet
  facet normal 9.848078e-01 -1.736482e-01 3.810968e-14
    outer loop
      vertex   5.000000e+00 -1.200000e+01 8.750000e+01
      vertex   4.440817e+00 -1.517128e+01 8.750000e+01
      vertex   4.926830e+00 -1.241497e+01 8.746540e+01
    endloop
  endfacet
  facet normal 9.848078e-01 -1.736482e-01 1.044824e-14
    outer loop
      vertex   4.926830e+00 -1.241497e+01 8.746540e+01
      vertex   4.440817e+00 -1.517128e+01 8.750000e+01
      vertex   4.854033e+00 -1.282782e+01 8.736712e+01
    endloop
  endfacet
  facet normal 9.848078e-01 -1.736482e-01 -6.091721e-15
    outer loop
      vertex   4.854033e+00 -1.282782e+01 8.736712e+01
      vertex   4.440817e+00 -1.517128e+01 8.750000e+01
      vertex   4.787660e+00 -1.320424e+01 8.720274e+01
    endloop
  endfacet
  facet normal 9.848078e-01 -1.736482e-01 -1.433743e-16
    outer loop
      vertex   4.787660e+00 -1.320424e+01 8.720274e+01
      vertex   4.440817e+00 -1.517128e+01 8.750000e+01
      vertex   4.724924e+00 -1.356003e+01 8.696575e+01
    endloop
  endfacet
  facet normal 9.848078e-01 -1.736482e-01 -6.753914e-16
    outer loop
      vertex   4.724924e+00 -1.356003e+01 8.696575e+01
      vertex   4.440817e+00 -1.517128e+01 8.750000e+01
      vertex   4.673703e+00 -1.385052e+01 8.667274e+01
    endloop
  endfacet
  facet normal 9.848078e-01 -1.736482e-01 -5.427158e-16
    outer loop
      vertex   4.673703e+00 -1.385052e+01 8.667274e+01
      vertex   4.440817e+00 -1.517128e+01 8.750000e+01
      vertex   4.632501e+00 -1.408419e+01 8.631383e+01
    endloop
  endfacet
  facet normal 9.848078e-01 -1.736482e-01 1.551811e-16
    outer loop
      vertex   4.632501e+00 -1.408419e+01 8.631383e+01
      vertex   4.440817e+00 -1.517128e+01 8.750000e+01
      vertex   4.607592e+00 -1.422546e+01 8.592112e+01
    endloop
  endfacet
  facet normal 9.848078e-01 -1.736482e-01 4.937697e-16
    outer loop
      vertex   4.607592e+00 -1.422546e+01 8.592112e+01
      vertex   4.440817e+00 -1.517128e+01 8.750000e+01
      vertex   4.598366e+00 -1.427778e+01 8.550000e+01
    endloop
  endfacet
  facet normal 9.848078e-01 -1.736482e-01 0.000000e+00
    outer loop
      vertex   4.598366e+00 -1.427778e+01 8.550000e+01
      vertex   4.440817e+00 -1.517128e+01 8.750000e+01
      vertex   4.598366e+00 -1.427778e+01 8.450000e+01
    endloop
  endfacet
  facet normal 9.848078e-01 -1.736482e-01 -3.436707e-16
    outer loop
      vertex   4.598366e+00 -1.427778e+01 8.450000e+01
      vertex   4.440817e+00 -1.517128e+01 8.750000e+01
      vertex   4.000000e+00 -1.767128e+01 8.450000e+01
    endloop
  endfacet
  facet normal 9.848078e-01 -1.736482e-01 3.802978e-17
    outer loop
      vertex   4.000000e+00 -1.767128e+01 8.450000e+01
      vertex   4.440817e+00 -1.517128e+01 8.750000e+01
      vertex   4.000000e+00 -1.767128e+01 1.075000e+02
    endloop
  endfacet
  facet normal 9.848078e-01 -1.736482e-01 0.000000e+00
    outer loop
      vertex   4.000000e+00 -1.767128e+01 1.075000e+02
      vertex   4.440817e+00 -1.517128e+01 8.750000e+01
      vertex   4.440817e+00 -1.517128e+01 1.075000e+02
    endloop
  endfacet
  facet normal -9.848078e-01 -1.736482e-01 4.308940e-15
    outer loop
      vertex   -4.607592e+00 -1.422546e+01 8.592112e+01
      vertex   -4.598366e+00 -1.427778e+01 8.550000e+01
      vertex   -4.440817e+00 -1.517128e+01 8.750000e+01
    endloop
  endfacet
  facet normal -9.848078e-01 -1.736482e-01 0.000000e+00
    outer loop
      vertex   -4.440817e+00 -1.517128e+01 8.750000e+01
      vertex   -4.598366e+00 -1.427778e+01 8.550000e+01
      vertex   -4.598366e+00 -1.427778e+01 8.450000e+01
    endloop
  endfacet
  facet normal -9.848078e-01 -1.736482e-01 1.116930e-15
    outer loop
      vertex   -4.440817e+00 -1.517128e+01 8.750000e+01
      vertex   -4.598366e+00 -1.427778e+01 8.450000e+01
      vertex   -4.000000e+00 -1.767128e+01 8.450000e+01
    endloop
  endfacet
  facet normal -9.848078e-01 -1.736482e-01 3.802978e-17
    outer loop
      vertex   -4.000000e+00 -1.767128e+01 8.450000e+01
      vertex   -4.000000e+00 -1.767128e+01 1.075000e+02
      vertex   -4.440817e+00 -1.517128e+01 8.750000e+01
    endloop
  endfacet
  facet normal -9.848078e-01 -1.736482e-01 0.000000e+00
    outer loop
      vertex   -4.440817e+00 -1.517128e+01 8.750000e+01
      vertex   -4.000000e+00 -1.767128e+01 1.075000e+02
      vertex   -4.440817e+00 -1.517128e+01 1.075000e+02
    endloop
  endfacet
  facet normal -9.848078e-01 -1.736482e-01 5.081290e-14
    outer loop
      vertex   -5.000000e+00 -1.200000e+01 8.750000e+01
      vertex   -4.926830e+00 -1.241497e+01 8.746540e+01
      vertex   -4.440817e+00 -1.517128e+01 8.750000e+01
    endloop
  endfacet
  facet normal -9.848078e-01 -1.736482e-01 -3.067374e-15
    outer loop
      vertex   -4.440817e+00 -1.517128e+01 8.750000e+01
      vertex   -4.926830e+00 -1.241497e+01 8.746540e+01
      vertex   -4.854033e+00 -1.282782e+01 8.736712e+01
    endloop
  endfacet
  facet normal -9.848078e-01 -1.736482e-01 -2.260845e-15
    outer loop
      vertex   -4.440817e+00 -1.517128e+01 8.750000e+01
      vertex   -4.854033e+00 -1.282782e+01 8.736712e+01
      vertex   -4.787660e+00 -1.320424e+01 8.720274e+01
    endloop
  endfacet
  facet normal -9.848078e-01 -1.736482e-01 1.505431e-15
    outer loop
      vertex   -4.787660e+00 -1.320424e+01 8.720274e+01
      vertex   -4.724924e+00 -1.356003e+01 8.696575e+01
      vertex   -4.440817e+00 -1.517128e+01 8.750000e+01
    endloop
  endfacet
  facet normal -9.848078e-01 -1.736482e-01 4.357364e-16
    outer loop
      vertex   -4.440817e+00 -1.517128e+01 8.750000e+01
      vertex   -4.724924e+00 -1.356003e+01 8.696575e+01
      vertex   -4.673703e+00 -1.385052e+01 8.667274e+01
    endloop
  endfacet
  facet normal -9.848078e-01 -1.736482e-01 8.191937e-16
    outer loop
      vertex   -4.440817e+00 -1.517128e+01 8.750000e+01
      vertex   -4.673703e+00 -1.385052e+01 8.667274e+01
      vertex   -4.632501e+00 -1.408419e+01 8.631383e+01
    endloop
  endfacet
  facet normal -9.848078e-01 -1.736482e-01 -1.120753e-15
    outer loop
      vertex   -4.632501e+00 -1.408419e+01 8.631383e+01
      vertex   -4.607592e+00 -1.422546e+01 8.592112e+01
      vertex   -4.440817e+00 -1.517128e+01 8.750000e+01
    endloop
  endfacet
  facet normal -1.000000e+00 0.000000e+00 3.861645e-17
    outer loop
      vertex   -4.000000e+00 -1.767128e+01 8.450000e+01
      vertex   -4.000000e+00 -2.017128e+01 8.450000e+01
      vertex   -4.000000e+00 -1.767128e+01 1.075000e+02
    endloop
  endfacet
  facet normal -1.000000e+00 3.552714e-16 0.000000e+00
    outer loop
      vertex   -4.000000e+00 -1.767128e+01 1.075000e+02
      vertex   -4.000000e+00 -2.017128e+01 8.450000e+01
      vertex   -4.000000e+00 -2.017128e+01 1.275000e+02
    endloop
  endfacet
  facet normal -1.000000e+00 0.000000e+00 -4.440892e-17
    outer loop
      vertex   -4.000000e+00 -1.767128e+01 1.075000e+02
      vertex   -4.000000e+00 -2.017128e+01 1.275000e+02
      vertex   -4.000000e+00 -1.767128e+01 1.275000e+02
    endloop
  endfacet
  facet normal 0.000000e+00 -1.000000e+00 0.000000e+00
    outer loop
      vertex   -4.000000e+00 -2.017128e+01 8.450000e+01
      vertex   4.000000e+00 -2.017128e+01 8.450000e+01
      vertex   -4.000000e+00 -2.017128e+01 1.275000e+02
    endloop
  endfacet
  facet normal 0.000000e+00 -1.000000e+00 0.000000e+00
    outer loop
      vertex   -4.000000e+00 -2.017128e+01 1.275000e+02
      vertex   4.000000e+00 -2.017128e+01 8.450000e+01
      vertex   4.000000e+00 -2.017128e+01 1.275000e+02
    endloop
  endfacet
  facet normal 1.000000e+00 0.000000e+00 -4.440892e-17
    outer loop
      vertex   4.000000e+00 -1.767128e+01 1.275000e+02
      vertex   4.000000e+00 -2.017128e+01 1.275000e+02
      vertex   4.000000e+00 -1.767128e+01 1.075000e+02
    endloop
  endfacet
  facet normal 1.000000e+00 3.552714e-16 0.000000e+00
    outer loop
      vertex   4.000000e+00 -1.767128e+01 1.075000e+02
      vertex   4.000000e+00 -2.017128e+01 1.275000e+02
      vertex   4.000000e+00 -2.017128e+01 8.450000e+01
    endloop
  endfacet
  facet normal 1.000000e+00 0.000000e+00 3.861645e-17
    outer loop
      vertex   4.000000e+00 -1.767128e+01 1.075000e+02
      vertex   4.000000e+00 -2.017128e+01 8.450000e+01
      vertex   4.000000e+00 -1.767128e+01 8.450000e+01
    endloop
  endfacet
  facet normal 0.000000e+00 -0.000000e+00 1.000000e+00
    outer loop
      vertex   -4.440817e+00 -1.517128e+01 8.750000e+01
      vertex   4.440817e+00 -1.517128e+01 8.750000e+01
      vertex   -5.000000e+00 -1.200000e+01 8.750000e+01
    endloop
  endfacet
  facet normal 0.000000e+00 0.000000e+00 1.000000e+00
    outer loop
      vertex   -5.000000e+00 -1.200000e+01 8.750000e+01
      vertex   4.440817e+00 -1.517128e+01 8.750000e+01
      vertex   5.000000e+00 -1.200000e+01 8.750000e+01
    endloop
  endfacet
  facet normal -0.000000e+00 -0.000000e+00 1.000000e+00
    outer loop
      vertex   -5.000000e+00 -1.200000e+01 8.750000e+01
      vertex   5.000000e+00 -1.200000e+01 8.750000e+01
      vertex   -6.171691e+00 -1.144160e+01 8.750000e+01
    endloop
  endfacet
  facet normal -0.000000e+00 -0.000000e+00 1.000000e+00
    outer loop
      vertex   -6.171691e+00 -1.144160e+01 8.750000e+01
      vertex   5.000000e+00 -1.200000e+01 8.750000e+01
      vertex   -7.281860e+00 -1.076915e+01 8.750000e+01
    endloop
  endfacet
  facet normal -0.000000e+00 -0.000000e+00 1.000000e+00
    outer loop
      vertex   -7.281860e+00 -1.076915e+01 8.750000e+01
      vertex   5.000000e+00 -1.200000e+01 8.750000e+01
      vertex   -8.319440e+00 -9.989341e+00 8.750000e+01
    endloop
  endfacet
  facet normal -0.000000e+00 -0.000000e+00 1.000000e+00
    outer loop
      vertex   -8.319440e+00 -9.989341e+00 8.750000e+01
      vertex   5.000000e+00 -1.200000e+01 8.750000e+01
      vertex   -9.274088e+00 -9.109956e+00 8.750000e+01
    endloop
  endfacet
  facet normal -0.000000e+00 -0.000000e+00 1.000000e+00
    outer loop
      vertex   -9.274088e+00 -9.109956e+00 8.750000e+01
      vertex   5.000000e+00 -1.200000e+01 8.750000e+01
      vertex   -1.013629e+01 -8.139759e+00 8.750000e+01
    endloop
  endfacet
  facet normal -0.000000e+00 -0.000000e+00 1.000000e+00
    outer loop
      vertex   -1.013629e+01 -8.139759e+00 8.750000e+01
      vertex   5.000000e+00 -1.200000e+01 8.750000e+01
      vertex   -1.089744e+01 -7.088422e+00 8.750000e+01
    endloop
  endfacet
  facet normal -0.000000e+00 -0.000000e+00 1.000000e+00
    outer loop
      vertex   -1.089744e+01 -7.088422e+00 8.750000e+01
      vertex   5.000000e+00 -1.200000e+01 8.750000e+01
      vertex   -1.154997e+01 -5.966423e+00 8.750000e+01
    endloop
  endfacet
  facet normal -0.000000e+00 -0.000000e+00 1.000000e+00
    outer loop
      vertex   -1.154997e+01 -5.966423e+00 8.750000e+01
      vertex   5.000000e+00 -1.200000e+01 8.750000e+01
      vertex   -1.208736e+01 -4.784949e+00 8.750000e+01
    endloop
  endfacet
  facet normal -0.000000e+00 -0.000000e+00 1.000000e+00
    outer loop
      vertex   -1.208736e+01 -4.784949e+00 8.750000e+01
      vertex   5.000000e+00 -1.200000e+01 8.750000e+01
      vertex   -1.250426e+01 -3.555776e+00 8.750000e+01
    endloop
  endfacet
  facet normal -0.000000e+00 -0.000000e+00 1.000000e+00
    outer loop
      vertex   -1.250426e+01 -3.555776e+00 8.750000e+01
      vertex   5.000000e+00 -1.200000e+01 8.750000e+01
      vertex   -1.279651e+01 -2.291158e+00 8.750000e+01
    endloop
  endfacet
  facet normal -0.000000e+00 -0.000000e+00 1.000000e+00
    outer loop
      vertex   -1.279651e+01 -2.291158e+00 8.750000e+01
      vertex   5.000000e+00 -1.200000e+01 8.750000e+01
      vertex   -1.296120e+01 -1.003700e+00 8.750000e+01
    endloop
  endfacet
  facet normal -0.000000e+00 -0.000000e+00 1.000000e+00
    outer loop
      vertex   -1.296120e+01 -1.003700e+00 8.750000e+01
      vertex   5.000000e+00 -1.200000e+01 8.750000e+01
      vertex   -1.299668e+01 2.937632e-01 8.750000e+01
    endloop
  endfacet
  facet normal -0.000000e+00 0.000000e+00 1.000000e+00
    outer loop
      vertex   -1.299668e+01 2.937632e-01 8.750000e+01
      vertex   5.000000e+00 -1.200000e+01 8.750000e+01
      vertex   -1.290261e+01 1.588298e+00 8.750000e+01
    endloop
  endfacet
  facet normal -0.000000e+00 0.000000e+00 1.000000e+00
    outer loop
      vertex   -1.290261e+01 1.588298e+00 8.750000e+01
      vertex   5.000000e+00 -1.200000e+01 8.750000e+01
      vertex   -1.267992e+01 2.867000e+00 8.750000e+01
    endloop
  endfacet
  facet normal -0.000000e+00 0.000000e+00 1.000000e+00
    outer loop
      vertex   -1.267992e+01 2.867000e+00 8.750000e+01
      vertex   5.000000e+00 -1.200000e+01 8.750000e+01
      vertex   -1.233083e+01 4.117122e+00 8.750000e+01
    endloop
  endfacet
  facet normal -0.000000e+00 0.000000e+00 1.000000e+00
    outer loop
      vertex   -1.233083e+01 4.117122e+00 8.750000e+01
      vertex   5.000000e+00 -1.200000e+01 8.750000e+01
      vertex   -1.185882e+01 5.326203e+00 8.750000e+01
    endloop
  endfacet
  facet normal -0.000000e+00 0.000000e+00 1.000000e+00
    outer loop
      vertex   -1.185882e+01 5.326203e+00 8.750000e+01
      vertex   5.000000e+00 -1.200000e+01 8.750000e+01
      vertex   -1.126859e+01 6.482190e+00 8.750000e+01
    endloop
  endfacet
  facet normal -0.000000e+00 0.000000e+00 1.000000e+00
    outer loop
      vertex   -1.126859e+01 6.482190e+00 8.750000e+01
      vertex   5.000000e+00 -1.200000e+01 8.750000e+01
      vertex   -1.056604e+01 7.573560e+00 8.750000e+01
    endloop
  endfacet
  facet normal -0.000000e+00 0.000000e+00 1.000000e+00
    outer loop
      vertex   -1.056604e+01 7.573560e+00 8.750000e+01
      vertex   5.000000e+00 -1.200000e+01 8.750000e+01
      vertex   -9.758159e+00 8.589432e+00 8.750000e+01
    endloop
  endfacet
  facet normal -0.000000e+00 0.000000e+00 1.000000e+00
    outer loop
      vertex   -9.758159e+00 8.589432e+00 8.750000e+01
      vertex   5.000000e+00 -1.200000e+01 8.750000e+01
      vertex   -8.853003e+00 9.519682e+00 8.750000e+01
    endloop
  endfacet
  facet normal 0.000000e+00 0.000000e+00 1.000000e+00
    outer loop
      vertex   -8.853003e+00 9.519682e+00 8.750000e+01
      vertex   5.000000e+00 -1.200000e+01 8.750000e+01
      vertex   6.171691e+00 -1.144160e+01 8.750000e+01
    endloop
  endfacet
  facet normal 0.000000e+00 0.000000e+00 1.000000e+00
    outer loop
      vertex   -8.853003e+00 9.519682e+00 8.750000e+01
      vertex   6.171691e+00 -1.144160e+01 8.750000e+01
      vertex   7.281860e+00 -1.076915e+01 8.750000e+01
    endloop
  endfacet
  facet normal 0.000000e+00 -0.000000e+00 1.000000e+00
    outer loop
      vertex   7.281860e+00 -1.076915e+01 8.750000e+01
      vertex   8.319440e+00 -9.989341e+00 8.750000e+01
      vertex   -8.853003e+00 9.519682e+00 8.750000e+01
    endloop
  endfacet
  facet normal 0.000000e+00 0.000000e+00 1.000000e+00
    outer loop
      vertex   -8.853003e+00 9.519682e+00 8.750000e+01
      vertex   8.319440e+00 -9.989341e+00 8.750000e+01
      vertex   9.274088e+00 -9.109956e+00 8.750000e+01
    endloop
  endfacet
  facet normal 0.000000e+00 0.000000e+00 1.000000e+00
    outer loop
      vertex   -8.853003e+00 9.519682e+00 8.750000e+01
      vertex   9.274088e+00 -9.109956e+00 8.750000e+01
      vertex   1.013629e+01 -8.139759e+00 8.750000e+01
    endloop
  endfacet
  facet normal 0.000000e+00 -0.000000e+00 1.000000e+00
    outer loop
      vertex   1.013629e+01 -8.139759e+00 8.750000e+01
      vertex   1.089744e+01 -7.088422e+00 8.750000e+01
      vertex   -8.853003e+00 9.519682e+00 8.750000e+01
    endloop
  endfacet
  facet normal -0.000000e+00 0.000000e+00 1.000000e+00
    outer loop
      vertex   -8.853003e+00 9.519682e+00 8.750000e+01
      vertex   1.089744e+01 -7.088422e+00 8.750000e+01
      vertex   -7.859597e+00 1.035503e+01 8.750000e+01
    endloop
  endfacet
  facet normal 0.000000e+00 0.000000e+00 1.000000e+00
    outer loop
      vertex   -7.859597e+00 1.035503e+01 8.750000e+01
      vertex   1.089744e+01 -7.088422e+00 8.750000e+01
      vertex   1.154997e+01 -5.966423e+00 8.750000e+01
    endloop
  endfacet
  facet normal 0.000000e+00 0.000000e+00 1.000000e+00
    outer loop
      vertex   -7.859597e+00 1.035503e+01 8.750000e+01
      vertex   1.154997e+01 -5.966423e+00 8.750000e+01
      vertex   1.208736e+01 -4.784949e+00 8.750000e+01
    endloop
  endfacet
  facet normal 0.000000e+00 -0.000000e+00 1.000000e+00
    outer loop
      vertex   1.208736e+01 -4.784949e+00 8.750000e+01
      vertex   1.250426e+01 -3.555776e+00 8.750000e+01
      vertex   -7.859597e+00 1.035503e+01 8.750000e+01
    endloop
  endfacet
  facet normal 0.000000e+00 0.000000e+00 1.000000e+00
    outer loop
      vertex   -7.859597e+00 1.035503e+01 8.750000e+01
      vertex   1.250426e+01 -3.555776e+00 8.750000e+01
      vertex   1.279651e+01 -2.291158e+00 8.750000e+01
    endloop
  endfacet
  facet normal 0.000000e+00 0.000000e+00 1.000000e+00
    outer loop
      vertex   -7.859597e+00 1.035503e+01 8.750000e+01
      vertex   1.279651e+01 -2.291158e+00 8.750000e+01
      vertex   1.296120e+01 -1.003700e+00 8.750000e+01
    endloop
  endfacet
  facet normal 0.000000e+00 -0.000000e+00 1.000000e+00
    outer loop
      vertex   1.296120e+01 -1.003700e+00 8.750000e+01
      vertex   1.299668e+01 2.937632e-01 8.750000e+01
      vertex   -7.859597e+00 1.035503e+01 8.750000e+01
    endloop
  endfacet
  facet normal 0.000000e+00 0.000000e+00 1.000000e+00
    outer loop
      vertex   -7.859597e+00 1.035503e+01 8.750000e+01
      vertex   1.299668e+01 2.937632e-01 8.750000e+01
      vertex   1.290261e+01 1.588298e+00 8.750000e+01
    endloop
  endfacet
  facet normal 0.000000e+00 0.000000e+00 1.000000e+00
    outer loop
      vertex   -7.859597e+00 1.035503e+01 8.750000e+01
      vertex   1.290261e+01 1.588298e+00 8.750000e+01
      vertex   1.267992e+01 2.867000e+00 8.750000e+01
    endloop
  endfacet
  facet normal 0.000000e+00 0.000000e+00 1.000000e+00
    outer loop
      vertex   1.267992e+01 2.867000e+00 8.750000e+01
      vertex   1.233083e+01 4.117122e+00 8.750000e+01
      vertex   -7.859597e+00 1.035503e+01 8.750000e+01
    endloop
  endfacet
  facet normal 0.000000e+00 0.000000e+00 1.000000e+00
    outer loop
      vertex   -7.859597e+00 1.035503e+01 8.750000e+01
      vertex   1.233083e+01 4.117122e+00 8.750000e+01
      vertex   1.185882e+01 5.326203e+00 8.750000e+01
    endloop
  endfacet
  facet normal 0.000000e+00 0.000000e+00 1.000000e+00
    outer loop
      vertex   -7.859597e+00 1.035503e+01 8.750000e+01
      vertex   1.185882e+01 5.326203e+00 8.750000e+01
      vertex   1.126859e+01 6.482190e+00 8.750000e+01
    endloop
  endfacet
  facet normal 0.000000e+00 0.000000e+00 1.000000e+00
    outer loop
      vertex   1.126859e+01 6.482190e+00 8.750000e+01
      vertex   1.056604e+01 7.573560e+00 8.750000e+01
      vertex   -7.859597e+00 1.035503e+01 8.750000e+01
    endloop
  endfacet
  facet normal 0.000000e+00 0.000000e+00 1.000000e+00
    outer loop
      vertex   -7.859597e+00 1.035503e+01 8.750000e+01
      vertex   1.056604e+01 7.573560e+00 8.750000e+01
      vertex   9.758159e+00 8.589432e+00 8.750000e+01
    endloop
  endfacet
  facet normal 0.000000e+00 0.000000e+00 1.000000e+00
    outer loop
      vertex   -7.859597e+00 1.035503e+01 8.750000e+01
      vertex   9.758159e+00 8.589432e+00 8.750000e+01
      vertex   8.853003e+00 9.519682e+00 8.750000e+01
    endloop
  endfacet
  facet normal 0.000000e+00 0.000000e+00 1.000000e+00
    outer loop
      vertex   8.853003e+00 9.519682e+00 8.750000e+01
      vertex   7.859597e+00 1.035503e+01 8.750000e+01
      vertex   -7.859597e+00 1.035503e+01 8.750000e+01
    endloop
  endfacet
  facet normal 0.000000e+00 0.000000e+00 1.000000e+00
    outer loop
      vertex   -7.859597e+00 1.035503e+01 8.750000e+01
      vertex   7.859597e+00 1.035503e+01 8.750000e+01
      vertex   -6.787843e+00 1.108716e+01 8.750000e+01
    endloop
  endfacet
  facet normal -0.000000e+00 0.000000e+00 1.000000e+00
    outer loop
      vertex   -6.787843e+00 1.108716e+01 8.750000e+01
      vertex   7.859597e+00 1.035503e+01 8.750000e+01
      vertex   6.787843e+00 1.108716e+01 8.750000e+01
    endloop
  endfacet
  facet normal 0.000000e+00 0.000000e+00 1.000000e+00
    outer loop
      vertex   -6.787843e+00 1.108716e+01 8.750000e+01
      vertex   6.787843e+00 1.108716e+01 8.750000e+01
      vertex   -5.648425e+00 1.170877e+01 8.750000e+01
    endloop
  endfacet
  facet normal -0.000000e+00 0.000000e+00 1.000000e+00
    outer loop
      vertex   -5.648425e+00 1.170877e+01 8.750000e+01
      vertex   6.787843e+00 1.108716e+01 8.750000e+01
      vertex   5.648425e+00 1.170877e+01 8.750000e+01
    endloop
  endfacet
  facet normal 0.000000e+00 0.000000e+00 1.000000e+00
    outer loop
      vertex   -5.648425e+00 1.170877e+01 8.750000e+01
      vertex   5.648425e+00 1.170877e+01 8.750000e+01
      vertex   -4.452700e+00 1.221366e+01 8.750000e+01
    endloop
  endfacet
  facet normal -0.000000e+00 0.000000e+00 1.000000e+00
    outer loop
      vertex   -4.452700e+00 1.221366e+01 8.750000e+01
      vertex   5.648425e+00 1.170877e+01 8.750000e+01
      vertex   4.452700e+00 1.221366e+01 8.750000e+01
    endloop
  endfacet
  facet normal 0.000000e+00 0.000000e+00 1.000000e+00
    outer loop
      vertex   -4.452700e+00 1.221366e+01 8.750000e+01
      vertex   4.452700e+00 1.221366e+01 8.750000e+01
      vertex   -3.212589e+00 1.259680e+01 8.750000e+01
    endloop
  endfacet
  facet normal -0.000000e+00 0.000000e+00 1.000000e+00
    outer loop
      vertex   -3.212589e+00 1.259680e+01 8.750000e+01
      vertex   4.452700e+00 1.221366e+01 8.750000e+01
      vertex   3.212589e+00 1.259680e+01 8.750000e+01
    endloop
  endfacet
  facet normal 0.000000e+00 0.000000e+00 1.000000e+00
    outer loop
      vertex   -3.212589e+00 1.259680e+01 8.750000e+01
      vertex   3.212589e+00 1.259680e+01 8.750000e+01
      vertex   -1.940453e+00 1.285436e+01 8.750000e+01
    endloop
  endfacet
  facet normal -0.000000e+00 0.000000e+00 1.000000e+00
    outer loop
      vertex   -1.940453e+00 1.285436e+01 8.750000e+01
      vertex   3.212589e+00 1.259680e+01 8.750000e+01
      vertex   1.940453e+00 1.285436e+01 8.750000e+01
    endloop
  endfacet
  facet normal 0.000000e+00 0.000000e+00 1.000000e+00
    outer loop
      vertex   -1.940453e+00 1.285436e+01 8.750000e+01
      vertex   1.940453e+00 1.285436e+01 8.750000e+01
      vertex   -6.489742e-01 1.298379e+01 8.750000e+01
    endloop
  endfacet
  facet normal -0.000000e+00 0.000000e+00 1.000000e+00
    outer loop
      vertex   -6.489742e-01 1.298379e+01 8.750000e+01
      vertex   1.940453e+00 1.285436e+01 8.750000e+01
      vertex   6.489742e-01 1.298379e+01 8.750000e+01
    endloop
  endfacet
  facet normal 0.000000e+00 0.000000e+00 -1.000000e+00
    outer loop
      vertex   1.123376e+01 -1.221745e+00 8.550000e+01
      vertex   -1.123376e+01 -1.221745e+00 8.550000e+01
      vertex   1.130000e+01 1.383851e-15 8.550000e+01
    endloop
  endfacet
  facet normal 0.000000e+00 0.000000e+00 -1.000000e+00
    outer loop
      vertex   1.130000e+01 1.383851e-15 8.550000e+01
      vertex   -1.123376e+01 -1.221745e+00 8.550000e+01
      vertex   -1.130000e+01 0.000000e+00 8.550000e+01
    endloop
  endfacet
  facet normal -0.000000e+00 0.000000e+00 -1.000000e+00
    outer loop
      vertex   1.130000e+01 1.383851e-15 8.550000e+01
      vertex   -1.130000e+01 0.000000e+00 8.550000e+01
      vertex   1.123376e+01 1.221745e+00 8.550000e+01
    endloop
  endfacet
  facet normal -0.000000e+00 0.000000e+00 -1.000000e+00
    outer loop
      vertex   1.123376e+01 1.221745e+00 8.550000e+01
      vertex   -1.130000e+01 0.000000e+00 8.550000e+01
      vertex   -1.123376e+01 1.221745e+00 8.550000e+01
    endloop
  endfacet
  facet normal 0.000000e+00 0.000000e+00 -1.000000e+00
    outer loop
      vertex   1.123376e+01 1.221745e+00 8.550000e+01
      vertex   -1.123376e+01 1.221745e+00 8.550000e+01
      vertex   1.103581e+01 2.429166e+00 8.550000e+01
    endloop
  endfacet
  facet normal 0.000000e+00 0.000000e+00 -1.000000e+00
    outer loop
      vertex   1.103581e+01 2.429166e+00 8.550000e+01
      vertex   -1.123376e+01 1.221745e+00 8.550000e+01
      vertex   -1.103581e+01 2.429166e+00 8.550000e+01
    endloop
  endfacet
  facet normal -0.000000e+00 0.000000e+00 -1.000000e+00
    outer loop
      vertex   1.103581e+01 2.429166e+00 8.550000e+01
      vertex   -1.103581e+01 2.429166e+00 8.550000e+01
      vertex   1.070848e+01 3.608107e+00 8.550000e+01
    endloop
  endfacet
  facet normal -0.000000e+00 0.000000e+00 -1.000000e+00
    outer loop
      vertex   1.070848e+01 3.608107e+00 8.550000e+01
      vertex   -1.103581e+01 2.429166e+00 8.550000e+01
      vertex   -1.070848e+01 3.608107e+00 8.550000e+01
    endloop
  endfacet
  facet normal 0.000000e+00 0.000000e+00 -1.000000e+00
    outer loop
      vertex   1.070848e+01 3.608107e+00 8.550000e+01
      vertex   -1.070848e+01 3.608107e+00 8.550000e+01
      vertex   1.025560e+01 4.744747e+00 8.550000e+01
    endloop
  endfacet
  facet normal 0.000000e+00 0.000000e+00 -1.000000e+00
    outer loop
      vertex   1.025560e+01 4.744747e+00 8.550000e+01
      vertex   -1.070848e+01 3.608107e+00 8.550000e+01
      vertex   -1.025560e+01 4.744747e+00 8.550000e+01
    endloop
  endfacet
  facet normal -0.000000e+00 0.000000e+00 -1.000000e+00
    outer loop
      vertex   1.025560e+01 4.744747e+00 8.550000e+01
      vertex   -1.025560e+01 4.744747e+00 8.550000e+01
      vertex   9.682486e+00 5.825759e+00 8.550000e+01
    endloop
  endfacet
  facet normal -0.000000e+00 0.000000e+00 -1.000000e+00
    outer loop
      vertex   9.682486e+00 5.825759e+00 8.550000e+01
      vertex   -1.025560e+01 4.744747e+00 8.550000e+01
      vertex   -9.682486e+00 5.825759e+00 8.550000e+01
    endloop
  endfacet
  facet normal 0.000000e+00 0.000000e+00 -1.000000e+00
    outer loop
      vertex   9.682486e+00 5.825759e+00 8.550000e+01
      vertex   -9.682486e+00 5.825759e+00 8.550000e+01
      vertex   8.995852e+00 6.838469e+00 8.550000e+01
    endloop
  endfacet
  facet normal -0.000000e+00 0.000000e+00 -1.000000e+00
    outer loop
      vertex   8.995852e+00 6.838469e+00 8.550000e+01
      vertex   -9.682486e+00 5.825759e+00 8.550000e+01
      vertex   -8.995852e+00 6.838469e+00 8.550000e+01
    endloop
  endfacet
  facet normal 0.000000e+00 0.000000e+00 -1.000000e+00
    outer loop
      vertex   8.995852e+00 6.838469e+00 8.550000e+01
      vertex   -8.995852e+00 6.838469e+00 8.550000e+01
      vertex   8.203749e+00 7.771004e+00 8.550000e+01
    endloop
  endfacet
  facet normal -0.000000e+00 0.000000e+00 -1.000000e+00
    outer loop
      vertex   8.203749e+00 7.771004e+00 8.550000e+01
      vertex   -8.995852e+00 6.838469e+00 8.550000e+01
      vertex   -8.203749e+00 7.771004e+00 8.550000e+01
    endloop
  endfacet
  facet normal 0.000000e+00 0.000000e+00 -1.000000e+00
    outer loop
      vertex   8.203749e+00 7.771004e+00 8.550000e+01
      vertex   -8.203749e+00 7.771004e+00 8.550000e+01
      vertex   7.315465e+00 8.612431e+00 8.550000e+01
    endloop
  endfacet
  facet normal -0.000000e+00 0.000000e+00 -1.000000e+00
    outer loop
      vertex   7.315465e+00 8.612431e+00 8.550000e+01
      vertex   -8.203749e+00 7.771004e+00 8.550000e+01
      vertex   -7.315465e+00 8.612431e+00 8.550000e+01
    endloop
  endfacet
  facet normal 0.000000e+00 0.000000e+00 -1.000000e+00
    outer loop
      vertex   7.315465e+00 8.612431e+00 8.550000e+01
      vertex   -7.315465e+00 8.612431e+00 8.550000e+01
      vertex   6.341414e+00 9.352886e+00 8.550000e+01
    endloop
  endfacet
  facet normal -0.000000e+00 0.000000e+00 -1.000000e+00
    outer loop
      vertex   6.341414e+00 9.352886e+00 8.550000e+01
      vertex   -7.315465e+00 8.612431e+00 8.550000e+01
      vertex   -6.341414e+00 9.352886e+00 8.550000e+01
    endloop
  endfacet
  facet normal 0.000000e+00 0.000000e+00 -1.000000e+00
    outer loop
      vertex   6.341414e+00 9.352886e+00 8.550000e+01
      vertex   -6.341414e+00 9.352886e+00 8.550000e+01
      vertex   5.293015e+00 9.983686e+00 8.550000e+01
    endloop
  endfacet
  facet normal -0.000000e+00 0.000000e+00 -1.000000e+00
    outer loop
      vertex   5.293015e+00 9.983686e+00 8.550000e+01
      vertex   -6.341414e+00 9.352886e+00 8.550000e+01
      vertex   -5.293015e+00 9.983686e+00 8.550000e+01
    endloop
  endfacet
  facet normal 0.000000e+00 0.000000e+00 -1.000000e+00
    outer loop
      vertex   5.293015e+00 9.983686e+00 8.550000e+01
      vertex   -5.293015e+00 9.983686e+00 8.550000e+01
      vertex   4.182561e+00 1.049744e+01 8.550000e+01
    endloop
  endfacet
  facet normal -0.000000e+00 0.000000e+00 -1.000000e+00
    outer loop
      vertex   4.182561e+00 1.049744e+01 8.550000e+01
      vertex   -5.293015e+00 9.983686e+00 8.550000e+01
      vertex   -4.182561e+00 1.049744e+01 8.550000e+01
    endloop
  endfacet
  facet normal 0.000000e+00 0.000000e+00 -1.000000e+00
    outer loop
      vertex   4.182561e+00 1.049744e+01 8.550000e+01
      vertex   -4.182561e+00 1.049744e+01 8.550000e+01
      vertex   3.023070e+00 1.088811e+01 8.550000e+01
    endloop
  endfacet
  facet normal -0.000000e+00 0.000000e+00 -1.000000e+00
    outer loop
      vertex   3.023070e+00 1.088811e+01 8.550000e+01
      vertex   -4.182561e+00 1.049744e+01 8.550000e+01
      vertex   -3.023070e+00 1.088811e+01 8.550000e+01
    endloop
  endfacet
  facet normal 0.000000e+00 0.000000e+00 -1.000000e+00
    outer loop
      vertex   3.023070e+00 1.088811e+01 8.550000e+01
      vertex   -3.023070e+00 1.088811e+01 8.550000e+01
      vertex   1.828137e+00 1.115114e+01 8.550000e+01
    endloop
  endfacet
  facet normal -0.000000e+00 0.000000e+00 -1.000000e+00
    outer loop
      vertex   1.828137e+00 1.115114e+01 8.550000e+01
      vertex   -3.023070e+00 1.088811e+01 8.550000e+01
      vertex   -1.828137e+00 1.115114e+01 8.550000e+01
    endloop
  endfacet
  facet normal 0.000000e+00 0.000000e+00 -1.000000e+00
    outer loop
      vertex   1.828137e+00 1.115114e+01 8.550000e+01
      vertex   -1.828137e+00 1.115114e+01 8.550000e+01
      vertex   6.117697e-01 1.128343e+01 8.550000e+01
    endloop
  endfacet
  facet normal -0.000000e+00 0.000000e+00 -1.000000e+00
    outer loop
      vertex   6.117697e-01 1.128343e+01 8.550000e+01
      vertex   -1.828137e+00 1.115114e+01 8.550000e+01
      vertex   -6.117697e-01 1.128343e+01 8.550000e+01
    endloop
  endfacet
  facet normal 0.000000e+00 0.000000e+00 -1.000000e+00
    outer loop
      vertex   -1.123376e+01 -1.221745e+00 8.550000e+01
      vertex   1.123376e+01 -1.221745e+00 8.550000e+01
      vertex   -1.103581e+01 -2.429166e+00 8.550000e+01
    endloop
  endfacet
  facet normal 0.000000e+00 0.000000e+00 -1.000000e+00
    outer loop
      vertex   -1.103581e+01 -2.429166e+00 8.550000e+01
      vertex   1.123376e+01 -1.221745e+00 8.550000e+01
      vertex   1.103581e+01 -2.429166e+00 8.550000e+01
    endloop
  endfacet
  facet normal 0.000000e+00 0.000000e+00 -1.000000e+00
    outer loop
      vertex   -1.103581e+01 -2.429166e+00 8.550000e+01
      vertex   1.103581e+01 -2.429166e+00 8.550000e+01
      vertex   -1.070848e+01 -3.608107e+00 8.550000e+01
    endloop
  endfacet
  facet normal 0.000000e+00 0.000000e+00 -1.000000e+00
    outer loop
      vertex   -1.070848e+01 -3.608107e+00 8.550000e+01
      vertex   1.103581e+01 -2.429166e+00 8.550000e+01
      vertex   1.070848e+01 -3.608107e+00 8.550000e+01
    endloop
  endfacet
  facet normal 0.000000e+00 0.000000e+00 -1.000000e+00
    outer loop
      vertex   -1.070848e+01 -3.608107e+00 8.550000e+01
      vertex   1.070848e+01 -3.608107e+00 8.550000e+01
      vertex   -1.025560e+01 -4.744747e+00 8.550000e+01
    endloop
  endfacet
  facet normal 0.000000e+00 0.000000e+00 -1.000000e+00
    outer loop
      vertex   -1.025560e+01 -4.744747e+00 8.550000e+01
      vertex   1.070848e+01 -3.608107e+00 8.550000e+01
      vertex   1.025560e+01 -4.744747e+00 8.550000e+01
    endloop
  endfacet
  facet normal 0.000000e+00 0.000000e+00 -1.000000e+00
    outer loop
      vertex   -1.025560e+01 -4.744747e+00 8.550000e+01
      vertex   1.025560e+01 -4.744747e+00 8.550000e+01
      vertex   -9.682486e+00 -5.825759e+00 8.550000e+01
    endloop
  endfacet
  facet normal 0.000000e+00 0.000000e+00 -1.000000e+00
    outer loop
      vertex   -9.682486e+00 -5.825759e+00 8.550000e+01
      vertex   1.025560e+01 -4.744747e+00 8.550000e+01
      vertex   9.682486e+00 -5.825759e+00 8.550000e+01
    endloop
  endfacet
  facet normal 0.000000e+00 0.000000e+00 -1.000000e+00
    outer loop
      vertex   -9.682486e+00 -5.825759e+00 8.550000e+01
      vertex   9.682486e+00 -5.825759e+00 8.550000e+01
      vertex   -8.995852e+00 -6.838469e+00 8.550000e+01
    endloop
  endfacet
  facet normal 0.000000e+00 0.000000e+00 -1.000000e+00
    outer loop
      vertex   -8.995852e+00 -6.838469e+00 8.550000e+01
      vertex   9.682486e+00 -5.825759e+00 8.550000e+01
      vertex   8.995852e+00 -6.838469e+00 8.550000e+01
    endloop
  endfacet
  facet normal 0.000000e+00 0.000000e+00 -1.000000e+00
    outer loop
      vertex   -8.995852e+00 -6.838469e+00 8.550000e+01
      vertex   8.995852e+00 -6.838469e+00 8.550000e+01
      vertex   -8.203749e+00 -7.771004e+00 8.550000e+01
    endloop
  endfacet
  facet normal 0.000000e+00 0.000000e+00 -1.000000e+00
    outer loop
      vertex   -8.203749e+00 -7.771004e+00 8.550000e+01
      vertex   8.995852e+00 -6.838469e+00 8.550000e+01
      vertex   8.203749e+00 -7.771004e+00 8.550000e+01
    endloop
  endfacet
  facet normal 0.000000e+00 0.000000e+00 -1.000000e+00
    outer loop
      vertex   -8.203749e+00 -7.771004e+00 8.550000e+01
      vertex   8.203749e+00 -7.771004e+00 8.550000e+01
      vertex   -7.315465e+00 -8.612431e+00 8.550000e+01
    endloop
  endfacet
  facet normal 0.000000e+00 0.000000e+00 -1.000000e+00
    outer loop
      vertex   -7.315465e+00 -8.612431e+00 8.550000e+01
      vertex   8.203749e+00 -7.771004e+00 8.550000e+01
      vertex   7.315465e+00 -8.612431e+00 8.550000e+01
    endloop
  endfacet
  facet normal 0.000000e+00 0.000000e+00 -1.000000e+00
    outer loop
      vertex   -7.315465e+00 -8.612431e+00 8.550000e+01
      vertex   7.315465e+00 -8.612431e+00 8.550000e+01
      vertex   -6.341414e+00 -9.352886e+00 8.550000e+01
    endloop
  endfacet
  facet normal 0.000000e+00 0.000000e+00 -1.000000e+00
    outer loop
      vertex   -6.341414e+00 -9.352886e+00 8.550000e+01
      vertex   7.315465e+00 -8.612431e+00 8.550000e+01
      vertex   6.341414e+00 -9.352886e+00 8.550000e+01
    endloop
  endfacet
  facet normal 0.000000e+00 0.000000e+00 -1.000000e+00
    outer loop
      vertex   -6.341414e+00 -9.352886e+00 8.550000e+01
      vertex   6.341414e+00 -9.352886e+00 8.550000e+01
      vertex   -5.293015e+00 -9.983686e+00 8.550000e+01
    endloop
  endfacet
  facet normal 0.000000e+00 0.000000e+00 -1.000000e+00
    outer loop
      vertex   -5.293015e+00 -9.983686e+00 8.550000e+01
      vertex   6.341414e+00 -9.352886e+00 8.550000e+01
      vertex   5.293015e+00 -9.983686e+00 8.550000e+01
    endloop
  endfacet
  facet normal 0.000000e+00 0.000000e+00 -1.000000e+00
    outer loop
      vertex   -5.293015e+00 -9.983686e+00 8.550000e+01
      vertex   5.293015e+00 -9.983686e+00 8.550000e+01
      vertex   -4.182561e+00 -1.049744e+01 8.550000e+01
    endloop
  endfacet
  facet normal 0.000000e+00 0.000000e+00 -1.000000e+00
    outer loop
      vertex   -4.182561e+00 -1.049744e+01 8.550000e+01
      vertex   5.293015e+00 -9.983686e+00 8.550000e+01
      vertex   4.182561e+00 -1.049744e+01 8.550000e+01
    endloop
  endfacet
  facet normal 0.000000e+00 0.000000e+00 -1.000000e+00
    outer loop
      vertex   -4.182561e+00 -1.049744e+01 8.550000e+01
      vertex   4.182561e+00 -1.049744e+01 8.550000e+01
      vertex   -3.023070e+00 -1.088811e+01 8.550000e+01
    endloop
  endfacet
  facet normal 0.000000e+00 0.000000e+00 -1.000000e+00
    outer loop
      vertex   -3.023070e+00 -1.088811e+01 8.550000e+01
      vertex   4.182561e+00 -1.049744e+01 8.550000e+01
      vertex   3.023070e+00 -1.088811e+01 8.550000e+01
    endloop
  endfacet
  facet normal 0.000000e+00 0.000000e+00 -1.000000e+00
    outer loop
      vertex   -3.023070e+00 -1.088811e+01 8.550000e+01
      vertex   3.023070e+00 -1.088811e+01 8.550000e+01
      vertex   -1.828137e+00 -1.115114e+01 8.550000e+01
    endloop
  endfacet
  facet normal 0.000000e+00 0.000000e+00 -1.000000e+00
    outer loop
      vertex   -1.828137e+00 -1.115114e+01 8.550000e+01
      vertex   3.023070e+00 -1.088811e+01 8.550000e+01
      vertex   1.828137e+00 -1.115114e+01 8.550000e+01
    endloop
  endfacet
  facet normal 0.000000e+00 0.000000e+00 -1.000000e+00
    outer loop
      vertex   -1.828137e+00 -1.115114e+01 8.550000e+01
      vertex   1.828137e+00 -1.115114e+01 8.550000e+01
      vertex   -6.117697e-01 -1.128343e+01 8.550000e+01
    endloop
  endfacet
  facet normal 0.000000e+00 0.000000e+00 -1.000000e+00
    outer loop
      vertex   -6.117697e-01 -1.128343e+01 8.550000e+01
      vertex   1.828137e+00 -1.115114e+01 8.550000e+01
      vertex   6.117697e-01 -1.128343e+01 8.550000e+01
    endloop
  endfacet
  facet normal -9.985334e-01 -5.413891e-02 -0.000000e+00
    outer loop
      vertex   1.123376e+01 1.221745e+00 8.550000e+01
      vertex   1.123376e+01 1.221745e+00 7.900000e+01
      vertex   1.130000e+01 1.383851e-15 8.550000e+01
    endloop
  endfacet
  facet normal -9.985334e-01 -5.413891e-02 -0.000000e+00
    outer loop
      vertex   1.130000e+01 1.383851e-15 8.550000e+01
      vertex   1.123376e+01 1.221745e+00 7.900000e+01
      vertex   1.130000e+01 1.383851e-15 7.900000e+01
    endloop
  endfacet
  facet normal -9.985334e-01 5.413891e-02 0.000000e+00
    outer loop
      vertex   1.130000e+01 1.383851e-15 8.550000e+01
      vertex   1.130000e+01 1.383851e-15 7.900000e+01
      vertex   1.123376e+01 -1.221745e+00 8.550000e+01
    endloop
  endfacet
  facet normal -9.985334e-01 5.413891e-02 0.000000e+00
    outer loop
      vertex   1.123376e+01 -1.221745e+00 8.550000e+01
      vertex   1.130000e+01 1.383851e-15 7.900000e+01
      vertex   1.123376e+01 -1.221745e+00 7.900000e+01
    endloop
  endfacet
  facet normal -9.868265e-01 1.617820e-01 0.000000e+00
    outer loop
      vertex   1.123376e+01 -1.221745e+00 8.550000e+01
      vertex   1.123376e+01 -1.221745e+00 7.900000e+01
      vertex   1.103581e+01 -2.429166e+00 8.550000e+01
    endloop
  endfacet
  facet normal -9.868265e-01 1.617820e-01 0.000000e+00
    outer loop
      vertex   1.103581e+01 -2.429166e+00 8.550000e+01
      vertex   1.123376e+01 -1.221745e+00 7.900000e+01
      vertex   1.103581e+01 -2.429166e+00 7.900000e+01
    endloop
  endfacet
  facet normal -9.635500e-01 2.675283e-01 0.000000e+00
    outer loop
      vertex   1.103581e+01 -2.429166e+00 8.550000e+01
      vertex   1.103581e+01 -2.429166e+00 7.900000e+01
      vertex   1.070848e+01 -3.608107e+00 8.550000e+01
    endloop
  endfacet
  facet normal -9.635500e-01 2.675283e-01 0.000000e+00
    outer loop
      vertex   1.070848e+01 -3.608107e+00 8.550000e+01
      vertex   1.103581e+01 -2.429166e+00 7.900000e+01
      vertex   1.070848e+01 -3.608107e+00 7.900000e+01
    endloop
  endfacet
  facet normal -9.289767e-01 3.701382e-01 0.000000e+00
    outer loop
      vertex   1.070848e+01 -3.608107e+00 8.550000e+01
      vertex   1.070848e+01 -3.608107e+00 7.900000e+01
      vertex   1.025560e+01 -4.744747e+00 8.550000e+01
    endloop
  endfacet
  facet normal -9.289767e-01 3.701382e-01 0.000000e+00
    outer loop
      vertex   1.025560e+01 -4.744747e+00 8.550000e+01
      vertex   1.070848e+01 -3.608107e+00 7.900000e+01
      vertex   1.025560e+01 -4.744747e+00 7.900000e+01
    endloop
  endfacet
  facet normal -8.835120e-01 4.684084e-01 0.000000e+00
    outer loop
      vertex   1.025560e+01 -4.744747e+00 8.550000e+01
      vertex   1.025560e+01 -4.744747e+00 7.900000e+01
      vertex   9.682486e+00 -5.825759e+00 8.550000e+01
    endloop
  endfacet
  facet normal -8.835120e-01 4.684084e-01 0.000000e+00
    outer loop
      vertex   9.682486e+00 -5.825759e+00 8.550000e+01
      vertex   1.025560e+01 -4.744747e+00 7.900000e+01
      vertex   9.682486e+00 -5.825759e+00 7.900000e+01
    endloop
  endfacet
  facet normal -8.276890e-01 5.611871e-01 0.000000e+00
    outer loop
      vertex   9.682486e+00 -5.825759e+00 8.550000e+01
      vertex   9.682486e+00 -5.825759e+00 7.900000e+01
      vertex   8.995852e+00 -6.838469e+00 8.550000e+01
    endloop
  endfacet
  facet normal -8.276890e-01 5.611871e-01 0.000000e+00
    outer loop
      vertex   8.995852e+00 -6.838469e+00 8.550000e+01
      vertex   9.682486e+00 -5.825759e+00 7.900000e+01
      vertex   8.995852e+00 -6.838469e+00 7.900000e+01
    endloop
  endfacet
  facet normal -7.621621e-01 6.473863e-01 0.000000e+00
    outer loop
      vertex   8.995852e+00 -6.838469e+00 8.550000e+01
      vertex   8.995852e+00 -6.838469e+00 7.900000e+01
      vertex   8.203749e+00 -7.771004e+00 8.550000e+01
    endloop
  endfacet
  facet normal -7.621621e-01 6.473863e-01 0.000000e+00
    outer loop
      vertex   8.203749e+00 -7.771004e+00 8.550000e+01
      vertex   8.995852e+00 -6.838469e+00 7.900000e+01
      vertex   8.203749e+00 -7.771004e+00 7.900000e+01
    endloop
  endfacet
  facet normal -6.876995e-01 7.259955e-01 0.000000e+00
    outer loop
      vertex   8.203749e+00 -7.771004e+00 8.550000e+01
      vertex   8.203749e+00 -7.771004e+00 7.900000e+01
      vertex   7.315465e+00 -8.612431e+00 8.550000e+01
    endloop
  endfacet
  facet normal -6.876995e-01 7.259955e-01 0.000000e+00
    outer loop
      vertex   7.315465e+00 -8.612431e+00 8.550000e+01
      vertex   8.203749e+00 -7.771004e+00 7.900000e+01
      vertex   7.315465e+00 -8.612431e+00 7.900000e+01
    endloop
  endfacet
  facet normal -6.051742e-01 7.960931e-01 0.000000e+00
    outer loop
      vertex   7.315465e+00 -8.612431e+00 8.550000e+01
      vertex   7.315465e+00 -8.612431e+00 7.900000e+01
      vertex   6.341414e+00 -9.352886e+00 8.550000e+01
    endloop
  endfacet
  facet normal -6.051742e-01 7.960931e-01 0.000000e+00
    outer loop
      vertex   6.341414e+00 -9.352886e+00 8.550000e+01
      vertex   7.315465e+00 -8.612431e+00 7.900000e+01
      vertex   6.341414e+00 -9.352886e+00 7.900000e+01
    endloop
  endfacet
  facet normal -5.155539e-01 8.568572e-01 0.000000e+00
    outer loop
      vertex   6.341414e+00 -9.352886e+00 8.550000e+01
      vertex   6.341414e+00 -9.352886e+00 7.900000e+01
      vertex   5.293015e+00 -9.983686e+00 8.550000e+01
    endloop
  endfacet
  facet normal -5.155539e-01 8.568572e-01 0.000000e+00
    outer loop
      vertex   5.293015e+00 -9.983686e+00 8.550000e+01
      vertex   6.341414e+00 -9.352886e+00 7.900000e+01
      vertex   5.293015e+00 -9.983686e+00 7.900000e+01
    endloop
  endfacet
  facet normal -4.198891e-01 9.075754e-01 0.000000e+00
    outer loop
      vertex   5.293015e+00 -9.983686e+00 8.550000e+01
      vertex   5.293015e+00 -9.983686e+00 7.900000e+01
      vertex   4.182561e+00 -1.049744e+01 8.550000e+01
    endloop
  endfacet
  facet normal -4.198891e-01 9.075754e-01 0.000000e+00
    outer loop
      vertex   4.182561e+00 -1.049744e+01 8.550000e+01
      vertex   5.293015e+00 -9.983686e+00 7.900000e+01
      vertex   4.182561e+00 -1.049744e+01 7.900000e+01
    endloop
  endfacet
  facet normal -3.193015e-01 9.476532e-01 0.000000e+00
    outer loop
      vertex   4.182561e+00 -1.049744e+01 8.550000e+01
      vertex   4.182561e+00 -1.049744e+01 7.900000e+01
      vertex   3.023070e+00 -1.088811e+01 8.550000e+01
    endloop
  endfacet
  facet normal -3.193015e-01 9.476532e-01 0.000000e+00
    outer loop
      vertex   3.023070e+00 -1.088811e+01 8.550000e+01
      vertex   4.182561e+00 -1.049744e+01 7.900000e+01
      vertex   3.023070e+00 -1.088811e+01 7.900000e+01
    endloop
  endfacet
  facet normal -2.149704e-01 9.766206e-01 0.000000e+00
    outer loop
      vertex   3.023070e+00 -1.088811e+01 8.550000e+01
      vertex   3.023070e+00 -1.088811e+01 7.900000e+01
      vertex   1.828137e+00 -1.115114e+01 8.550000e+01
    endloop
  endfacet
  facet normal -2.149704e-01 9.766206e-01 0.000000e+00
    outer loop
      vertex   1.828137e+00 -1.115114e+01 8.550000e+01
      vertex   3.023070e+00 -1.088811e+01 7.900000e+01
      vertex   1.828137e+00 -1.115114e+01 7.900000e+01
    endloop
  endfacet
  facet normal -1.081190e-01 9.941380e-01 0.000000e+00
    outer loop
      vertex   1.828137e+00 -1.115114e+01 8.550000e+01
      vertex   1.828137e+00 -1.115114e+01 7.900000e+01
      vertex   6.117697e-01 -1.128343e+01 8.550000e+01
    endloop
  endfacet
  facet normal -1.081190e-01 9.941380e-01 0.000000e+00
    outer loop
      vertex   6.117697e-01 -1.128343e+01 8.550000e+01
      vertex   1.828137e+00 -1.115114e+01 7.900000e+01
      vertex   6.117697e-01 -1.128343e+01 7.900000e+01
    endloop
  endfacet
  facet normal 0.000000e+00 1.000000e+00 0.000000e+00
    outer loop
      vertex   6.117697e-01 -1.128343e+01 8.550000e+01
      vertex   6.117697e-01 -1.128343e+01 7.900000e+01
      vertex   -6.117697e-01 -1.128343e+01 8.550000e+01
    endloop
  endfacet
  facet normal 0.000000e+00 1.000000e+00 0.000000e+00
    outer loop
      vertex   -6.117697e-01 -1.128343e+01 8.550000e+01
      vertex   6.117697e-01 -1.128343e+01 7.900000e+01
      vertex   -6.117697e-01 -1.128343e+01 7.900000e+01
    endloop
  endfacet
  facet normal 1.081190e-01 9.941380e-01 0.000000e+00
    outer loop
      vertex   -6.117697e-01 -1.128343e+01 8.550000e+01
      vertex   -6.117697e-01 -1.128343e+01 7.900000e+01
      vertex   -1.828137e+00 -1.115114e+01 8.550000e+01
    endloop
  endfacet
  facet normal 1.081190e-01 9.941380e-01 0.000000e+00
    outer loop
      vertex   -1.828137e+00 -1.115114e+01 8.550000e+01
      vertex   -6.117697e-01 -1.128343e+01 7.900000e+01
      vertex   -1.828137e+00 -1.115114e+01 7.900000e+01
    endloop
  endfacet
  facet normal 2.149704e-01 9.766206e-01 0.000000e+00
    outer loop
      vertex   -1.828137e+00 -1.115114e+01 8.550000e+01
      vertex   -1.828137e+00 -1.115114e+01 7.900000e+01
      vertex   -3.023070e+00 -1.088811e+01 8.550000e+01
    endloop
  endfacet
  facet normal 2.149704e-01 9.766206e-01 0.000000e+00
    outer loop
      vertex   -3.023070e+00 -1.088811e+01 8.550000e+01
      vertex   -1.828137e+00 -1.115114e+01 7.900000e+01
      vertex   -3.023070e+00 -1.088811e+01 7.900000e+01
    endloop
  endfacet
  facet normal 3.193015e-01 9.476532e-01 0.000000e+00
    outer loop
      vertex   -3.023070e+00 -1.088811e+01 8.550000e+01
      vertex   -3.023070e+00 -1.088811e+01 7.900000e+01
      vertex   -4.182561e+00 -1.049744e+01 8.550000e+01
    endloop
  endfacet
  facet normal 3.193015e-01 9.476532e-01 0.000000e+00
    outer loop
      vertex   -4.182561e+00 -1.049744e+01 8.550000e+01
      vertex   -3.023070e+00 -1.088811e+01 7.900000e+01
      vertex   -4.182561e+00 -1.049744e+01 7.900000e+01
    endloop
  endfacet
  facet normal 4.198891e-01 9.075754e-01 0.000000e+00
    outer loop
      vertex   -4.182561e+00 -1.049744e+01 8.550000e+01
      vertex   -4.182561e+00 -1.049744e+01 7.900000e+01
      vertex   -5.293015e+00 -9.983686e+00 8.550000e+01
    endloop
  endfacet
  facet normal 4.198891e-01 9.075754e-01 0.000000e+00
    outer loop
      vertex   -5.293015e+00 -9.983686e+00 8.550000e+01
      vertex   -4.182561e+00 -1.049744e+01 7.900000e+01
      vertex   -5.293015e+00 -9.983686e+00 7.900000e+01
    endloop
  endfacet
  facet normal 5.155539e-01 8.568572e-01 0.000000e+00
    outer loop
      vertex   -5.293015e+00 -9.983686e+00 8.550000e+01
      vertex   -5.293015e+00 -9.983686e+00 7.900000e+01
      vertex   -6.341414e+00 -9.352886e+00 8.550000e+01
    endloop
  endfacet
  facet normal 5.155539e-01 8.568572e-01 0.000000e+00
    outer loop
      vertex   -6.341414e+00 -9.352886e+00 8.550000e+01
      vertex   -5.293015e+00 -9.983686e+00 7.900000e+01
      vertex   -6.341414e+00 -9.352886e+00 7.900000e+01
    endloop
  endfacet
  facet normal 6.051742e-01 7.960931e-01 0.000000e+00
    outer loop
      vertex   -6.341414e+00 -9.352886e+00 8.550000e+01
      vertex   -6.341414e+00 -9.352886e+00 7.900000e+01
      vertex   -7.315465e+00 -8.612431e+00 8.550000e+01
    endloop
  endfacet
  facet normal 6.051742e-01 7.960931e-01 0.000000e+00
    outer loop
      vertex   -7.315465e+00 -8.612431e+00 8.550000e+01
      vertex   -6.341414e+00 -9.352886e+00 7.900000e+01
      vertex   -7.315465e+00 -8.612431e+00 7.900000e+01
    endloop
  endfacet
  facet normal 6.876995e-01 7.259955e-01 0.000000e+00
    outer loop
      vertex   -7.315465e+00 -8.612431e+00 8.550000e+01
      vertex   -7.315465e+00 -8.612431e+00 7.900000e+01
      vertex   -8.203749e+00 -7.771004e+00 8.550000e+01
    endloop
  endfacet
  facet normal 6.876995e-01 7.259955e-01 0.000000e+00
    outer loop
      vertex   -8.203749e+00 -7.771004e+00 8.550000e+01
      vertex   -7.315465e+00 -8.612431e+00 7.900000e+01
      vertex   -8.203749e+00 -7.771004e+00 7.900000e+01
    endloop
  endfacet
  facet normal 7.621621e-01 6.473863e-01 0.000000e+00
    outer loop
      vertex   -8.203749e+00 -7.771004e+00 8.550000e+01
      vertex   -8.203749e+00 -7.771004e+00 7.900000e+01
      vertex   -8.995852e+00 -6.838469e+00 8.550000e+01
    endloop
  endfacet
  facet normal 7.621621e-01 6.473863e-01 0.000000e+00
    outer loop
      vertex   -8.995852e+00 -6.838469e+00 8.550000e+01
      vertex   -8.203749e+00 -7.771004e+00 7.900000e+01
      vertex   -8.995852e+00 -6.838469e+00 7.900000e+01
    endloop
  endfacet
  facet normal 8.276890e-01 5.611871e-01 0.000000e+00
    outer loop
      vertex   -8.995852e+00 -6.838469e+00 8.550000e+01
      vertex   -8.995852e+00 -6.838469e+00 7.900000e+01
      vertex   -9.682486e+00 -5.825759e+00 8.550000e+01
    endloop
  endfacet
  facet normal 8.276890e-01 5.611871e-01 0.000000e+00
    outer loop
      vertex   -9.682486e+00 -5.825759e+00 8.550000e+01
      vertex   -8.995852e+00 -6.838469e+00 7.900000e+01
      vertex   -9.682486e+00 -5.825759e+00 7.900000e+01
    endloop
  endfacet
  facet normal 8.835120e-01 4.684084e-01 0.000000e+00
    outer loop
      vertex   -9.682486e+00 -5.825759e+00 8.550000e+01
      vertex   -9.682486e+00 -5.825759e+00 7.900000e+01
      vertex   -1.025560e+01 -4.744747e+00 8.550000e+01
    endloop
  endfacet
  facet normal 8.835120e-01 4.684084e-01 0.000000e+00
    outer loop
      vertex   -1.025560e+01 -4.744747e+00 8.550000e+01
      vertex   -9.682486e+00 -5.825759e+00 7.900000e+01
      vertex   -1.025560e+01 -4.744747e+00 7.900000e+01
    endloop
  endfacet
  facet normal 9.289767e-01 3.701382e-01 0.000000e+00
    outer loop
      vertex   -1.025560e+01 -4.744747e+00 8.550000e+01
      vertex   -1.025560e+01 -4.744747e+00 7.900000e+01
      vertex   -1.070848e+01 -3.608107e+00 8.550000e+01
    endloop
  endfacet
  facet normal 9.289767e-01 3.701382e-01 0.000000e+00
    outer loop
      vertex   -1.070848e+01 -3.608107e+00 8.550000e+01
      vertex   -1.025560e+01 -4.744747e+00 7.900000e+01
      vertex   -1.070848e+01 -3.608107e+00 7.900000e+01
    endloop
  endfacet
  facet normal 9.635500e-01 2.675283e-01 0.000000e+00
    outer loop
      vertex   -1.070848e+01 -3.608107e+00 8.550000e+01
      vertex   -1.070848e+01 -3.608107e+00 7.900000e+01
      vertex   -1.103581e+01 -2.429166e+00 8.550000e+01
    endloop
  endfacet
  facet normal 9.635500e-01 2.675283e-01 0.000000e+00
    outer loop
      vertex   -1.103581e+01 -2.429166e+00 8.550000e+01
      vertex   -1.070848e+01 -3.608107e+00 7.900000e+01
      vertex   -1.103581e+01 -2.429166e+00 7.900000e+01
    endloop
  endfacet
  facet normal 9.868265e-01 1.617820e-01 0.000000e+00
    outer loop
      vertex   -1.103581e+01 -2.429166e+00 8.550000e+01
      vertex   -1.103581e+01 -2.429166e+00 7.900000e+01
      vertex   -1.123376e+01 -1.221745e+00 8.550000e+01
    endloop
  endfacet
  facet normal 9.868265e-01 1.617820e-01 0.000000e+00
    outer loop
      vertex   -1.123376e+01 -1.221745e+00 8.550000e+01
      vertex   -1.103581e+01 -2.429166e+00 7.900000e+01
      vertex   -1.123376e+01 -1.221745e+00 7.900000e+01
    endloop
  endfacet
  facet normal 9.985334e-01 5.413891e-02 0.000000e+00
    outer loop
      vertex   -1.123376e+01 -1.221745e+00 8.550000e+01
      vertex   -1.123376e+01 -1.221745e+00 7.900000e+01
      vertex   -1.130000e+01 0.000000e+00 8.550000e+01
    endloop
  endfacet
  facet normal 9.985334e-01 5.413891e-02 0.000000e+00
    outer loop
      vertex   -1.130000e+01 0.000000e+00 8.550000e+01
      vertex   -1.123376e+01 -1.221745e+00 7.900000e+01
      vertex   -1.130000e+01 0.000000e+00 7.900000e+01
    endloop
  endfacet
  facet normal 9.985334e-01 -5.413891e-02 0.000000e+00
    outer loop
      vertex   -1.130000e+01 0.000000e+00 8.550000e+01
      vertex   -1.130000e+01 0.000000e+00 7.900000e+01
      vertex   -1.123376e+01 1.221745e+00 8.550000e+01
    endloop
  endfacet
  facet normal 9.985334e-01 -5.413891e-02 0.000000e+00
    outer loop
      vertex   -1.123376e+01 1.221745e+00 8.550000e+01
      vertex   -1.130000e+01 0.000000e+00 7.900000e+01
      vertex   -1.123376e+01 1.221745e+00 7.900000e+01
    endloop
  endfacet
  facet normal 9.868265e-01 -1.617820e-01 0.000000e+00
    outer loop
      vertex   -1.123376e+01 1.221745e+00 8.550000e+01
      vertex   -1.123376e+01 1.221745e+00 7.900000e+01
      vertex   -1.103581e+01 2.429166e+00 8.550000e+01
    endloop
  endfacet
  facet normal 9.868265e-01 -1.617820e-01 0.000000e+00
    outer loop
      vertex   -1.103581e+01 2.429166e+00 8.550000e+01
      vertex   -1.123376e+01 1.221745e+00 7.900000e+01
      vertex   -1.103581e+01 2.429166e+00 7.900000e+01
    endloop
  endfacet
  facet normal 9.635500e-01 -2.675283e-01 0.000000e+00
    outer loop
      vertex   -1.103581e+01 2.429166e+00 8.550000e+01
      vertex   -1.103581e+01 2.429166e+00 7.900000e+01
      vertex   -1.070848e+01 3.608107e+00 8.550000e+01
    endloop
  endfacet
  facet normal 9.635500e-01 -2.675283e-01 0.000000e+00
    outer loop
      vertex   -1.070848e+01 3.608107e+00 8.550000e+01
      vertex   -1.103581e+01 2.429166e+00 7.900000e+01
      vertex   -1.070848e+01 3.608107e+00 7.900000e+01
    endloop
  endfacet
  facet normal 9.289767e-01 -3.701382e-01 0.000000e+00
    outer loop
      vertex   -1.070848e+01 3.608107e+00 8.550000e+01
      vertex   -1.070848e+01 3.608107e+00 7.900000e+01
      vertex   -1.025560e+01 4.744747e+00 8.550000e+01
    endloop
  endfacet
  facet normal 9.289767e-01 -3.701382e-01 0.000000e+00
    outer loop
      vertex   -1.025560e+01 4.744747e+00 8.550000e+01
      vertex   -1.070848e+01 3.608107e+00 7.900000e+01
      vertex   -1.025560e+01 4.744747e+00 7.900000e+01
    endloop
  endfacet
  facet normal 8.835120e-01 -4.684084e-01 0.000000e+00
    outer loop
      vertex   -1.025560e+01 4.744747e+00 8.550000e+01
      vertex   -1.025560e+01 4.744747e+00 7.900000e+01
      vertex   -9.682486e+00 5.825759e+00 8.550000e+01
    endloop
  endfacet
  facet normal 8.835120e-01 -4.684084e-01 0.000000e+00
    outer loop
      vertex   -9.682486e+00 5.825759e+00 8.550000e+01
      vertex   -1.025560e+01 4.744747e+00 7.900000e+01
      vertex   -9.682486e+00 5.825759e+00 7.900000e+01
    endloop
  endfacet
  facet normal 8.276890e-01 -5.611871e-01 0.000000e+00
    outer loop
      vertex   -9.682486e+00 5.825759e+00 8.550000e+01
      vertex   -9.682486e+00 5.825759e+00 7.900000e+01
      vertex   -8.995852e+00 6.838469e+00 8.550000e+01
    endloop
  endfacet
  facet normal 8.276890e-01 -5.611871e-01 0.000000e+00
    outer loop
      vertex   -8.995852e+00 6.838469e+00 8.550000e+01
      vertex   -9.682486e+00 5.825759e+00 7.900000e+01
      vertex   -8.995852e+00 6.838469e+00 7.900000e+01
    endloop
  endfacet
  facet normal 7.621621e-01 -6.473863e-01 0.000000e+00
    outer loop
      vertex   -8.995852e+00 6.838469e+00 8.550000e+01
      vertex   -8.995852e+00 6.838469e+00 7.900000e+01
      vertex   -8.203749e+00 7.771004e+00 8.550000e+01
    endloop
  endfacet
  facet normal 7.621621e-01 -6.473863e-01 0.000000e+00
    outer loop
      vertex   -8.203749e+00 7.771004e+00 8.550000e+01
      vertex   -8.995852e+00 6.838469e+00 7.900000e+01
      vertex   -8.203749e+00 7.771004e+00 7.900000e+01
    endloop
  endfacet
  facet normal 6.876995e-01 -7.259955e-01 0.000000e+00
    outer loop
      vertex   -8.203749e+00 7.771004e+00 8.550000e+01
      vertex   -8.203749e+00 7.771004e+00 7.900000e+01
      vertex   -7.315465e+00 8.612431e+00 8.550000e+01
    endloop
  endfacet
  facet normal 6.876995e-01 -7.259955e-01 0.000000e+00
    outer loop
      vertex   -7.315465e+00 8.612431e+00 8.550000e+01
      vertex   -8.203749e+00 7.771004e+00 7.900000e+01
      vertex   -7.315465e+00 8.612431e+00 7.900000e+01
    endloop
  endfacet
  facet normal 6.051742e-01 -7.960931e-01 0.000000e+00
    outer loop
      vertex   -7.315465e+00 8.612431e+00 8.550000e+01
      vertex   -7.315465e+00 8.612431e+00 7.900000e+01
      vertex   -6.341414e+00 9.352886e+00 8.550000e+01
    endloop
  endfacet
  facet normal 6.051742e-01 -7.960931e-01 0.000000e+00
    outer loop
      vertex   -6.341414e+00 9.352886e+00 8.550000e+01
      vertex   -7.315465e+00 8.612431e+00 7.900000e+01
      vertex   -6.341414e+00 9.352886e+00 7.900000e+01
    endloop
  endfacet
  facet normal 5.155539e-01 -8.568572e-01 0.000000e+00
    outer loop
      vertex   -6.341414e+00 9.352886e+00 8.550000e+01
      vertex   -6.341414e+00 9.352886e+00 7.900000e+01
      vertex   -5.293015e+00 9.983686e+00 8.550000e+01
    endloop
  endfacet
  facet normal 5.155539e-01 -8.568572e-01 0.000000e+00
    outer loop
      vertex   -5.293015e+00 9.983686e+00 8.550000e+01
      vertex   -6.341414e+00 9.352886e+00 7.900000e+01
      vertex   -5.293015e+00 9.983686e+00 7.900000e+01
    endloop
  endfacet
  facet normal 4.198891e-01 -9.075754e-01 0.000000e+00
    outer loop
      vertex   -5.293015e+00 9.983686e+00 8.550000e+01
      vertex   -5.293015e+00 9.983686e+00 7.900000e+01
      vertex   -4.182561e+00 1.049744e+01 8.550000e+01
    endloop
  endfacet
  facet normal 4.198891e-01 -9.075754e-01 0.000000e+00
    outer loop
      vertex   -4.182561e+00 1.049744e+01 8.550000e+01
      vertex   -5.293015e+00 9.983686e+00 7.900000e+01
      vertex   -4.182561e+00 1.049744e+01 7.900000e+01
    endloop
  endfacet
  facet normal 3.193015e-01 -9.476532e-01 0.000000e+00
    outer loop
      vertex   -4.182561e+00 1.049744e+01 8.550000e+01
      vertex   -4.182561e+00 1.049744e+01 7.900000e+01
      vertex   -3.023070e+00 1.088811e+01 8.550000e+01
    endloop
  endfacet
  facet normal 3.193015e-01 -9.476532e-01 0.000000e+00
    outer loop
      vertex   -3.023070e+00 1.088811e+01 8.550000e+01
      vertex   -4.182561e+00 1.049744e+01 7.900000e+01
      vertex   -3.023070e+00 1.088811e+01 7.900000e+01
    endloop
  endfacet
  facet normal 2.149704e-01 -9.766206e-01 0.000000e+00
    outer loop
      vertex   -3.023070e+00 1.088811e+01 8.550000e+01
      vertex   -3.023070e+00 1.088811e+01 7.900000e+01
      vertex   -1.828137e+00 1.115114e+01 8.550000e+01
    endloop
  endfacet
  facet normal 2.149704e-01 -9.766206e-01 0.000000e+00
    outer loop
      vertex   -1.828137e+00 1.115114e+01 8.550000e+01
      vertex   -3.023070e+00 1.088811e+01 7.900000e+01
      vertex   -1.828137e+00 1.115114e+01 7.900000e+01
    endloop
  endfacet
  facet normal 1.081190e-01 -9.941380e-01 0.000000e+00
    outer loop
      vertex   -1.828137e+00 1.115114e+01 8.550000e+01
      vertex   -1.828137e+00 1.115114e+01 7.900000e+01
      vertex   -6.117697e-01 1.128343e+01 8.550000e+01
    endloop
  endfacet
  facet normal 1.081190e-01 -9.941380e-01 0.000000e+00
    outer loop
      vertex   -6.117697e-01 1.128343e+01 8.550000e+01
      vertex   -1.828137e+00 1.115114e+01 7.900000e+01
      vertex   -6.117697e-01 1.128343e+01 7.900000e+01
    endloop
  endfacet
  facet normal 0.000000e+00 -1.000000e+00 0.000000e+00
    outer loop
      vertex   -6.117697e-01 1.128343e+01 8.550000e+01
      vertex   -6.117697e-01 1.128343e+01 7.900000e+01
      vertex   6.117697e-01 1.128343e+01 8.550000e+01
    endloop
  endfacet
  facet normal 0.000000e+00 -1.000000e+00 -0.000000e+00
    outer loop
      vertex   6.117697e-01 1.128343e+01 8.550000e+01
      vertex   -6.117697e-01 1.128343e+01 7.900000e+01
      vertex   6.117697e-01 1.128343e+01 7.900000e+01
    endloop
  endfacet
  facet normal -1.081190e-01 -9.941380e-01 -0.000000e+00
    outer loop
      vertex   6.117697e-01 1.128343e+01 8.550000e+01
      vertex   6.117697e-01 1.128343e+01 7.900000e+01
      vertex   1.828137e+00 1.115114e+01 8.550000e+01
    endloop
  endfacet
  facet normal -1.081190e-01 -9.941380e-01 -0.000000e+00
    outer loop
      vertex   1.828137e+00 1.115114e+01 8.550000e+01
      vertex   6.117697e-01 1.128343e+01 7.900000e+01
      vertex   1.828137e+00 1.115114e+01 7.900000e+01
    endloop
  endfacet
  facet normal -2.149704e-01 -9.766206e-01 -0.000000e+00
    outer loop
      vertex   1.828137e+00 1.115114e+01 8.550000e+01
      vertex   1.828137e+00 1.115114e+01 7.900000e+01
      vertex   3.023070e+00 1.088811e+01 8.550000e+01
    endloop
  endfacet
  facet normal -2.149704e-01 -9.766206e-01 -0.000000e+00
    outer loop
      vertex   3.023070e+00 1.088811e+01 8.550000e+01
      vertex   1.828137e+00 1.115114e+01 7.900000e+01
      vertex   3.023070e+00 1.088811e+01 7.900000e+01
    endloop
  endfacet
  facet normal -3.193015e-01 -9.476532e-01 -0.000000e+00
    outer loop
      vertex   3.023070e+00 1.088811e+01 8.550000e+01
      vertex   3.023070e+00 1.088811e+01 7.900000e+01
      vertex   4.182561e+00 1.049744e+01 8.550000e+01
    endloop
  endfacet
  facet normal -3.193015e-01 -9.476532e-01 -0.000000e+00
    outer loop
      vertex   4.182561e+00 1.049744e+01 8.550000e+01
      vertex   3.023070e+00 1.088811e+01 7.900000e+01
      vertex   4.182561e+00 1.049744e+01 7.900000e+01
    endloop
  endfacet
  facet normal -4.198891e-01 -9.075754e-01 -0.000000e+00
    outer loop
      vertex   4.182561e+00 1.049744e+01 8.550000e+01
      vertex   4.182561e+00 1.049744e+01 7.900000e+01
      vertex   5.293015e+00 9.983686e+00 8.550000e+01
    endloop
  endfacet
  facet normal -4.198891e-01 -9.075754e-01 -0.000000e+00
    outer loop
      vertex   5.293015e+00 9.983686e+00 8.550000e+01
      vertex   4.182561e+00 1.049744e+01 7.900000e+01
      vertex   5.293015e+00 9.983686e+00 7.900000e+01
    endloop
  endfacet
  facet normal -5.155539e-01 -8.568572e-01 -0.000000e+00
    outer loop
      vertex   5.293015e+00 9.983686e+00 8.550000e+01
      vertex   5.293015e+00 9.983686e+00 7.900000e+01
      vertex   6.341414e+00 9.352886e+00 8.550000e+01
    endloop
  endfacet
  facet normal -5.155539e-01 -8.568572e-01 -0.000000e+00
    outer loop
      vertex   6.341414e+00 9.352886e+00 8.550000e+01
      vertex   5.293015e+00 9.983686e+00 7.900000e+01
      vertex   6.341414e+00 9.352886e+00 7.900000e+01
    endloop
  endfacet
  facet normal -6.051742e-01 -7.960931e-01 -0.000000e+00
    outer loop
      vertex   6.341414e+00 9.352886e+00 8.550000e+01
      vertex   6.341414e+00 9.352886e+00 7.900000e+01
      vertex   7.315465e+00 8.612431e+00 8.550000e+01
    endloop
  endfacet
  facet normal -6.051742e-01 -7.960931e-01 -0.000000e+00
    outer loop
      vertex   7.315465e+00 8.612431e+00 8.550000e+01
      vertex   6.341414e+00 9.352886e+00 7.900000e+01
      vertex   7.315465e+00 8.612431e+00 7.900000e+01
    endloop
  endfacet
  facet normal -6.876995e-01 -7.259955e-01 -0.000000e+00
    outer loop
      vertex   7.315465e+00 8.612431e+00 8.550000e+01
      vertex   7.315465e+00 8.612431e+00 7.900000e+01
      vertex   8.203749e+00 7.771004e+00 8.550000e+01
    endloop
  endfacet
  facet normal -6.876995e-01 -7.259955e-01 -0.000000e+00
    outer loop
      vertex   8.203749e+00 7.771004e+00 8.550000e+01
      vertex   7.315465e+00 8.612431e+00 7.900000e+01
      vertex   8.203749e+00 7.771004e+00 7.900000e+01
    endloop
  endfacet
  facet normal -7.621621e-01 -6.473863e-01 -0.000000e+00
    outer loop
      vertex   8.203749e+00 7.771004e+00 8.550000e+01
      vertex   8.203749e+00 7.771004e+00 7.900000e+01
      vertex   8.995852e+00 6.838469e+00 8.550000e+01
    endloop
  endfacet
  facet normal -7.621621e-01 -6.473863e-01 -0.000000e+00
    outer loop
      vertex   8.995852e+00 6.838469e+00 8.550000e+01
      vertex   8.203749e+00 7.771004e+00 7.900000e+01
      vertex   8.995852e+00 6.838469e+00 7.900000e+01
    endloop
  endfacet
  facet normal -8.276890e-01 -5.611871e-01 -0.000000e+00
    outer loop
      vertex   8.995852e+00 6.838469e+00 8.550000e+01
      vertex   8.995852e+00 6.838469e+00 7.900000e+01
      vertex   9.682486e+00 5.825759e+00 8.550000e+01
    endloop
  endfacet
  facet normal -8.276890e-01 -5.611871e-01 -0.000000e+00
    outer loop
      vertex   9.682486e+00 5.825759e+00 8.550000e+01
      vertex   8.995852e+00 6.838469e+00 7.900000e+01
      vertex   9.682486e+00 5.825759e+00 7.900000e+01
    endloop
  endfacet
  facet normal -8.835120e-01 -4.684084e-01 -0.000000e+00
    outer loop
      vertex   9.682486e+00 5.825759e+00 8.550000e+01
      vertex   9.682486e+00 5.825759e+00 7.900000e+01
      vertex   1.025560e+01 4.744747e+00 8.550000e+01
    endloop
  endfacet
  facet normal -8.835120e-01 -4.684084e-01 -0.000000e+00
    outer loop
      vertex   1.025560e+01 4.744747e+00 8.550000e+01
      vertex   9.682486e+00 5.825759e+00 7.900000e+01
      vertex   1.025560e+01 4.744747e+00 7.900000e+01
    endloop
  endfacet
  facet normal -9.289767e-01 -3.701382e-01 -0.000000e+00
    outer loop
      vertex   1.025560e+01 4.744747e+00 8.550000e+01
      vertex   1.025560e+01 4.744747e+00 7.900000e+01
      vertex   1.070848e+01 3.608107e+00 8.550000e+01
    endloop
  endfacet
  facet normal -9.289767e-01 -3.701382e-01 -0.000000e+00
    outer loop
      vertex   1.070848e+01 3.608107e+00 8.550000e+01
      vertex   1.025560e+01 4.744747e+00 7.900000e+01
      vertex   1.070848e+01 3.608107e+00 7.900000e+01
    endloop
  endfacet
  facet normal -9.635500e-01 -2.675283e-01 -0.000000e+00
    outer loop
      vertex   1.070848e+01 3.608107e+00 8.550000e+01
      vertex   1.070848e+01 3.608107e+00 7.900000e+01
      vertex   1.103581e+01 2.429166e+00 8.550000e+01
    endloop
  endfacet
  facet normal -9.635500e-01 -2.675283e-01 -0.000000e+00
    outer loop
      vertex   1.103581e+01 2.429166e+00 8.550000e+01
      vertex   1.070848e+01 3.608107e+00 7.900000e+01
      vertex   1.103581e+01 2.429166e+00 7.900000e+01
    endloop
  endfacet
  facet normal -9.868265e-01 -1.617820e-01 -0.000000e+00
    outer loop
      vertex   1.103581e+01 2.429166e+00 8.550000e+01
      vertex   1.103581e+01 2.429166e+00 7.900000e+01
      vertex   1.123376e+01 1.221745e+00 8.550000e+01
    endloop
  endfacet
  facet normal -9.868265e-01 -1.617820e-01 -0.000000e+00
    outer loop
      vertex   1.123376e+01 1.221745e+00 8.550000e+01
      vertex   1.103581e+01 2.429166e+00 7.900000e+01
      vertex   1.123376e+01 1.221745e+00 7.900000e+01
    endloop
  endfacet
  facet normal 0.000000e+00 0.000000e+00 -1.000000e+00
    outer loop
      vertex   1.123376e+01 1.221745e+00 7.900000e+01
      vertex   1.493409e+01 1.404622e+00 7.900000e+01
      vertex   1.130000e+01 1.383851e-15 7.900000e+01
    endloop
  endfacet
  facet normal 0.000000e+00 0.000000e+00 -1.000000e+00
    outer loop
      vertex   1.130000e+01 1.383851e-15 7.900000e+01
      vertex   1.493409e+01 1.404622e+00 7.900000e+01
      vertex   1.500000e+01 1.836970e-15 7.900000e+01
    endloop
  endfacet
  facet normal 0.000000e+00 0.000000e+00 -1.000000e+00
    outer loop
      vertex   1.130000e+01 1.383851e-15 7.900000e+01
      vertex   1.500000e+01 1.836970e-15 7.900000e+01
      vertex   1.493409e+01 -1.404622e+00 7.900000e+01
    endloop
  endfacet
  facet normal -0.000000e+00 0.000000e+00 -1.000000e+00
    outer loop
      vertex   1.493409e+01 1.404622e+00 7.900000e+01
      vertex   1.123376e+01 1.221745e+00 7.900000e+01
      vertex   1.473694e+01 2.796901e+00 7.900000e+01
    endloop
  endfacet
  facet normal 0.000000e+00 0.000000e+00 -1.000000e+00
    outer loop
      vertex   1.473694e+01 2.796901e+00 7.900000e+01
      vertex   1.123376e+01 1.221745e+00 7.900000e+01
      vertex   1.103581e+01 2.429166e+00 7.900000e+01
    endloop
  endfacet
  facet normal -0.000000e+00 0.000000e+00 -1.000000e+00
    outer loop
      vertex   1.473694e+01 2.796901e+00 7.900000e+01
      vertex   1.103581e+01 2.429166e+00 7.900000e+01
      vertex   1.441028e+01 4.164600e+00 7.900000e+01
    endloop
  endfacet
  facet normal 0.000000e+00 0.000000e+00 -1.000000e+00
    outer loop
      vertex   1.441028e+01 4.164600e+00 7.900000e+01
      vertex   1.103581e+01 2.429166e+00 7.900000e+01
      vertex   1.070848e+01 3.608107e+00 7.900000e+01
    endloop
  endfacet
  facet normal -0.000000e+00 0.000000e+00 -1.000000e+00
    outer loop
      vertex   1.441028e+01 4.164600e+00 7.900000e+01
      vertex   1.070848e+01 3.608107e+00 7.900000e+01
      vertex   1.395698e+01 5.495701e+00 7.900000e+01
    endloop
  endfacet
  facet normal 0.000000e+00 0.000000e+00 -1.000000e+00
    outer loop
      vertex   1.395698e+01 5.495701e+00 7.900000e+01
      vertex   1.070848e+01 3.608107e+00 7.900000e+01
      vertex   1.025560e+01 4.744747e+00 7.900000e+01
    endloop
  endfacet
  facet normal -0.000000e+00 0.000000e+00 -1.000000e+00
    outer loop
      vertex   1.395698e+01 5.495701e+00 7.900000e+01
      vertex   1.025560e+01 4.744747e+00 7.900000e+01
      vertex   1.338103e+01 6.778505e+00 7.900000e+01
    endloop
  endfacet
  facet normal 0.000000e+00 0.000000e+00 -1.000000e+00
    outer loop
      vertex   1.338103e+01 6.778505e+00 7.900000e+01
      vertex   1.025560e+01 4.744747e+00 7.900000e+01
      vertex   9.682486e+00 5.825759e+00 7.900000e+01
    endloop
  endfacet
  facet normal -0.000000e+00 0.000000e+00 -1.000000e+00
    outer loop
      vertex   1.338103e+01 6.778505e+00 7.900000e+01
      vertex   9.682486e+00 5.825759e+00 7.900000e+01
      vertex   1.268748e+01 8.001739e+00 7.900000e+01
    endloop
  endfacet
  facet normal 0.000000e+00 0.000000e+00 -1.000000e+00
    outer loop
      vertex   1.268748e+01 8.001739e+00 7.900000e+01
      vertex   9.682486e+00 5.825759e+00 7.900000e+01
      vertex   8.995852e+00 6.838469e+00 7.900000e+01
    endloop
  endfacet
  facet normal -0.000000e+00 0.000000e+00 -1.000000e+00
    outer loop
      vertex   1.268748e+01 8.001739e+00 7.900000e+01
      vertex   8.995852e+00 6.838469e+00 7.900000e+01
      vertex   1.188244e+01 9.154654e+00 7.900000e+01
    endloop
  endfacet
  facet normal -0.000000e+00 0.000000e+00 -1.000000e+00
    outer loop
      vertex   1.188244e+01 9.154654e+00 7.900000e+01
      vertex   8.995852e+00 6.838469e+00 7.900000e+01
      vertex   1.097297e+01 1.022712e+01 7.900000e+01
    endloop
  endfacet
  facet normal 0.000000e+00 0.000000e+00 -1.000000e+00
    outer loop
      vertex   1.097297e+01 1.022712e+01 7.900000e+01
      vertex   8.995852e+00 6.838469e+00 7.900000e+01
      vertex   8.203749e+00 7.771004e+00 7.900000e+01
    endloop
  endfacet
  facet normal -0.000000e+00 0.000000e+00 -1.000000e+00
    outer loop
      vertex   1.097297e+01 1.022712e+01 7.900000e+01
      vertex   8.203749e+00 7.771004e+00 7.900000e+01
      vertex   9.967072e+00 1.120970e+01 7.900000e+01
    endloop
  endfacet
  facet normal 0.000000e+00 0.000000e+00 -1.000000e+00
    outer loop
      vertex   9.967072e+00 1.120970e+01 7.900000e+01
      vertex   8.203749e+00 7.771004e+00 7.900000e+01
      vertex   7.315465e+00 8.612431e+00 7.900000e+01
    endloop
  endfacet
  facet normal -0.000000e+00 0.000000e+00 -1.000000e+00
    outer loop
      vertex   9.967072e+00 1.120970e+01 7.900000e+01
      vertex   7.315465e+00 8.612431e+00 7.900000e+01
      vertex   8.873583e+00 1.209378e+01 7.900000e+01
    endloop
  endfacet
  facet normal 0.000000e+00 0.000000e+00 -1.000000e+00
    outer loop
      vertex   8.873583e+00 1.209378e+01 7.900000e+01
      vertex   7.315465e+00 8.612431e+00 7.900000e+01
      vertex   6.341414e+00 9.352886e+00 7.900000e+01
    endloop
  endfacet
  facet normal -0.000000e+00 0.000000e+00 -1.000000e+00
    outer loop
      vertex   8.873583e+00 1.209378e+01 7.900000e+01
      vertex   6.341414e+00 9.352886e+00 7.900000e+01
      vertex   7.702113e+00 1.287158e+01 7.900000e+01
    endloop
  endfacet
  facet normal 0.000000e+00 0.000000e+00 -1.000000e+00
    outer loop
      vertex   7.702113e+00 1.287158e+01 7.900000e+01
      vertex   6.341414e+00 9.352886e+00 7.900000e+01
      vertex   5.293015e+00 9.983686e+00 7.900000e+01
    endloop
  endfacet
  facet normal -0.000000e+00 0.000000e+00 -1.000000e+00
    outer loop
      vertex   7.702113e+00 1.287158e+01 7.900000e+01
      vertex   5.293015e+00 9.983686e+00 7.900000e+01
      vertex   6.462956e+00 1.353626e+01 7.900000e+01
    endloop
  endfacet
  facet normal 0.000000e+00 0.000000e+00 -1.000000e+00
    outer loop
      vertex   6.462956e+00 1.353626e+01 7.900000e+01
      vertex   5.293015e+00 9.983686e+00 7.900000e+01
      vertex   4.182561e+00 1.049744e+01 7.900000e+01
    endloop
  endfacet
  facet normal -0.000000e+00 0.000000e+00 -1.000000e+00
    outer loop
      vertex   6.462956e+00 1.353626e+01 7.900000e+01
      vertex   4.182561e+00 1.049744e+01 7.900000e+01
      vertex   5.167003e+00 1.408198e+01 7.900000e+01
    endloop
  endfacet
  facet normal 0.000000e+00 0.000000e+00 -1.000000e+00
    outer loop
      vertex   5.167003e+00 1.408198e+01 7.900000e+01
      vertex   4.182561e+00 1.049744e+01 7.900000e+01
      vertex   3.023070e+00 1.088811e+01 7.900000e+01
    endloop
  endfacet
  facet normal -0.000000e+00 0.000000e+00 -1.000000e+00
    outer loop
      vertex   5.167003e+00 1.408198e+01 7.900000e+01
      vertex   3.023070e+00 1.088811e+01 7.900000e+01
      vertex   3.825642e+00 1.450395e+01 7.900000e+01
    endloop
  endfacet
  facet normal 0.000000e+00 0.000000e+00 -1.000000e+00
    outer loop
      vertex   3.825642e+00 1.450395e+01 7.900000e+01
      vertex   3.023070e+00 1.088811e+01 7.900000e+01
      vertex   1.828137e+00 1.115114e+01 7.900000e+01
    endloop
  endfacet
  facet normal -0.000000e+00 0.000000e+00 -1.000000e+00
    outer loop
      vertex   3.825642e+00 1.450395e+01 7.900000e+01
      vertex   1.828137e+00 1.115114e+01 7.900000e+01
      vertex   2.450660e+00 1.479845e+01 7.900000e+01
    endloop
  endfacet
  facet normal -0.000000e+00 0.000000e+00 -1.000000e+00
    outer loop
      vertex   2.450660e+00 1.479845e+01 7.900000e+01
      vertex   1.828137e+00 1.115114e+01 7.900000e+01
      vertex   1.054143e+00 1.496291e+01 7.900000e+01
    endloop
  endfacet
  facet normal 0.000000e+00 -0.000000e+00 -1.000000e+00
    outer loop
      vertex   1.054143e+00 1.496291e+01 7.900000e+01
      vertex   1.828137e+00 1.115114e+01 7.900000e+01
      vertex   6.117697e-01 1.128343e+01 7.900000e+01
    endloop
  endfacet
  facet normal -0.000000e+00 0.000000e+00 -1.000000e+00
    outer loop
      vertex   1.054143e+00 1.496291e+01 7.900000e+01
      vertex   6.117697e-01 1.128343e+01 7.900000e+01
      vertex   -3.516386e-01 1.499588e+01 7.900000e+01
    endloop
  endfacet
  facet normal 0.000000e+00 -0.000000e+00 -1.000000e+00
    outer loop
      vertex   -3.516386e-01 1.499588e+01 7.900000e+01
      vertex   6.117697e-01 1.128343e+01 7.900000e+01
      vertex   -6.117697e-01 1.128343e+01 7.900000e+01
    endloop
  endfacet
  facet normal 0.000000e+00 0.000000e+00 -1.000000e+00
    outer loop
      vertex   -3.516386e-01 1.499588e+01 7.900000e+01
      vertex   -6.117697e-01 1.128343e+01 7.900000e+01
      vertex   -1.754330e+00 1.489706e+01 7.900000e+01
    endloop
  endfacet
  facet normal 0.000000e+00 -0.000000e+00 -1.000000e+00
    outer loop
      vertex   -1.754330e+00 1.489706e+01 7.900000e+01
      vertex   -6.117697e-01 1.128343e+01 7.900000e+01
      vertex   -1.828137e+00 1.115114e+01 7.900000e+01
    endloop
  endfacet
  facet normal 0.000000e+00 0.000000e+00 -1.000000e+00
    outer loop
      vertex   -1.754330e+00 1.489706e+01 7.900000e+01
      vertex   -1.828137e+00 1.115114e+01 7.900000e+01
      vertex   -3.141604e+00 1.466732e+01 7.900000e+01
    endloop
  endfacet
  facet normal 0.000000e+00 0.000000e+00 -1.000000e+00
    outer loop
      vertex   -3.141604e+00 1.466732e+01 7.900000e+01
      vertex   -1.828137e+00 1.115114e+01 7.900000e+01
      vertex   -3.023070e+00 1.088811e+01 7.900000e+01
    endloop
  endfacet
  facet normal 0.000000e+00 -0.000000e+00 -1.000000e+00
    outer loop
      vertex   -3.141604e+00 1.466732e+01 7.900000e+01
      vertex   -3.023070e+00 1.088811e+01 7.900000e+01
      vertex   -4.501270e+00 1.430869e+01 7.900000e+01
    endloop
  endfacet
  facet normal 0.000000e+00 0.000000e+00 -1.000000e+00
    outer loop
      vertex   -4.501270e+00 1.430869e+01 7.900000e+01
      vertex   -3.023070e+00 1.088811e+01 7.900000e+01
      vertex   -4.182561e+00 1.049744e+01 7.900000e+01
    endloop
  endfacet
  facet normal 0.000000e+00 -0.000000e+00 -1.000000e+00
    outer loop
      vertex   -4.501270e+00 1.430869e+01 7.900000e+01
      vertex   -4.182561e+00 1.049744e+01 7.900000e+01
      vertex   -5.821378e+00 1.382431e+01 7.900000e+01
    endloop
  endfacet
  facet normal 0.000000e+00 0.000000e+00 -1.000000e+00
    outer loop
      vertex   -5.821378e+00 1.382431e+01 7.900000e+01
      vertex   -4.182561e+00 1.049744e+01 7.900000e+01
      vertex   -5.293015e+00 9.983686e+00 7.900000e+01
    endloop
  endfacet
  facet normal 0.000000e+00 -0.000000e+00 -1.000000e+00
    outer loop
      vertex   -5.821378e+00 1.382431e+01 7.900000e+01
      vertex   -5.293015e+00 9.983686e+00 7.900000e+01
      vertex   -7.090328e+00 1.321844e+01 7.900000e+01
    endloop
  endfacet
  facet normal 0.000000e+00 -0.000000e+00 -1.000000e+00
    outer loop
      vertex   -7.090328e+00 1.321844e+01 7.900000e+01
      vertex   -5.293015e+00 9.983686e+00 7.900000e+01
      vertex   -8.296967e+00 1.249641e+01 7.900000e+01
    endloop
  endfacet
  facet normal 0.000000e+00 0.000000e+00 -1.000000e+00
    outer loop
      vertex   -8.296967e+00 1.249641e+01 7.900000e+01
      vertex   -5.293015e+00 9.983686e+00 7.900000e+01
      vertex   -6.341414e+00 9.352886e+00 7.900000e+01
    endloop
  endfacet
  facet normal 0.000000e+00 -0.000000e+00 -1.000000e+00
    outer loop
      vertex   -8.296967e+00 1.249641e+01 7.900000e+01
      vertex   -6.341414e+00 9.352886e+00 7.900000e+01
      vertex   -9.430693e+00 1.166456e+01 7.900000e+01
    endloop
  endfacet
  facet normal 0.000000e+00 0.000000e+00 -1.000000e+00
    outer loop
      vertex   -9.430693e+00 1.166456e+01 7.900000e+01
      vertex   -6.341414e+00 9.352886e+00 7.900000e+01
      vertex   -7.315465e+00 8.612431e+00 7.900000e+01
    endloop
  endfacet
  facet normal 0.000000e+00 -0.000000e+00 -1.000000e+00
    outer loop
      vertex   -9.430693e+00 1.166456e+01 7.900000e+01
      vertex   -7.315465e+00 8.612431e+00 7.900000e+01
      vertex   -1.048154e+01 1.073020e+01 7.900000e+01
    endloop
  endfacet
  facet normal 0.000000e+00 0.000000e+00 -1.000000e+00
    outer loop
      vertex   -1.048154e+01 1.073020e+01 7.900000e+01
      vertex   -7.315465e+00 8.612431e+00 7.900000e+01
      vertex   -8.203749e+00 7.771004e+00 7.900000e+01
    endloop
  endfacet
  facet normal 0.000000e+00 -0.000000e+00 -1.000000e+00
    outer loop
      vertex   -1.048154e+01 1.073020e+01 7.900000e+01
      vertex   -8.203749e+00 7.771004e+00 7.900000e+01
      vertex   -1.144028e+01 9.701549e+00 7.900000e+01
    endloop
  endfacet
  facet normal 0.000000e+00 0.000000e+00 -1.000000e+00
    outer loop
      vertex   -1.144028e+01 9.701549e+00 7.900000e+01
      vertex   -8.203749e+00 7.771004e+00 7.900000e+01
      vertex   -8.995852e+00 6.838469e+00 7.900000e+01
    endloop
  endfacet
  facet normal 0.000000e+00 -0.000000e+00 -1.000000e+00
    outer loop
      vertex   -1.144028e+01 9.701549e+00 7.900000e+01
      vertex   -8.995852e+00 6.838469e+00 7.900000e+01
      vertex   -1.229848e+01 8.587635e+00 7.900000e+01
    endloop
  endfacet
  facet normal 0.000000e+00 0.000000e+00 -1.000000e+00
    outer loop
      vertex   -1.229848e+01 8.587635e+00 7.900000e+01
      vertex   -8.995852e+00 6.838469e+00 7.900000e+01
      vertex   -9.682486e+00 5.825759e+00 7.900000e+01
    endloop
  endfacet
  facet normal 0.000000e+00 -0.000000e+00 -1.000000e+00
    outer loop
      vertex   -1.229848e+01 8.587635e+00 7.900000e+01
      vertex   -9.682486e+00 5.825759e+00 7.900000e+01
      vertex   -1.304860e+01 7.398254e+00 7.900000e+01
    endloop
  endfacet
  facet normal 0.000000e+00 0.000000e+00 -1.000000e+00
    outer loop
      vertex   -1.304860e+01 7.398254e+00 7.900000e+01
      vertex   -9.682486e+00 5.825759e+00 7.900000e+01
      vertex   -1.025560e+01 4.744747e+00 7.900000e+01
    endloop
  endfacet
  facet normal 0.000000e+00 -0.000000e+00 -1.000000e+00
    outer loop
      vertex   -1.304860e+01 7.398254e+00 7.900000e+01
      vertex   -1.025560e+01 4.744747e+00 7.900000e+01
      vertex   -1.368404e+01 6.143855e+00 7.900000e+01
    endloop
  endfacet
  facet normal 0.000000e+00 0.000000e+00 -1.000000e+00
    outer loop
      vertex   -1.368404e+01 6.143855e+00 7.900000e+01
      vertex   -1.025560e+01 4.744747e+00 7.900000e+01
      vertex   -1.070848e+01 3.608107e+00 7.900000e+01
    endloop
  endfacet
  facet normal 0.000000e+00 -0.000000e+00 -1.000000e+00
    outer loop
      vertex   -1.368404e+01 6.143855e+00 7.900000e+01
      vertex   -1.070848e+01 3.608107e+00 7.900000e+01
      vertex   -1.419924e+01 4.835465e+00 7.900000e+01
    endloop
  endfacet
  facet normal 0.000000e+00 -0.000000e+00 -1.000000e+00
    outer loop
      vertex   -1.419924e+01 4.835465e+00 7.900000e+01
      vertex   -1.070848e+01 3.608107e+00 7.900000e+01
      vertex   -1.458964e+01 3.484580e+00 7.900000e+01
    endloop
  endfacet
  facet normal 0.000000e+00 0.000000e+00 -1.000000e+00
    outer loop
      vertex   -1.458964e+01 3.484580e+00 7.900000e+01
      vertex   -1.070848e+01 3.608107e+00 7.900000e+01
      vertex   -1.103581e+01 2.429166e+00 7.900000e+01
    endloop
  endfacet
  facet normal 0.000000e+00 -0.000000e+00 -1.000000e+00
    outer loop
      vertex   -1.458964e+01 3.484580e+00 7.900000e+01
      vertex   -1.103581e+01 2.429166e+00 7.900000e+01
      vertex   -1.485184e+01 2.103073e+00 7.900000e+01
    endloop
  endfacet
  facet normal 0.000000e+00 0.000000e+00 -1.000000e+00
    outer loop
      vertex   -1.485184e+01 2.103073e+00 7.900000e+01
      vertex   -1.103581e+01 2.429166e+00 7.900000e+01
      vertex   -1.123376e+01 1.221745e+00 7.900000e+01
    endloop
  endfacet
  facet normal 0.000000e+00 -0.000000e+00 -1.000000e+00
    outer loop
      vertex   -1.485184e+01 2.103073e+00 7.900000e+01
      vertex   -1.123376e+01 1.221745e+00 7.900000e+01
      vertex   -1.498351e+01 7.030839e-01 7.900000e+01
    endloop
  endfacet
  facet normal 0.000000e+00 0.000000e+00 -1.000000e+00
    outer loop
      vertex   -1.498351e+01 7.030839e-01 7.900000e+01
      vertex   -1.123376e+01 1.221745e+00 7.900000e+01
      vertex   -1.130000e+01 0.000000e+00 7.900000e+01
    endloop
  endfacet
  facet normal 0.000000e+00 0.000000e+00 -1.000000e+00
    outer loop
      vertex   -1.498351e+01 7.030839e-01 7.900000e+01
      vertex   -1.130000e+01 0.000000e+00 7.900000e+01
      vertex   -1.498351e+01 -7.030839e-01 7.900000e+01
    endloop
  endfacet
  facet normal 0.000000e+00 0.000000e+00 -1.000000e+00
    outer loop
      vertex   -1.498351e+01 -7.030839e-01 7.900000e+01
      vertex   -1.130000e+01 0.000000e+00 7.900000e+01
      vertex   -1.123376e+01 -1.221745e+00 7.900000e+01
    endloop
  endfacet
  facet normal 0.000000e+00 0.000000e+00 -1.000000e+00
    outer loop
      vertex   -1.498351e+01 -7.030839e-01 7.900000e+01
      vertex   -1.123376e+01 -1.221745e+00 7.900000e+01
      vertex   -1.485184e+01 -2.103073e+00 7.900000e+01
    endloop
  endfacet
  facet normal 0.000000e+00 0.000000e+00 -1.000000e+00
    outer loop
      vertex   -1.485184e+01 -2.103073e+00 7.900000e+01
      vertex   -1.123376e+01 -1.221745e+00 7.900000e+01
      vertex   -1.103581e+01 -2.429166e+00 7.900000e+01
    endloop
  endfacet
  facet normal 0.000000e+00 0.000000e+00 -1.000000e+00
    outer loop
      vertex   -1.485184e+01 -2.103073e+00 7.900000e+01
      vertex   -1.103581e+01 -2.429166e+00 7.900000e+01
      vertex   -1.458964e+01 -3.484580e+00 7.900000e+01
    endloop
  endfacet
  facet normal 0.000000e+00 0.000000e+00 -1.000000e+00
    outer loop
      vertex   -1.458964e+01 -3.484580e+00 7.900000e+01
      vertex   -1.103581e+01 -2.429166e+00 7.900000e+01
      vertex   -1.070848e+01 -3.608107e+00 7.900000e+01
    endloop
  endfacet
  facet normal 0.000000e+00 0.000000e+00 -1.000000e+00
    outer loop
      vertex   -1.458964e+01 -3.484580e+00 7.900000e+01
      vertex   -1.070848e+01 -3.608107e+00 7.900000e+01
      vertex   -1.419924e+01 -4.835465e+00 7.900000e+01
    endloop
  endfacet
  facet normal 0.000000e+00 0.000000e+00 -1.000000e+00
    outer loop
      vertex   -1.419924e+01 -4.835465e+00 7.900000e+01
      vertex   -1.070848e+01 -3.608107e+00 7.900000e+01
      vertex   -1.368404e+01 -6.143855e+00 7.900000e+01
    endloop
  endfacet
  facet normal 0.000000e+00 0.000000e+00 -1.000000e+00
    outer loop
      vertex   -1.368404e+01 -6.143855e+00 7.900000e+01
      vertex   -1.070848e+01 -3.608107e+00 7.900000e+01
      vertex   -1.025560e+01 -4.744747e+00 7.900000e+01
    endloop
  endfacet
  facet normal 0.000000e+00 0.000000e+00 -1.000000e+00
    outer loop
      vertex   -1.368404e+01 -6.143855e+00 7.900000e+01
      vertex   -1.025560e+01 -4.744747e+00 7.900000e+01
      vertex   -1.304860e+01 -7.398254e+00 7.900000e+01
    endloop
  endfacet
  facet normal 0.000000e+00 0.000000e+00 -1.000000e+00
    outer loop
      vertex   -1.304860e+01 -7.398254e+00 7.900000e+01
      vertex   -1.025560e+01 -4.744747e+00 7.900000e+01
      vertex   -9.682486e+00 -5.825759e+00 7.900000e+01
    endloop
  endfacet
  facet normal 0.000000e+00 0.000000e+00 -1.000000e+00
    outer loop
      vertex   -1.304860e+01 -7.398254e+00 7.900000e+01
      vertex   -9.682486e+00 -5.825759e+00 7.900000e+01
      vertex   -1.229848e+01 -8.587635e+00 7.900000e+01
    endloop
  endfacet
  facet normal 0.000000e+00 0.000000e+00 -1.000000e+00
    outer loop
      vertex   -1.229848e+01 -8.587635e+00 7.900000e+01
      vertex   -9.682486e+00 -5.825759e+00 7.900000e+01
      vertex   -8.995852e+00 -6.838469e+00 7.900000e+01
    endloop
  endfacet
  facet normal 0.000000e+00 0.000000e+00 -1.000000e+00
    outer loop
      vertex   -1.229848e+01 -8.587635e+00 7.900000e+01
      vertex   -8.995852e+00 -6.838469e+00 7.900000e+01
      vertex   -1.144028e+01 -9.701549e+00 7.900000e+01
    endloop
  endfacet
  facet normal 0.000000e+00 0.000000e+00 -1.000000e+00
    outer loop
      vertex   -1.144028e+01 -9.701549e+00 7.900000e+01
      vertex   -8.995852e+00 -6.838469e+00 7.900000e+01
      vertex   -8.203749e+00 -7.771004e+00 7.900000e+01
    endloop
  endfacet
  facet normal 0.000000e+00 0.000000e+00 -1.000000e+00
    outer loop
      vertex   -1.144028e+01 -9.701549e+00 7.900000e+01
      vertex   -8.203749e+00 -7.771004e+00 7.900000e+01
      vertex   -1.048154e+01 -1.073020e+01 7.900000e+01
    endloop
  endfacet
  facet normal 0.000000e+00 0.000000e+00 -1.000000e+00
    outer loop
      vertex   -1.048154e+01 -1.073020e+01 7.900000e+01
      vertex   -8.203749e+00 -7.771004e+00 7.900000e+01
      vertex   -7.315465e+00 -8.612431e+00 7.900000e+01
    endloop
  endfacet
  facet normal 0.000000e+00 0.000000e+00 -1.000000e+00
    outer loop
      vertex   -1.048154e+01 -1.073020e+01 7.900000e+01
      vertex   -7.315465e+00 -8.612431e+00 7.900000e+01
      vertex   -9.430693e+00 -1.166456e+01 7.900000e+01
    endloop
  endfacet
  facet normal 0.000000e+00 0.000000e+00 -1.000000e+00
    outer loop
      vertex   -9.430693e+00 -1.166456e+01 7.900000e+01
      vertex   -7.315465e+00 -8.612431e+00 7.900000e+01
      vertex   -6.341414e+00 -9.352886e+00 7.900000e+01
    endloop
  endfacet
  facet normal 0.000000e+00 0.000000e+00 -1.000000e+00
    outer loop
      vertex   -9.430693e+00 -1.166456e+01 7.900000e+01
      vertex   -6.341414e+00 -9.352886e+00 7.900000e+01
      vertex   -8.296967e+00 -1.249641e+01 7.900000e+01
    endloop
  endfacet
  facet normal 0.000000e+00 0.000000e+00 -1.000000e+00
    outer loop
      vertex   -8.296967e+00 -1.249641e+01 7.900000e+01
      vertex   -6.341414e+00 -9.352886e+00 7.900000e+01
      vertex   -5.293015e+00 -9.983686e+00 7.900000e+01
    endloop
  endfacet
  facet normal 0.000000e+00 0.000000e+00 -1.000000e+00
    outer loop
      vertex   -8.296967e+00 -1.249641e+01 7.900000e+01
      vertex   -5.293015e+00 -9.983686e+00 7.900000e+01
      vertex   -7.090328e+00 -1.321844e+01 7.900000e+01
    endloop
  endfacet
  facet normal 0.000000e+00 0.000000e+00 -1.000000e+00
    outer loop
      vertex   -7.090328e+00 -1.321844e+01 7.900000e+01
      vertex   -5.293015e+00 -9.983686e+00 7.900000e+01
      vertex   -5.821378e+00 -1.382431e+01 7.900000e+01
    endloop
  endfacet
  facet normal 0.000000e+00 0.000000e+00 -1.000000e+00
    outer loop
      vertex   -5.821378e+00 -1.382431e+01 7.900000e+01
      vertex   -5.293015e+00 -9.983686e+00 7.900000e+01
      vertex   -4.182561e+00 -1.049744e+01 7.900000e+01
    endloop
  endfacet
  facet normal 0.000000e+00 0.000000e+00 -1.000000e+00
    outer loop
      vertex   -5.821378e+00 -1.382431e+01 7.900000e+01
      vertex   -4.182561e+00 -1.049744e+01 7.900000e+01
      vertex   -4.501270e+00 -1.430869e+01 7.900000e+01
    endloop
  endfacet
  facet normal 0.000000e+00 0.000000e+00 -1.000000e+00
    outer loop
      vertex   -4.501270e+00 -1.430869e+01 7.900000e+01
      vertex   -4.182561e+00 -1.049744e+01 7.900000e+01
      vertex   -3.023070e+00 -1.088811e+01 7.900000e+01
    endloop
  endfacet
  facet normal 0.000000e+00 0.000000e+00 -1.000000e+00
    outer loop
      vertex   -4.501270e+00 -1.430869e+01 7.900000e+01
      vertex   -3.023070e+00 -1.088811e+01 7.900000e+01
      vertex   -3.141604e+00 -1.466732e+01 7.900000e+01
    endloop
  endfacet
  facet normal 0.000000e+00 0.000000e+00 -1.000000e+00
    outer loop
      vertex   -3.141604e+00 -1.466732e+01 7.900000e+01
      vertex   -3.023070e+00 -1.088811e+01 7.900000e+01
      vertex   -1.828137e+00 -1.115114e+01 7.900000e+01
    endloop
  endfacet
  facet normal 0.000000e+00 0.000000e+00 -1.000000e+00
    outer loop
      vertex   -3.141604e+00 -1.466732e+01 7.900000e+01
      vertex   -1.828137e+00 -1.115114e+01 7.900000e+01
      vertex   -1.754330e+00 -1.489706e+01 7.900000e+01
    endloop
  endfacet
  facet normal 0.000000e+00 0.000000e+00 -1.000000e+00
    outer loop
      vertex   -1.754330e+00 -1.489706e+01 7.900000e+01
      vertex   -1.828137e+00 -1.115114e+01 7.900000e+01
      vertex   -6.117697e-01 -1.128343e+01 7.900000e+01
    endloop
  endfacet
  facet normal 0.000000e+00 0.000000e+00 -1.000000e+00
    outer loop
      vertex   -1.754330e+00 -1.489706e+01 7.900000e+01
      vertex   -6.117697e-01 -1.128343e+01 7.900000e+01
      vertex   -3.516386e-01 -1.499588e+01 7.900000e+01
    endloop
  endfacet
  facet normal 0.000000e+00 0.000000e+00 -1.000000e+00
    outer loop
      vertex   -3.516386e-01 -1.499588e+01 7.900000e+01
      vertex   -6.117697e-01 -1.128343e+01 7.900000e+01
      vertex   6.117697e-01 -1.128343e+01 7.900000e+01
    endloop
  endfacet
  facet normal 0.000000e+00 0.000000e+00 -1.000000e+00
    outer loop
      vertex   -3.516386e-01 -1.499588e+01 7.900000e+01
      vertex   6.117697e-01 -1.128343e+01 7.900000e+01
      vertex   1.054143e+00 -1.496291e+01 7.900000e+01
    endloop
  endfacet
  facet normal 0.000000e+00 0.000000e+00 -1.000000e+00
    outer loop
      vertex   1.054143e+00 -1.496291e+01 7.900000e+01
      vertex   6.117697e-01 -1.128343e+01 7.900000e+01
      vertex   1.828137e+00 -1.115114e+01 7.900000e+01
    endloop
  endfacet
  facet normal 0.000000e+00 0.000000e+00 -1.000000e+00
    outer loop
      vertex   1.054143e+00 -1.496291e+01 7.900000e+01
      vertex   1.828137e+00 -1.115114e+01 7.900000e+01
      vertex   2.450660e+00 -1.479845e+01 7.900000e+01
    endloop
  endfacet
  facet normal 0.000000e+00 0.000000e+00 -1.000000e+00
    outer loop
      vertex   2.450660e+00 -1.479845e+01 7.900000e+01
      vertex   1.828137e+00 -1.115114e+01 7.900000e+01
      vertex   3.825642e+00 -1.450395e+01 7.900000e+01
    endloop
  endfacet
  facet normal 0.000000e+00 0.000000e+00 -1.000000e+00
    outer loop
      vertex   3.825642e+00 -1.450395e+01 7.900000e+01
      vertex   1.828137e+00 -1.115114e+01 7.900000e+01
      vertex   3.023070e+00 -1.088811e+01 7.900000e+01
    endloop
  endfacet
  facet normal 0.000000e+00 0.000000e+00 -1.000000e+00
    outer loop
      vertex   3.825642e+00 -1.450395e+01 7.900000e+01
      vertex   3.023070e+00 -1.088811e+01 7.900000e+01
      vertex   5.167003e+00 -1.408198e+01 7.900000e+01
    endloop
  endfacet
  facet normal 0.000000e+00 0.000000e+00 -1.000000e+00
    outer loop
      vertex   5.167003e+00 -1.408198e+01 7.900000e+01
      vertex   3.023070e+00 -1.088811e+01 7.900000e+01
      vertex   4.182561e+00 -1.049744e+01 7.900000e+01
    endloop
  endfacet
  facet normal 0.000000e+00 0.000000e+00 -1.000000e+00
    outer loop
      vertex   5.167003e+00 -1.408198e+01 7.900000e+01
      vertex   4.182561e+00 -1.049744e+01 7.900000e+01
      vertex   6.462956e+00 -1.353626e+01 7.900000e+01
    endloop
  endfacet
  facet normal 0.000000e+00 0.000000e+00 -1.000000e+00
    outer loop
      vertex   6.462956e+00 -1.353626e+01 7.900000e+01
      vertex   4.182561e+00 -1.049744e+01 7.900000e+01
      vertex   5.293015e+00 -9.983686e+00 7.900000e+01
    endloop
  endfacet
  facet normal 0.000000e+00 0.000000e+00 -1.000000e+00
    outer loop
      vertex   6.462956e+00 -1.353626e+01 7.900000e+01
      vertex   5.293015e+00 -9.983686e+00 7.900000e+01
      vertex   7.702113e+00 -1.287158e+01 7.900000e+01
    endloop
  endfacet
  facet normal 0.000000e+00 0.000000e+00 -1.000000e+00
    outer loop
      vertex   7.702113e+00 -1.287158e+01 7.900000e+01
      vertex   5.293015e+00 -9.983686e+00 7.900000e+01
      vertex   6.341414e+00 -9.352886e+00 7.900000e+01
    endloop
  endfacet
  facet normal 0.000000e+00 0.000000e+00 -1.000000e+00
    outer loop
      vertex   7.702113e+00 -1.287158e+01 7.900000e+01
      vertex   6.341414e+00 -9.352886e+00 7.900000e+01
      vertex   8.873583e+00 -1.209378e+01 7.900000e+01
    endloop
  endfacet
  facet normal 0.000000e+00 0.000000e+00 -1.000000e+00
    outer loop
      vertex   8.873583e+00 -1.209378e+01 7.900000e+01
      vertex   6.341414e+00 -9.352886e+00 7.900000e+01
      vertex   7.315465e+00 -8.612431e+00 7.900000e+01
    endloop
  endfacet
  facet normal 0.000000e+00 0.000000e+00 -1.000000e+00
    outer loop
      vertex   8.873583e+00 -1.209378e+01 7.900000e+01
      vertex   7.315465e+00 -8.612431e+00 7.900000e+01
      vertex   9.967072e+00 -1.120970e+01 7.900000e+01
    endloop
  endfacet
  facet normal 0.000000e+00 0.000000e+00 -1.000000e+00
    outer loop
      vertex   9.967072e+00 -1.120970e+01 7.900000e+01
      vertex   7.315465e+00 -8.612431e+00 7.900000e+01
      vertex   8.203749e+00 -7.771004e+00 7.900000e+01
    endloop
  endfacet
  facet normal 0.000000e+00 0.000000e+00 -1.000000e+00
    outer loop
      vertex   9.967072e+00 -1.120970e+01 7.900000e+01
      vertex   8.203749e+00 -7.771004e+00 7.900000e+01
      vertex   1.097297e+01 -1.022712e+01 7.900000e+01
    endloop
  endfacet
  facet normal 0.000000e+00 0.000000e+00 -1.000000e+00
    outer loop
      vertex   1.097297e+01 -1.022712e+01 7.900000e+01
      vertex   8.203749e+00 -7.771004e+00 7.900000e+01
      vertex   8.995852e+00 -6.838469e+00 7.900000e+01
    endloop
  endfacet
  facet normal 0.000000e+00 0.000000e+00 -1.000000e+00
    outer loop
      vertex   1.097297e+01 -1.022712e+01 7.900000e+01
      vertex   8.995852e+00 -6.838469e+00 7.900000e+01
      vertex   1.188244e+01 -9.154654e+00 7.900000e+01
    endloop
  endfacet
  facet normal 0.000000e+00 0.000000e+00 -1.000000e+00
    outer loop
      vertex   1.188244e+01 -9.154654e+00 7.900000e+01
      vertex   8.995852e+00 -6.838469e+00 7.900000e+01
      vertex   1.268748e+01 -8.001739e+00 7.900000e+01
    endloop
  endfacet
  facet normal 0.000000e+00 0.000000e+00 -1.000000e+00
    outer loop
      vertex   1.268748e+01 -8.001739e+00 7.900000e+01
      vertex   8.995852e+00 -6.838469e+00 7.900000e+01
      vertex   9.682486e+00 -5.825759e+00 7.900000e+01
    endloop
  endfacet
  facet normal 0.000000e+00 0.000000e+00 -1.000000e+00
    outer loop
      vertex   1.268748e+01 -8.001739e+00 7.900000e+01
      vertex   9.682486e+00 -5.825759e+00 7.900000e+01
      vertex   1.338103e+01 -6.778505e+00 7.900000e+01
    endloop
  endfacet
  facet normal 0.000000e+00 0.000000e+00 -1.000000e+00
    outer loop
      vertex   1.338103e+01 -6.778505e+00 7.900000e+01
      vertex   9.682486e+00 -5.825759e+00 7.900000e+01
      vertex   1.025560e+01 -4.744747e+00 7.900000e+01
    endloop
  endfacet
  facet normal 0.000000e+00 0.000000e+00 -1.000000e+00
    outer loop
      vertex   1.338103e+01 -6.778505e+00 7.900000e+01
      vertex   1.025560e+01 -4.744747e+00 7.900000e+01
      vertex   1.395698e+01 -5.495701e+00 7.900000e+01
    endloop
  endfacet
  facet normal 0.000000e+00 0.000000e+00 -1.000000e+00
    outer loop
      vertex   1.395698e+01 -5.495701e+00 7.900000e+01
      vertex   1.025560e+01 -4.744747e+00 7.900000e+01
      vertex   1.070848e+01 -3.608107e+00 7.900000e+01
    endloop
  endfacet
  facet normal 0.000000e+00 0.000000e+00 -1.000000e+00
    outer loop
      vertex   1.395698e+01 -5.495701e+00 7.900000e+01
      vertex   1.070848e+01 -3.608107e+00 7.900000e+01
      vertex   1.441028e+01 -4.164600e+00 7.900000e+01
    endloop
  endfacet
  facet normal 0.000000e+00 0.000000e+00 -1.000000e+00
    outer loop
      vertex   1.441028e+01 -4.164600e+00 7.900000e+01
      vertex   1.070848e+01 -3.608107e+00 7.900000e+01
      vertex   1.103581e+01 -2.429166e+00 7.900000e+01
    endloop
  endfacet
  facet normal 0.000000e+00 0.000000e+00 -1.000000e+00
    outer loop
      vertex   1.441028e+01 -4.164600e+00 7.900000e+01
      vertex   1.103581e+01 -2.429166e+00 7.900000e+01
      vertex   1.473694e+01 -2.796901e+00 7.900000e+01
    endloop
  endfacet
  facet normal 0.000000e+00 0.000000e+00 -1.000000e+00
    outer loop
      vertex   1.473694e+01 -2.796901e+00 7.900000e+01
      vertex   1.103581e+01 -2.429166e+00 7.900000e+01
      vertex   1.123376e+01 -1.221745e+00 7.900000e+01
    endloop
  endfacet
  facet normal 0.000000e+00 0.000000e+00 -1.000000e+00
    outer loop
      vertex   1.473694e+01 -2.796901e+00 7.900000e+01
      vertex   1.123376e+01 -1.221745e+00 7.900000e+01
      vertex   1.493409e+01 -1.404622e+00 7.900000e+01
    endloop
  endfacet
  facet normal 0.000000e+00 0.000000e+00 -1.000000e+00
    outer loop
      vertex   1.493409e+01 -1.404622e+00 7.900000e+01
      vertex   1.123376e+01 -1.221745e+00 7.900000e+01
      vertex   1.130000e+01 1.383851e-15 7.900000e+01
    endloop
  endfacet
endsolid
