solid ASCII
  facet normal 3.332641e-03 9.999944e-01 0.000000e+00
    outer loop
      vertex   5.500000e+00 -3.472792e+01 1.018991e+02
      vertex   5.503333e+00 -3.472793e+01 1.018943e+02
      vertex   5.500000e+00 -3.472792e+01 9.222792e+01
    endloop
  endfacet
  facet normal 9.798482e-02 9.951879e-01 -3.263835e-05
    outer loop
      vertex   5.500000e+00 -3.472792e+01 9.222792e+01
      vertex   5.503333e+00 -3.472793e+01 1.018943e+02
      vertex   5.597545e+00 -3.473753e+01 9.213038e+01
    endloop
  endfacet
  facet normal 1.786103e-01 9.839196e-01 7.563990e-04
    outer loop
      vertex   5.597545e+00 -3.473753e+01 9.213038e+01
      vertex   5.503333e+00 -3.472793e+01 1.018943e+02
      vertex   5.629410e+00 -3.474496e+01 9.427072e+01
    endloop
  endfacet
  facet normal 2.893820e-01 9.572132e-01 -9.854240e-04
    outer loop
      vertex   5.597545e+00 -3.473753e+01 9.213038e+01
      vertex   5.629410e+00 -3.474496e+01 9.427072e+01
      vertex   5.691342e+00 -3.476598e+01 9.203658e+01
    endloop
  endfacet
  facet normal 3.826827e-01 9.238778e-01 1.914639e-03
    outer loop
      vertex   5.691342e+00 -3.476598e+01 9.203658e+01
      vertex   5.629410e+00 -3.474496e+01 9.427072e+01
      vertex   5.750000e+00 -3.479491e+01 9.427072e+01
    endloop
  endfacet
  facet normal 4.706701e-01 8.823088e-01 -9.337391e-04
    outer loop
      vertex   5.691342e+00 -3.476598e+01 9.203658e+01
      vertex   5.750000e+00 -3.479491e+01 9.427072e+01
      vertex   5.777785e+00 -3.481219e+01 9.195014e+01
    endloop
  endfacet
  facet normal 6.087609e-01 7.933526e-01 1.381995e-03
    outer loop
      vertex   5.777785e+00 -3.481219e+01 9.195014e+01
      vertex   5.750000e+00 -3.479491e+01 9.427072e+01
      vertex   5.853553e+00 -3.487437e+01 9.427072e+01
    endloop
  endfacet
  facet normal 6.343933e-01 7.730105e-01 5.091506e-11
    outer loop
      vertex   5.777785e+00 -3.481219e+01 9.195014e+01
      vertex   5.853553e+00 -3.487437e+01 9.427072e+01
      vertex   5.853553e+00 -3.487437e+01 9.187437e+01
    endloop
  endfacet
  facet normal 7.730105e-01 6.343933e-01 -5.091559e-11
    outer loop
      vertex   5.853553e+00 -3.487437e+01 9.187437e+01
      vertex   5.853553e+00 -3.487437e+01 9.427072e+01
      vertex   5.915735e+00 -3.495014e+01 9.181219e+01
    endloop
  endfacet
  facet normal 7.933527e-01 6.087609e-01 1.304451e-03
    outer loop
      vertex   5.915735e+00 -3.495014e+01 9.181219e+01
      vertex   5.853553e+00 -3.487437e+01 9.427072e+01
      vertex   5.933013e+00 -3.497792e+01 9.427072e+01
    endloop
  endfacet
  facet normal 8.817286e-01 4.717561e-01 -8.649960e-04
    outer loop
      vertex   5.915735e+00 -3.495014e+01 9.181219e+01
      vertex   5.933013e+00 -3.497792e+01 9.427072e+01
      vertex   5.961940e+00 -3.503658e+01 9.176598e+01
    endloop
  endfacet
  facet normal 9.238782e-01 3.826829e-01 1.707792e-03
    outer loop
      vertex   5.961940e+00 -3.503658e+01 9.176598e+01
      vertex   5.933013e+00 -3.497792e+01 9.427072e+01
      vertex   5.982963e+00 -3.509851e+01 9.427072e+01
    endloop
  endfacet
  facet normal 9.568685e-01 2.905201e-01 -8.479306e-04
    outer loop
      vertex   5.961940e+00 -3.503658e+01 9.176598e+01
      vertex   5.982963e+00 -3.509851e+01 9.427072e+01
      vertex   5.990393e+00 -3.513038e+01 9.173753e+01
    endloop
  endfacet
  facet normal 9.891987e-01 1.465769e-01 1.057521e-03
    outer loop
      vertex   5.990393e+00 -3.513038e+01 9.173753e+01
      vertex   5.982963e+00 -3.509851e+01 9.427072e+01
      vertex   5.997592e+00 -3.517891e+01 9.173033e+01
    endloop
  endfacet
  facet normal 9.987967e-01 4.886114e-02 4.205410e-03
    outer loop
      vertex   5.997592e+00 -3.517891e+01 9.173033e+01
      vertex   5.982963e+00 -3.509851e+01 9.427072e+01
      vertex   6.000000e+00 -3.522792e+01 9.172792e+01
    endloop
  endfacet
  facet normal 9.914449e-01 1.305262e-01 0.000000e+00
    outer loop
      vertex   6.000000e+00 -3.522792e+01 9.172792e+01
      vertex   5.982963e+00 -3.509851e+01 9.427072e+01
      vertex   5.982963e+00 -3.509851e+01 9.681351e+01
    endloop
  endfacet
  facet normal 9.882326e-01 1.529576e-01 -5.815589e-04
    outer loop
      vertex   6.000000e+00 -3.522792e+01 9.172792e+01
      vertex   5.982963e+00 -3.509851e+01 9.681351e+01
      vertex   5.990210e+00 -3.512942e+01 1.009996e+02
    endloop
  endfacet
  facet normal 9.735941e-01 2.282860e-01 0.000000e+00
    outer loop
      vertex   5.990210e+00 -3.512942e+01 1.009996e+02
      vertex   5.982963e+00 -3.509851e+01 9.681351e+01
      vertex   5.982963e+00 -3.509851e+01 9.935630e+01
    endloop
  endfacet
  facet normal 9.566361e-01 2.912829e-01 1.259738e-03
    outer loop
      vertex   5.990210e+00 -3.512942e+01 1.009996e+02
      vertex   5.982963e+00 -3.509851e+01 9.935630e+01
      vertex   5.961397e+00 -3.503527e+01 1.011092e+02
    endloop
  endfacet
  facet normal 9.238768e-01 3.826823e-01 -2.441147e-03
    outer loop
      vertex   5.961397e+00 -3.503527e+01 1.011092e+02
      vertex   5.982963e+00 -3.509851e+01 9.935630e+01
      vertex   5.933013e+00 -3.497792e+01 9.935630e+01
    endloop
  endfacet
  facet normal 8.809653e-01 4.731793e-01 1.214259e-03
    outer loop
      vertex   5.961397e+00 -3.503527e+01 1.011092e+02
      vertex   5.933013e+00 -3.497792e+01 9.935630e+01
      vertex   5.914592e+00 -3.494843e+01 1.012272e+02
    endloop
  endfacet
  facet normal 7.933521e-01 6.087605e-01 -1.785690e-03
    outer loop
      vertex   5.914592e+00 -3.494843e+01 1.012272e+02
      vertex   5.933013e+00 -3.497792e+01 9.935630e+01
      vertex   5.853553e+00 -3.487437e+01 9.935630e+01
    endloop
  endfacet
  facet normal 7.706371e-01 6.372742e-01 8.408678e-05
    outer loop
      vertex   5.914592e+00 -3.494843e+01 1.012272e+02
      vertex   5.853553e+00 -3.487437e+01 9.935630e+01
      vertex   5.852261e+00 -3.487307e+01 1.013517e+02
    endloop
  endfacet
  facet normal 6.317055e-01 7.752085e-01 -9.571125e-05
    outer loop
      vertex   5.852261e+00 -3.487307e+01 1.013517e+02
      vertex   5.853553e+00 -3.487437e+01 9.935630e+01
      vertex   5.776587e+00 -3.481139e+01 1.014825e+02
    endloop
  endfacet
  facet normal 6.087608e-01 7.933525e-01 -1.463744e-03
    outer loop
      vertex   5.776587e+00 -3.481139e+01 1.014825e+02
      vertex   5.853553e+00 -3.487437e+01 9.935630e+01
      vertex   5.750000e+00 -3.479491e+01 9.935630e+01
    endloop
  endfacet
  facet normal 4.703595e-01 8.824744e-01 9.576009e-04
    outer loop
      vertex   5.776587e+00 -3.481139e+01 1.014825e+02
      vertex   5.750000e+00 -3.479491e+01 9.935630e+01
      vertex   5.690327e+00 -3.476556e+01 1.016185e+02
    endloop
  endfacet
  facet normal 3.826828e-01 9.238779e-01 -1.892341e-03
    outer loop
      vertex   5.690327e+00 -3.476556e+01 1.016185e+02
      vertex   5.750000e+00 -3.479491e+01 9.935630e+01
      vertex   5.629410e+00 -3.474496e+01 9.935630e+01
    endloop
  endfacet
  facet normal 2.911206e-01 9.566860e-01 8.720042e-04
    outer loop
      vertex   5.690327e+00 -3.476556e+01 1.016185e+02
      vertex   5.629410e+00 -3.474496e+01 9.935630e+01
      vertex   5.598273e+00 -3.473767e+01 1.017560e+02
    endloop
  endfacet
  facet normal 9.954529e-02 9.950315e-01 -1.730141e-03
    outer loop
      vertex   5.598273e+00 -3.473767e+01 1.017560e+02
      vertex   5.629410e+00 -3.474496e+01 9.935630e+01
      vertex   5.503333e+00 -3.472793e+01 1.018943e+02
    endloop
  endfacet
  facet normal 1.338296e-01 9.910044e-01 0.000000e+00
    outer loop
      vertex   5.503333e+00 -3.472793e+01 1.018943e+02
      vertex   5.629410e+00 -3.474496e+01 9.935630e+01
      vertex   5.629410e+00 -3.474496e+01 9.681351e+01
    endloop
  endfacet
  facet normal 1.338296e-01 9.910044e-01 0.000000e+00
    outer loop
      vertex   5.503333e+00 -3.472793e+01 1.018943e+02
      vertex   5.629410e+00 -3.474496e+01 9.681351e+01
      vertex   5.629410e+00 -3.474496e+01 9.427072e+01
    endloop
  endfacet
  facet normal 3.826834e-01 9.238795e-01 -0.000000e+00
    outer loop
      vertex   5.629410e+00 -3.474496e+01 9.427072e+01
      vertex   5.629410e+00 -3.474496e+01 9.681351e+01
      vertex   5.750000e+00 -3.479491e+01 9.427072e+01
    endloop
  endfacet
  facet normal 9.950975e-01 9.889869e-02 1.061638e-10
    outer loop
      vertex   5.990210e+00 -3.512942e+01 1.009996e+02
      vertex   6.000000e+00 -3.522792e+01 1.008980e+02
      vertex   6.000000e+00 -3.522792e+01 9.172792e+01
    endloop
  endfacet
  facet normal 3.826834e-01 9.238795e-01 -0.000000e+00
    outer loop
      vertex   5.629410e+00 -3.474496e+01 9.681351e+01
      vertex   5.629410e+00 -3.474496e+01 9.935630e+01
      vertex   5.750000e+00 -3.479491e+01 9.681351e+01
    endloop
  endfacet
  facet normal 3.826834e-01 9.238795e-01 -0.000000e+00
    outer loop
      vertex   5.750000e+00 -3.479491e+01 9.681351e+01
      vertex   5.629410e+00 -3.474496e+01 9.935630e+01
      vertex   5.750000e+00 -3.479491e+01 9.935630e+01
    endloop
  endfacet
  facet normal 6.087614e-01 7.933533e-01 -0.000000e+00
    outer loop
      vertex   5.750000e+00 -3.479491e+01 9.681351e+01
      vertex   5.750000e+00 -3.479491e+01 9.935630e+01
      vertex   5.853553e+00 -3.487437e+01 9.681351e+01
    endloop
  endfacet
  facet normal 6.087614e-01 7.933533e-01 6.780273e-11
    outer loop
      vertex   5.853553e+00 -3.487437e+01 9.681351e+01
      vertex   5.750000e+00 -3.479491e+01 9.935630e+01
      vertex   5.853553e+00 -3.487437e+01 9.935630e+01
    endloop
  endfacet
  facet normal 7.933533e-01 6.087614e-01 -6.780225e-11
    outer loop
      vertex   5.853553e+00 -3.487437e+01 9.681351e+01
      vertex   5.853553e+00 -3.487437e+01 9.935630e+01
      vertex   5.933013e+00 -3.497792e+01 9.681351e+01
    endloop
  endfacet
  facet normal 7.933533e-01 6.087614e-01 -0.000000e+00
    outer loop
      vertex   5.933013e+00 -3.497792e+01 9.681351e+01
      vertex   5.853553e+00 -3.487437e+01 9.935630e+01
      vertex   5.933013e+00 -3.497792e+01 9.935630e+01
    endloop
  endfacet
  facet normal 9.238795e-01 3.826834e-01 -0.000000e+00
    outer loop
      vertex   5.933013e+00 -3.497792e+01 9.681351e+01
      vertex   5.933013e+00 -3.497792e+01 9.935630e+01
      vertex   5.982963e+00 -3.509851e+01 9.681351e+01
    endloop
  endfacet
  facet normal 9.238795e-01 3.826834e-01 -0.000000e+00
    outer loop
      vertex   5.982963e+00 -3.509851e+01 9.681351e+01
      vertex   5.933013e+00 -3.497792e+01 9.935630e+01
      vertex   5.982963e+00 -3.509851e+01 9.935630e+01
    endloop
  endfacet
  facet normal 6.087614e-01 7.933533e-01 0.000000e+00
    outer loop
      vertex   5.853553e+00 -3.487437e+01 9.427072e+01
      vertex   5.750000e+00 -3.479491e+01 9.427072e+01
      vertex   5.750000e+00 -3.479491e+01 9.681351e+01
    endloop
  endfacet
  facet normal 3.826834e-01 9.238795e-01 0.000000e+00
    outer loop
      vertex   5.750000e+00 -3.479491e+01 9.681351e+01
      vertex   5.750000e+00 -3.479491e+01 9.427072e+01
      vertex   5.629410e+00 -3.474496e+01 9.681351e+01
    endloop
  endfacet
  facet normal 6.087614e-01 7.933533e-01 6.780316e-11
    outer loop
      vertex   5.853553e+00 -3.487437e+01 9.427072e+01
      vertex   5.750000e+00 -3.479491e+01 9.681351e+01
      vertex   5.853553e+00 -3.487437e+01 9.681351e+01
    endloop
  endfacet
  facet normal 7.933533e-01 6.087614e-01 -6.780170e-11
    outer loop
      vertex   5.933013e+00 -3.497792e+01 9.427072e+01
      vertex   5.853553e+00 -3.487437e+01 9.427072e+01
      vertex   5.853553e+00 -3.487437e+01 9.681351e+01
    endloop
  endfacet
  facet normal 7.933533e-01 6.087614e-01 -0.000000e+00
    outer loop
      vertex   5.933013e+00 -3.497792e+01 9.427072e+01
      vertex   5.853553e+00 -3.487437e+01 9.681351e+01
      vertex   5.933013e+00 -3.497792e+01 9.681351e+01
    endloop
  endfacet
  facet normal 9.238795e-01 3.826834e-01 0.000000e+00
    outer loop
      vertex   5.982963e+00 -3.509851e+01 9.427072e+01
      vertex   5.933013e+00 -3.497792e+01 9.427072e+01
      vertex   5.933013e+00 -3.497792e+01 9.681351e+01
    endloop
  endfacet
  facet normal 9.238795e-01 3.826834e-01 -0.000000e+00
    outer loop
      vertex   5.982963e+00 -3.509851e+01 9.427072e+01
      vertex   5.933013e+00 -3.497792e+01 9.681351e+01
      vertex   5.982963e+00 -3.509851e+01 9.681351e+01
    endloop
  endfacet
  facet normal 0.000000e+00 9.951847e-01 -9.801714e-02
    outer loop
      vertex   -5.500000e+00 -3.472792e+01 9.222792e+01
      vertex   5.500000e+00 -3.472792e+01 9.222792e+01
      vertex   -5.597545e+00 -3.473753e+01 9.213038e+01
    endloop
  endfacet
  facet normal 5.282381e-04 9.875410e-01 -1.573610e-01
    outer loop
      vertex   -5.597545e+00 -3.473753e+01 9.213038e+01
      vertex   5.500000e+00 -3.472792e+01 9.222792e+01
      vertex   -1.200000e+00 -3.474496e+01 9.209851e+01
    endloop
  endfacet
  facet normal 0.000000e+00 9.738770e-01 -2.270763e-01
    outer loop
      vertex   -5.597545e+00 -3.473753e+01 9.213038e+01
      vertex   -1.200000e+00 -3.474496e+01 9.209851e+01
      vertex   -3.600000e+00 -3.474496e+01 9.209851e+01
    endloop
  endfacet
  facet normal 0.000000e+00 9.238795e-01 -3.826834e-01
    outer loop
      vertex   -3.600000e+00 -3.474496e+01 9.209851e+01
      vertex   -1.200000e+00 -3.474496e+01 9.209851e+01
      vertex   -3.600000e+00 -3.479491e+01 9.197792e+01
    endloop
  endfacet
  facet normal 2.045367e-03 9.238776e-01 -3.826826e-01
    outer loop
      vertex   -3.600000e+00 -3.474496e+01 9.209851e+01
      vertex   -3.600000e+00 -3.479491e+01 9.197792e+01
      vertex   -5.691342e+00 -3.476598e+01 9.203658e+01
    endloop
  endfacet
  facet normal -9.957828e-04 8.823345e-01 -4.706218e-01
    outer loop
      vertex   -5.691342e+00 -3.476598e+01 9.203658e+01
      vertex   -3.600000e+00 -3.479491e+01 9.197792e+01
      vertex   -5.777785e+00 -3.481219e+01 9.195014e+01
    endloop
  endfacet
  facet normal 1.472610e-03 7.933525e-01 -6.087608e-01
    outer loop
      vertex   -5.777785e+00 -3.481219e+01 9.195014e+01
      vertex   -3.600000e+00 -3.479491e+01 9.197792e+01
      vertex   -3.600000e+00 -3.487437e+01 9.187437e+01
    endloop
  endfacet
  facet normal 0.000000e+00 7.730105e-01 -6.343933e-01
    outer loop
      vertex   -5.777785e+00 -3.481219e+01 9.195014e+01
      vertex   -3.600000e+00 -3.487437e+01 9.187437e+01
      vertex   -5.853553e+00 -3.487437e+01 9.187437e+01
    endloop
  endfacet
  facet normal 0.000000e+00 6.343933e-01 -7.730105e-01
    outer loop
      vertex   -5.853553e+00 -3.487437e+01 9.187437e+01
      vertex   -3.600000e+00 -3.487437e+01 9.187437e+01
      vertex   -5.915735e+00 -3.495014e+01 9.181219e+01
    endloop
  endfacet
  facet normal 1.384886e-03 6.087608e-01 -7.933526e-01
    outer loop
      vertex   -5.915735e+00 -3.495014e+01 9.181219e+01
      vertex   -3.600000e+00 -3.487437e+01 9.187437e+01
      vertex   -3.600000e+00 -3.497792e+01 9.179491e+01
    endloop
  endfacet
  facet normal -9.179812e-04 4.717781e-01 -8.817168e-01
    outer loop
      vertex   -5.915735e+00 -3.495014e+01 9.181219e+01
      vertex   -3.600000e+00 -3.497792e+01 9.179491e+01
      vertex   -5.961940e+00 -3.503658e+01 9.176598e+01
    endloop
  endfacet
  facet normal 1.811038e-03 3.826828e-01 -9.238780e-01
    outer loop
      vertex   -5.961940e+00 -3.503658e+01 9.176598e+01
      vertex   -3.600000e+00 -3.497792e+01 9.179491e+01
      vertex   -3.600000e+00 -3.509851e+01 9.174496e+01
    endloop
  endfacet
  facet normal -8.987844e-04 2.905342e-01 -9.568642e-01
    outer loop
      vertex   -5.961940e+00 -3.503658e+01 9.176598e+01
      vertex   -3.600000e+00 -3.509851e+01 9.174496e+01
      vertex   -5.990393e+00 -3.513038e+01 9.173753e+01
    endloop
  endfacet
  facet normal 1.120820e-03 1.465677e-01 -9.892000e-01
    outer loop
      vertex   -5.990393e+00 -3.513038e+01 9.173753e+01
      vertex   -3.600000e+00 -3.509851e+01 9.174496e+01
      vertex   -5.997592e+00 -3.517891e+01 9.173033e+01
    endloop
  endfacet
  facet normal 4.456283e-03 4.884879e-02 -9.987962e-01
    outer loop
      vertex   -5.997592e+00 -3.517891e+01 9.173033e+01
      vertex   -3.600000e+00 -3.509851e+01 9.174496e+01
      vertex   -6.000000e+00 -3.522792e+01 9.172792e+01
    endloop
  endfacet
  facet normal 0.000000e+00 1.305262e-01 -9.914449e-01
    outer loop
      vertex   -6.000000e+00 -3.522792e+01 9.172792e+01
      vertex   -3.600000e+00 -3.509851e+01 9.174496e+01
      vertex   -1.200000e+00 -3.509851e+01 9.174496e+01
    endloop
  endfacet
  facet normal 0.000000e+00 1.305262e-01 -9.914449e-01
    outer loop
      vertex   -6.000000e+00 -3.522792e+01 9.172792e+01
      vertex   -1.200000e+00 -3.509851e+01 9.174496e+01
      vertex   1.200000e+00 -3.509851e+01 9.174496e+01
    endloop
  endfacet
  facet normal 0.000000e+00 3.826834e-01 -9.238795e-01
    outer loop
      vertex   1.200000e+00 -3.509851e+01 9.174496e+01
      vertex   -1.200000e+00 -3.509851e+01 9.174496e+01
      vertex   1.200000e+00 -3.497792e+01 9.179491e+01
    endloop
  endfacet
  facet normal 0.000000e+00 3.826834e-01 -9.238795e-01
    outer loop
      vertex   1.200000e+00 -3.509851e+01 9.174496e+01
      vertex   1.200000e+00 -3.497792e+01 9.179491e+01
      vertex   3.600000e+00 -3.497792e+01 9.179491e+01
    endloop
  endfacet
  facet normal 0.000000e+00 6.087614e-01 -7.933533e-01
    outer loop
      vertex   3.600000e+00 -3.497792e+01 9.179491e+01
      vertex   1.200000e+00 -3.497792e+01 9.179491e+01
      vertex   3.600000e+00 -3.487437e+01 9.187437e+01
    endloop
  endfacet
  facet normal -1.384886e-03 6.087608e-01 -7.933526e-01
    outer loop
      vertex   3.600000e+00 -3.497792e+01 9.179491e+01
      vertex   3.600000e+00 -3.487437e+01 9.187437e+01
      vertex   5.915735e+00 -3.495014e+01 9.181219e+01
    endloop
  endfacet
  facet normal 0.000000e+00 6.343933e-01 -7.730105e-01
    outer loop
      vertex   5.915735e+00 -3.495014e+01 9.181219e+01
      vertex   3.600000e+00 -3.487437e+01 9.187437e+01
      vertex   5.853553e+00 -3.487437e+01 9.187437e+01
    endloop
  endfacet
  facet normal 0.000000e+00 7.730105e-01 -6.343933e-01
    outer loop
      vertex   5.853553e+00 -3.487437e+01 9.187437e+01
      vertex   3.600000e+00 -3.487437e+01 9.187437e+01
      vertex   5.777785e+00 -3.481219e+01 9.195014e+01
    endloop
  endfacet
  facet normal -1.472610e-03 7.933525e-01 -6.087608e-01
    outer loop
      vertex   5.777785e+00 -3.481219e+01 9.195014e+01
      vertex   3.600000e+00 -3.487437e+01 9.187437e+01
      vertex   3.600000e+00 -3.479491e+01 9.197792e+01
    endloop
  endfacet
  facet normal 9.957828e-04 8.823345e-01 -4.706218e-01
    outer loop
      vertex   5.777785e+00 -3.481219e+01 9.195014e+01
      vertex   3.600000e+00 -3.479491e+01 9.197792e+01
      vertex   5.691342e+00 -3.476598e+01 9.203658e+01
    endloop
  endfacet
  facet normal -2.045367e-03 9.238776e-01 -3.826826e-01
    outer loop
      vertex   5.691342e+00 -3.476598e+01 9.203658e+01
      vertex   3.600000e+00 -3.479491e+01 9.197792e+01
      vertex   3.600000e+00 -3.474496e+01 9.209851e+01
    endloop
  endfacet
  facet normal 1.054781e-03 9.572323e-01 -2.893185e-01
    outer loop
      vertex   5.691342e+00 -3.476598e+01 9.203658e+01
      vertex   3.600000e+00 -3.474496e+01 9.209851e+01
      vertex   5.597545e+00 -3.473753e+01 9.213038e+01
    endloop
  endfacet
  facet normal -2.103961e-03 9.949751e-01 -1.001005e-01
    outer loop
      vertex   5.597545e+00 -3.473753e+01 9.213038e+01
      vertex   3.600000e+00 -3.474496e+01 9.209851e+01
      vertex   5.500000e+00 -3.472792e+01 9.222792e+01
    endloop
  endfacet
  facet normal 0.000000e+00 9.914449e-01 -1.305262e-01
    outer loop
      vertex   5.500000e+00 -3.472792e+01 9.222792e+01
      vertex   3.600000e+00 -3.474496e+01 9.209851e+01
      vertex   1.200000e+00 -3.474496e+01 9.209851e+01
    endloop
  endfacet
  facet normal 0.000000e+00 9.914449e-01 -1.305262e-01
    outer loop
      vertex   5.500000e+00 -3.472792e+01 9.222792e+01
      vertex   1.200000e+00 -3.474496e+01 9.209851e+01
      vertex   -1.200000e+00 -3.474496e+01 9.209851e+01
    endloop
  endfacet
  facet normal 0.000000e+00 9.238795e-01 -3.826834e-01
    outer loop
      vertex   -1.200000e+00 -3.474496e+01 9.209851e+01
      vertex   1.200000e+00 -3.474496e+01 9.209851e+01
      vertex   -1.200000e+00 -3.479491e+01 9.197792e+01
    endloop
  endfacet
  facet normal 0.000000e+00 9.238795e-01 -3.826834e-01
    outer loop
      vertex   -1.200000e+00 -3.474496e+01 9.209851e+01
      vertex   -1.200000e+00 -3.479491e+01 9.197792e+01
      vertex   -3.600000e+00 -3.479491e+01 9.197792e+01
    endloop
  endfacet
  facet normal 0.000000e+00 7.933533e-01 -6.087614e-01
    outer loop
      vertex   -3.600000e+00 -3.479491e+01 9.197792e+01
      vertex   -1.200000e+00 -3.479491e+01 9.197792e+01
      vertex   -3.600000e+00 -3.487437e+01 9.187437e+01
    endloop
  endfacet
  facet normal 9.179812e-04 4.717781e-01 -8.817168e-01
    outer loop
      vertex   5.915735e+00 -3.495014e+01 9.181219e+01
      vertex   5.961940e+00 -3.503658e+01 9.176598e+01
      vertex   3.600000e+00 -3.497792e+01 9.179491e+01
    endloop
  endfacet
  facet normal -1.811038e-03 3.826828e-01 -9.238780e-01
    outer loop
      vertex   3.600000e+00 -3.497792e+01 9.179491e+01
      vertex   5.961940e+00 -3.503658e+01 9.176598e+01
      vertex   3.600000e+00 -3.509851e+01 9.174496e+01
    endloop
  endfacet
  facet normal 0.000000e+00 3.826834e-01 -9.238795e-01
    outer loop
      vertex   3.600000e+00 -3.497792e+01 9.179491e+01
      vertex   3.600000e+00 -3.509851e+01 9.174496e+01
      vertex   1.200000e+00 -3.509851e+01 9.174496e+01
    endloop
  endfacet
  facet normal 0.000000e+00 1.790169e-01 -9.838460e-01
    outer loop
      vertex   1.200000e+00 -3.509851e+01 9.174496e+01
      vertex   3.600000e+00 -3.509851e+01 9.174496e+01
      vertex   5.997592e+00 -3.517891e+01 9.173033e+01
    endloop
  endfacet
  facet normal -4.310458e-04 1.540629e-01 -9.880609e-01
    outer loop
      vertex   1.200000e+00 -3.509851e+01 9.174496e+01
      vertex   5.997592e+00 -3.517891e+01 9.173033e+01
      vertex   -6.000000e+00 -3.522792e+01 9.172792e+01
    endloop
  endfacet
  facet normal 0.000000e+00 4.906767e-02 -9.987955e-01
    outer loop
      vertex   -6.000000e+00 -3.522792e+01 9.172792e+01
      vertex   5.997592e+00 -3.517891e+01 9.173033e+01
      vertex   6.000000e+00 -3.522792e+01 9.172792e+01
    endloop
  endfacet
  facet normal 8.987844e-04 2.905342e-01 -9.568642e-01
    outer loop
      vertex   5.961940e+00 -3.503658e+01 9.176598e+01
      vertex   5.990393e+00 -3.513038e+01 9.173753e+01
      vertex   3.600000e+00 -3.509851e+01 9.174496e+01
    endloop
  endfacet
  facet normal -1.120820e-03 1.465677e-01 -9.892000e-01
    outer loop
      vertex   3.600000e+00 -3.509851e+01 9.174496e+01
      vertex   5.990393e+00 -3.513038e+01 9.173753e+01
      vertex   5.997592e+00 -3.517891e+01 9.173033e+01
    endloop
  endfacet
  facet normal -1.054781e-03 9.572323e-01 -2.893185e-01
    outer loop
      vertex   -5.691342e+00 -3.476598e+01 9.203658e+01
      vertex   -5.597545e+00 -3.473753e+01 9.213038e+01
      vertex   -3.600000e+00 -3.474496e+01 9.209851e+01
    endloop
  endfacet
  facet normal 0.000000e+00 9.238795e-01 -3.826834e-01
    outer loop
      vertex   1.200000e+00 -3.474496e+01 9.209851e+01
      vertex   3.600000e+00 -3.474496e+01 9.209851e+01
      vertex   1.200000e+00 -3.479491e+01 9.197792e+01
    endloop
  endfacet
  facet normal 0.000000e+00 9.238795e-01 -3.826834e-01
    outer loop
      vertex   1.200000e+00 -3.479491e+01 9.197792e+01
      vertex   3.600000e+00 -3.474496e+01 9.209851e+01
      vertex   3.600000e+00 -3.479491e+01 9.197792e+01
    endloop
  endfacet
  facet normal 0.000000e+00 7.933533e-01 -6.087614e-01
    outer loop
      vertex   1.200000e+00 -3.479491e+01 9.197792e+01
      vertex   3.600000e+00 -3.479491e+01 9.197792e+01
      vertex   1.200000e+00 -3.487437e+01 9.187437e+01
    endloop
  endfacet
  facet normal 0.000000e+00 7.933533e-01 -6.087614e-01
    outer loop
      vertex   1.200000e+00 -3.487437e+01 9.187437e+01
      vertex   3.600000e+00 -3.479491e+01 9.197792e+01
      vertex   3.600000e+00 -3.487437e+01 9.187437e+01
    endloop
  endfacet
  facet normal 0.000000e+00 6.087614e-01 -7.933533e-01
    outer loop
      vertex   1.200000e+00 -3.487437e+01 9.187437e+01
      vertex   3.600000e+00 -3.487437e+01 9.187437e+01
      vertex   1.200000e+00 -3.497792e+01 9.179491e+01
    endloop
  endfacet
  facet normal 0.000000e+00 9.238795e-01 -3.826834e-01
    outer loop
      vertex   1.200000e+00 -3.474496e+01 9.209851e+01
      vertex   1.200000e+00 -3.479491e+01 9.197792e+01
      vertex   -1.200000e+00 -3.479491e+01 9.197792e+01
    endloop
  endfacet
  facet normal 0.000000e+00 7.933533e-01 -6.087614e-01
    outer loop
      vertex   -1.200000e+00 -3.479491e+01 9.197792e+01
      vertex   1.200000e+00 -3.479491e+01 9.197792e+01
      vertex   -1.200000e+00 -3.487437e+01 9.187437e+01
    endloop
  endfacet
  facet normal 0.000000e+00 7.933533e-01 -6.087614e-01
    outer loop
      vertex   -1.200000e+00 -3.479491e+01 9.197792e+01
      vertex   -1.200000e+00 -3.487437e+01 9.187437e+01
      vertex   -3.600000e+00 -3.487437e+01 9.187437e+01
    endloop
  endfacet
  facet normal 0.000000e+00 6.087614e-01 -7.933533e-01
    outer loop
      vertex   -3.600000e+00 -3.487437e+01 9.187437e+01
      vertex   -1.200000e+00 -3.487437e+01 9.187437e+01
      vertex   -3.600000e+00 -3.497792e+01 9.179491e+01
    endloop
  endfacet
  facet normal 0.000000e+00 7.933533e-01 -6.087614e-01
    outer loop
      vertex   -1.200000e+00 -3.487437e+01 9.187437e+01
      vertex   1.200000e+00 -3.479491e+01 9.197792e+01
      vertex   1.200000e+00 -3.487437e+01 9.187437e+01
    endloop
  endfacet
  facet normal 0.000000e+00 6.087614e-01 -7.933533e-01
    outer loop
      vertex   -1.200000e+00 -3.487437e+01 9.187437e+01
      vertex   1.200000e+00 -3.487437e+01 9.187437e+01
      vertex   -1.200000e+00 -3.497792e+01 9.179491e+01
    endloop
  endfacet
  facet normal 0.000000e+00 6.087614e-01 -7.933533e-01
    outer loop
      vertex   -1.200000e+00 -3.497792e+01 9.179491e+01
      vertex   1.200000e+00 -3.487437e+01 9.187437e+01
      vertex   1.200000e+00 -3.497792e+01 9.179491e+01
    endloop
  endfacet
  facet normal 0.000000e+00 3.826834e-01 -9.238795e-01
    outer loop
      vertex   -1.200000e+00 -3.497792e+01 9.179491e+01
      vertex   1.200000e+00 -3.497792e+01 9.179491e+01
      vertex   -1.200000e+00 -3.509851e+01 9.174496e+01
    endloop
  endfacet
  facet normal 0.000000e+00 3.826834e-01 -9.238795e-01
    outer loop
      vertex   -3.600000e+00 -3.509851e+01 9.174496e+01
      vertex   -3.600000e+00 -3.497792e+01 9.179491e+01
      vertex   -1.200000e+00 -3.497792e+01 9.179491e+01
    endloop
  endfacet
  facet normal 0.000000e+00 6.087614e-01 -7.933533e-01
    outer loop
      vertex   -1.200000e+00 -3.497792e+01 9.179491e+01
      vertex   -3.600000e+00 -3.497792e+01 9.179491e+01
      vertex   -1.200000e+00 -3.487437e+01 9.187437e+01
    endloop
  endfacet
  facet normal 0.000000e+00 3.826834e-01 -9.238795e-01
    outer loop
      vertex   -3.600000e+00 -3.509851e+01 9.174496e+01
      vertex   -1.200000e+00 -3.497792e+01 9.179491e+01
      vertex   -1.200000e+00 -3.509851e+01 9.174496e+01
    endloop
  endfacet
  facet normal -9.914449e-01 1.305262e-01 1.401147e-10
    outer loop
      vertex   -6.000000e+00 -3.522792e+01 1.008980e+02
      vertex   -5.982963e+00 -3.509851e+01 9.681351e+01
      vertex   -6.000000e+00 -3.522792e+01 9.172792e+01
    endloop
  endfacet
  facet normal -9.914449e-01 1.305262e-01 0.000000e+00
    outer loop
      vertex   -6.000000e+00 -3.522792e+01 9.172792e+01
      vertex   -5.982963e+00 -3.509851e+01 9.681351e+01
      vertex   -5.982963e+00 -3.509851e+01 9.427072e+01
    endloop
  endfacet
  facet normal -9.987967e-01 4.886114e-02 4.205410e-03
    outer loop
      vertex   -6.000000e+00 -3.522792e+01 9.172792e+01
      vertex   -5.982963e+00 -3.509851e+01 9.427072e+01
      vertex   -5.997592e+00 -3.517891e+01 9.173033e+01
    endloop
  endfacet
  facet normal -9.891987e-01 1.465769e-01 1.057521e-03
    outer loop
      vertex   -5.997592e+00 -3.517891e+01 9.173033e+01
      vertex   -5.982963e+00 -3.509851e+01 9.427072e+01
      vertex   -5.990393e+00 -3.513038e+01 9.173753e+01
    endloop
  endfacet
  facet normal -9.568685e-01 2.905201e-01 -8.479306e-04
    outer loop
      vertex   -5.990393e+00 -3.513038e+01 9.173753e+01
      vertex   -5.982963e+00 -3.509851e+01 9.427072e+01
      vertex   -5.961940e+00 -3.503658e+01 9.176598e+01
    endloop
  endfacet
  facet normal -9.238782e-01 3.826829e-01 1.707792e-03
    outer loop
      vertex   -5.961940e+00 -3.503658e+01 9.176598e+01
      vertex   -5.982963e+00 -3.509851e+01 9.427072e+01
      vertex   -5.933013e+00 -3.497792e+01 9.427072e+01
    endloop
  endfacet
  facet normal -8.817286e-01 4.717561e-01 -8.649960e-04
    outer loop
      vertex   -5.961940e+00 -3.503658e+01 9.176598e+01
      vertex   -5.933013e+00 -3.497792e+01 9.427072e+01
      vertex   -5.915735e+00 -3.495014e+01 9.181219e+01
    endloop
  endfacet
  facet normal -7.933527e-01 6.087609e-01 1.304451e-03
    outer loop
      vertex   -5.915735e+00 -3.495014e+01 9.181219e+01
      vertex   -5.933013e+00 -3.497792e+01 9.427072e+01
      vertex   -5.853553e+00 -3.487437e+01 9.427072e+01
    endloop
  endfacet
  facet normal -7.730105e-01 6.343933e-01 -5.091702e-11
    outer loop
      vertex   -5.915735e+00 -3.495014e+01 9.181219e+01
      vertex   -5.853553e+00 -3.487437e+01 9.427072e+01
      vertex   -5.853553e+00 -3.487437e+01 9.187437e+01
    endloop
  endfacet
  facet normal -6.343933e-01 7.730105e-01 5.091389e-11
    outer loop
      vertex   -5.853553e+00 -3.487437e+01 9.187437e+01
      vertex   -5.853553e+00 -3.487437e+01 9.427072e+01
      vertex   -5.777785e+00 -3.481219e+01 9.195014e+01
    endloop
  endfacet
  facet normal -6.087609e-01 7.933526e-01 1.381995e-03
    outer loop
      vertex   -5.777785e+00 -3.481219e+01 9.195014e+01
      vertex   -5.853553e+00 -3.487437e+01 9.427072e+01
      vertex   -5.750000e+00 -3.479491e+01 9.427072e+01
    endloop
  endfacet
  facet normal -4.706701e-01 8.823088e-01 -9.337391e-04
    outer loop
      vertex   -5.777785e+00 -3.481219e+01 9.195014e+01
      vertex   -5.750000e+00 -3.479491e+01 9.427072e+01
      vertex   -5.691342e+00 -3.476598e+01 9.203658e+01
    endloop
  endfacet
  facet normal -3.826827e-01 9.238778e-01 1.914639e-03
    outer loop
      vertex   -5.691342e+00 -3.476598e+01 9.203658e+01
      vertex   -5.750000e+00 -3.479491e+01 9.427072e+01
      vertex   -5.629410e+00 -3.474496e+01 9.427072e+01
    endloop
  endfacet
  facet normal -2.893820e-01 9.572132e-01 -9.854240e-04
    outer loop
      vertex   -5.691342e+00 -3.476598e+01 9.203658e+01
      vertex   -5.629410e+00 -3.474496e+01 9.427072e+01
      vertex   -5.597545e+00 -3.473753e+01 9.213038e+01
    endloop
  endfacet
  facet normal -9.996356e-02 9.949892e-01 1.965681e-03
    outer loop
      vertex   -5.597545e+00 -3.473753e+01 9.213038e+01
      vertex   -5.629410e+00 -3.474496e+01 9.427072e+01
      vertex   -5.500000e+00 -3.472792e+01 9.222792e+01
    endloop
  endfacet
  facet normal -1.305262e-01 9.914449e-01 0.000000e+00
    outer loop
      vertex   -5.500000e+00 -3.472792e+01 9.222792e+01
      vertex   -5.629410e+00 -3.474496e+01 9.427072e+01
      vertex   -5.629410e+00 -3.474496e+01 9.681351e+01
    endloop
  endfacet
  facet normal -1.305262e-01 9.914449e-01 0.000000e+00
    outer loop
      vertex   -5.500000e+00 -3.472792e+01 9.222792e+01
      vertex   -5.629410e+00 -3.474496e+01 9.681351e+01
      vertex   -5.629410e+00 -3.474496e+01 9.935630e+01
    endloop
  endfacet
  facet normal -3.826834e-01 9.238795e-01 0.000000e+00
    outer loop
      vertex   -5.629410e+00 -3.474496e+01 9.935630e+01
      vertex   -5.629410e+00 -3.474496e+01 9.681351e+01
      vertex   -5.750000e+00 -3.479491e+01 9.935630e+01
    endloop
  endfacet
  facet normal -3.826828e-01 9.238779e-01 -1.892341e-03
    outer loop
      vertex   -5.629410e+00 -3.474496e+01 9.935630e+01
      vertex   -5.750000e+00 -3.479491e+01 9.935630e+01
      vertex   -5.690327e+00 -3.476556e+01 1.016185e+02
    endloop
  endfacet
  facet normal -4.703595e-01 8.824744e-01 9.576009e-04
    outer loop
      vertex   -5.690327e+00 -3.476556e+01 1.016185e+02
      vertex   -5.750000e+00 -3.479491e+01 9.935630e+01
      vertex   -5.776587e+00 -3.481139e+01 1.014825e+02
    endloop
  endfacet
  facet normal -6.087608e-01 7.933525e-01 -1.463744e-03
    outer loop
      vertex   -5.776587e+00 -3.481139e+01 1.014825e+02
      vertex   -5.750000e+00 -3.479491e+01 9.935630e+01
      vertex   -5.853553e+00 -3.487437e+01 9.935630e+01
    endloop
  endfacet
  facet normal -6.317055e-01 7.752085e-01 -9.571125e-05
    outer loop
      vertex   -5.776587e+00 -3.481139e+01 1.014825e+02
      vertex   -5.853553e+00 -3.487437e+01 9.935630e+01
      vertex   -5.852261e+00 -3.487307e+01 1.013517e+02
    endloop
  endfacet
  facet normal -7.706371e-01 6.372742e-01 8.408678e-05
    outer loop
      vertex   -5.852261e+00 -3.487307e+01 1.013517e+02
      vertex   -5.853553e+00 -3.487437e+01 9.935630e+01
      vertex   -5.914592e+00 -3.494843e+01 1.012272e+02
    endloop
  endfacet
  facet normal -7.933521e-01 6.087605e-01 -1.785690e-03
    outer loop
      vertex   -5.914592e+00 -3.494843e+01 1.012272e+02
      vertex   -5.853553e+00 -3.487437e+01 9.935630e+01
      vertex   -5.933013e+00 -3.497792e+01 9.935630e+01
    endloop
  endfacet
  facet normal -8.809653e-01 4.731793e-01 1.214259e-03
    outer loop
      vertex   -5.914592e+00 -3.494843e+01 1.012272e+02
      vertex   -5.933013e+00 -3.497792e+01 9.935630e+01
      vertex   -5.961397e+00 -3.503527e+01 1.011092e+02
    endloop
  endfacet
  facet normal -9.238768e-01 3.826823e-01 -2.441147e-03
    outer loop
      vertex   -5.961397e+00 -3.503527e+01 1.011092e+02
      vertex   -5.933013e+00 -3.497792e+01 9.935630e+01
      vertex   -5.982963e+00 -3.509851e+01 9.935630e+01
    endloop
  endfacet
  facet normal -9.566361e-01 2.912829e-01 1.259738e-03
    outer loop
      vertex   -5.961397e+00 -3.503527e+01 1.011092e+02
      vertex   -5.982963e+00 -3.509851e+01 9.935630e+01
      vertex   -5.990210e+00 -3.512942e+01 1.009996e+02
    endloop
  endfacet
  facet normal -9.948395e-01 1.014305e-01 -2.479801e-03
    outer loop
      vertex   -5.990210e+00 -3.512942e+01 1.009996e+02
      vertex   -5.982963e+00 -3.509851e+01 9.935630e+01
      vertex   -6.000000e+00 -3.522792e+01 1.008980e+02
    endloop
  endfacet
  facet normal -9.914449e-01 1.305262e-01 0.000000e+00
    outer loop
      vertex   -6.000000e+00 -3.522792e+01 1.008980e+02
      vertex   -5.982963e+00 -3.509851e+01 9.935630e+01
      vertex   -5.982963e+00 -3.509851e+01 9.681351e+01
    endloop
  endfacet
  facet normal -2.911206e-01 9.566860e-01 8.720042e-04
    outer loop
      vertex   -5.690327e+00 -3.476556e+01 1.016185e+02
      vertex   -5.598273e+00 -3.473767e+01 1.017560e+02
      vertex   -5.629410e+00 -3.474496e+01 9.935630e+01
    endloop
  endfacet
  facet normal -1.717436e-01 9.851414e-01 -7.633309e-04
    outer loop
      vertex   -5.629410e+00 -3.474496e+01 9.935630e+01
      vertex   -5.598273e+00 -3.473767e+01 1.017560e+02
      vertex   -5.500000e+00 -3.472792e+01 9.222792e+01
    endloop
  endfacet
  facet normal -1.019899e-01 9.947854e-01 -3.401962e-05
    outer loop
      vertex   -5.598273e+00 -3.473767e+01 1.017560e+02
      vertex   -5.503333e+00 -3.472793e+01 1.018943e+02
      vertex   -5.500000e+00 -3.472792e+01 9.222792e+01
    endloop
  endfacet
  facet normal -3.332641e-03 9.999944e-01 0.000000e+00
    outer loop
      vertex   -5.500000e+00 -3.472792e+01 9.222792e+01
      vertex   -5.503333e+00 -3.472793e+01 1.018943e+02
      vertex   -5.500000e+00 -3.472792e+01 1.018991e+02
    endloop
  endfacet
  facet normal -9.238795e-01 3.826834e-01 0.000000e+00
    outer loop
      vertex   -5.933013e+00 -3.497792e+01 9.427072e+01
      vertex   -5.982963e+00 -3.509851e+01 9.427072e+01
      vertex   -5.982963e+00 -3.509851e+01 9.681351e+01
    endloop
  endfacet
  facet normal -9.238795e-01 3.826834e-01 0.000000e+00
    outer loop
      vertex   -5.982963e+00 -3.509851e+01 9.681351e+01
      vertex   -5.982963e+00 -3.509851e+01 9.935630e+01
      vertex   -5.933013e+00 -3.497792e+01 9.681351e+01
    endloop
  endfacet
  facet normal -9.238795e-01 3.826834e-01 0.000000e+00
    outer loop
      vertex   -5.933013e+00 -3.497792e+01 9.681351e+01
      vertex   -5.982963e+00 -3.509851e+01 9.935630e+01
      vertex   -5.933013e+00 -3.497792e+01 9.935630e+01
    endloop
  endfacet
  facet normal -7.933533e-01 6.087614e-01 0.000000e+00
    outer loop
      vertex   -5.933013e+00 -3.497792e+01 9.681351e+01
      vertex   -5.933013e+00 -3.497792e+01 9.935630e+01
      vertex   -5.853553e+00 -3.487437e+01 9.935630e+01
    endloop
  endfacet
  facet normal -9.238795e-01 3.826834e-01 0.000000e+00
    outer loop
      vertex   -5.982963e+00 -3.509851e+01 9.681351e+01
      vertex   -5.933013e+00 -3.497792e+01 9.681351e+01
      vertex   -5.933013e+00 -3.497792e+01 9.427072e+01
    endloop
  endfacet
  facet normal -7.933533e-01 6.087614e-01 0.000000e+00
    outer loop
      vertex   -5.933013e+00 -3.497792e+01 9.427072e+01
      vertex   -5.933013e+00 -3.497792e+01 9.681351e+01
      vertex   -5.853553e+00 -3.487437e+01 9.681351e+01
    endloop
  endfacet
  facet normal -7.933533e-01 6.087614e-01 -6.780340e-11
    outer loop
      vertex   -5.933013e+00 -3.497792e+01 9.427072e+01
      vertex   -5.853553e+00 -3.487437e+01 9.681351e+01
      vertex   -5.853553e+00 -3.487437e+01 9.427072e+01
    endloop
  endfacet
  facet normal -6.087614e-01 7.933533e-01 6.780094e-11
    outer loop
      vertex   -5.853553e+00 -3.487437e+01 9.427072e+01
      vertex   -5.853553e+00 -3.487437e+01 9.681351e+01
      vertex   -5.750000e+00 -3.479491e+01 9.681351e+01
    endloop
  endfacet
  facet normal -6.087614e-01 7.933533e-01 0.000000e+00
    outer loop
      vertex   -5.853553e+00 -3.487437e+01 9.427072e+01
      vertex   -5.750000e+00 -3.479491e+01 9.681351e+01
      vertex   -5.750000e+00 -3.479491e+01 9.427072e+01
    endloop
  endfacet
  facet normal -3.826834e-01 9.238795e-01 0.000000e+00
    outer loop
      vertex   -5.750000e+00 -3.479491e+01 9.427072e+01
      vertex   -5.750000e+00 -3.479491e+01 9.681351e+01
      vertex   -5.629410e+00 -3.474496e+01 9.427072e+01
    endloop
  endfacet
  facet normal -7.933533e-01 6.087614e-01 -6.780055e-11
    outer loop
      vertex   -5.853553e+00 -3.487437e+01 9.681351e+01
      vertex   -5.933013e+00 -3.497792e+01 9.681351e+01
      vertex   -5.853553e+00 -3.487437e+01 9.935630e+01
    endloop
  endfacet
  facet normal -6.087614e-01 7.933533e-01 0.000000e+00
    outer loop
      vertex   -5.750000e+00 -3.479491e+01 9.681351e+01
      vertex   -5.853553e+00 -3.487437e+01 9.681351e+01
      vertex   -5.750000e+00 -3.479491e+01 9.935630e+01
    endloop
  endfacet
  facet normal -6.087614e-01 7.933533e-01 6.780494e-11
    outer loop
      vertex   -5.750000e+00 -3.479491e+01 9.935630e+01
      vertex   -5.853553e+00 -3.487437e+01 9.681351e+01
      vertex   -5.853553e+00 -3.487437e+01 9.935630e+01
    endloop
  endfacet
  facet normal -3.826834e-01 9.238795e-01 0.000000e+00
    outer loop
      vertex   -5.629410e+00 -3.474496e+01 9.427072e+01
      vertex   -5.750000e+00 -3.479491e+01 9.681351e+01
      vertex   -5.629410e+00 -3.474496e+01 9.681351e+01
    endloop
  endfacet
  facet normal -3.826834e-01 9.238795e-01 0.000000e+00
    outer loop
      vertex   -5.629410e+00 -3.474496e+01 9.681351e+01
      vertex   -5.750000e+00 -3.479491e+01 9.681351e+01
      vertex   -5.750000e+00 -3.479491e+01 9.935630e+01
    endloop
  endfacet
  facet normal -0.000000e+00 1.000000e+00 0.000000e+00
    outer loop
      vertex   2.219313e+00 -3.472792e+01 9.562966e+01
      vertex   2.250000e+00 -3.472792e+01 9.600000e+01
      vertex   5.500000e+00 -3.472792e+01 9.222792e+01
    endloop
  endfacet
  facet normal 0.000000e+00 1.000000e+00 0.000000e+00
    outer loop
      vertex   5.500000e+00 -3.472792e+01 9.222792e+01
      vertex   2.250000e+00 -3.472792e+01 9.600000e+01
      vertex   2.219313e+00 -3.472792e+01 9.637034e+01
    endloop
  endfacet
  facet normal 0.000000e+00 1.000000e+00 0.000000e+00
    outer loop
      vertex   5.500000e+00 -3.472792e+01 9.222792e+01
      vertex   2.219313e+00 -3.472792e+01 9.637034e+01
      vertex   2.128089e+00 -3.472792e+01 9.673058e+01
    endloop
  endfacet
  facet normal -0.000000e+00 1.000000e+00 -0.000000e+00
    outer loop
      vertex   2.128089e+00 -3.472792e+01 9.673058e+01
      vertex   1.978816e+00 -3.472792e+01 9.707088e+01
      vertex   5.500000e+00 -3.472792e+01 9.222792e+01
    endloop
  endfacet
  facet normal 0.000000e+00 1.000000e+00 0.000000e+00
    outer loop
      vertex   5.500000e+00 -3.472792e+01 9.222792e+01
      vertex   1.978816e+00 -3.472792e+01 9.707088e+01
      vertex   1.775566e+00 -3.472792e+01 9.738198e+01
    endloop
  endfacet
  facet normal 0.000000e+00 1.000000e+00 -0.000000e+00
    outer loop
      vertex   5.500000e+00 -3.472792e+01 9.222792e+01
      vertex   1.775566e+00 -3.472792e+01 9.738198e+01
      vertex   5.500000e+00 -3.472792e+01 1.018991e+02
    endloop
  endfacet
  facet normal 0.000000e+00 1.000000e+00 0.000000e+00
    outer loop
      vertex   5.500000e+00 -3.472792e+01 1.018991e+02
      vertex   1.775566e+00 -3.472792e+01 9.738198e+01
      vertex   1.523884e+00 -3.472792e+01 9.765538e+01
    endloop
  endfacet
  facet normal 0.000000e+00 1.000000e+00 0.000000e+00
    outer loop
      vertex   5.500000e+00 -3.472792e+01 1.018991e+02
      vertex   1.523884e+00 -3.472792e+01 9.765538e+01
      vertex   1.230633e+00 -3.472792e+01 9.788363e+01
    endloop
  endfacet
  facet normal 0.000000e+00 1.000000e+00 -0.000000e+00
    outer loop
      vertex   1.230633e+00 -3.472792e+01 9.788363e+01
      vertex   9.038147e-01 -3.472792e+01 9.806049e+01
      vertex   5.500000e+00 -3.472792e+01 1.018991e+02
    endloop
  endfacet
  facet normal 0.000000e+00 1.000000e+00 0.000000e+00
    outer loop
      vertex   5.500000e+00 -3.472792e+01 1.018991e+02
      vertex   9.038147e-01 -3.472792e+01 9.806049e+01
      vertex   5.523423e-01 -3.472792e+01 9.818115e+01
    endloop
  endfacet
  facet normal 0.000000e+00 1.000000e+00 0.000000e+00
    outer loop
      vertex   5.500000e+00 -3.472792e+01 1.018991e+02
      vertex   5.523423e-01 -3.472792e+01 9.818115e+01
      vertex   1.858035e-01 -3.472792e+01 9.824232e+01
    endloop
  endfacet
  facet normal 0.000000e+00 1.000000e+00 -0.000000e+00
    outer loop
      vertex   1.858035e-01 -3.472792e+01 9.824232e+01
      vertex   -1.858035e-01 -3.472792e+01 9.824232e+01
      vertex   5.500000e+00 -3.472792e+01 1.018991e+02
    endloop
  endfacet
  facet normal 0.000000e+00 1.000000e+00 0.000000e+00
    outer loop
      vertex   5.500000e+00 -3.472792e+01 1.018991e+02
      vertex   -1.858035e-01 -3.472792e+01 9.824232e+01
      vertex   -5.500000e+00 -3.472792e+01 1.018991e+02
    endloop
  endfacet
  facet normal 0.000000e+00 1.000000e+00 -0.000000e+00
    outer loop
      vertex   5.500000e+00 -3.472792e+01 1.018991e+02
      vertex   -5.500000e+00 -3.472792e+01 1.018991e+02
      vertex   6.315572e+00 -3.472792e+01 1.022963e+02
    endloop
  endfacet
  facet normal 0.000000e+00 1.000000e+00 0.000000e+00
    outer loop
      vertex   6.315572e+00 -3.472792e+01 1.022963e+02
      vertex   -5.500000e+00 -3.472792e+01 1.018991e+02
      vertex   -6.315572e+00 -3.472792e+01 1.022963e+02
    endloop
  endfacet
  facet normal 0.000000e+00 1.000000e+00 -0.000000e+00
    outer loop
      vertex   6.315572e+00 -3.472792e+01 1.022963e+02
      vertex   -6.315572e+00 -3.472792e+01 1.022963e+02
      vertex   7.102626e+00 -3.472792e+01 1.027474e+02
    endloop
  endfacet
  facet normal 0.000000e+00 1.000000e+00 0.000000e+00
    outer loop
      vertex   7.102626e+00 -3.472792e+01 1.027474e+02
      vertex   -6.315572e+00 -3.472792e+01 1.022963e+02
      vertex   -7.102626e+00 -3.472792e+01 1.027474e+02
    endloop
  endfacet
  facet normal 0.000000e+00 1.000000e+00 -0.000000e+00
    outer loop
      vertex   7.102626e+00 -3.472792e+01 1.027474e+02
      vertex   -7.102626e+00 -3.472792e+01 1.027474e+02
      vertex   7.857609e+00 -3.472792e+01 1.032503e+02
    endloop
  endfacet
  facet normal 0.000000e+00 1.000000e+00 0.000000e+00
    outer loop
      vertex   7.857609e+00 -3.472792e+01 1.032503e+02
      vertex   -7.102626e+00 -3.472792e+01 1.027474e+02
      vertex   -7.857609e+00 -3.472792e+01 1.032503e+02
    endloop
  endfacet
  facet normal 0.000000e+00 1.000000e+00 -0.000000e+00
    outer loop
      vertex   7.857609e+00 -3.472792e+01 1.032503e+02
      vertex   -7.857609e+00 -3.472792e+01 1.032503e+02
      vertex   8.577112e+00 -3.472792e+01 1.038028e+02
    endloop
  endfacet
  facet normal 0.000000e+00 1.000000e+00 0.000000e+00
    outer loop
      vertex   8.577112e+00 -3.472792e+01 1.038028e+02
      vertex   -7.857609e+00 -3.472792e+01 1.032503e+02
      vertex   -8.577112e+00 -3.472792e+01 1.038028e+02
    endloop
  endfacet
  facet normal 0.000000e+00 1.000000e+00 -0.000000e+00
    outer loop
      vertex   8.577112e+00 -3.472792e+01 1.038028e+02
      vertex   -8.577112e+00 -3.472792e+01 1.038028e+02
      vertex   9.257886e+00 -3.472792e+01 1.044024e+02
    endloop
  endfacet
  facet normal 0.000000e+00 1.000000e+00 0.000000e+00
    outer loop
      vertex   9.257886e+00 -3.472792e+01 1.044024e+02
      vertex   -8.577112e+00 -3.472792e+01 1.038028e+02
      vertex   -9.257886e+00 -3.472792e+01 1.044024e+02
    endloop
  endfacet
  facet normal 0.000000e+00 1.000000e+00 -0.000000e+00
    outer loop
      vertex   9.257886e+00 -3.472792e+01 1.044024e+02
      vertex   -9.257886e+00 -3.472792e+01 1.044024e+02
      vertex   9.896857e+00 -3.472792e+01 1.050463e+02
    endloop
  endfacet
  facet normal 0.000000e+00 1.000000e+00 0.000000e+00
    outer loop
      vertex   9.896857e+00 -3.472792e+01 1.050463e+02
      vertex   -9.257886e+00 -3.472792e+01 1.044024e+02
      vertex   -9.896857e+00 -3.472792e+01 1.050463e+02
    endloop
  endfacet
  facet normal 0.000000e+00 1.000000e+00 -0.000000e+00
    outer loop
      vertex   9.896857e+00 -3.472792e+01 1.050463e+02
      vertex   -9.896857e+00 -3.472792e+01 1.050463e+02
      vertex   1.049114e+01 -3.472792e+01 1.057317e+02
    endloop
  endfacet
  facet normal 0.000000e+00 1.000000e+00 0.000000e+00
    outer loop
      vertex   1.049114e+01 -3.472792e+01 1.057317e+02
      vertex   -9.896857e+00 -3.472792e+01 1.050463e+02
      vertex   -1.049114e+01 -3.472792e+01 1.057317e+02
    endloop
  endfacet
  facet normal 0.000000e+00 1.000000e+00 -0.000000e+00
    outer loop
      vertex   1.049114e+01 -3.472792e+01 1.057317e+02
      vertex   -1.049114e+01 -3.472792e+01 1.057317e+02
      vertex   1.103805e+01 -3.472792e+01 1.064554e+02
    endloop
  endfacet
  facet normal 0.000000e+00 1.000000e+00 0.000000e+00
    outer loop
      vertex   1.103805e+01 -3.472792e+01 1.064554e+02
      vertex   -1.049114e+01 -3.472792e+01 1.057317e+02
      vertex   -1.103805e+01 -3.472792e+01 1.064554e+02
    endloop
  endfacet
  facet normal 0.000000e+00 1.000000e+00 -0.000000e+00
    outer loop
      vertex   1.103805e+01 -3.472792e+01 1.064554e+02
      vertex   -1.103805e+01 -3.472792e+01 1.064554e+02
      vertex   1.153512e+01 -3.472792e+01 1.072143e+02
    endloop
  endfacet
  facet normal 0.000000e+00 1.000000e+00 0.000000e+00
    outer loop
      vertex   1.153512e+01 -3.472792e+01 1.072143e+02
      vertex   -1.103805e+01 -3.472792e+01 1.064554e+02
      vertex   -1.153512e+01 -3.472792e+01 1.072143e+02
    endloop
  endfacet
  facet normal 0.000000e+00 1.000000e+00 -0.000000e+00
    outer loop
      vertex   1.153512e+01 -3.472792e+01 1.072143e+02
      vertex   -1.153512e+01 -3.472792e+01 1.072143e+02
      vertex   1.198010e+01 -3.472792e+01 1.080048e+02
    endloop
  endfacet
  facet normal 0.000000e+00 1.000000e+00 0.000000e+00
    outer loop
      vertex   1.198010e+01 -3.472792e+01 1.080048e+02
      vertex   -1.153512e+01 -3.472792e+01 1.072143e+02
      vertex   -1.198010e+01 -3.472792e+01 1.080048e+02
    endloop
  endfacet
  facet normal 0.000000e+00 1.000000e+00 -0.000000e+00
    outer loop
      vertex   1.198010e+01 -3.472792e+01 1.080048e+02
      vertex   -1.198010e+01 -3.472792e+01 1.080048e+02
      vertex   1.237099e+01 -3.472792e+01 1.088234e+02
    endloop
  endfacet
  facet normal 0.000000e+00 1.000000e+00 0.000000e+00
    outer loop
      vertex   1.237099e+01 -3.472792e+01 1.088234e+02
      vertex   -1.198010e+01 -3.472792e+01 1.080048e+02
      vertex   -1.237099e+01 -3.472792e+01 1.088234e+02
    endloop
  endfacet
  facet normal 0.000000e+00 1.000000e+00 -0.000000e+00
    outer loop
      vertex   1.237099e+01 -3.472792e+01 1.088234e+02
      vertex   -1.237099e+01 -3.472792e+01 1.088234e+02
      vertex   1.270602e+01 -3.472792e+01 1.096665e+02
    endloop
  endfacet
  facet normal 0.000000e+00 1.000000e+00 0.000000e+00
    outer loop
      vertex   1.270602e+01 -3.472792e+01 1.096665e+02
      vertex   -1.237099e+01 -3.472792e+01 1.088234e+02
      vertex   -1.270602e+01 -3.472792e+01 1.096665e+02
    endloop
  endfacet
  facet normal 0.000000e+00 1.000000e+00 -0.000000e+00
    outer loop
      vertex   1.270602e+01 -3.472792e+01 1.096665e+02
      vertex   -1.270602e+01 -3.472792e+01 1.096665e+02
      vertex   1.298368e+01 -3.472792e+01 1.105301e+02
    endloop
  endfacet
  facet normal 0.000000e+00 1.000000e+00 0.000000e+00
    outer loop
      vertex   1.298368e+01 -3.472792e+01 1.105301e+02
      vertex   -1.270602e+01 -3.472792e+01 1.096665e+02
      vertex   -1.298368e+01 -3.472792e+01 1.105301e+02
    endloop
  endfacet
  facet normal 0.000000e+00 1.000000e+00 -0.000000e+00
    outer loop
      vertex   1.298368e+01 -3.472792e+01 1.105301e+02
      vertex   -1.298368e+01 -3.472792e+01 1.105301e+02
      vertex   1.320271e+01 -3.472792e+01 1.114104e+02
    endloop
  endfacet
  facet normal 0.000000e+00 1.000000e+00 0.000000e+00
    outer loop
      vertex   1.320271e+01 -3.472792e+01 1.114104e+02
      vertex   -1.298368e+01 -3.472792e+01 1.105301e+02
      vertex   -1.320271e+01 -3.472792e+01 1.114104e+02
    endloop
  endfacet
  facet normal 0.000000e+00 1.000000e+00 -0.000000e+00
    outer loop
      vertex   1.320271e+01 -3.472792e+01 1.114104e+02
      vertex   -1.320271e+01 -3.472792e+01 1.114104e+02
      vertex   1.336212e+01 -3.472792e+01 1.123034e+02
    endloop
  endfacet
  facet normal 0.000000e+00 1.000000e+00 0.000000e+00
    outer loop
      vertex   1.336212e+01 -3.472792e+01 1.123034e+02
      vertex   -1.320271e+01 -3.472792e+01 1.114104e+02
      vertex   -1.336212e+01 -3.472792e+01 1.123034e+02
    endloop
  endfacet
  facet normal 0.000000e+00 1.000000e+00 -0.000000e+00
    outer loop
      vertex   1.336212e+01 -3.472792e+01 1.123034e+02
      vertex   -1.336212e+01 -3.472792e+01 1.123034e+02
      vertex   1.346120e+01 -3.472792e+01 1.132052e+02
    endloop
  endfacet
  facet normal 0.000000e+00 1.000000e+00 0.000000e+00
    outer loop
      vertex   1.346120e+01 -3.472792e+01 1.132052e+02
      vertex   -1.336212e+01 -3.472792e+01 1.123034e+02
      vertex   -1.346120e+01 -3.472792e+01 1.132052e+02
    endloop
  endfacet
  facet normal 0.000000e+00 1.000000e+00 -0.000000e+00
    outer loop
      vertex   1.346120e+01 -3.472792e+01 1.132052e+02
      vertex   -1.346120e+01 -3.472792e+01 1.132052e+02
      vertex   1.349950e+01 -3.472792e+01 1.141115e+02
    endloop
  endfacet
  facet normal 0.000000e+00 1.000000e+00 0.000000e+00
    outer loop
      vertex   1.349950e+01 -3.472792e+01 1.141115e+02
      vertex   -1.346120e+01 -3.472792e+01 1.132052e+02
      vertex   -1.349950e+01 -3.472792e+01 1.141115e+02
    endloop
  endfacet
  facet normal 0.000000e+00 1.000000e+00 0.000000e+00
    outer loop
      vertex   1.349950e+01 -3.472792e+01 1.141115e+02
      vertex   -1.349950e+01 -3.472792e+01 1.141115e+02
      vertex   1.347684e+01 -3.472792e+01 1.150184e+02
    endloop
  endfacet
  facet normal 0.000000e+00 1.000000e+00 0.000000e+00
    outer loop
      vertex   1.347684e+01 -3.472792e+01 1.150184e+02
      vertex   -1.349950e+01 -3.472792e+01 1.141115e+02
      vertex   -1.347684e+01 -3.472792e+01 1.150184e+02
    endloop
  endfacet
  facet normal 0.000000e+00 1.000000e+00 0.000000e+00
    outer loop
      vertex   1.347684e+01 -3.472792e+01 1.150184e+02
      vertex   -1.347684e+01 -3.472792e+01 1.150184e+02
      vertex   1.339333e+01 -3.472792e+01 1.159217e+02
    endloop
  endfacet
  facet normal 0.000000e+00 1.000000e+00 0.000000e+00
    outer loop
      vertex   1.339333e+01 -3.472792e+01 1.159217e+02
      vertex   -1.347684e+01 -3.472792e+01 1.150184e+02
      vertex   4.535778e-01 -3.472792e+01 1.277203e+02
    endloop
  endfacet
  facet normal 0.000000e+00 1.000000e+00 0.000000e+00
    outer loop
      vertex   1.339333e+01 -3.472792e+01 1.159217e+02
      vertex   4.535778e-01 -3.472792e+01 1.277203e+02
      vertex   1.358685e+00 -3.472792e+01 1.276594e+02
    endloop
  endfacet
  facet normal 0.000000e+00 1.000000e+00 0.000000e+00
    outer loop
      vertex   -1.858035e-01 -3.472792e+01 9.824232e+01
      vertex   -5.523423e-01 -3.472792e+01 9.818115e+01
      vertex   -5.500000e+00 -3.472792e+01 1.018991e+02
    endloop
  endfacet
  facet normal 0.000000e+00 1.000000e+00 0.000000e+00
    outer loop
      vertex   -5.500000e+00 -3.472792e+01 1.018991e+02
      vertex   -5.523423e-01 -3.472792e+01 9.818115e+01
      vertex   -9.038147e-01 -3.472792e+01 9.806049e+01
    endloop
  endfacet
  facet normal 0.000000e+00 1.000000e+00 0.000000e+00
    outer loop
      vertex   -5.500000e+00 -3.472792e+01 1.018991e+02
      vertex   -9.038147e-01 -3.472792e+01 9.806049e+01
      vertex   -1.230633e+00 -3.472792e+01 9.788363e+01
    endloop
  endfacet
  facet normal 0.000000e+00 1.000000e+00 0.000000e+00
    outer loop
      vertex   -1.230633e+00 -3.472792e+01 9.788363e+01
      vertex   -1.523884e+00 -3.472792e+01 9.765538e+01
      vertex   -5.500000e+00 -3.472792e+01 1.018991e+02
    endloop
  endfacet
  facet normal 0.000000e+00 1.000000e+00 0.000000e+00
    outer loop
      vertex   -5.500000e+00 -3.472792e+01 1.018991e+02
      vertex   -1.523884e+00 -3.472792e+01 9.765538e+01
      vertex   -1.775566e+00 -3.472792e+01 9.738198e+01
    endloop
  endfacet
  facet normal 0.000000e+00 1.000000e+00 0.000000e+00
    outer loop
      vertex   -5.500000e+00 -3.472792e+01 1.018991e+02
      vertex   -1.775566e+00 -3.472792e+01 9.738198e+01
      vertex   -1.978816e+00 -3.472792e+01 9.707088e+01
    endloop
  endfacet
  facet normal 0.000000e+00 1.000000e+00 0.000000e+00
    outer loop
      vertex   -1.978816e+00 -3.472792e+01 9.707088e+01
      vertex   -2.128089e+00 -3.472792e+01 9.673058e+01
      vertex   -5.500000e+00 -3.472792e+01 1.018991e+02
    endloop
  endfacet
  facet normal 0.000000e+00 1.000000e+00 0.000000e+00
    outer loop
      vertex   -5.500000e+00 -3.472792e+01 1.018991e+02
      vertex   -2.128089e+00 -3.472792e+01 9.673058e+01
      vertex   -2.219313e+00 -3.472792e+01 9.637034e+01
    endloop
  endfacet
  facet normal 0.000000e+00 1.000000e+00 0.000000e+00
    outer loop
      vertex   -5.500000e+00 -3.472792e+01 1.018991e+02
      vertex   -2.219313e+00 -3.472792e+01 9.637034e+01
      vertex   -5.500000e+00 -3.472792e+01 9.222792e+01
    endloop
  endfacet
  facet normal 0.000000e+00 1.000000e+00 0.000000e+00
    outer loop
      vertex   -5.500000e+00 -3.472792e+01 9.222792e+01
      vertex   -2.219313e+00 -3.472792e+01 9.637034e+01
      vertex   -2.250000e+00 -3.472792e+01 9.600000e+01
    endloop
  endfacet
  facet normal 0.000000e+00 1.000000e+00 0.000000e+00
    outer loop
      vertex   -5.500000e+00 -3.472792e+01 9.222792e+01
      vertex   -2.250000e+00 -3.472792e+01 9.600000e+01
      vertex   -2.219313e+00 -3.472792e+01 9.562966e+01
    endloop
  endfacet
  facet normal 0.000000e+00 1.000000e+00 0.000000e+00
    outer loop
      vertex   -2.219313e+00 -3.472792e+01 9.562966e+01
      vertex   -2.128089e+00 -3.472792e+01 9.526943e+01
      vertex   -5.500000e+00 -3.472792e+01 9.222792e+01
    endloop
  endfacet
  facet normal 0.000000e+00 1.000000e+00 0.000000e+00
    outer loop
      vertex   -5.500000e+00 -3.472792e+01 9.222792e+01
      vertex   -2.128089e+00 -3.472792e+01 9.526943e+01
      vertex   -1.978816e+00 -3.472792e+01 9.492912e+01
    endloop
  endfacet
  facet normal 0.000000e+00 1.000000e+00 0.000000e+00
    outer loop
      vertex   -5.500000e+00 -3.472792e+01 9.222792e+01
      vertex   -1.978816e+00 -3.472792e+01 9.492912e+01
      vertex   -1.775566e+00 -3.472792e+01 9.461802e+01
    endloop
  endfacet
  facet normal 0.000000e+00 1.000000e+00 0.000000e+00
    outer loop
      vertex   -1.775566e+00 -3.472792e+01 9.461802e+01
      vertex   -1.523884e+00 -3.472792e+01 9.434462e+01
      vertex   -5.500000e+00 -3.472792e+01 9.222792e+01
    endloop
  endfacet
  facet normal 0.000000e+00 1.000000e+00 0.000000e+00
    outer loop
      vertex   -5.500000e+00 -3.472792e+01 9.222792e+01
      vertex   -1.523884e+00 -3.472792e+01 9.434462e+01
      vertex   -1.230633e+00 -3.472792e+01 9.411638e+01
    endloop
  endfacet
  facet normal 0.000000e+00 1.000000e+00 0.000000e+00
    outer loop
      vertex   -5.500000e+00 -3.472792e+01 9.222792e+01
      vertex   -1.230633e+00 -3.472792e+01 9.411638e+01
      vertex   -9.038147e-01 -3.472792e+01 9.393951e+01
    endloop
  endfacet
  facet normal 0.000000e+00 1.000000e+00 0.000000e+00
    outer loop
      vertex   -9.038147e-01 -3.472792e+01 9.393951e+01
      vertex   -5.523423e-01 -3.472792e+01 9.381885e+01
      vertex   -5.500000e+00 -3.472792e+01 9.222792e+01
    endloop
  endfacet
  facet normal 0.000000e+00 1.000000e+00 0.000000e+00
    outer loop
      vertex   -5.500000e+00 -3.472792e+01 9.222792e+01
      vertex   -5.523423e-01 -3.472792e+01 9.381885e+01
      vertex   -1.858035e-01 -3.472792e+01 9.375769e+01
    endloop
  endfacet
  facet normal 0.000000e+00 1.000000e+00 0.000000e+00
    outer loop
      vertex   -5.500000e+00 -3.472792e+01 9.222792e+01
      vertex   -1.858035e-01 -3.472792e+01 9.375769e+01
      vertex   1.858035e-01 -3.472792e+01 9.375769e+01
    endloop
  endfacet
  facet normal 0.000000e+00 1.000000e+00 0.000000e+00
    outer loop
      vertex   -5.500000e+00 -3.472792e+01 9.222792e+01
      vertex   1.858035e-01 -3.472792e+01 9.375769e+01
      vertex   5.500000e+00 -3.472792e+01 9.222792e+01
    endloop
  endfacet
  facet normal 0.000000e+00 1.000000e+00 0.000000e+00
    outer loop
      vertex   5.500000e+00 -3.472792e+01 9.222792e+01
      vertex   1.858035e-01 -3.472792e+01 9.375769e+01
      vertex   5.523423e-01 -3.472792e+01 9.381885e+01
    endloop
  endfacet
  facet normal 0.000000e+00 1.000000e+00 0.000000e+00
    outer loop
      vertex   5.500000e+00 -3.472792e+01 9.222792e+01
      vertex   5.523423e-01 -3.472792e+01 9.381885e+01
      vertex   9.038147e-01 -3.472792e+01 9.393951e+01
    endloop
  endfacet
  facet normal -0.000000e+00 1.000000e+00 0.000000e+00
    outer loop
      vertex   9.038147e-01 -3.472792e+01 9.393951e+01
      vertex   1.230633e+00 -3.472792e+01 9.411638e+01
      vertex   5.500000e+00 -3.472792e+01 9.222792e+01
    endloop
  endfacet
  facet normal 0.000000e+00 1.000000e+00 0.000000e+00
    outer loop
      vertex   5.500000e+00 -3.472792e+01 9.222792e+01
      vertex   1.230633e+00 -3.472792e+01 9.411638e+01
      vertex   1.523884e+00 -3.472792e+01 9.434462e+01
    endloop
  endfacet
  facet normal 0.000000e+00 1.000000e+00 0.000000e+00
    outer loop
      vertex   5.500000e+00 -3.472792e+01 9.222792e+01
      vertex   1.523884e+00 -3.472792e+01 9.434462e+01
      vertex   1.775566e+00 -3.472792e+01 9.461802e+01
    endloop
  endfacet
  facet normal -0.000000e+00 1.000000e+00 0.000000e+00
    outer loop
      vertex   1.775566e+00 -3.472792e+01 9.461802e+01
      vertex   1.978816e+00 -3.472792e+01 9.492912e+01
      vertex   5.500000e+00 -3.472792e+01 9.222792e+01
    endloop
  endfacet
  facet normal 0.000000e+00 1.000000e+00 0.000000e+00
    outer loop
      vertex   5.500000e+00 -3.472792e+01 9.222792e+01
      vertex   1.978816e+00 -3.472792e+01 9.492912e+01
      vertex   2.128089e+00 -3.472792e+01 9.526943e+01
    endloop
  endfacet
  facet normal 0.000000e+00 1.000000e+00 0.000000e+00
    outer loop
      vertex   5.500000e+00 -3.472792e+01 9.222792e+01
      vertex   2.128089e+00 -3.472792e+01 9.526943e+01
      vertex   2.219313e+00 -3.472792e+01 9.562966e+01
    endloop
  endfacet
  facet normal -0.000000e+00 1.000000e+00 0.000000e+00
    outer loop
      vertex   -1.339333e+01 -3.472792e+01 1.159217e+02
      vertex   -1.324934e+01 -3.472792e+01 1.168173e+02
      vertex   -1.347684e+01 -3.472792e+01 1.150184e+02
    endloop
  endfacet
  facet normal 0.000000e+00 1.000000e+00 0.000000e+00
    outer loop
      vertex   -1.347684e+01 -3.472792e+01 1.150184e+02
      vertex   -1.324934e+01 -3.472792e+01 1.168173e+02
      vertex   -1.304552e+01 -3.472792e+01 1.177013e+02
    endloop
  endfacet
  facet normal 0.000000e+00 1.000000e+00 0.000000e+00
    outer loop
      vertex   -1.347684e+01 -3.472792e+01 1.150184e+02
      vertex   -1.304552e+01 -3.472792e+01 1.177013e+02
      vertex   -1.278280e+01 -3.472792e+01 1.185696e+02
    endloop
  endfacet
  facet normal -0.000000e+00 1.000000e+00 0.000000e+00
    outer loop
      vertex   -1.278280e+01 -3.472792e+01 1.185696e+02
      vertex   -1.246236e+01 -3.472792e+01 1.194183e+02
      vertex   -1.347684e+01 -3.472792e+01 1.150184e+02
    endloop
  endfacet
  facet normal 0.000000e+00 1.000000e+00 0.000000e+00
    outer loop
      vertex   -1.347684e+01 -3.472792e+01 1.150184e+02
      vertex   -1.246236e+01 -3.472792e+01 1.194183e+02
      vertex   -1.208565e+01 -3.472792e+01 1.202435e+02
    endloop
  endfacet
  facet normal 0.000000e+00 1.000000e+00 0.000000e+00
    outer loop
      vertex   -1.347684e+01 -3.472792e+01 1.150184e+02
      vertex   -1.208565e+01 -3.472792e+01 1.202435e+02
      vertex   -1.165437e+01 -3.472792e+01 1.210416e+02
    endloop
  endfacet
  facet normal -0.000000e+00 1.000000e+00 0.000000e+00
    outer loop
      vertex   -1.165437e+01 -3.472792e+01 1.210416e+02
      vertex   -1.117046e+01 -3.472792e+01 1.218089e+02
      vertex   -1.347684e+01 -3.472792e+01 1.150184e+02
    endloop
  endfacet
  facet normal 0.000000e+00 1.000000e+00 0.000000e+00
    outer loop
      vertex   -1.347684e+01 -3.472792e+01 1.150184e+02
      vertex   -1.117046e+01 -3.472792e+01 1.218089e+02
      vertex   -1.063611e+01 -3.472792e+01 1.225420e+02
    endloop
  endfacet
  facet normal 0.000000e+00 1.000000e+00 0.000000e+00
    outer loop
      vertex   -1.347684e+01 -3.472792e+01 1.150184e+02
      vertex   -1.063611e+01 -3.472792e+01 1.225420e+02
      vertex   -1.005374e+01 -3.472792e+01 1.232375e+02
    endloop
  endfacet
  facet normal -0.000000e+00 1.000000e+00 0.000000e+00
    outer loop
      vertex   -1.005374e+01 -3.472792e+01 1.232375e+02
      vertex   -9.425967e+00 -3.472792e+01 1.238923e+02
      vertex   -1.347684e+01 -3.472792e+01 1.150184e+02
    endloop
  endfacet
  facet normal 0.000000e+00 1.000000e+00 0.000000e+00
    outer loop
      vertex   -1.347684e+01 -3.472792e+01 1.150184e+02
      vertex   -9.425967e+00 -3.472792e+01 1.238923e+02
      vertex   -8.755635e+00 -3.472792e+01 1.245036e+02
    endloop
  endfacet
  facet normal 0.000000e+00 1.000000e+00 0.000000e+00
    outer loop
      vertex   -1.347684e+01 -3.472792e+01 1.150184e+02
      vertex   -8.755635e+00 -3.472792e+01 1.245036e+02
      vertex   -8.045767e+00 -3.472792e+01 1.250684e+02
    endloop
  endfacet
  facet normal -0.000000e+00 1.000000e+00 0.000000e+00
    outer loop
      vertex   -8.045767e+00 -3.472792e+01 1.250684e+02
      vertex   -7.299570e+00 -3.472792e+01 1.255843e+02
      vertex   -1.347684e+01 -3.472792e+01 1.150184e+02
    endloop
  endfacet
  facet normal 0.000000e+00 1.000000e+00 0.000000e+00
    outer loop
      vertex   -1.347684e+01 -3.472792e+01 1.150184e+02
      vertex   -7.299570e+00 -3.472792e+01 1.255843e+02
      vertex   -6.520413e+00 -3.472792e+01 1.260488e+02
    endloop
  endfacet
  facet normal 0.000000e+00 1.000000e+00 0.000000e+00
    outer loop
      vertex   -1.347684e+01 -3.472792e+01 1.150184e+02
      vertex   -6.520413e+00 -3.472792e+01 1.260488e+02
      vertex   -5.711813e+00 -3.472792e+01 1.264601e+02
    endloop
  endfacet
  facet normal -0.000000e+00 1.000000e+00 0.000000e+00
    outer loop
      vertex   -5.711813e+00 -3.472792e+01 1.264601e+02
      vertex   -4.877422e+00 -3.472792e+01 1.268160e+02
      vertex   -1.347684e+01 -3.472792e+01 1.150184e+02
    endloop
  endfacet
  facet normal 0.000000e+00 1.000000e+00 0.000000e+00
    outer loop
      vertex   -1.347684e+01 -3.472792e+01 1.150184e+02
      vertex   -4.877422e+00 -3.472792e+01 1.268160e+02
      vertex   -4.021007e+00 -3.472792e+01 1.271152e+02
    endloop
  endfacet
  facet normal 0.000000e+00 1.000000e+00 0.000000e+00
    outer loop
      vertex   -1.347684e+01 -3.472792e+01 1.150184e+02
      vertex   -4.021007e+00 -3.472792e+01 1.271152e+02
      vertex   -3.146436e+00 -3.472792e+01 1.273561e+02
    endloop
  endfacet
  facet normal -0.000000e+00 1.000000e+00 0.000000e+00
    outer loop
      vertex   -3.146436e+00 -3.472792e+01 1.273561e+02
      vertex   -2.257658e+00 -3.472792e+01 1.275378e+02
      vertex   -1.347684e+01 -3.472792e+01 1.150184e+02
    endloop
  endfacet
  facet normal 0.000000e+00 1.000000e+00 0.000000e+00
    outer loop
      vertex   -1.347684e+01 -3.472792e+01 1.150184e+02
      vertex   -2.257658e+00 -3.472792e+01 1.275378e+02
      vertex   -1.358685e+00 -3.472792e+01 1.276594e+02
    endloop
  endfacet
  facet normal 0.000000e+00 1.000000e+00 0.000000e+00
    outer loop
      vertex   -1.347684e+01 -3.472792e+01 1.150184e+02
      vertex   -1.358685e+00 -3.472792e+01 1.276594e+02
      vertex   -4.535778e-01 -3.472792e+01 1.277203e+02
    endloop
  endfacet
  facet normal -0.000000e+00 1.000000e+00 0.000000e+00
    outer loop
      vertex   -4.535778e-01 -3.472792e+01 1.277203e+02
      vertex   4.535778e-01 -3.472792e+01 1.277203e+02
      vertex   -1.347684e+01 -3.472792e+01 1.150184e+02
    endloop
  endfacet
  facet normal 0.000000e+00 1.000000e+00 0.000000e+00
    outer loop
      vertex   1.358685e+00 -3.472792e+01 1.276594e+02
      vertex   2.257658e+00 -3.472792e+01 1.275378e+02
      vertex   1.339333e+01 -3.472792e+01 1.159217e+02
    endloop
  endfacet
  facet normal 0.000000e+00 1.000000e+00 0.000000e+00
    outer loop
      vertex   1.339333e+01 -3.472792e+01 1.159217e+02
      vertex   2.257658e+00 -3.472792e+01 1.275378e+02
      vertex   3.146436e+00 -3.472792e+01 1.273561e+02
    endloop
  endfacet
  facet normal 0.000000e+00 1.000000e+00 0.000000e+00
    outer loop
      vertex   1.339333e+01 -3.472792e+01 1.159217e+02
      vertex   3.146436e+00 -3.472792e+01 1.273561e+02
      vertex   4.021007e+00 -3.472792e+01 1.271152e+02
    endloop
  endfacet
  facet normal 0.000000e+00 1.000000e+00 0.000000e+00
    outer loop
      vertex   4.021007e+00 -3.472792e+01 1.271152e+02
      vertex   4.877422e+00 -3.472792e+01 1.268160e+02
      vertex   1.339333e+01 -3.472792e+01 1.159217e+02
    endloop
  endfacet
  facet normal 0.000000e+00 1.000000e+00 0.000000e+00
    outer loop
      vertex   1.339333e+01 -3.472792e+01 1.159217e+02
      vertex   4.877422e+00 -3.472792e+01 1.268160e+02
      vertex   5.711813e+00 -3.472792e+01 1.264601e+02
    endloop
  endfacet
  facet normal 0.000000e+00 1.000000e+00 0.000000e+00
    outer loop
      vertex   1.339333e+01 -3.472792e+01 1.159217e+02
      vertex   5.711813e+00 -3.472792e+01 1.264601e+02
      vertex   6.520413e+00 -3.472792e+01 1.260488e+02
    endloop
  endfacet
  facet normal 0.000000e+00 1.000000e+00 0.000000e+00
    outer loop
      vertex   6.520413e+00 -3.472792e+01 1.260488e+02
      vertex   7.299570e+00 -3.472792e+01 1.255843e+02
      vertex   1.339333e+01 -3.472792e+01 1.159217e+02
    endloop
  endfacet
  facet normal 0.000000e+00 1.000000e+00 0.000000e+00
    outer loop
      vertex   1.339333e+01 -3.472792e+01 1.159217e+02
      vertex   7.299570e+00 -3.472792e+01 1.255843e+02
      vertex   8.045767e+00 -3.472792e+01 1.250684e+02
    endloop
  endfacet
  facet normal 0.000000e+00 1.000000e+00 0.000000e+00
    outer loop
      vertex   1.339333e+01 -3.472792e+01 1.159217e+02
      vertex   8.045767e+00 -3.472792e+01 1.250684e+02
      vertex   8.755635e+00 -3.472792e+01 1.245036e+02
    endloop
  endfacet
  facet normal 0.000000e+00 1.000000e+00 0.000000e+00
    outer loop
      vertex   8.755635e+00 -3.472792e+01 1.245036e+02
      vertex   9.425967e+00 -3.472792e+01 1.238923e+02
      vertex   1.339333e+01 -3.472792e+01 1.159217e+02
    endloop
  endfacet
  facet normal 0.000000e+00 1.000000e+00 0.000000e+00
    outer loop
      vertex   1.339333e+01 -3.472792e+01 1.159217e+02
      vertex   9.425967e+00 -3.472792e+01 1.238923e+02
      vertex   1.005374e+01 -3.472792e+01 1.232375e+02
    endloop
  endfacet
  facet normal 0.000000e+00 1.000000e+00 0.000000e+00
    outer loop
      vertex   1.339333e+01 -3.472792e+01 1.159217e+02
      vertex   1.005374e+01 -3.472792e+01 1.232375e+02
      vertex   1.063611e+01 -3.472792e+01 1.225420e+02
    endloop
  endfacet
  facet normal 0.000000e+00 1.000000e+00 0.000000e+00
    outer loop
      vertex   1.063611e+01 -3.472792e+01 1.225420e+02
      vertex   1.117046e+01 -3.472792e+01 1.218089e+02
      vertex   1.339333e+01 -3.472792e+01 1.159217e+02
    endloop
  endfacet
  facet normal 0.000000e+00 1.000000e+00 0.000000e+00
    outer loop
      vertex   1.339333e+01 -3.472792e+01 1.159217e+02
      vertex   1.117046e+01 -3.472792e+01 1.218089e+02
      vertex   1.165437e+01 -3.472792e+01 1.210416e+02
    endloop
  endfacet
  facet normal 0.000000e+00 1.000000e+00 0.000000e+00
    outer loop
      vertex   1.339333e+01 -3.472792e+01 1.159217e+02
      vertex   1.165437e+01 -3.472792e+01 1.210416e+02
      vertex   1.208565e+01 -3.472792e+01 1.202435e+02
    endloop
  endfacet
  facet normal 0.000000e+00 1.000000e+00 0.000000e+00
    outer loop
      vertex   1.208565e+01 -3.472792e+01 1.202435e+02
      vertex   1.246236e+01 -3.472792e+01 1.194183e+02
      vertex   1.339333e+01 -3.472792e+01 1.159217e+02
    endloop
  endfacet
  facet normal 0.000000e+00 1.000000e+00 0.000000e+00
    outer loop
      vertex   1.339333e+01 -3.472792e+01 1.159217e+02
      vertex   1.246236e+01 -3.472792e+01 1.194183e+02
      vertex   1.278280e+01 -3.472792e+01 1.185696e+02
    endloop
  endfacet
  facet normal 0.000000e+00 1.000000e+00 0.000000e+00
    outer loop
      vertex   1.339333e+01 -3.472792e+01 1.159217e+02
      vertex   1.278280e+01 -3.472792e+01 1.185696e+02
      vertex   1.304552e+01 -3.472792e+01 1.177013e+02
    endloop
  endfacet
  facet normal 0.000000e+00 1.000000e+00 0.000000e+00
    outer loop
      vertex   1.304552e+01 -3.472792e+01 1.177013e+02
      vertex   1.324934e+01 -3.472792e+01 1.168173e+02
      vertex   1.339333e+01 -3.472792e+01 1.159217e+02
    endloop
  endfacet
  facet normal -3.434415e-01 5.899058e-01 -7.307934e-01
    outer loop
      vertex   -6.000000e+00 -3.544604e+01 1.007219e+02
      vertex   -6.744555e+00 -3.539457e+01 1.011134e+02
      vertex   -6.000000e+00 -3.522792e+01 1.008980e+02
    endloop
  endfacet
  facet normal -3.424696e-01 6.343444e-01 -6.930525e-01
    outer loop
      vertex   -6.000000e+00 -3.522792e+01 1.008980e+02
      vertex   -6.744555e+00 -3.539457e+01 1.011134e+02
      vertex   -6.659240e+00 -3.516726e+01 1.012793e+02
    endloop
  endfacet
  facet normal -3.096666e-01 6.973679e-01 -6.463626e-01
    outer loop
      vertex   -6.000000e+00 -3.522792e+01 1.008980e+02
      vertex   -6.659240e+00 -3.516726e+01 1.012793e+02
      vertex   -5.990210e+00 -3.512942e+01 1.009996e+02
    endloop
  endfacet
  facet normal -2.856946e-01 7.627392e-01 -5.801789e-01
    outer loop
      vertex   -5.990210e+00 -3.512942e+01 1.009996e+02
      vertex   -6.659240e+00 -3.516726e+01 1.012793e+02
      vertex   -5.961397e+00 -3.503527e+01 1.011092e+02
    endloop
  endfacet
  facet normal -2.844401e-01 7.729946e-01 -5.670742e-01
    outer loop
      vertex   -5.961397e+00 -3.503527e+01 1.011092e+02
      vertex   -6.659240e+00 -3.516726e+01 1.012793e+02
      vertex   -6.555283e+00 -3.498072e+01 1.014814e+02
    endloop
  endfacet
  facet normal -2.439253e-01 8.248429e-01 -5.100340e-01
    outer loop
      vertex   -5.961397e+00 -3.503527e+01 1.011092e+02
      vertex   -6.555283e+00 -3.498072e+01 1.014814e+02
      vertex   -5.914592e+00 -3.494843e+01 1.012272e+02
    endloop
  endfacet
  facet normal -2.131567e-01 8.794760e-01 -4.255422e-01
    outer loop
      vertex   -5.914592e+00 -3.494843e+01 1.012272e+02
      vertex   -6.555283e+00 -3.498072e+01 1.014814e+02
      vertex   -5.852261e+00 -3.487307e+01 1.013517e+02
    endloop
  endfacet
  facet normal -2.126414e-01 8.819164e-01 -4.207221e-01
    outer loop
      vertex   -5.852261e+00 -3.487307e+01 1.013517e+02
      vertex   -6.555283e+00 -3.498072e+01 1.014814e+02
      vertex   -6.436680e+00 -3.484210e+01 1.017120e+02
    endloop
  endfacet
  facet normal -1.622187e-01 9.253463e-01 -3.426651e-01
    outer loop
      vertex   -5.852261e+00 -3.487307e+01 1.013517e+02
      vertex   -6.436680e+00 -3.484210e+01 1.017120e+02
      vertex   -5.776587e+00 -3.481139e+01 1.014825e+02
    endloop
  endfacet
  facet normal -1.340645e-01 9.569393e-01 -2.574759e-01
    outer loop
      vertex   -5.776587e+00 -3.481139e+01 1.014825e+02
      vertex   -6.436680e+00 -3.484210e+01 1.017120e+02
      vertex   -6.307988e+00 -3.475674e+01 1.019623e+02
    endloop
  endfacet
  facet normal -1.231139e-01 9.614547e-01 -2.458615e-01
    outer loop
      vertex   -5.776587e+00 -3.481139e+01 1.014825e+02
      vertex   -6.307988e+00 -3.475674e+01 1.019623e+02
      vertex   -5.690327e+00 -3.476556e+01 1.016185e+02
    endloop
  endfacet
  facet normal -7.081792e-02 9.857598e-01 -1.525200e-01
    outer loop
      vertex   -5.690327e+00 -3.476556e+01 1.016185e+02
      vertex   -6.307988e+00 -3.475674e+01 1.019623e+02
      vertex   -5.598273e+00 -3.473767e+01 1.017560e+02
    endloop
  endfacet
  facet normal -5.202673e-02 9.948468e-01 -8.702337e-02
    outer loop
      vertex   -5.598273e+00 -3.473767e+01 1.017560e+02
      vertex   -6.307988e+00 -3.475674e+01 1.019623e+02
      vertex   -6.315572e+00 -3.472792e+01 1.022963e+02
    endloop
  endfacet
  facet normal -2.596680e-02 9.982839e-01 -5.248789e-02
    outer loop
      vertex   -5.598273e+00 -3.473767e+01 1.017560e+02
      vertex   -6.315572e+00 -3.472792e+01 1.022963e+02
      vertex   -5.503333e+00 -3.472793e+01 1.018943e+02
    endloop
  endfacet
  facet normal -8.377302e-04 9.999982e-01 -1.720078e-03
    outer loop
      vertex   -5.503333e+00 -3.472793e+01 1.018943e+02
      vertex   -6.315572e+00 -3.472792e+01 1.022963e+02
      vertex   -5.500000e+00 -3.472792e+01 1.018991e+02
    endloop
  endfacet
  facet normal -3.846936e-01 4.712941e-01 -7.936578e-01
    outer loop
      vertex   -6.744555e+00 -3.539457e+01 1.011134e+02
      vertex   -6.000000e+00 -3.544604e+01 1.007219e+02
      vertex   -6.807950e+00 -3.565390e+01 1.009901e+02
    endloop
  endfacet
  facet normal -3.829954e-01 4.424512e-01 -8.108955e-01
    outer loop
      vertex   -6.807950e+00 -3.565390e+01 1.009901e+02
      vertex   -6.000000e+00 -3.544604e+01 1.007219e+02
      vertex   -6.000000e+00 -3.568733e+01 1.005903e+02
    endloop
  endfacet
  facet normal -4.147877e-01 2.901899e-01 -8.624042e-01
    outer loop
      vertex   -6.807950e+00 -3.565390e+01 1.009901e+02
      vertex   -6.000000e+00 -3.568733e+01 1.005903e+02
      vertex   -6.846988e+00 -3.593529e+01 1.009142e+02
    endloop
  endfacet
  facet normal -4.110641e-01 2.643723e-01 -8.724297e-01
    outer loop
      vertex   -6.846988e+00 -3.593529e+01 1.009142e+02
      vertex   -6.000000e+00 -3.568733e+01 1.005903e+02
      vertex   -6.000000e+00 -3.595315e+01 1.005097e+02
    endloop
  endfacet
  facet normal -4.271865e-01 9.796946e-02 -8.988402e-01
    outer loop
      vertex   -6.846988e+00 -3.593529e+01 1.009142e+02
      vertex   -6.000000e+00 -3.595315e+01 1.005097e+02
      vertex   -6.860170e+00 -3.622792e+01 1.008886e+02
    endloop
  endfacet
  facet normal -4.268820e-01 9.661478e-02 -8.991314e-01
    outer loop
      vertex   -6.860170e+00 -3.622792e+01 1.008886e+02
      vertex   -6.000000e+00 -3.595315e+01 1.005097e+02
      vertex   -6.000000e+00 -3.622792e+01 1.004802e+02
    endloop
  endfacet
  facet normal -4.830053e-01 9.796823e-02 -8.701196e-01
    outer loop
      vertex   -6.846988e+00 -3.593529e+01 1.009142e+02
      vertex   -6.860170e+00 -3.622792e+01 1.008886e+02
      vertex   -7.677914e+00 -3.593529e+01 1.013755e+02
    endloop
  endfacet
  facet normal -4.830053e-01 9.796823e-02 -8.701196e-01
    outer loop
      vertex   -7.677914e+00 -3.593529e+01 1.013755e+02
      vertex   -6.860170e+00 -3.622792e+01 1.008886e+02
      vertex   -7.692696e+00 -3.622792e+01 1.013507e+02
    endloop
  endfacet
  facet normal -5.372391e-01 9.796823e-02 -8.377210e-01
    outer loop
      vertex   -7.677914e+00 -3.593529e+01 1.013755e+02
      vertex   -7.692696e+00 -3.622792e+01 1.013507e+02
      vertex   -8.477901e+00 -3.593529e+01 1.018885e+02
    endloop
  endfacet
  facet normal -5.372391e-01 9.796823e-02 -8.377210e-01
    outer loop
      vertex   -8.477901e+00 -3.593529e+01 1.018885e+02
      vertex   -7.692696e+00 -3.622792e+01 1.013507e+02
      vertex   -8.494223e+00 -3.622792e+01 1.018647e+02
    endloop
  endfacet
  facet normal -5.893079e-01 9.796823e-02 -8.019466e-01
    outer loop
      vertex   -8.477901e+00 -3.593529e+01 1.018885e+02
      vertex   -8.494223e+00 -3.622792e+01 1.018647e+02
      vertex   -9.243725e+00 -3.593529e+01 1.024513e+02
    endloop
  endfacet
  facet normal -5.893079e-01 9.796823e-02 -8.019466e-01
    outer loop
      vertex   -9.243725e+00 -3.593529e+01 1.024513e+02
      vertex   -8.494223e+00 -3.622792e+01 1.018647e+02
      vertex   -9.261521e+00 -3.622792e+01 1.024286e+02
    endloop
  endfacet
  facet normal -6.390021e-01 9.796823e-02 -7.629407e-01
    outer loop
      vertex   -9.243725e+00 -3.593529e+01 1.024513e+02
      vertex   -9.261521e+00 -3.622792e+01 1.024286e+02
      vertex   -9.972300e+00 -3.593529e+01 1.030615e+02
    endloop
  endfacet
  facet normal -6.390021e-01 9.796823e-02 -7.629407e-01
    outer loop
      vertex   -9.972300e+00 -3.593529e+01 1.030615e+02
      vertex   -9.261521e+00 -3.622792e+01 1.024286e+02
      vertex   -9.991499e+00 -3.622792e+01 1.030400e+02
    endloop
  endfacet
  facet normal -6.861213e-01 9.796823e-02 -7.208605e-01
    outer loop
      vertex   -9.972300e+00 -3.593529e+01 1.030615e+02
      vertex   -9.991499e+00 -3.622792e+01 1.030400e+02
      vertex   -1.066069e+01 -3.593529e+01 1.037167e+02
    endloop
  endfacet
  facet normal -6.861213e-01 9.796823e-02 -7.208605e-01
    outer loop
      vertex   -1.066069e+01 -3.593529e+01 1.037167e+02
      vertex   -9.991499e+00 -3.622792e+01 1.030400e+02
      vertex   -1.068121e+01 -3.622792e+01 1.036965e+02
    endloop
  endfacet
  facet normal -7.304756e-01 9.796823e-02 -6.758754e-01
    outer loop
      vertex   -1.066069e+01 -3.593529e+01 1.037167e+02
      vertex   -1.068121e+01 -3.622792e+01 1.036965e+02
      vertex   -1.130612e+01 -3.593529e+01 1.044143e+02
    endloop
  endfacet
  facet normal -7.304756e-01 9.796823e-02 -6.758754e-01
    outer loop
      vertex   -1.130612e+01 -3.593529e+01 1.044143e+02
      vertex   -1.068121e+01 -3.622792e+01 1.036965e+02
      vertex   -1.132789e+01 -3.622792e+01 1.043954e+02
    endloop
  endfacet
  facet normal -7.718865e-01 9.796823e-02 -6.281668e-01
    outer loop
      vertex   -1.130612e+01 -3.593529e+01 1.044143e+02
      vertex   -1.132789e+01 -3.622792e+01 1.043954e+02
      vertex   -1.190599e+01 -3.593529e+01 1.051514e+02
    endloop
  endfacet
  facet normal -7.718865e-01 9.796823e-02 -6.281668e-01
    outer loop
      vertex   -1.190599e+01 -3.593529e+01 1.051514e+02
      vertex   -1.132789e+01 -3.622792e+01 1.043954e+02
      vertex   -1.192891e+01 -3.622792e+01 1.051339e+02
    endloop
  endfacet
  facet normal -8.101869e-01 9.796823e-02 -5.779269e-01
    outer loop
      vertex   -1.190599e+01 -3.593529e+01 1.051514e+02
      vertex   -1.192891e+01 -3.622792e+01 1.051339e+02
      vertex   -1.245789e+01 -3.593529e+01 1.059251e+02
    endloop
  endfacet
  facet normal -8.101869e-01 9.796823e-02 -5.779269e-01
    outer loop
      vertex   -1.245789e+01 -3.593529e+01 1.059251e+02
      vertex   -1.192891e+01 -3.622792e+01 1.051339e+02
      vertex   -1.248187e+01 -3.622792e+01 1.059091e+02
    endloop
  endfacet
  facet normal -8.452225e-01 9.796823e-02 -5.253581e-01
    outer loop
      vertex   -1.245789e+01 -3.593529e+01 1.059251e+02
      vertex   -1.248187e+01 -3.622792e+01 1.059091e+02
      vertex   -1.295958e+01 -3.593529e+01 1.067322e+02
    endloop
  endfacet
  facet normal -8.452225e-01 9.796823e-02 -5.253581e-01
    outer loop
      vertex   -1.295958e+01 -3.593529e+01 1.067322e+02
      vertex   -1.248187e+01 -3.622792e+01 1.059091e+02
      vertex   -1.298453e+01 -3.622792e+01 1.067178e+02
    endloop
  endfacet
  facet normal -8.768522e-01 9.796823e-02 -4.706724e-01
    outer loop
      vertex   -1.295958e+01 -3.593529e+01 1.067322e+02
      vertex   -1.298453e+01 -3.622792e+01 1.067178e+02
      vertex   -1.340905e+01 -3.593529e+01 1.075696e+02
    endloop
  endfacet
  facet normal -8.768522e-01 9.796823e-02 -4.706724e-01
    outer loop
      vertex   -1.340905e+01 -3.593529e+01 1.075696e+02
      vertex   -1.298453e+01 -3.622792e+01 1.067178e+02
      vertex   -1.343487e+01 -3.622792e+01 1.075568e+02
    endloop
  endfacet
  facet normal -9.049484e-01 9.796823e-02 -4.140900e-01
    outer loop
      vertex   -1.340905e+01 -3.593529e+01 1.075696e+02
      vertex   -1.343487e+01 -3.622792e+01 1.075568e+02
      vertex   -1.380449e+01 -3.593529e+01 1.084338e+02
    endloop
  endfacet
  facet normal -9.049484e-01 9.796823e-02 -4.140900e-01
    outer loop
      vertex   -1.380449e+01 -3.593529e+01 1.084338e+02
      vertex   -1.343487e+01 -3.622792e+01 1.075568e+02
      vertex   -1.383107e+01 -3.622792e+01 1.084226e+02
    endloop
  endfacet
  facet normal -9.293981e-01 9.796823e-02 -3.558390e-01
    outer loop
      vertex   -1.380449e+01 -3.593529e+01 1.084338e+02
      vertex   -1.383107e+01 -3.622792e+01 1.084226e+02
      vertex   -1.414430e+01 -3.593529e+01 1.093213e+02
    endloop
  endfacet
  facet normal -9.293981e-01 9.796823e-02 -3.558390e-01
    outer loop
      vertex   -1.414430e+01 -3.593529e+01 1.093213e+02
      vertex   -1.383107e+01 -3.622792e+01 1.084226e+02
      vertex   -1.417153e+01 -3.622792e+01 1.093119e+02
    endloop
  endfacet
  facet normal -9.501026e-01 9.796823e-02 -2.961541e-01
    outer loop
      vertex   -1.414430e+01 -3.593529e+01 1.093213e+02
      vertex   -1.417153e+01 -3.622792e+01 1.093119e+02
      vertex   -1.442712e+01 -3.593529e+01 1.102286e+02
    endloop
  endfacet
  facet normal -9.501026e-01 9.796823e-02 -2.961541e-01
    outer loop
      vertex   -1.442712e+01 -3.593529e+01 1.102286e+02
      vertex   -1.417153e+01 -3.622792e+01 1.093119e+02
      vertex   -1.445489e+01 -3.622792e+01 1.102209e+02
    endloop
  endfacet
  facet normal -9.669786e-01 9.796823e-02 -2.352757e-01
    outer loop
      vertex   -1.442712e+01 -3.593529e+01 1.102286e+02
      vertex   -1.445489e+01 -3.622792e+01 1.102209e+02
      vertex   -1.465179e+01 -3.593529e+01 1.111520e+02
    endloop
  endfacet
  facet normal -9.669786e-01 9.796823e-02 -2.352757e-01
    outer loop
      vertex   -1.465179e+01 -3.593529e+01 1.111520e+02
      vertex   -1.445489e+01 -3.622792e+01 1.102209e+02
      vertex   -1.468000e+01 -3.622792e+01 1.111461e+02
    endloop
  endfacet
  facet normal -9.799579e-01 9.796823e-02 -1.734493e-01
    outer loop
      vertex   -1.465179e+01 -3.593529e+01 1.111520e+02
      vertex   -1.468000e+01 -3.622792e+01 1.111461e+02
      vertex   -1.484596e+01 -3.622792e+01 1.120837e+02
    endloop
  endfacet
  facet normal -9.799545e-01 9.804730e-02 -1.734238e-01
    outer loop
      vertex   -1.465179e+01 -3.593529e+01 1.111520e+02
      vertex   -1.484596e+01 -3.622792e+01 1.120837e+02
      vertex   -1.481754e+01 -3.593529e+01 1.120886e+02
    endloop
  endfacet
  facet normal -9.889961e-01 9.788930e-02 -1.109249e-01
    outer loop
      vertex   -1.481754e+01 -3.593529e+01 1.120886e+02
      vertex   -1.484596e+01 -3.622792e+01 1.120837e+02
      vertex   -1.495209e+01 -3.622792e+01 1.130300e+02
    endloop
  endfacet
  facet normal -9.889911e-01 9.796831e-02 -1.108996e-01
    outer loop
      vertex   -1.481754e+01 -3.593529e+01 1.120886e+02
      vertex   -1.495209e+01 -3.622792e+01 1.130300e+02
      vertex   -1.492336e+01 -3.593529e+01 1.130323e+02
    endloop
  endfacet
  facet normal -9.940336e-01 9.796823e-02 -4.795167e-02
    outer loop
      vertex   -1.492336e+01 -3.593529e+01 1.130323e+02
      vertex   -1.495209e+01 -3.622792e+01 1.130300e+02
      vertex   -1.496915e+01 -3.593529e+01 1.139816e+02
    endloop
  endfacet
  facet normal -9.558694e-01 2.901507e-01 -4.611065e-02
    outer loop
      vertex   -1.492336e+01 -3.593529e+01 1.130323e+02
      vertex   -1.496915e+01 -3.593529e+01 1.139816e+02
      vertex   -1.488380e+01 -3.565390e+01 1.139830e+02
    endloop
  endfacet
  facet normal -9.568691e-01 2.901507e-01 1.462977e-02
    outer loop
      vertex   -1.488380e+01 -3.565390e+01 1.139830e+02
      vertex   -1.496915e+01 -3.593529e+01 1.139816e+02
      vertex   -1.486936e+01 -3.565390e+01 1.149278e+02
    endloop
  endfacet
  facet normal -8.819169e-01 4.712120e-01 1.348381e-02
    outer loop
      vertex   -1.488380e+01 -3.565390e+01 1.139830e+02
      vertex   -1.486936e+01 -3.565390e+01 1.149278e+02
      vertex   -1.473090e+01 -3.539457e+01 1.149213e+02
    endloop
  endfacet
  facet normal -8.792845e-01 4.712120e-01 6.941206e-02
    outer loop
      vertex   -1.473090e+01 -3.539457e+01 1.149213e+02
      vertex   -1.486936e+01 -3.565390e+01 1.149278e+02
      vertex   -1.465722e+01 -3.539457e+01 1.158545e+02
    endloop
  endfacet
  facet normal -7.707693e-01 6.342022e-01 6.084570e-02
    outer loop
      vertex   -1.473090e+01 -3.539457e+01 1.149213e+02
      vertex   -1.465722e+01 -3.539457e+01 1.158545e+02
      vertex   -1.447182e+01 -3.516726e+01 1.158339e+02
    endloop
  endfacet
  facet normal -7.653558e-01 6.342022e-01 1.096265e-01
    outer loop
      vertex   -1.447182e+01 -3.516726e+01 1.158339e+02
      vertex   -1.465722e+01 -3.539457e+01 1.158545e+02
      vertex   -1.434076e+01 -3.516726e+01 1.167489e+02
    endloop
  endfacet
  facet normal -6.281731e-01 7.728536e-01 8.997698e-02
    outer loop
      vertex   -1.447182e+01 -3.516726e+01 1.158339e+02
      vertex   -1.434076e+01 -3.516726e+01 1.167489e+02
      vertex   -1.411689e+01 -3.498072e+01 1.167095e+02
    endloop
  endfacet
  facet normal -6.211986e-01 7.728536e-01 1.296517e-01
    outer loop
      vertex   -1.411689e+01 -3.498072e+01 1.167095e+02
      vertex   -1.434076e+01 -3.516726e+01 1.167489e+02
      vertex   -1.393099e+01 -3.498072e+01 1.176002e+02
    endloop
  endfacet
  facet normal -4.616341e-01 8.818225e-01 9.634865e-02
    outer loop
      vertex   -1.411689e+01 -3.498072e+01 1.167095e+02
      vertex   -1.393099e+01 -3.498072e+01 1.176002e+02
      vertex   -1.367894e+01 -3.484210e+01 1.175392e+02
    endloop
  endfacet
  facet normal -4.545909e-01 8.818225e-01 1.254441e-01
    outer loop
      vertex   -1.367894e+01 -3.484210e+01 1.175392e+02
      vertex   -1.393099e+01 -3.498072e+01 1.176002e+02
      vertex   -1.344129e+01 -3.484210e+01 1.184004e+02
    endloop
  endfacet
  facet normal -2.799552e-01 9.568997e-01 7.725344e-02
    outer loop
      vertex   -1.367894e+01 -3.484210e+01 1.175392e+02
      vertex   -1.344129e+01 -3.484210e+01 1.184004e+02
      vertex   -1.317255e+01 -3.475674e+01 1.183170e+02
    endloop
  endfacet
  facet normal -2.744896e-01 9.568997e-01 9.486024e-02
    outer loop
      vertex   -1.317255e+01 -3.475674e+01 1.183170e+02
      vertex   -1.344129e+01 -3.484210e+01 1.184004e+02
      vertex   -1.288657e+01 -3.475674e+01 1.191445e+02
    endloop
  endfacet
  facet normal -9.480938e-02 9.949561e-01 3.276496e-02
    outer loop
      vertex   -1.317255e+01 -3.475674e+01 1.183170e+02
      vertex   -1.288657e+01 -3.475674e+01 1.191445e+02
      vertex   -1.278280e+01 -3.472792e+01 1.185696e+02
    endloop
  endfacet
  facet normal -8.941651e-02 9.954219e-01 3.376159e-02
    outer loop
      vertex   -1.278280e+01 -3.472792e+01 1.185696e+02
      vertex   -1.288657e+01 -3.475674e+01 1.191445e+02
      vertex   -1.246236e+01 -3.472792e+01 1.194183e+02
    endloop
  endfacet
  facet normal -9.259514e-02 9.949500e-01 3.873764e-02
    outer loop
      vertex   -1.246236e+01 -3.472792e+01 1.194183e+02
      vertex   -1.288657e+01 -3.475674e+01 1.191445e+02
      vertex   -1.254866e+01 -3.475674e+01 1.199523e+02
    endloop
  endfacet
  facet normal -8.692375e-02 9.954244e-01 3.967974e-02
    outer loop
      vertex   -1.246236e+01 -3.472792e+01 1.194183e+02
      vertex   -1.254866e+01 -3.475674e+01 1.199523e+02
      vertex   -1.208565e+01 -3.472792e+01 1.202435e+02
    endloop
  endfacet
  facet normal -8.994665e-02 9.949505e-01 4.453248e-02
    outer loop
      vertex   -1.208565e+01 -3.472792e+01 1.202435e+02
      vertex   -1.254866e+01 -3.475674e+01 1.199523e+02
      vertex   -1.216018e+01 -3.475674e+01 1.207369e+02
    endloop
  endfacet
  facet normal -8.409288e-02 9.954211e-01 4.544418e-02
    outer loop
      vertex   -1.208565e+01 -3.472792e+01 1.202435e+02
      vertex   -1.216018e+01 -3.475674e+01 1.207369e+02
      vertex   -1.165437e+01 -3.472792e+01 1.210416e+02
    endloop
  endfacet
  facet normal -8.687976e-02 9.949575e-01 5.011493e-02
    outer loop
      vertex   -1.165437e+01 -3.472792e+01 1.210416e+02
      vertex   -1.216018e+01 -3.475674e+01 1.207369e+02
      vertex   -1.172270e+01 -3.475674e+01 1.214953e+02
    endloop
  endfacet
  facet normal -8.093111e-02 9.954120e-01 5.103965e-02
    outer loop
      vertex   -1.165437e+01 -3.472792e+01 1.210416e+02
      vertex   -1.172270e+01 -3.475674e+01 1.214953e+02
      vertex   -1.117046e+01 -3.472792e+01 1.218089e+02
    endloop
  endfacet
  facet normal -8.341337e-02 9.949710e-01 5.545201e-02
    outer loop
      vertex   -1.117046e+01 -3.472792e+01 1.218089e+02
      vertex   -1.172270e+01 -3.475674e+01 1.214953e+02
      vertex   -1.123798e+01 -3.475674e+01 1.222245e+02
    endloop
  endfacet
  facet normal -7.744615e-02 9.953971e-01 5.645115e-02
    outer loop
      vertex   -1.117046e+01 -3.472792e+01 1.218089e+02
      vertex   -1.123798e+01 -3.475674e+01 1.222245e+02
      vertex   -1.063611e+01 -3.472792e+01 1.225420e+02
    endloop
  endfacet
  facet normal -7.956925e-02 9.949909e-01 6.051267e-02
    outer loop
      vertex   -1.063611e+01 -3.472792e+01 1.225420e+02
      vertex   -1.123798e+01 -3.475674e+01 1.222245e+02
      vertex   -1.070798e+01 -3.475674e+01 1.229214e+02
    endloop
  endfacet
  facet normal -7.364617e-02 9.953762e-01 6.166392e-02
    outer loop
      vertex   -1.063611e+01 -3.472792e+01 1.225420e+02
      vertex   -1.070798e+01 -3.475674e+01 1.229214e+02
      vertex   -1.005374e+01 -3.472792e+01 1.232375e+02
    endloop
  endfacet
  facet normal -7.537183e-02 9.950172e-01 6.526800e-02
    outer loop
      vertex   -1.005374e+01 -3.472792e+01 1.232375e+02
      vertex   -1.070798e+01 -3.475674e+01 1.229214e+02
      vertex   -1.013483e+01 -3.475674e+01 1.235832e+02
    endloop
  endfacet
  facet normal -6.953977e-02 9.953493e-01 6.666352e-02
    outer loop
      vertex   -1.005374e+01 -3.472792e+01 1.232375e+02
      vertex   -1.013483e+01 -3.475674e+01 1.235832e+02
      vertex   -9.425967e+00 -3.472792e+01 1.238923e+02
    endloop
  endfacet
  facet normal -7.084797e-02 9.950496e-01 6.969151e-02
    outer loop
      vertex   -9.425967e+00 -3.472792e+01 1.238923e+02
      vertex   -1.013483e+01 -3.475674e+01 1.235832e+02
      vertex   -9.520837e+00 -3.475674e+01 1.242074e+02
    endloop
  endfacet
  facet normal -6.513602e-02 9.953161e-01 7.143578e-02
    outer loop
      vertex   -9.425967e+00 -3.472792e+01 1.238923e+02
      vertex   -9.520837e+00 -3.475674e+01 1.242074e+02
      vertex   -8.755635e+00 -3.472792e+01 1.245036e+02
    endloop
  endfacet
  facet normal -6.602667e-02 9.950880e-01 7.375935e-02
    outer loop
      vertex   -8.755635e+00 -3.472792e+01 1.245036e+02
      vertex   -9.520837e+00 -3.475674e+01 1.242074e+02
      vertex   -8.868480e+00 -3.475674e+01 1.247914e+02
    endloop
  endfacet
  facet normal -6.044436e-02 9.952766e-01 7.596685e-02
    outer loop
      vertex   -8.755635e+00 -3.472792e+01 1.245036e+02
      vertex   -8.868480e+00 -3.475674e+01 1.247914e+02
      vertex   -8.045767e+00 -3.472792e+01 1.250684e+02
    endloop
  endfacet
  facet normal -6.093881e-02 9.951321e-01 7.745047e-02
    outer loop
      vertex   -8.045767e+00 -3.472792e+01 1.250684e+02
      vertex   -8.868480e+00 -3.475674e+01 1.247914e+02
      vertex   -8.180386e+00 -3.475674e+01 1.253328e+02
    endloop
  endfacet
  facet normal -5.547463e-02 9.952304e-01 8.024320e-02
    outer loop
      vertex   -8.045767e+00 -3.472792e+01 1.250684e+02
      vertex   -8.180386e+00 -3.475674e+01 1.253328e+02
      vertex   -7.299570e+00 -3.472792e+01 1.255843e+02
    endloop
  endfacet
  facet normal -5.562158e-02 9.951801e-01 8.076367e-02
    outer loop
      vertex   -7.299570e+00 -3.472792e+01 1.255843e+02
      vertex   -8.180386e+00 -3.475674e+01 1.253328e+02
      vertex   -7.457992e+00 -3.475674e+01 1.258303e+02
    endloop
  endfacet
  facet normal -5.038748e-02 9.951797e-01 8.413370e-02
    outer loop
      vertex   -7.299570e+00 -3.472792e+01 1.255843e+02
      vertex   -7.457992e+00 -3.475674e+01 1.258303e+02
      vertex   -6.708211e+00 -3.475674e+01 1.262793e+02
    endloop
  endfacet
  facet normal -1.492169e-01 9.568998e-01 2.491526e-01
    outer loop
      vertex   -6.708211e+00 -3.475674e+01 1.262793e+02
      vertex   -7.457992e+00 -3.475674e+01 1.258303e+02
      vertex   -6.845069e+00 -3.484210e+01 1.265252e+02
    endloop
  endfacet
  facet normal -1.331233e-01 9.568997e-01 2.581108e-01
    outer loop
      vertex   -6.708211e+00 -3.475674e+01 1.262793e+02
      vertex   -6.845069e+00 -3.484210e+01 1.265252e+02
      vertex   -5.930063e+00 -3.475674e+01 1.266807e+02
    endloop
  endfacet
  facet normal -1.331233e-01 9.568997e-01 2.581108e-01
    outer loop
      vertex   -5.930063e+00 -3.475674e+01 1.266807e+02
      vertex   -6.845069e+00 -3.484210e+01 1.265252e+02
      vertex   -6.051045e+00 -3.484210e+01 1.269347e+02
    endloop
  endfacet
  facet normal -1.164786e-01 9.568997e-01 2.660371e-01
    outer loop
      vertex   -5.930063e+00 -3.475674e+01 1.266807e+02
      vertex   -6.051045e+00 -3.484210e+01 1.269347e+02
      vertex   -5.128019e+00 -3.475674e+01 1.270318e+02
    endloop
  endfacet
  facet normal -1.164786e-01 9.568997e-01 2.660371e-01
    outer loop
      vertex   -5.128019e+00 -3.475674e+01 1.270318e+02
      vertex   -6.051045e+00 -3.484210e+01 1.269347e+02
      vertex   -5.232638e+00 -3.484210e+01 1.272931e+02
    endloop
  endfacet
  facet normal -9.936448e-02 9.568997e-01 2.728914e-01
    outer loop
      vertex   -5.128019e+00 -3.475674e+01 1.270318e+02
      vertex   -5.232638e+00 -3.484210e+01 1.272931e+02
      vertex   -4.305311e+00 -3.475674e+01 1.273314e+02
    endloop
  endfacet
  facet normal -9.936448e-02 9.568997e-01 2.728914e-01
    outer loop
      vertex   -4.305311e+00 -3.475674e+01 1.273314e+02
      vertex   -5.232638e+00 -3.484210e+01 1.272931e+02
      vertex   -4.393145e+00 -3.484210e+01 1.275987e+02
    endloop
  endfacet
  facet normal -8.185001e-02 9.568997e-01 2.786460e-01
    outer loop
      vertex   -4.305311e+00 -3.475674e+01 1.273314e+02
      vertex   -4.393145e+00 -3.484210e+01 1.275987e+02
      vertex   -3.465254e+00 -3.475674e+01 1.275782e+02
    endloop
  endfacet
  facet normal -8.185001e-02 9.568997e-01 2.786460e-01
    outer loop
      vertex   -3.465254e+00 -3.475674e+01 1.275782e+02
      vertex   -4.393145e+00 -3.484210e+01 1.275987e+02
      vertex   -3.535950e+00 -3.484210e+01 1.278505e+02
    endloop
  endfacet
  facet normal -6.400571e-02 9.568997e-01 2.832777e-01
    outer loop
      vertex   -3.465254e+00 -3.475674e+01 1.275782e+02
      vertex   -3.535950e+00 -3.484210e+01 1.278505e+02
      vertex   -2.611233e+00 -3.475674e+01 1.277711e+02
    endloop
  endfacet
  facet normal -6.400571e-02 9.568997e-01 2.832777e-01
    outer loop
      vertex   -2.611233e+00 -3.475674e+01 1.277711e+02
      vertex   -3.535950e+00 -3.484210e+01 1.278505e+02
      vertex   -2.664506e+00 -3.484210e+01 1.280474e+02
    endloop
  endfacet
  facet normal -4.590349e-02 9.568997e-01 2.867680e-01
    outer loop
      vertex   -2.611233e+00 -3.475674e+01 1.277711e+02
      vertex   -2.664506e+00 -3.484210e+01 1.280474e+02
      vertex   -1.746690e+00 -3.475674e+01 1.279095e+02
    endloop
  endfacet
  facet normal -4.590349e-02 9.568997e-01 2.867680e-01
    outer loop
      vertex   -1.746690e+00 -3.475674e+01 1.279095e+02
      vertex   -2.664506e+00 -3.484210e+01 1.280474e+02
      vertex   -1.782325e+00 -3.484210e+01 1.281886e+02
    endloop
  endfacet
  facet normal -2.761629e-02 9.568997e-01 2.891027e-01
    outer loop
      vertex   -1.746690e+00 -3.475674e+01 1.279095e+02
      vertex   -1.782325e+00 -3.484210e+01 1.281886e+02
      vertex   -8.751081e-01 -3.475674e+01 1.279928e+02
    endloop
  endfacet
  facet normal -2.761629e-02 9.568997e-01 2.891027e-01
    outer loop
      vertex   -8.751081e-01 -3.475674e+01 1.279928e+02
      vertex   -1.782325e+00 -3.484210e+01 1.281886e+02
      vertex   -8.929616e-01 -3.484210e+01 1.282736e+02
    endloop
  endfacet
  facet normal -9.217812e-03 9.568997e-01 2.902723e-01
    outer loop
      vertex   -8.751081e-01 -3.475674e+01 1.279928e+02
      vertex   -8.929616e-01 -3.484210e+01 1.282736e+02
      vertex   8.677993e-16 -3.475674e+01 1.280206e+02
    endloop
  endfacet
  facet normal -9.217812e-03 9.568997e-01 2.902723e-01
    outer loop
      vertex   8.677993e-16 -3.475674e+01 1.280206e+02
      vertex   -8.929616e-01 -3.484210e+01 1.282736e+02
      vertex   1.197430e-15 -3.484210e+01 1.283019e+02
    endloop
  endfacet
  facet normal 9.217812e-03 9.568997e-01 2.902723e-01
    outer loop
      vertex   8.677993e-16 -3.475674e+01 1.280206e+02
      vertex   1.197430e-15 -3.484210e+01 1.283019e+02
      vertex   8.751081e-01 -3.475674e+01 1.279928e+02
    endloop
  endfacet
  facet normal 9.217812e-03 9.568997e-01 2.902723e-01
    outer loop
      vertex   8.751081e-01 -3.475674e+01 1.279928e+02
      vertex   1.197430e-15 -3.484210e+01 1.283019e+02
      vertex   8.929616e-01 -3.484210e+01 1.282736e+02
    endloop
  endfacet
  facet normal 2.761629e-02 9.568997e-01 2.891027e-01
    outer loop
      vertex   8.751081e-01 -3.475674e+01 1.279928e+02
      vertex   8.929616e-01 -3.484210e+01 1.282736e+02
      vertex   1.746690e+00 -3.475674e+01 1.279095e+02
    endloop
  endfacet
  facet normal 2.761629e-02 9.568997e-01 2.891027e-01
    outer loop
      vertex   1.746690e+00 -3.475674e+01 1.279095e+02
      vertex   8.929616e-01 -3.484210e+01 1.282736e+02
      vertex   1.782325e+00 -3.484210e+01 1.281886e+02
    endloop
  endfacet
  facet normal 4.590349e-02 9.568997e-01 2.867680e-01
    outer loop
      vertex   1.746690e+00 -3.475674e+01 1.279095e+02
      vertex   1.782325e+00 -3.484210e+01 1.281886e+02
      vertex   2.611233e+00 -3.475674e+01 1.277711e+02
    endloop
  endfacet
  facet normal 4.590349e-02 9.568997e-01 2.867680e-01
    outer loop
      vertex   2.611233e+00 -3.475674e+01 1.277711e+02
      vertex   1.782325e+00 -3.484210e+01 1.281886e+02
      vertex   2.664506e+00 -3.484210e+01 1.280474e+02
    endloop
  endfacet
  facet normal 6.400571e-02 9.568997e-01 2.832777e-01
    outer loop
      vertex   2.611233e+00 -3.475674e+01 1.277711e+02
      vertex   2.664506e+00 -3.484210e+01 1.280474e+02
      vertex   3.465254e+00 -3.475674e+01 1.275782e+02
    endloop
  endfacet
  facet normal 6.400571e-02 9.568997e-01 2.832777e-01
    outer loop
      vertex   3.465254e+00 -3.475674e+01 1.275782e+02
      vertex   2.664506e+00 -3.484210e+01 1.280474e+02
      vertex   3.535950e+00 -3.484210e+01 1.278505e+02
    endloop
  endfacet
  facet normal 8.185001e-02 9.568997e-01 2.786460e-01
    outer loop
      vertex   3.465254e+00 -3.475674e+01 1.275782e+02
      vertex   3.535950e+00 -3.484210e+01 1.278505e+02
      vertex   4.305311e+00 -3.475674e+01 1.273314e+02
    endloop
  endfacet
  facet normal 8.185001e-02 9.568997e-01 2.786460e-01
    outer loop
      vertex   4.305311e+00 -3.475674e+01 1.273314e+02
      vertex   3.535950e+00 -3.484210e+01 1.278505e+02
      vertex   4.393145e+00 -3.484210e+01 1.275987e+02
    endloop
  endfacet
  facet normal 9.936448e-02 9.568997e-01 2.728914e-01
    outer loop
      vertex   4.305311e+00 -3.475674e+01 1.273314e+02
      vertex   4.393145e+00 -3.484210e+01 1.275987e+02
      vertex   5.128019e+00 -3.475674e+01 1.270318e+02
    endloop
  endfacet
  facet normal 9.936448e-02 9.568997e-01 2.728914e-01
    outer loop
      vertex   5.128019e+00 -3.475674e+01 1.270318e+02
      vertex   4.393145e+00 -3.484210e+01 1.275987e+02
      vertex   5.232638e+00 -3.484210e+01 1.272931e+02
    endloop
  endfacet
  facet normal 1.164786e-01 9.568997e-01 2.660371e-01
    outer loop
      vertex   5.128019e+00 -3.475674e+01 1.270318e+02
      vertex   5.232638e+00 -3.484210e+01 1.272931e+02
      vertex   5.930063e+00 -3.475674e+01 1.266807e+02
    endloop
  endfacet
  facet normal 1.164786e-01 9.568997e-01 2.660371e-01
    outer loop
      vertex   5.930063e+00 -3.475674e+01 1.266807e+02
      vertex   5.232638e+00 -3.484210e+01 1.272931e+02
      vertex   6.051045e+00 -3.484210e+01 1.269347e+02
    endloop
  endfacet
  facet normal 1.331233e-01 9.568997e-01 2.581108e-01
    outer loop
      vertex   5.930063e+00 -3.475674e+01 1.266807e+02
      vertex   6.051045e+00 -3.484210e+01 1.269347e+02
      vertex   6.708211e+00 -3.475674e+01 1.262793e+02
    endloop
  endfacet
  facet normal 1.331233e-01 9.568997e-01 2.581108e-01
    outer loop
      vertex   6.708211e+00 -3.475674e+01 1.262793e+02
      vertex   6.051045e+00 -3.484210e+01 1.269347e+02
      vertex   6.845069e+00 -3.484210e+01 1.265252e+02
    endloop
  endfacet
  facet normal 1.492169e-01 9.568998e-01 2.491526e-01
    outer loop
      vertex   6.708211e+00 -3.475674e+01 1.262793e+02
      vertex   6.845069e+00 -3.484210e+01 1.265252e+02
      vertex   7.457992e+00 -3.475674e+01 1.258303e+02
    endloop
  endfacet
  facet normal 1.492225e-01 9.568977e-01 2.491573e-01
    outer loop
      vertex   7.457992e+00 -3.475674e+01 1.258303e+02
      vertex   6.845069e+00 -3.484210e+01 1.265252e+02
      vertex   7.610340e+00 -3.484210e+01 1.260669e+02
    endloop
  endfacet
  facet normal 1.647210e-01 9.569016e-01 2.391783e-01
    outer loop
      vertex   7.457992e+00 -3.475674e+01 1.258303e+02
      vertex   7.610340e+00 -3.484210e+01 1.260669e+02
      vertex   8.180386e+00 -3.475674e+01 1.253328e+02
    endloop
  endfacet
  facet normal 1.647269e-01 9.568996e-01 2.391826e-01
    outer loop
      vertex   8.180386e+00 -3.475674e+01 1.253328e+02
      vertex   7.610340e+00 -3.484210e+01 1.260669e+02
      vertex   8.347277e+00 -3.484210e+01 1.255593e+02
    endloop
  endfacet
  facet normal 1.795815e-01 9.568997e-01 2.282400e-01
    outer loop
      vertex   8.180386e+00 -3.475674e+01 1.253328e+02
      vertex   8.347277e+00 -3.484210e+01 1.255593e+02
      vertex   8.868480e+00 -3.475674e+01 1.247914e+02
    endloop
  endfacet
  facet normal 1.795815e-01 9.568997e-01 2.282400e-01
    outer loop
      vertex   8.868480e+00 -3.475674e+01 1.247914e+02
      vertex   8.347277e+00 -3.484210e+01 1.255593e+02
      vertex   9.049410e+00 -3.484210e+01 1.250069e+02
    endloop
  endfacet
  facet normal 1.937009e-01 9.568997e-01 2.163861e-01
    outer loop
      vertex   8.868480e+00 -3.475674e+01 1.247914e+02
      vertex   9.049410e+00 -3.484210e+01 1.250069e+02
      vertex   9.520837e+00 -3.475674e+01 1.242074e+02
    endloop
  endfacet
  facet normal 1.937009e-01 9.568997e-01 2.163861e-01
    outer loop
      vertex   9.520837e+00 -3.475674e+01 1.242074e+02
      vertex   9.049410e+00 -3.484210e+01 1.250069e+02
      vertex   9.715076e+00 -3.484210e+01 1.244110e+02
    endloop
  endfacet
  facet normal 2.070398e-01 9.568997e-01 2.036603e-01
    outer loop
      vertex   9.520837e+00 -3.475674e+01 1.242074e+02
      vertex   9.715076e+00 -3.484210e+01 1.244110e+02
      vertex   1.013483e+01 -3.475674e+01 1.235832e+02
    endloop
  endfacet
  facet normal 2.070398e-01 9.568997e-01 2.036603e-01
    outer loop
      vertex   1.013483e+01 -3.475674e+01 1.235832e+02
      vertex   9.715076e+00 -3.484210e+01 1.244110e+02
      vertex   1.034159e+01 -3.484210e+01 1.237741e+02
    endloop
  endfacet
  facet normal 2.195444e-01 9.568997e-01 1.901138e-01
    outer loop
      vertex   1.013483e+01 -3.475674e+01 1.235832e+02
      vertex   1.034159e+01 -3.484210e+01 1.237741e+02
      vertex   1.070798e+01 -3.475674e+01 1.229214e+02
    endloop
  endfacet
  facet normal 2.195444e-01 9.568997e-01 1.901138e-01
    outer loop
      vertex   1.070798e+01 -3.475674e+01 1.229214e+02
      vertex   1.034159e+01 -3.484210e+01 1.237741e+02
      vertex   1.092644e+01 -3.484210e+01 1.230987e+02
    endloop
  endfacet
  facet normal 2.311643e-01 9.568997e-01 1.758012e-01
    outer loop
      vertex   1.070798e+01 -3.475674e+01 1.229214e+02
      vertex   1.092644e+01 -3.484210e+01 1.230987e+02
      vertex   1.123798e+01 -3.475674e+01 1.222245e+02
    endloop
  endfacet
  facet normal 2.311643e-01 9.568997e-01 1.758012e-01
    outer loop
      vertex   1.123798e+01 -3.475674e+01 1.222245e+02
      vertex   1.092644e+01 -3.484210e+01 1.230987e+02
      vertex   1.146725e+01 -3.484210e+01 1.223876e+02
    endloop
  endfacet
  facet normal 2.418527e-01 9.568997e-01 1.607802e-01
    outer loop
      vertex   1.123798e+01 -3.475674e+01 1.222245e+02
      vertex   1.146725e+01 -3.484210e+01 1.223876e+02
      vertex   1.172270e+01 -3.475674e+01 1.214953e+02
    endloop
  endfacet
  facet normal 2.418527e-01 9.568997e-01 1.607802e-01
    outer loop
      vertex   1.172270e+01 -3.475674e+01 1.214953e+02
      vertex   1.146725e+01 -3.484210e+01 1.223876e+02
      vertex   1.196186e+01 -3.484210e+01 1.216436e+02
    endloop
  endfacet
  facet normal 2.515665e-01 9.568997e-01 1.451113e-01
    outer loop
      vertex   1.172270e+01 -3.475674e+01 1.214953e+02
      vertex   1.196186e+01 -3.484210e+01 1.216436e+02
      vertex   1.216018e+01 -3.475674e+01 1.207369e+02
    endloop
  endfacet
  facet normal 2.515665e-01 9.568997e-01 1.451113e-01
    outer loop
      vertex   1.216018e+01 -3.475674e+01 1.207369e+02
      vertex   1.196186e+01 -3.484210e+01 1.216436e+02
      vertex   1.240826e+01 -3.484210e+01 1.208697e+02
    endloop
  endfacet
  facet normal 2.602666e-01 9.568997e-01 1.288577e-01
    outer loop
      vertex   1.216018e+01 -3.475674e+01 1.207369e+02
      vertex   1.240826e+01 -3.484210e+01 1.208697e+02
      vertex   1.254866e+01 -3.475674e+01 1.199523e+02
    endloop
  endfacet
  facet normal 2.602666e-01 9.568997e-01 1.288577e-01
    outer loop
      vertex   1.254866e+01 -3.475674e+01 1.199523e+02
      vertex   1.240826e+01 -3.484210e+01 1.208697e+02
      vertex   1.280467e+01 -3.484210e+01 1.200690e+02
    endloop
  endfacet
  facet normal 2.679179e-01 9.568997e-01 1.120848e-01
    outer loop
      vertex   1.254866e+01 -3.475674e+01 1.199523e+02
      vertex   1.280467e+01 -3.484210e+01 1.200690e+02
      vertex   1.288657e+01 -3.475674e+01 1.191445e+02
    endloop
  endfacet
  facet normal 2.679179e-01 9.568997e-01 1.120848e-01
    outer loop
      vertex   1.288657e+01 -3.475674e+01 1.191445e+02
      vertex   1.280467e+01 -3.484210e+01 1.200690e+02
      vertex   1.314947e+01 -3.484210e+01 1.192448e+02
    endloop
  endfacet
  facet normal 2.744896e-01 9.568997e-01 9.486024e-02
    outer loop
      vertex   1.288657e+01 -3.475674e+01 1.191445e+02
      vertex   1.314947e+01 -3.484210e+01 1.192448e+02
      vertex   1.317255e+01 -3.475674e+01 1.183170e+02
    endloop
  endfacet
  facet normal 2.744896e-01 9.568997e-01 9.486024e-02
    outer loop
      vertex   1.317255e+01 -3.475674e+01 1.183170e+02
      vertex   1.314947e+01 -3.484210e+01 1.192448e+02
      vertex   1.344129e+01 -3.484210e+01 1.184004e+02
    endloop
  endfacet
  facet normal 2.799552e-01 9.568997e-01 7.725344e-02
    outer loop
      vertex   1.317255e+01 -3.475674e+01 1.183170e+02
      vertex   1.344129e+01 -3.484210e+01 1.184004e+02
      vertex   1.340545e+01 -3.475674e+01 1.174730e+02
    endloop
  endfacet
  facet normal 2.799552e-01 9.568997e-01 7.725344e-02
    outer loop
      vertex   1.340545e+01 -3.475674e+01 1.174730e+02
      vertex   1.344129e+01 -3.484210e+01 1.184004e+02
      vertex   1.367894e+01 -3.484210e+01 1.175392e+02
    endloop
  endfacet
  facet normal 2.842927e-01 9.568997e-01 5.933533e-02
    outer loop
      vertex   1.340545e+01 -3.475674e+01 1.174730e+02
      vertex   1.367894e+01 -3.484210e+01 1.175392e+02
      vertex   1.358434e+01 -3.475674e+01 1.166159e+02
    endloop
  endfacet
  facet normal 2.842927e-01 9.568997e-01 5.933533e-02
    outer loop
      vertex   1.358434e+01 -3.475674e+01 1.166159e+02
      vertex   1.367894e+01 -3.484210e+01 1.175392e+02
      vertex   1.386148e+01 -3.484210e+01 1.166646e+02
    endloop
  endfacet
  facet normal 2.874845e-01 9.568997e-01 4.117813e-02
    outer loop
      vertex   1.358434e+01 -3.475674e+01 1.166159e+02
      vertex   1.386148e+01 -3.484210e+01 1.166646e+02
      vertex   1.370848e+01 -3.475674e+01 1.157492e+02
    endloop
  endfacet
  facet normal 2.874845e-01 9.568997e-01 4.117813e-02
    outer loop
      vertex   1.370848e+01 -3.475674e+01 1.157492e+02
      vertex   1.386148e+01 -3.484210e+01 1.166646e+02
      vertex   1.398815e+01 -3.484210e+01 1.157803e+02
    endloop
  endfacet
  facet normal 2.895180e-01 9.568997e-01 2.285499e-02
    outer loop
      vertex   1.370848e+01 -3.475674e+01 1.157492e+02
      vertex   1.398815e+01 -3.484210e+01 1.157803e+02
      vertex   1.377738e+01 -3.475674e+01 1.148764e+02
    endloop
  endfacet
  facet normal 2.895180e-01 9.568997e-01 2.285499e-02
    outer loop
      vertex   1.377738e+01 -3.475674e+01 1.148764e+02
      vertex   1.398815e+01 -3.484210e+01 1.157803e+02
      vertex   1.405846e+01 -3.484210e+01 1.148896e+02
    endloop
  endfacet
  facet normal 2.903847e-01 9.568997e-01 4.439753e-03
    outer loop
      vertex   1.377738e+01 -3.475674e+01 1.148764e+02
      vertex   1.405846e+01 -3.484210e+01 1.148896e+02
      vertex   1.379077e+01 -3.475674e+01 1.140009e+02
    endloop
  endfacet
  facet normal 2.903847e-01 9.568997e-01 4.439753e-03
    outer loop
      vertex   1.379077e+01 -3.475674e+01 1.140009e+02
      vertex   1.405846e+01 -3.484210e+01 1.148896e+02
      vertex   1.407212e+01 -3.484210e+01 1.139963e+02
    endloop
  endfacet
  facet normal 2.900813e-01 9.568997e-01 -1.399337e-02
    outer loop
      vertex   1.379077e+01 -3.475674e+01 1.140009e+02
      vertex   1.407212e+01 -3.484210e+01 1.139963e+02
      vertex   1.374858e+01 -3.475674e+01 1.131264e+02
    endloop
  endfacet
  facet normal 2.900813e-01 9.568997e-01 -1.399337e-02
    outer loop
      vertex   1.374858e+01 -3.475674e+01 1.131264e+02
      vertex   1.407212e+01 -3.484210e+01 1.139963e+02
      vertex   1.402907e+01 -3.484210e+01 1.131039e+02
    endloop
  endfacet
  facet normal 2.886132e-01 9.569001e-01 -3.232009e-02
    outer loop
      vertex   1.374858e+01 -3.475674e+01 1.131264e+02
      vertex   1.402907e+01 -3.484210e+01 1.131039e+02
      vertex   1.365167e+01 -3.475674e+01 1.122610e+02
    endloop
  endfacet
  facet normal 2.886328e-01 9.568939e-01 -3.232950e-02
    outer loop
      vertex   1.365167e+01 -3.475674e+01 1.122610e+02
      vertex   1.402907e+01 -3.484210e+01 1.131039e+02
      vertex   1.393009e+01 -3.484210e+01 1.122202e+02
    endloop
  endfacet
  facet normal 2.859633e-01 9.569056e-01 -5.056362e-02
    outer loop
      vertex   1.365167e+01 -3.475674e+01 1.122610e+02
      vertex   1.393009e+01 -3.484210e+01 1.122202e+02
      vertex   1.349839e+01 -3.475674e+01 1.113942e+02
    endloop
  endfacet
  facet normal 2.859825e-01 9.568993e-01 -5.057429e-02
    outer loop
      vertex   1.349839e+01 -3.475674e+01 1.113942e+02
      vertex   1.393009e+01 -3.484210e+01 1.122202e+02
      vertex   1.377378e+01 -3.484210e+01 1.113364e+02
    endloop
  endfacet
  facet normal 2.821861e-01 9.568997e-01 -6.865874e-02
    outer loop
      vertex   1.349839e+01 -3.475674e+01 1.113942e+02
      vertex   1.377378e+01 -3.484210e+01 1.113364e+02
      vertex   1.329140e+01 -3.475674e+01 1.105434e+02
    endloop
  endfacet
  facet normal 2.821861e-01 9.568997e-01 -6.865874e-02
    outer loop
      vertex   1.329140e+01 -3.475674e+01 1.105434e+02
      vertex   1.377378e+01 -3.484210e+01 1.113364e+02
      vertex   1.356257e+01 -3.484210e+01 1.104683e+02
    endloop
  endfacet
  facet normal 2.772613e-01 9.568997e-01 -8.642441e-02
    outer loop
      vertex   1.329140e+01 -3.475674e+01 1.105434e+02
      vertex   1.356257e+01 -3.484210e+01 1.104683e+02
      vertex   1.303085e+01 -3.475674e+01 1.097076e+02
    endloop
  endfacet
  facet normal 2.772613e-01 9.568997e-01 -8.642441e-02
    outer loop
      vertex   1.303085e+01 -3.475674e+01 1.097076e+02
      vertex   1.356257e+01 -3.484210e+01 1.104683e+02
      vertex   1.329670e+01 -3.484210e+01 1.096153e+02
    endloop
  endfacet
  facet normal 2.712192e-01 9.568997e-01 -1.038418e-01
    outer loop
      vertex   1.303085e+01 -3.475674e+01 1.097076e+02
      vertex   1.329670e+01 -3.484210e+01 1.096153e+02
      vertex   1.271779e+01 -3.475674e+01 1.088899e+02
    endloop
  endfacet
  facet normal 2.712192e-01 9.568997e-01 -1.038418e-01
    outer loop
      vertex   1.271779e+01 -3.475674e+01 1.088899e+02
      vertex   1.329670e+01 -3.484210e+01 1.096153e+02
      vertex   1.297725e+01 -3.484210e+01 1.087810e+02
    endloop
  endfacet
  facet normal 2.640843e-01 9.568997e-01 -1.208408e-01
    outer loop
      vertex   1.271779e+01 -3.475674e+01 1.088899e+02
      vertex   1.297725e+01 -3.484210e+01 1.087810e+02
      vertex   1.235348e+01 -3.475674e+01 1.080937e+02
    endloop
  endfacet
  facet normal 2.640843e-01 9.568997e-01 -1.208408e-01
    outer loop
      vertex   1.235348e+01 -3.475674e+01 1.080937e+02
      vertex   1.297725e+01 -3.484210e+01 1.087810e+02
      vertex   1.260551e+01 -3.484210e+01 1.079686e+02
    endloop
  endfacet
  facet normal 2.558852e-01 9.568997e-01 -1.373528e-01
    outer loop
      vertex   1.235348e+01 -3.475674e+01 1.080937e+02
      vertex   1.260551e+01 -3.484210e+01 1.079686e+02
      vertex   1.193939e+01 -3.475674e+01 1.073223e+02
    endloop
  endfacet
  facet normal 2.558852e-01 9.568997e-01 -1.373528e-01
    outer loop
      vertex   1.193939e+01 -3.475674e+01 1.073223e+02
      vertex   1.260551e+01 -3.484210e+01 1.079686e+02
      vertex   1.218298e+01 -3.484210e+01 1.071814e+02
    endloop
  endfacet
  facet normal 2.466549e-01 9.568997e-01 -1.533113e-01
    outer loop
      vertex   1.193939e+01 -3.475674e+01 1.073223e+02
      vertex   1.218298e+01 -3.484210e+01 1.071814e+02
      vertex   1.147719e+01 -3.475674e+01 1.065787e+02
    endloop
  endfacet
  facet normal 2.466549e-01 9.568997e-01 -1.533113e-01
    outer loop
      vertex   1.147719e+01 -3.475674e+01 1.065787e+02
      vertex   1.218298e+01 -3.484210e+01 1.071814e+02
      vertex   1.171135e+01 -3.484210e+01 1.064226e+02
    endloop
  endfacet
  facet normal 2.364307e-01 9.568997e-01 -1.686520e-01
    outer loop
      vertex   1.147719e+01 -3.475674e+01 1.065787e+02
      vertex   1.171135e+01 -3.484210e+01 1.064226e+02
      vertex   1.096874e+01 -3.475674e+01 1.058659e+02
    endloop
  endfacet
  facet normal 2.364307e-01 9.568997e-01 -1.686520e-01
    outer loop
      vertex   1.096874e+01 -3.475674e+01 1.058659e+02
      vertex   1.171135e+01 -3.484210e+01 1.064226e+02
      vertex   1.119252e+01 -3.484210e+01 1.056953e+02
    endloop
  endfacet
  facet normal 2.252538e-01 9.568997e-01 -1.833132e-01
    outer loop
      vertex   1.096874e+01 -3.475674e+01 1.058659e+02
      vertex   1.119252e+01 -3.484210e+01 1.056953e+02
      vertex   1.041610e+01 -3.475674e+01 1.051868e+02
    endloop
  endfacet
  facet normal 2.252538e-01 9.568997e-01 -1.833132e-01
    outer loop
      vertex   1.041610e+01 -3.475674e+01 1.051868e+02
      vertex   1.119252e+01 -3.484210e+01 1.056953e+02
      vertex   1.062860e+01 -3.484210e+01 1.050024e+02
    endloop
  endfacet
  facet normal 2.131692e-01 9.568997e-01 -1.972356e-01
    outer loop
      vertex   1.041610e+01 -3.475674e+01 1.051868e+02
      vertex   1.062860e+01 -3.484210e+01 1.050024e+02
      vertex   9.821473e+00 -3.475674e+01 1.045441e+02
    endloop
  endfacet
  facet normal 2.131692e-01 9.568997e-01 -1.972356e-01
    outer loop
      vertex   9.821473e+00 -3.475674e+01 1.045441e+02
      vertex   1.062860e+01 -3.484210e+01 1.050024e+02
      vertex   1.002184e+01 -3.484210e+01 1.043466e+02
    endloop
  endfacet
  facet normal 2.002256e-01 9.568997e-01 -2.103633e-01
    outer loop
      vertex   9.821473e+00 -3.475674e+01 1.045441e+02
      vertex   1.002184e+01 -3.484210e+01 1.043466e+02
      vertex   9.187273e+00 -3.475674e+01 1.039405e+02
    endloop
  endfacet
  facet normal 2.002256e-01 9.568997e-01 -2.103633e-01
    outer loop
      vertex   9.187273e+00 -3.475674e+01 1.039405e+02
      vertex   1.002184e+01 -3.484210e+01 1.043466e+02
      vertex   9.374707e+00 -3.484210e+01 1.037306e+02
    endloop
  endfacet
  facet normal 1.864752e-01 9.568997e-01 -2.226432e-01
    outer loop
      vertex   9.187273e+00 -3.475674e+01 1.039405e+02
      vertex   9.374707e+00 -3.484210e+01 1.037306e+02
      vertex   8.516052e+00 -3.475674e+01 1.033783e+02
    endloop
  endfacet
  facet normal 1.864752e-01 9.568997e-01 -2.226432e-01
    outer loop
      vertex   8.516052e+00 -3.475674e+01 1.033783e+02
      vertex   9.374707e+00 -3.484210e+01 1.037306e+02
      vertex   8.689792e+00 -3.484210e+01 1.031570e+02
    endloop
  endfacet
  facet normal 1.719733e-01 9.568997e-01 -2.340260e-01
    outer loop
      vertex   8.516052e+00 -3.475674e+01 1.033783e+02
      vertex   8.689792e+00 -3.484210e+01 1.031570e+02
      vertex   7.810514e+00 -3.475674e+01 1.028599e+02
    endloop
  endfacet
  facet normal 1.719733e-01 9.568997e-01 -2.340260e-01
    outer loop
      vertex   7.810514e+00 -3.475674e+01 1.028599e+02
      vertex   8.689792e+00 -3.484210e+01 1.031570e+02
      vertex   7.969860e+00 -3.484210e+01 1.026279e+02
    endloop
  endfacet
  facet normal 1.567784e-01 9.568997e-01 -2.444658e-01
    outer loop
      vertex   7.810514e+00 -3.475674e+01 1.028599e+02
      vertex   7.969860e+00 -3.484210e+01 1.026279e+02
      vertex   7.073503e+00 -3.475674e+01 1.023872e+02
    endloop
  endfacet
  facet normal 1.567784e-01 9.568997e-01 -2.444658e-01
    outer loop
      vertex   7.073503e+00 -3.475674e+01 1.023872e+02
      vertex   7.969860e+00 -3.484210e+01 1.026279e+02
      vertex   7.217813e+00 -3.484210e+01 1.021456e+02
    endloop
  endfacet
  facet normal 1.409518e-01 9.568997e-01 -2.539204e-01
    outer loop
      vertex   7.073503e+00 -3.475674e+01 1.023872e+02
      vertex   7.217813e+00 -3.484210e+01 1.021456e+02
      vertex   6.307988e+00 -3.475674e+01 1.019623e+02
    endloop
  endfacet
  facet normal 1.409518e-01 9.568997e-01 -2.539204e-01
    outer loop
      vertex   6.307988e+00 -3.475674e+01 1.019623e+02
      vertex   7.217813e+00 -3.484210e+01 1.021456e+02
      vertex   6.436680e+00 -3.484210e+01 1.017120e+02
    endloop
  endfacet
  facet normal 1.340645e-01 9.569393e-01 -2.574759e-01
    outer loop
      vertex   6.307988e+00 -3.475674e+01 1.019623e+02
      vertex   6.436680e+00 -3.484210e+01 1.017120e+02
      vertex   5.776587e+00 -3.481139e+01 1.014825e+02
    endloop
  endfacet
  facet normal 1.622187e-01 9.253463e-01 -3.426651e-01
    outer loop
      vertex   5.776587e+00 -3.481139e+01 1.014825e+02
      vertex   6.436680e+00 -3.484210e+01 1.017120e+02
      vertex   5.852261e+00 -3.487307e+01 1.013517e+02
    endloop
  endfacet
  facet normal 2.126414e-01 8.819164e-01 -4.207221e-01
    outer loop
      vertex   5.852261e+00 -3.487307e+01 1.013517e+02
      vertex   6.436680e+00 -3.484210e+01 1.017120e+02
      vertex   6.555283e+00 -3.498072e+01 1.014814e+02
    endloop
  endfacet
  facet normal 2.131567e-01 8.794760e-01 -4.255422e-01
    outer loop
      vertex   5.852261e+00 -3.487307e+01 1.013517e+02
      vertex   6.555283e+00 -3.498072e+01 1.014814e+02
      vertex   5.914592e+00 -3.494843e+01 1.012272e+02
    endloop
  endfacet
  facet normal 2.439253e-01 8.248429e-01 -5.100340e-01
    outer loop
      vertex   5.914592e+00 -3.494843e+01 1.012272e+02
      vertex   6.555283e+00 -3.498072e+01 1.014814e+02
      vertex   5.961397e+00 -3.503527e+01 1.011092e+02
    endloop
  endfacet
  facet normal 2.844401e-01 7.729946e-01 -5.670742e-01
    outer loop
      vertex   5.961397e+00 -3.503527e+01 1.011092e+02
      vertex   6.555283e+00 -3.498072e+01 1.014814e+02
      vertex   6.659240e+00 -3.516726e+01 1.012793e+02
    endloop
  endfacet
  facet normal 2.856946e-01 7.627392e-01 -5.801789e-01
    outer loop
      vertex   5.961397e+00 -3.503527e+01 1.011092e+02
      vertex   6.659240e+00 -3.516726e+01 1.012793e+02
      vertex   5.990210e+00 -3.512942e+01 1.009996e+02
    endloop
  endfacet
  facet normal 3.096666e-01 6.973679e-01 -6.463626e-01
    outer loop
      vertex   5.990210e+00 -3.512942e+01 1.009996e+02
      vertex   6.659240e+00 -3.516726e+01 1.012793e+02
      vertex   6.000000e+00 -3.522792e+01 1.008980e+02
    endloop
  endfacet
  facet normal 3.424696e-01 6.343444e-01 -6.930525e-01
    outer loop
      vertex   6.000000e+00 -3.522792e+01 1.008980e+02
      vertex   6.659240e+00 -3.516726e+01 1.012793e+02
      vertex   6.744555e+00 -3.539457e+01 1.011134e+02
    endloop
  endfacet
  facet normal 3.434415e-01 5.899058e-01 -7.307934e-01
    outer loop
      vertex   6.000000e+00 -3.522792e+01 1.008980e+02
      vertex   6.744555e+00 -3.539457e+01 1.011134e+02
      vertex   6.000000e+00 -3.544604e+01 1.007219e+02
    endloop
  endfacet
  facet normal 3.846936e-01 4.712941e-01 -7.936578e-01
    outer loop
      vertex   6.000000e+00 -3.544604e+01 1.007219e+02
      vertex   6.744555e+00 -3.539457e+01 1.011134e+02
      vertex   6.807950e+00 -3.565390e+01 1.009901e+02
    endloop
  endfacet
  facet normal 3.829954e-01 4.424512e-01 -8.108955e-01
    outer loop
      vertex   6.000000e+00 -3.544604e+01 1.007219e+02
      vertex   6.807950e+00 -3.565390e+01 1.009901e+02
      vertex   6.000000e+00 -3.568733e+01 1.005903e+02
    endloop
  endfacet
  facet normal 4.147877e-01 2.901899e-01 -8.624042e-01
    outer loop
      vertex   6.000000e+00 -3.568733e+01 1.005903e+02
      vertex   6.807950e+00 -3.565390e+01 1.009901e+02
      vertex   6.846988e+00 -3.593529e+01 1.009142e+02
    endloop
  endfacet
  facet normal 4.110641e-01 2.643723e-01 -8.724297e-01
    outer loop
      vertex   6.000000e+00 -3.568733e+01 1.005903e+02
      vertex   6.846988e+00 -3.593529e+01 1.009142e+02
      vertex   6.000000e+00 -3.595315e+01 1.005097e+02
    endloop
  endfacet
  facet normal 4.271865e-01 9.796946e-02 -8.988402e-01
    outer loop
      vertex   6.000000e+00 -3.595315e+01 1.005097e+02
      vertex   6.846988e+00 -3.593529e+01 1.009142e+02
      vertex   6.860170e+00 -3.622792e+01 1.008886e+02
    endloop
  endfacet
  facet normal 4.268820e-01 9.661478e-02 -8.991314e-01
    outer loop
      vertex   6.000000e+00 -3.595315e+01 1.005097e+02
      vertex   6.860170e+00 -3.622792e+01 1.008886e+02
      vertex   6.000000e+00 -3.622792e+01 1.004802e+02
    endloop
  endfacet
  facet normal -9.940336e-01 9.796823e-02 -4.795167e-02
    outer loop
      vertex   -1.495209e+01 -3.622792e+01 1.130300e+02
      vertex   -1.499797e+01 -3.622792e+01 1.139811e+02
      vertex   -1.496915e+01 -3.593529e+01 1.139816e+02
    endloop
  endfacet
  facet normal -9.950732e-01 9.796823e-02 1.521388e-02
    outer loop
      vertex   -1.496915e+01 -3.593529e+01 1.139816e+02
      vertex   -1.499797e+01 -3.622792e+01 1.139811e+02
      vertex   -1.495462e+01 -3.593529e+01 1.149318e+02
    endloop
  endfacet
  facet normal -9.568691e-01 2.901507e-01 1.462977e-02
    outer loop
      vertex   -1.496915e+01 -3.593529e+01 1.139816e+02
      vertex   -1.495462e+01 -3.593529e+01 1.149318e+02
      vertex   -1.486936e+01 -3.565390e+01 1.149278e+02
    endloop
  endfacet
  facet normal -9.540130e-01 2.901507e-01 7.531124e-02
    outer loop
      vertex   -1.486936e+01 -3.565390e+01 1.149278e+02
      vertex   -1.495462e+01 -3.593529e+01 1.149318e+02
      vertex   -1.479499e+01 -3.565390e+01 1.158698e+02
    endloop
  endfacet
  facet normal -8.792845e-01 4.712120e-01 6.941206e-02
    outer loop
      vertex   -1.486936e+01 -3.565390e+01 1.149278e+02
      vertex   -1.479499e+01 -3.565390e+01 1.158698e+02
      vertex   -1.465722e+01 -3.539457e+01 1.158545e+02
    endloop
  endfacet
  facet normal -8.731089e-01 4.712120e-01 1.250606e-01
    outer loop
      vertex   -1.465722e+01 -3.539457e+01 1.158545e+02
      vertex   -1.479499e+01 -3.565390e+01 1.158698e+02
      vertex   -1.452449e+01 -3.539457e+01 1.167812e+02
    endloop
  endfacet
  facet normal -7.653558e-01 6.342022e-01 1.096265e-01
    outer loop
      vertex   -1.465722e+01 -3.539457e+01 1.158545e+02
      vertex   -1.452449e+01 -3.539457e+01 1.167812e+02
      vertex   -1.434076e+01 -3.516726e+01 1.167489e+02
    endloop
  endfacet
  facet normal -7.568583e-01 6.342022e-01 1.579655e-01
    outer loop
      vertex   -1.434076e+01 -3.516726e+01 1.167489e+02
      vertex   -1.452449e+01 -3.539457e+01 1.167812e+02
      vertex   -1.415192e+01 -3.516726e+01 1.176537e+02
    endloop
  endfacet
  facet normal -6.211986e-01 7.728536e-01 1.296517e-01
    outer loop
      vertex   -1.434076e+01 -3.516726e+01 1.167489e+02
      vertex   -1.415192e+01 -3.516726e+01 1.176537e+02
      vertex   -1.393099e+01 -3.498072e+01 1.176002e+02
    endloop
  endfacet
  facet normal -6.117209e-01 7.728536e-01 1.688040e-01
    outer loop
      vertex   -1.393099e+01 -3.498072e+01 1.176002e+02
      vertex   -1.415192e+01 -3.516726e+01 1.176537e+02
      vertex   -1.368896e+01 -3.498072e+01 1.184773e+02
    endloop
  endfacet
  facet normal -4.545909e-01 8.818225e-01 1.254441e-01
    outer loop
      vertex   -1.393099e+01 -3.498072e+01 1.176002e+02
      vertex   -1.368896e+01 -3.498072e+01 1.184773e+02
      vertex   -1.344129e+01 -3.484210e+01 1.184004e+02
    endloop
  endfacet
  facet normal -4.457159e-01 8.818225e-01 1.540340e-01
    outer loop
      vertex   -1.344129e+01 -3.484210e+01 1.184004e+02
      vertex   -1.368896e+01 -3.498072e+01 1.184773e+02
      vertex   -1.314947e+01 -3.484210e+01 1.192448e+02
    endloop
  endfacet
  facet normal -2.744896e-01 9.568997e-01 9.486024e-02
    outer loop
      vertex   -1.344129e+01 -3.484210e+01 1.184004e+02
      vertex   -1.314947e+01 -3.484210e+01 1.192448e+02
      vertex   -1.288657e+01 -3.475674e+01 1.191445e+02
    endloop
  endfacet
  facet normal -2.679179e-01 9.568997e-01 1.120848e-01
    outer loop
      vertex   -1.288657e+01 -3.475674e+01 1.191445e+02
      vertex   -1.314947e+01 -3.484210e+01 1.192448e+02
      vertex   -1.254866e+01 -3.475674e+01 1.199523e+02
    endloop
  endfacet
  facet normal -9.950732e-01 9.796823e-02 1.521388e-02
    outer loop
      vertex   -1.499797e+01 -3.622792e+01 1.139811e+02
      vertex   -1.498341e+01 -3.622792e+01 1.149332e+02
      vertex   -1.495462e+01 -3.593529e+01 1.149318e+02
    endloop
  endfacet
  facet normal -9.921031e-01 9.796823e-02 7.831813e-02
    outer loop
      vertex   -1.495462e+01 -3.593529e+01 1.149318e+02
      vertex   -1.498341e+01 -3.622792e+01 1.149332e+02
      vertex   -1.487983e+01 -3.593529e+01 1.158792e+02
    endloop
  endfacet
  facet normal -9.540130e-01 2.901507e-01 7.531124e-02
    outer loop
      vertex   -1.495462e+01 -3.593529e+01 1.149318e+02
      vertex   -1.487983e+01 -3.593529e+01 1.158792e+02
      vertex   -1.479499e+01 -3.565390e+01 1.158698e+02
    endloop
  endfacet
  facet normal -9.473125e-01 2.901507e-01 1.356892e-01
    outer loop
      vertex   -1.479499e+01 -3.565390e+01 1.158698e+02
      vertex   -1.487983e+01 -3.593529e+01 1.158792e+02
      vertex   -1.466101e+01 -3.565390e+01 1.168052e+02
    endloop
  endfacet
  facet normal -8.731089e-01 4.712120e-01 1.250606e-01
    outer loop
      vertex   -1.479499e+01 -3.565390e+01 1.158698e+02
      vertex   -1.466101e+01 -3.565390e+01 1.168052e+02
      vertex   -1.452449e+01 -3.539457e+01 1.167812e+02
    endloop
  endfacet
  facet normal -8.634149e-01 4.712120e-01 1.802052e-01
    outer loop
      vertex   -1.452449e+01 -3.539457e+01 1.167812e+02
      vertex   -1.466101e+01 -3.565390e+01 1.168052e+02
      vertex   -1.433323e+01 -3.539457e+01 1.176976e+02
    endloop
  endfacet
  facet normal -7.568583e-01 6.342022e-01 1.579655e-01
    outer loop
      vertex   -1.452449e+01 -3.539457e+01 1.167812e+02
      vertex   -1.433323e+01 -3.539457e+01 1.176976e+02
      vertex   -1.415192e+01 -3.516726e+01 1.176537e+02
    endloop
  endfacet
  facet normal -7.453108e-01 6.342022e-01 2.056680e-01
    outer loop
      vertex   -1.415192e+01 -3.516726e+01 1.176537e+02
      vertex   -1.433323e+01 -3.539457e+01 1.176976e+02
      vertex   -1.390605e+01 -3.516726e+01 1.185447e+02
    endloop
  endfacet
  facet normal -6.117209e-01 7.728536e-01 1.688040e-01
    outer loop
      vertex   -1.415192e+01 -3.516726e+01 1.176537e+02
      vertex   -1.390605e+01 -3.516726e+01 1.185447e+02
      vertex   -1.368896e+01 -3.498072e+01 1.184773e+02
    endloop
  endfacet
  facet normal -5.997782e-01 7.728536e-01 2.072760e-01
    outer loop
      vertex   -1.368896e+01 -3.498072e+01 1.184773e+02
      vertex   -1.390605e+01 -3.516726e+01 1.185447e+02
      vertex   -1.339177e+01 -3.498072e+01 1.193373e+02
    endloop
  endfacet
  facet normal -4.457159e-01 8.818225e-01 1.540340e-01
    outer loop
      vertex   -1.368896e+01 -3.498072e+01 1.184773e+02
      vertex   -1.339177e+01 -3.498072e+01 1.193373e+02
      vertex   -1.314947e+01 -3.484210e+01 1.192448e+02
    endloop
  endfacet
  facet normal -4.350448e-01 8.818225e-01 1.820032e-01
    outer loop
      vertex   -1.314947e+01 -3.484210e+01 1.192448e+02
      vertex   -1.339177e+01 -3.498072e+01 1.193373e+02
      vertex   -1.280467e+01 -3.484210e+01 1.200690e+02
    endloop
  endfacet
  facet normal -2.679179e-01 9.568997e-01 1.120848e-01
    outer loop
      vertex   -1.314947e+01 -3.484210e+01 1.192448e+02
      vertex   -1.280467e+01 -3.484210e+01 1.200690e+02
      vertex   -1.254866e+01 -3.475674e+01 1.199523e+02
    endloop
  endfacet
  facet normal -2.602666e-01 9.568997e-01 1.288577e-01
    outer loop
      vertex   -1.254866e+01 -3.475674e+01 1.199523e+02
      vertex   -1.280467e+01 -3.484210e+01 1.200690e+02
      vertex   -1.216018e+01 -3.475674e+01 1.207369e+02
    endloop
  endfacet
  facet normal -9.921031e-01 9.796823e-02 7.831813e-02
    outer loop
      vertex   -1.498341e+01 -3.622792e+01 1.149332e+02
      vertex   -1.490848e+01 -3.622792e+01 1.158824e+02
      vertex   -1.487983e+01 -3.593529e+01 1.158792e+02
    endloop
  endfacet
  facet normal -9.851351e-01 9.796823e-02 1.411068e-01
    outer loop
      vertex   -1.487983e+01 -3.593529e+01 1.158792e+02
      vertex   -1.490848e+01 -3.622792e+01 1.158824e+02
      vertex   -1.474508e+01 -3.593529e+01 1.168200e+02
    endloop
  endfacet
  facet normal -9.473125e-01 2.901507e-01 1.356892e-01
    outer loop
      vertex   -1.487983e+01 -3.593529e+01 1.158792e+02
      vertex   -1.474508e+01 -3.593529e+01 1.168200e+02
      vertex   -1.466101e+01 -3.565390e+01 1.168052e+02
    endloop
  endfacet
  facet normal -9.367947e-01 2.901507e-01 1.955204e-01
    outer loop
      vertex   -1.466101e+01 -3.565390e+01 1.168052e+02
      vertex   -1.474508e+01 -3.593529e+01 1.168200e+02
      vertex   -1.446795e+01 -3.565390e+01 1.177302e+02
    endloop
  endfacet
  facet normal -8.634149e-01 4.712120e-01 1.802052e-01
    outer loop
      vertex   -1.466101e+01 -3.565390e+01 1.168052e+02
      vertex   -1.446795e+01 -3.565390e+01 1.177302e+02
      vertex   -1.433323e+01 -3.539457e+01 1.176976e+02
    endloop
  endfacet
  facet normal -8.502417e-01 4.712120e-01 2.346236e-01
    outer loop
      vertex   -1.433323e+01 -3.539457e+01 1.176976e+02
      vertex   -1.446795e+01 -3.565390e+01 1.177302e+02
      vertex   -1.408421e+01 -3.539457e+01 1.186000e+02
    endloop
  endfacet
  facet normal -7.453108e-01 6.342022e-01 2.056680e-01
    outer loop
      vertex   -1.433323e+01 -3.539457e+01 1.176976e+02
      vertex   -1.408421e+01 -3.539457e+01 1.186000e+02
      vertex   -1.390605e+01 -3.516726e+01 1.185447e+02
    endloop
  endfacet
  facet normal -7.307600e-01 6.342022e-01 2.525417e-01
    outer loop
      vertex   -1.390605e+01 -3.516726e+01 1.185447e+02
      vertex   -1.408421e+01 -3.539457e+01 1.186000e+02
      vertex   -1.360414e+01 -3.516726e+01 1.194183e+02
    endloop
  endfacet
  facet normal -5.997782e-01 7.728536e-01 2.072760e-01
    outer loop
      vertex   -1.390605e+01 -3.516726e+01 1.185447e+02
      vertex   -1.360414e+01 -3.516726e+01 1.194183e+02
      vertex   -1.339177e+01 -3.498072e+01 1.193373e+02
    endloop
  endfacet
  facet normal -5.854186e-01 7.728536e-01 2.449128e-01
    outer loop
      vertex   -1.339177e+01 -3.498072e+01 1.193373e+02
      vertex   -1.360414e+01 -3.516726e+01 1.194183e+02
      vertex   -1.304061e+01 -3.498072e+01 1.201767e+02
    endloop
  endfacet
  facet normal -4.350448e-01 8.818225e-01 1.820032e-01
    outer loop
      vertex   -1.339177e+01 -3.498072e+01 1.193373e+02
      vertex   -1.304061e+01 -3.498072e+01 1.201767e+02
      vertex   -1.280467e+01 -3.484210e+01 1.200690e+02
    endloop
  endfacet
  facet normal -4.226206e-01 8.818225e-01 2.092390e-01
    outer loop
      vertex   -1.280467e+01 -3.484210e+01 1.200690e+02
      vertex   -1.304061e+01 -3.498072e+01 1.201767e+02
      vertex   -1.240826e+01 -3.484210e+01 1.208697e+02
    endloop
  endfacet
  facet normal -2.602666e-01 9.568997e-01 1.288577e-01
    outer loop
      vertex   -1.280467e+01 -3.484210e+01 1.200690e+02
      vertex   -1.240826e+01 -3.484210e+01 1.208697e+02
      vertex   -1.216018e+01 -3.475674e+01 1.207369e+02
    endloop
  endfacet
  facet normal -2.515665e-01 9.568997e-01 1.451113e-01
    outer loop
      vertex   -1.216018e+01 -3.475674e+01 1.207369e+02
      vertex   -1.240826e+01 -3.484210e+01 1.208697e+02
      vertex   -1.172270e+01 -3.475674e+01 1.214953e+02
    endloop
  endfacet
  facet normal -9.851351e-01 9.796823e-02 1.411068e-01
    outer loop
      vertex   -1.490848e+01 -3.622792e+01 1.158824e+02
      vertex   -1.477347e+01 -3.622792e+01 1.168250e+02
      vertex   -1.474508e+01 -3.593529e+01 1.168200e+02
    endloop
  endfacet
  facet normal -9.741973e-01 9.796823e-02 2.033268e-01
    outer loop
      vertex   -1.474508e+01 -3.593529e+01 1.168200e+02
      vertex   -1.477347e+01 -3.622792e+01 1.168250e+02
      vertex   -1.455091e+01 -3.593529e+01 1.177503e+02
    endloop
  endfacet
  facet normal -9.367947e-01 2.901507e-01 1.955204e-01
    outer loop
      vertex   -1.474508e+01 -3.593529e+01 1.168200e+02
      vertex   -1.455091e+01 -3.593529e+01 1.177503e+02
      vertex   -1.446795e+01 -3.565390e+01 1.177302e+02
    endloop
  endfacet
  facet normal -9.225019e-01 2.901507e-01 2.545638e-01
    outer loop
      vertex   -1.446795e+01 -3.565390e+01 1.177302e+02
      vertex   -1.455091e+01 -3.593529e+01 1.177503e+02
      vertex   -1.421659e+01 -3.565390e+01 1.186411e+02
    endloop
  endfacet
  facet normal -8.502417e-01 4.712120e-01 2.346236e-01
    outer loop
      vertex   -1.446795e+01 -3.565390e+01 1.177302e+02
      vertex   -1.421659e+01 -3.565390e+01 1.186411e+02
      vertex   -1.408421e+01 -3.539457e+01 1.186000e+02
    endloop
  endfacet
  facet normal -8.336424e-01 4.712120e-01 2.880966e-01
    outer loop
      vertex   -1.408421e+01 -3.539457e+01 1.186000e+02
      vertex   -1.421659e+01 -3.565390e+01 1.186411e+02
      vertex   -1.377843e+01 -3.539457e+01 1.194848e+02
    endloop
  endfacet
  facet normal -7.307600e-01 6.342022e-01 2.525417e-01
    outer loop
      vertex   -1.408421e+01 -3.539457e+01 1.186000e+02
      vertex   -1.377843e+01 -3.539457e+01 1.194848e+02
      vertex   -1.360414e+01 -3.516726e+01 1.194183e+02
    endloop
  endfacet
  facet normal -7.132645e-01 6.342022e-01 2.983978e-01
    outer loop
      vertex   -1.360414e+01 -3.516726e+01 1.194183e+02
      vertex   -1.377843e+01 -3.539457e+01 1.194848e+02
      vertex   -1.324741e+01 -3.516726e+01 1.202710e+02
    endloop
  endfacet
  facet normal -5.854186e-01 7.728536e-01 2.449128e-01
    outer loop
      vertex   -1.360414e+01 -3.516726e+01 1.194183e+02
      vertex   -1.324741e+01 -3.516726e+01 1.202710e+02
      vertex   -1.304061e+01 -3.498072e+01 1.201767e+02
    endloop
  endfacet
  facet normal -5.687000e-01 7.728536e-01 2.815627e-01
    outer loop
      vertex   -1.304061e+01 -3.498072e+01 1.201767e+02
      vertex   -1.324741e+01 -3.516726e+01 1.202710e+02
      vertex   -1.263690e+01 -3.498072e+01 1.209921e+02
    endloop
  endfacet
  facet normal -4.226206e-01 8.818225e-01 2.092390e-01
    outer loop
      vertex   -1.304061e+01 -3.498072e+01 1.201767e+02
      vertex   -1.263690e+01 -3.498072e+01 1.209921e+02
      vertex   -1.240826e+01 -3.484210e+01 1.208697e+02
    endloop
  endfacet
  facet normal -4.084934e-01 8.818225e-01 2.356316e-01
    outer loop
      vertex   -1.240826e+01 -3.484210e+01 1.208697e+02
      vertex   -1.263690e+01 -3.498072e+01 1.209921e+02
      vertex   -1.196186e+01 -3.484210e+01 1.216436e+02
    endloop
  endfacet
  facet normal -2.515665e-01 9.568997e-01 1.451113e-01
    outer loop
      vertex   -1.240826e+01 -3.484210e+01 1.208697e+02
      vertex   -1.196186e+01 -3.484210e+01 1.216436e+02
      vertex   -1.172270e+01 -3.475674e+01 1.214953e+02
    endloop
  endfacet
  facet normal -2.418527e-01 9.568997e-01 1.607802e-01
    outer loop
      vertex   -1.172270e+01 -3.475674e+01 1.214953e+02
      vertex   -1.196186e+01 -3.484210e+01 1.216436e+02
      vertex   -1.123798e+01 -3.475674e+01 1.222245e+02
    endloop
  endfacet
  facet normal -9.741973e-01 9.796823e-02 2.033268e-01
    outer loop
      vertex   -1.477347e+01 -3.622792e+01 1.168250e+02
      vertex   -1.457893e+01 -3.622792e+01 1.177571e+02
      vertex   -1.455091e+01 -3.593529e+01 1.177503e+02
    endloop
  endfacet
  facet normal -9.593339e-01 9.796823e-02 2.647275e-01
    outer loop
      vertex   -1.455091e+01 -3.593529e+01 1.177503e+02
      vertex   -1.457893e+01 -3.622792e+01 1.177571e+02
      vertex   -1.429811e+01 -3.593529e+01 1.186664e+02
    endloop
  endfacet
  facet normal -9.225019e-01 2.901507e-01 2.545638e-01
    outer loop
      vertex   -1.455091e+01 -3.593529e+01 1.177503e+02
      vertex   -1.429811e+01 -3.593529e+01 1.186664e+02
      vertex   -1.421659e+01 -3.565390e+01 1.186411e+02
    endloop
  endfacet
  facet normal -9.044918e-01 2.901507e-01 3.125813e-01
    outer loop
      vertex   -1.421659e+01 -3.565390e+01 1.186411e+02
      vertex   -1.429811e+01 -3.593529e+01 1.186664e+02
      vertex   -1.390794e+01 -3.565390e+01 1.195342e+02
    endloop
  endfacet
  facet normal -8.336424e-01 4.712120e-01 2.880966e-01
    outer loop
      vertex   -1.421659e+01 -3.565390e+01 1.186411e+02
      vertex   -1.390794e+01 -3.565390e+01 1.195342e+02
      vertex   -1.377843e+01 -3.539457e+01 1.194848e+02
    endloop
  endfacet
  facet normal -8.136837e-01 4.712120e-01 3.404087e-01
    outer loop
      vertex   -1.377843e+01 -3.539457e+01 1.194848e+02
      vertex   -1.390794e+01 -3.565390e+01 1.195342e+02
      vertex   -1.341713e+01 -3.539457e+01 1.203484e+02
    endloop
  endfacet
  facet normal -7.132645e-01 6.342022e-01 2.983978e-01
    outer loop
      vertex   -1.377843e+01 -3.539457e+01 1.194848e+02
      vertex   -1.341713e+01 -3.539457e+01 1.203484e+02
      vertex   -1.324741e+01 -3.516726e+01 1.202710e+02
    endloop
  endfacet
  facet normal -6.928948e-01 6.342022e-01 3.430514e-01
    outer loop
      vertex   -1.324741e+01 -3.516726e+01 1.202710e+02
      vertex   -1.341713e+01 -3.539457e+01 1.203484e+02
      vertex   -1.283730e+01 -3.516726e+01 1.210993e+02
    endloop
  endfacet
  facet normal -5.687000e-01 7.728536e-01 2.815627e-01
    outer loop
      vertex   -1.324741e+01 -3.516726e+01 1.202710e+02
      vertex   -1.283730e+01 -3.516726e+01 1.210993e+02
      vertex   -1.263690e+01 -3.498072e+01 1.209921e+02
    endloop
  endfacet
  facet normal -5.496897e-01 7.728536e-01 3.170780e-01
    outer loop
      vertex   -1.263690e+01 -3.498072e+01 1.209921e+02
      vertex   -1.283730e+01 -3.516726e+01 1.210993e+02
      vertex   -1.218227e+01 -3.498072e+01 1.217802e+02
    endloop
  endfacet
  facet normal -4.084934e-01 8.818225e-01 2.356316e-01
    outer loop
      vertex   -1.263690e+01 -3.498072e+01 1.209921e+02
      vertex   -1.218227e+01 -3.498072e+01 1.217802e+02
      vertex   -1.196186e+01 -3.484210e+01 1.216436e+02
    endloop
  endfacet
  facet normal -3.927202e-01 8.818225e-01 2.610747e-01
    outer loop
      vertex   -1.196186e+01 -3.484210e+01 1.216436e+02
      vertex   -1.218227e+01 -3.498072e+01 1.217802e+02
      vertex   -1.146725e+01 -3.484210e+01 1.223876e+02
    endloop
  endfacet
  facet normal -2.418527e-01 9.568997e-01 1.607802e-01
    outer loop
      vertex   -1.196186e+01 -3.484210e+01 1.216436e+02
      vertex   -1.146725e+01 -3.484210e+01 1.223876e+02
      vertex   -1.123798e+01 -3.475674e+01 1.222245e+02
    endloop
  endfacet
  facet normal -2.311643e-01 9.568997e-01 1.758012e-01
    outer loop
      vertex   -1.123798e+01 -3.475674e+01 1.222245e+02
      vertex   -1.146725e+01 -3.484210e+01 1.223876e+02
      vertex   -1.070798e+01 -3.475674e+01 1.229214e+02
    endloop
  endfacet
  facet normal -9.593339e-01 9.796823e-02 2.647275e-01
    outer loop
      vertex   -1.457893e+01 -3.622792e+01 1.177571e+02
      vertex   -1.432564e+01 -3.622792e+01 1.186750e+02
      vertex   -1.429811e+01 -3.593529e+01 1.186664e+02
    endloop
  endfacet
  facet normal -9.406047e-01 9.796823e-02 3.250615e-01
    outer loop
      vertex   -1.429811e+01 -3.593529e+01 1.186664e+02
      vertex   -1.432564e+01 -3.622792e+01 1.186750e+02
      vertex   -1.398769e+01 -3.593529e+01 1.195647e+02
    endloop
  endfacet
  facet normal -9.044918e-01 2.901507e-01 3.125813e-01
    outer loop
      vertex   -1.429811e+01 -3.593529e+01 1.186664e+02
      vertex   -1.398769e+01 -3.593529e+01 1.195647e+02
      vertex   -1.390794e+01 -3.565390e+01 1.195342e+02
    endloop
  endfacet
  facet normal -8.828369e-01 2.901507e-01 3.693392e-01
    outer loop
      vertex   -1.390794e+01 -3.565390e+01 1.195342e+02
      vertex   -1.398769e+01 -3.593529e+01 1.195647e+02
      vertex   -1.354325e+01 -3.565390e+01 1.204060e+02
    endloop
  endfacet
  facet normal -8.136837e-01 4.712120e-01 3.404087e-01
    outer loop
      vertex   -1.390794e+01 -3.565390e+01 1.195342e+02
      vertex   -1.354325e+01 -3.565390e+01 1.204060e+02
      vertex   -1.341713e+01 -3.539457e+01 1.203484e+02
    endloop
  endfacet
  facet normal -7.904462e-01 4.712120e-01 3.913490e-01
    outer loop
      vertex   -1.341713e+01 -3.539457e+01 1.203484e+02
      vertex   -1.354325e+01 -3.565390e+01 1.204060e+02
      vertex   -1.300177e+01 -3.539457e+01 1.211874e+02
    endloop
  endfacet
  facet normal -6.928948e-01 6.342022e-01 3.430514e-01
    outer loop
      vertex   -1.341713e+01 -3.539457e+01 1.203484e+02
      vertex   -1.300177e+01 -3.539457e+01 1.211874e+02
      vertex   -1.283730e+01 -3.516726e+01 1.210993e+02
    endloop
  endfacet
  facet normal -6.697330e-01 6.342022e-01 3.863227e-01
    outer loop
      vertex   -1.283730e+01 -3.516726e+01 1.210993e+02
      vertex   -1.300177e+01 -3.539457e+01 1.211874e+02
      vertex   -1.237546e+01 -3.516726e+01 1.219000e+02
    endloop
  endfacet
  facet normal -5.496897e-01 7.728536e-01 3.170780e-01
    outer loop
      vertex   -1.283730e+01 -3.516726e+01 1.210993e+02
      vertex   -1.237546e+01 -3.516726e+01 1.219000e+02
      vertex   -1.218227e+01 -3.498072e+01 1.217802e+02
    endloop
  endfacet
  facet normal -5.284644e-01 7.728536e-01 3.513156e-01
    outer loop
      vertex   -1.218227e+01 -3.498072e+01 1.217802e+02
      vertex   -1.237546e+01 -3.516726e+01 1.219000e+02
      vertex   -1.167855e+01 -3.498072e+01 1.225379e+02
    endloop
  endfacet
  facet normal -3.927202e-01 8.818225e-01 2.610747e-01
    outer loop
      vertex   -1.218227e+01 -3.498072e+01 1.217802e+02
      vertex   -1.167855e+01 -3.498072e+01 1.225379e+02
      vertex   -1.146725e+01 -3.484210e+01 1.223876e+02
    endloop
  endfacet
  facet normal -3.753644e-01 8.818225e-01 2.854658e-01
    outer loop
      vertex   -1.146725e+01 -3.484210e+01 1.223876e+02
      vertex   -1.167855e+01 -3.498072e+01 1.225379e+02
      vertex   -1.092644e+01 -3.484210e+01 1.230987e+02
    endloop
  endfacet
  facet normal -2.311643e-01 9.568997e-01 1.758012e-01
    outer loop
      vertex   -1.146725e+01 -3.484210e+01 1.223876e+02
      vertex   -1.092644e+01 -3.484210e+01 1.230987e+02
      vertex   -1.070798e+01 -3.475674e+01 1.229214e+02
    endloop
  endfacet
  facet normal -2.195444e-01 9.568997e-01 1.901138e-01
    outer loop
      vertex   -1.070798e+01 -3.475674e+01 1.229214e+02
      vertex   -1.092644e+01 -3.484210e+01 1.230987e+02
      vertex   -1.013483e+01 -3.475674e+01 1.235832e+02
    endloop
  endfacet
  facet normal -9.406047e-01 9.796823e-02 3.250615e-01
    outer loop
      vertex   -1.432564e+01 -3.622792e+01 1.186750e+02
      vertex   -1.401462e+01 -3.622792e+01 1.195749e+02
      vertex   -1.398769e+01 -3.593529e+01 1.195647e+02
    endloop
  endfacet
  facet normal -9.180852e-01 9.796823e-02 3.840855e-01
    outer loop
      vertex   -1.398769e+01 -3.593529e+01 1.195647e+02
      vertex   -1.401462e+01 -3.622792e+01 1.195749e+02
      vertex   -1.362091e+01 -3.593529e+01 1.204414e+02
    endloop
  endfacet
  facet normal -8.828369e-01 2.901507e-01 3.693392e-01
    outer loop
      vertex   -1.398769e+01 -3.593529e+01 1.195647e+02
      vertex   -1.362091e+01 -3.593529e+01 1.204414e+02
      vertex   -1.354325e+01 -3.565390e+01 1.204060e+02
    endloop
  endfacet
  facet normal -8.576245e-01 2.901507e-01 4.246089e-01
    outer loop
      vertex   -1.354325e+01 -3.565390e+01 1.204060e+02
      vertex   -1.362091e+01 -3.593529e+01 1.204414e+02
      vertex   -1.312398e+01 -3.565390e+01 1.212528e+02
    endloop
  endfacet
  facet normal -7.904462e-01 4.712120e-01 3.913490e-01
    outer loop
      vertex   -1.354325e+01 -3.565390e+01 1.204060e+02
      vertex   -1.312398e+01 -3.565390e+01 1.212528e+02
      vertex   -1.300177e+01 -3.539457e+01 1.211874e+02
    endloop
  endfacet
  facet normal -7.640235e-01 4.712120e-01 4.407123e-01
    outer loop
      vertex   -1.300177e+01 -3.539457e+01 1.211874e+02
      vertex   -1.312398e+01 -3.565390e+01 1.212528e+02
      vertex   -1.253401e+01 -3.539457e+01 1.219983e+02
    endloop
  endfacet
  facet normal -6.697330e-01 6.342022e-01 3.863227e-01
    outer loop
      vertex   -1.300177e+01 -3.539457e+01 1.211874e+02
      vertex   -1.253401e+01 -3.539457e+01 1.219983e+02
      vertex   -1.237546e+01 -3.516726e+01 1.219000e+02
    endloop
  endfacet
  facet normal -6.438724e-01 6.342022e-01 4.280372e-01
    outer loop
      vertex   -1.237546e+01 -3.516726e+01 1.219000e+02
      vertex   -1.253401e+01 -3.539457e+01 1.219983e+02
      vertex   -1.186375e+01 -3.516726e+01 1.226697e+02
    endloop
  endfacet
  facet normal -5.284644e-01 7.728536e-01 3.513156e-01
    outer loop
      vertex   -1.237546e+01 -3.516726e+01 1.219000e+02
      vertex   -1.186375e+01 -3.516726e+01 1.226697e+02
      vertex   -1.167855e+01 -3.498072e+01 1.225379e+02
    endloop
  endfacet
  facet normal -5.051096e-01 7.728536e-01 3.841375e-01
    outer loop
      vertex   -1.167855e+01 -3.498072e+01 1.225379e+02
      vertex   -1.186375e+01 -3.516726e+01 1.226697e+02
      vertex   -1.112777e+01 -3.498072e+01 1.232622e+02
    endloop
  endfacet
  facet normal -3.753644e-01 8.818225e-01 2.854658e-01
    outer loop
      vertex   -1.167855e+01 -3.498072e+01 1.225379e+02
      vertex   -1.112777e+01 -3.498072e+01 1.232622e+02
      vertex   -1.092644e+01 -3.484210e+01 1.230987e+02
    endloop
  endfacet
  facet normal -3.564960e-01 8.818225e-01 3.087066e-01
    outer loop
      vertex   -1.092644e+01 -3.484210e+01 1.230987e+02
      vertex   -1.112777e+01 -3.498072e+01 1.232622e+02
      vertex   -1.034159e+01 -3.484210e+01 1.237741e+02
    endloop
  endfacet
  facet normal -2.195444e-01 9.568997e-01 1.901138e-01
    outer loop
      vertex   -1.092644e+01 -3.484210e+01 1.230987e+02
      vertex   -1.034159e+01 -3.484210e+01 1.237741e+02
      vertex   -1.013483e+01 -3.475674e+01 1.235832e+02
    endloop
  endfacet
  facet normal -2.070398e-01 9.568997e-01 2.036603e-01
    outer loop
      vertex   -1.013483e+01 -3.475674e+01 1.235832e+02
      vertex   -1.034159e+01 -3.484210e+01 1.237741e+02
      vertex   -9.520837e+00 -3.475674e+01 1.242074e+02
    endloop
  endfacet
  facet normal -9.180852e-01 9.796823e-02 3.840855e-01
    outer loop
      vertex   -1.401462e+01 -3.622792e+01 1.195749e+02
      vertex   -1.364713e+01 -3.622792e+01 1.204533e+02
      vertex   -1.362091e+01 -3.593529e+01 1.204414e+02
    endloop
  endfacet
  facet normal -8.918662e-01 9.796823e-02 4.415619e-01
    outer loop
      vertex   -1.362091e+01 -3.593529e+01 1.204414e+02
      vertex   -1.364713e+01 -3.622792e+01 1.204533e+02
      vertex   -1.319923e+01 -3.593529e+01 1.212931e+02
    endloop
  endfacet
  facet normal -8.576245e-01 2.901507e-01 4.246089e-01
    outer loop
      vertex   -1.362091e+01 -3.593529e+01 1.204414e+02
      vertex   -1.319923e+01 -3.593529e+01 1.212931e+02
      vertex   -1.312398e+01 -3.565390e+01 1.212528e+02
    endloop
  endfacet
  facet normal -8.289562e-01 2.901507e-01 4.781675e-01
    outer loop
      vertex   -1.312398e+01 -3.565390e+01 1.212528e+02
      vertex   -1.319923e+01 -3.593529e+01 1.212931e+02
      vertex   -1.265182e+01 -3.565390e+01 1.220713e+02
    endloop
  endfacet
  facet normal -7.640235e-01 4.712120e-01 4.407123e-01
    outer loop
      vertex   -1.312398e+01 -3.565390e+01 1.212528e+02
      vertex   -1.265182e+01 -3.565390e+01 1.220713e+02
      vertex   -1.253401e+01 -3.539457e+01 1.219983e+02
    endloop
  endfacet
  facet normal -7.345221e-01 4.712120e-01 4.882997e-01
    outer loop
      vertex   -1.253401e+01 -3.539457e+01 1.219983e+02
      vertex   -1.265182e+01 -3.565390e+01 1.220713e+02
      vertex   -1.201575e+01 -3.539457e+01 1.227779e+02
    endloop
  endfacet
  facet normal -6.438724e-01 6.342022e-01 4.280372e-01
    outer loop
      vertex   -1.253401e+01 -3.539457e+01 1.219983e+02
      vertex   -1.201575e+01 -3.539457e+01 1.227779e+02
      vertex   -1.186375e+01 -3.516726e+01 1.226697e+02
    endloop
  endfacet
  facet normal -6.154173e-01 6.342022e-01 4.680268e-01
    outer loop
      vertex   -1.186375e+01 -3.516726e+01 1.226697e+02
      vertex   -1.201575e+01 -3.539457e+01 1.227779e+02
      vertex   -1.130424e+01 -3.516726e+01 1.234054e+02
    endloop
  endfacet
  facet normal -5.051096e-01 7.728536e-01 3.841375e-01
    outer loop
      vertex   -1.186375e+01 -3.516726e+01 1.226697e+02
      vertex   -1.130424e+01 -3.516726e+01 1.234054e+02
      vertex   -1.112777e+01 -3.498072e+01 1.232622e+02
    endloop
  endfacet
  facet normal -4.797193e-01 7.728536e-01 4.154114e-01
    outer loop
      vertex   -1.112777e+01 -3.498072e+01 1.232622e+02
      vertex   -1.130424e+01 -3.516726e+01 1.234054e+02
      vertex   -1.053215e+01 -3.498072e+01 1.239500e+02
    endloop
  endfacet
  facet normal -3.564960e-01 8.818225e-01 3.087066e-01
    outer loop
      vertex   -1.112777e+01 -3.498072e+01 1.232622e+02
      vertex   -1.053215e+01 -3.498072e+01 1.239500e+02
      vertex   -1.034159e+01 -3.484210e+01 1.237741e+02
    endloop
  endfacet
  facet normal -3.361910e-01 8.818225e-01 3.307034e-01
    outer loop
      vertex   -1.034159e+01 -3.484210e+01 1.237741e+02
      vertex   -1.053215e+01 -3.498072e+01 1.239500e+02
      vertex   -9.715076e+00 -3.484210e+01 1.244110e+02
    endloop
  endfacet
  facet normal -2.070398e-01 9.568997e-01 2.036603e-01
    outer loop
      vertex   -1.034159e+01 -3.484210e+01 1.237741e+02
      vertex   -9.715076e+00 -3.484210e+01 1.244110e+02
      vertex   -9.520837e+00 -3.475674e+01 1.242074e+02
    endloop
  endfacet
  facet normal -1.937009e-01 9.568997e-01 2.163861e-01
    outer loop
      vertex   -9.520837e+00 -3.475674e+01 1.242074e+02
      vertex   -9.715076e+00 -3.484210e+01 1.244110e+02
      vertex   -8.868480e+00 -3.475674e+01 1.247914e+02
    endloop
  endfacet
  facet normal -8.918662e-01 9.796823e-02 4.415619e-01
    outer loop
      vertex   -1.364713e+01 -3.622792e+01 1.204533e+02
      vertex   -1.322464e+01 -3.622792e+01 1.213067e+02
      vertex   -1.319923e+01 -3.593529e+01 1.212931e+02
    endloop
  endfacet
  facet normal -8.620533e-01 9.796823e-02 4.972589e-01
    outer loop
      vertex   -1.319923e+01 -3.593529e+01 1.212931e+02
      vertex   -1.322464e+01 -3.622792e+01 1.213067e+02
      vertex   -1.272437e+01 -3.593529e+01 1.221163e+02
    endloop
  endfacet
  facet normal -8.289562e-01 2.901507e-01 4.781675e-01
    outer loop
      vertex   -1.319923e+01 -3.593529e+01 1.212931e+02
      vertex   -1.272437e+01 -3.593529e+01 1.221163e+02
      vertex   -1.265182e+01 -3.565390e+01 1.220713e+02
    endloop
  endfacet
  facet normal -7.969475e-01 2.901507e-01 5.297993e-01
    outer loop
      vertex   -1.265182e+01 -3.565390e+01 1.220713e+02
      vertex   -1.272437e+01 -3.593529e+01 1.221163e+02
      vertex   -1.212869e+01 -3.565390e+01 1.228582e+02
    endloop
  endfacet
  facet normal -7.345221e-01 4.712120e-01 4.882997e-01
    outer loop
      vertex   -1.265182e+01 -3.565390e+01 1.220713e+02
      vertex   -1.212869e+01 -3.565390e+01 1.228582e+02
      vertex   -1.201575e+01 -3.539457e+01 1.227779e+02
    endloop
  endfacet
  facet normal -7.020607e-01 4.712120e-01 5.339195e-01
    outer loop
      vertex   -1.201575e+01 -3.539457e+01 1.227779e+02
      vertex   -1.212869e+01 -3.565390e+01 1.228582e+02
      vertex   -1.144906e+01 -3.539457e+01 1.235230e+02
    endloop
  endfacet
  facet normal -6.154173e-01 6.342022e-01 4.680268e-01
    outer loop
      vertex   -1.201575e+01 -3.539457e+01 1.227779e+02
      vertex   -1.144906e+01 -3.539457e+01 1.235230e+02
      vertex   -1.130424e+01 -3.516726e+01 1.234054e+02
    endloop
  endfacet
  facet normal -5.844822e-01 6.342022e-01 5.061305e-01
    outer loop
      vertex   -1.130424e+01 -3.516726e+01 1.234054e+02
      vertex   -1.144906e+01 -3.539457e+01 1.235230e+02
      vertex   -1.069917e+01 -3.516726e+01 1.241042e+02
    endloop
  endfacet
  facet normal -4.797193e-01 7.728536e-01 4.154114e-01
    outer loop
      vertex   -1.130424e+01 -3.516726e+01 1.234054e+02
      vertex   -1.069917e+01 -3.516726e+01 1.241042e+02
      vertex   -1.053215e+01 -3.498072e+01 1.239500e+02
    endloop
  endfacet
  facet normal -4.523959e-01 7.728536e-01 4.450114e-01
    outer loop
      vertex   -1.053215e+01 -3.498072e+01 1.239500e+02
      vertex   -1.069917e+01 -3.516726e+01 1.241042e+02
      vertex   -9.894087e+00 -3.498072e+01 1.245987e+02
    endloop
  endfacet
  facet normal -3.361910e-01 8.818225e-01 3.307034e-01
    outer loop
      vertex   -1.053215e+01 -3.498072e+01 1.239500e+02
      vertex   -9.894087e+00 -3.498072e+01 1.245987e+02
      vertex   -9.715076e+00 -3.484210e+01 1.244110e+02
    endloop
  endfacet
  facet normal -3.145314e-01 8.818225e-01 3.513675e-01
    outer loop
      vertex   -9.715076e+00 -3.484210e+01 1.244110e+02
      vertex   -9.894087e+00 -3.498072e+01 1.245987e+02
      vertex   -9.049410e+00 -3.484210e+01 1.250069e+02
    endloop
  endfacet
  facet normal -1.937009e-01 9.568997e-01 2.163861e-01
    outer loop
      vertex   -9.715076e+00 -3.484210e+01 1.244110e+02
      vertex   -9.049410e+00 -3.484210e+01 1.250069e+02
      vertex   -8.868480e+00 -3.475674e+01 1.247914e+02
    endloop
  endfacet
  facet normal -1.795815e-01 9.568997e-01 2.282400e-01
    outer loop
      vertex   -8.868480e+00 -3.475674e+01 1.247914e+02
      vertex   -9.049410e+00 -3.484210e+01 1.250069e+02
      vertex   -8.180386e+00 -3.475674e+01 1.253328e+02
    endloop
  endfacet
  facet normal -8.620533e-01 9.796823e-02 4.972589e-01
    outer loop
      vertex   -1.322464e+01 -3.622792e+01 1.213067e+02
      vertex   -1.274887e+01 -3.622792e+01 1.221315e+02
      vertex   -1.272437e+01 -3.593529e+01 1.221163e+02
    endloop
  endfacet
  facet normal -8.287666e-01 9.796823e-02 5.509521e-01
    outer loop
      vertex   -1.272437e+01 -3.593529e+01 1.221163e+02
      vertex   -1.274887e+01 -3.622792e+01 1.221315e+02
      vertex   -1.219824e+01 -3.593529e+01 1.229077e+02
    endloop
  endfacet
  facet normal -7.969475e-01 2.901507e-01 5.297993e-01
    outer loop
      vertex   -1.272437e+01 -3.593529e+01 1.221163e+02
      vertex   -1.219824e+01 -3.593529e+01 1.229077e+02
      vertex   -1.212869e+01 -3.565390e+01 1.228582e+02
    endloop
  endfacet
  facet normal -7.617273e-01 2.901507e-01 5.792961e-01
    outer loop
      vertex   -1.212869e+01 -3.565390e+01 1.228582e+02
      vertex   -1.219824e+01 -3.593529e+01 1.229077e+02
      vertex   -1.155668e+01 -3.565390e+01 1.236104e+02
    endloop
  endfacet
  facet normal -7.020607e-01 4.712120e-01 5.339195e-01
    outer loop
      vertex   -1.212869e+01 -3.565390e+01 1.228582e+02
      vertex   -1.155668e+01 -3.565390e+01 1.236104e+02
      vertex   -1.144906e+01 -3.539457e+01 1.235230e+02
    endloop
  endfacet
  facet normal -6.667704e-01 4.712120e-01 5.773877e-01
    outer loop
      vertex   -1.144906e+01 -3.539457e+01 1.235230e+02
      vertex   -1.155668e+01 -3.565390e+01 1.236104e+02
      vertex   -1.083625e+01 -3.539457e+01 1.242307e+02
    endloop
  endfacet
  facet normal -5.844822e-01 6.342022e-01 5.061305e-01
    outer loop
      vertex   -1.144906e+01 -3.539457e+01 1.235230e+02
      vertex   -1.083625e+01 -3.539457e+01 1.242307e+02
      vertex   -1.069917e+01 -3.516726e+01 1.241042e+02
    endloop
  endfacet
  facet normal -5.511918e-01 6.342022e-01 5.421947e-01
    outer loop
      vertex   -1.069917e+01 -3.516726e+01 1.241042e+02
      vertex   -1.083625e+01 -3.539457e+01 1.242307e+02
      vertex   -1.005099e+01 -3.516726e+01 1.247631e+02
    endloop
  endfacet
  facet normal -4.523959e-01 7.728536e-01 4.450114e-01
    outer loop
      vertex   -1.069917e+01 -3.516726e+01 1.241042e+02
      vertex   -1.005099e+01 -3.516726e+01 1.247631e+02
      vertex   -9.894087e+00 -3.498072e+01 1.245987e+02
    endloop
  endfacet
  facet normal -4.232496e-01 7.728536e-01 4.728182e-01
    outer loop
      vertex   -9.894087e+00 -3.498072e+01 1.245987e+02
      vertex   -1.005099e+01 -3.516726e+01 1.247631e+02
      vertex   -9.216155e+00 -3.498072e+01 1.252055e+02
    endloop
  endfacet
  facet normal -3.145314e-01 8.818225e-01 3.513675e-01
    outer loop
      vertex   -9.894087e+00 -3.498072e+01 1.245987e+02
      vertex   -9.216155e+00 -3.498072e+01 1.252055e+02
      vertex   -9.049410e+00 -3.484210e+01 1.250069e+02
    endloop
  endfacet
  facet normal -2.916043e-01 8.818225e-01 3.706158e-01
    outer loop
      vertex   -9.049410e+00 -3.484210e+01 1.250069e+02
      vertex   -9.216155e+00 -3.498072e+01 1.252055e+02
      vertex   -8.347277e+00 -3.484210e+01 1.255593e+02
    endloop
  endfacet
  facet normal -1.795815e-01 9.568997e-01 2.282400e-01
    outer loop
      vertex   -9.049410e+00 -3.484210e+01 1.250069e+02
      vertex   -8.347277e+00 -3.484210e+01 1.255593e+02
      vertex   -8.180386e+00 -3.475674e+01 1.253328e+02
    endloop
  endfacet
  facet normal -1.647269e-01 9.568996e-01 2.391826e-01
    outer loop
      vertex   -8.180386e+00 -3.475674e+01 1.253328e+02
      vertex   -8.347277e+00 -3.484210e+01 1.255593e+02
      vertex   -7.610340e+00 -3.484210e+01 1.260669e+02
    endloop
  endfacet
  facet normal -1.647210e-01 9.569016e-01 2.391783e-01
    outer loop
      vertex   -8.180386e+00 -3.475674e+01 1.253328e+02
      vertex   -7.610340e+00 -3.484210e+01 1.260669e+02
      vertex   -7.457992e+00 -3.475674e+01 1.258303e+02
    endloop
  endfacet
  facet normal -1.492225e-01 9.568977e-01 2.491573e-01
    outer loop
      vertex   -7.457992e+00 -3.475674e+01 1.258303e+02
      vertex   -7.610340e+00 -3.484210e+01 1.260669e+02
      vertex   -6.845069e+00 -3.484210e+01 1.265252e+02
    endloop
  endfacet
  facet normal -8.287666e-01 9.796823e-02 5.509521e-01
    outer loop
      vertex   -1.274887e+01 -3.622792e+01 1.221315e+02
      vertex   -1.222172e+01 -3.622792e+01 1.229244e+02
      vertex   -1.219824e+01 -3.593529e+01 1.229077e+02
    endloop
  endfacet
  facet normal -7.921402e-01 9.796823e-02 6.024252e-01
    outer loop
      vertex   -1.219824e+01 -3.593529e+01 1.229077e+02
      vertex   -1.222172e+01 -3.622792e+01 1.229244e+02
      vertex   -1.162295e+01 -3.593529e+01 1.236642e+02
    endloop
  endfacet
  facet normal -7.617273e-01 2.901507e-01 5.792961e-01
    outer loop
      vertex   -1.219824e+01 -3.593529e+01 1.229077e+02
      vertex   -1.162295e+01 -3.593529e+01 1.236642e+02
      vertex   -1.155668e+01 -3.565390e+01 1.236104e+02
    endloop
  endfacet
  facet normal -7.234377e-01 2.901507e-01 6.264586e-01
    outer loop
      vertex   -1.155668e+01 -3.565390e+01 1.236104e+02
      vertex   -1.162295e+01 -3.593529e+01 1.236642e+02
      vertex   -1.093810e+01 -3.565390e+01 1.243247e+02
    endloop
  endfacet
  facet normal -6.667704e-01 4.712120e-01 5.773877e-01
    outer loop
      vertex   -1.155668e+01 -3.565390e+01 1.236104e+02
      vertex   -1.093810e+01 -3.565390e+01 1.243247e+02
      vertex   -1.083625e+01 -3.539457e+01 1.242307e+02
    endloop
  endfacet
  facet normal -6.287931e-01 4.712120e-01 6.185293e-01
    outer loop
      vertex   -1.083625e+01 -3.539457e+01 1.242307e+02
      vertex   -1.093810e+01 -3.565390e+01 1.243247e+02
      vertex   -1.017976e+01 -3.539457e+01 1.248981e+02
    endloop
  endfacet
  facet normal -5.511918e-01 6.342022e-01 5.421947e-01
    outer loop
      vertex   -1.083625e+01 -3.539457e+01 1.242307e+02
      vertex   -1.017976e+01 -3.539457e+01 1.248981e+02
      vertex   -1.005099e+01 -3.516726e+01 1.247631e+02
    endloop
  endfacet
  facet normal -5.156804e-01 6.342022e-01 5.760740e-01
    outer loop
      vertex   -1.005099e+01 -3.516726e+01 1.247631e+02
      vertex   -1.017976e+01 -3.539457e+01 1.248981e+02
      vertex   -9.362309e+00 -3.516726e+01 1.253796e+02
    endloop
  endfacet
  facet normal -4.232496e-01 7.728536e-01 4.728182e-01
    outer loop
      vertex   -1.005099e+01 -3.516726e+01 1.247631e+02
      vertex   -9.362309e+00 -3.516726e+01 1.253796e+02
      vertex   -9.216155e+00 -3.498072e+01 1.252055e+02
    endloop
  endfacet
  facet normal -3.923977e-01 7.728536e-01 4.987197e-01
    outer loop
      vertex   -9.216155e+00 -3.498072e+01 1.252055e+02
      vertex   -9.362309e+00 -3.516726e+01 1.253796e+02
      vertex   -8.501086e+00 -3.498072e+01 1.257681e+02
    endloop
  endfacet
  facet normal -2.916043e-01 8.818225e-01 3.706158e-01
    outer loop
      vertex   -9.216155e+00 -3.498072e+01 1.252055e+02
      vertex   -8.501086e+00 -3.498072e+01 1.257681e+02
      vertex   -8.347277e+00 -3.484210e+01 1.255593e+02
    endloop
  endfacet
  facet normal -2.674864e-01 8.818222e-01 3.883820e-01
    outer loop
      vertex   -8.347277e+00 -3.484210e+01 1.255593e+02
      vertex   -8.501086e+00 -3.498072e+01 1.257681e+02
      vertex   -7.750768e+00 -3.498072e+01 1.262849e+02
    endloop
  endfacet
  facet normal -2.674772e-01 8.818278e-01 3.883756e-01
    outer loop
      vertex   -8.347277e+00 -3.484210e+01 1.255593e+02
      vertex   -7.750768e+00 -3.498072e+01 1.262849e+02
      vertex   -7.610340e+00 -3.484210e+01 1.260669e+02
    endloop
  endfacet
  facet normal -2.423104e-01 8.818172e-01 4.045790e-01
    outer loop
      vertex   -7.610340e+00 -3.484210e+01 1.260669e+02
      vertex   -7.750768e+00 -3.498072e+01 1.262849e+02
      vertex   -6.971197e+00 -3.498072e+01 1.267518e+02
    endloop
  endfacet
  facet normal -2.423017e-01 8.818228e-01 4.045720e-01
    outer loop
      vertex   -7.610340e+00 -3.484210e+01 1.260669e+02
      vertex   -6.971197e+00 -3.498072e+01 1.267518e+02
      vertex   -6.845069e+00 -3.484210e+01 1.265252e+02
    endloop
  endfacet
  facet normal -2.161654e-01 8.818225e-01 4.191201e-01
    outer loop
      vertex   -6.845069e+00 -3.484210e+01 1.265252e+02
      vertex   -6.971197e+00 -3.498072e+01 1.267518e+02
      vertex   -6.051045e+00 -3.484210e+01 1.269347e+02
    endloop
  endfacet
  facet normal -7.921402e-01 9.796823e-02 6.024252e-01
    outer loop
      vertex   -1.222172e+01 -3.622792e+01 1.229244e+02
      vertex   -1.164532e+01 -3.622792e+01 1.236824e+02
      vertex   -1.162295e+01 -3.593529e+01 1.236642e+02
    endloop
  endfacet
  facet normal -7.523218e-01 9.796823e-02 6.514707e-01
    outer loop
      vertex   -1.162295e+01 -3.593529e+01 1.236642e+02
      vertex   -1.164532e+01 -3.622792e+01 1.236824e+02
      vertex   -1.100082e+01 -3.593529e+01 1.243826e+02
    endloop
  endfacet
  facet normal -7.234377e-01 2.901507e-01 6.264586e-01
    outer loop
      vertex   -1.162295e+01 -3.593529e+01 1.236642e+02
      vertex   -1.100082e+01 -3.593529e+01 1.243826e+02
      vertex   -1.093810e+01 -3.565390e+01 1.243247e+02
    endloop
  endfacet
  facet normal -6.822329e-01 2.901507e-01 6.710967e-01
    outer loop
      vertex   -1.093810e+01 -3.565390e+01 1.243247e+02
      vertex   -1.100082e+01 -3.593529e+01 1.243826e+02
      vertex   -1.027544e+01 -3.565390e+01 1.249984e+02
    endloop
  endfacet
  facet normal -6.287931e-01 4.712120e-01 6.185293e-01
    outer loop
      vertex   -1.093810e+01 -3.565390e+01 1.243247e+02
      vertex   -1.027544e+01 -3.565390e+01 1.249984e+02
      vertex   -1.017976e+01 -3.539457e+01 1.248981e+02
    endloop
  endfacet
  facet normal -5.882821e-01 4.712120e-01 6.571784e-01
    outer loop
      vertex   -1.017976e+01 -3.539457e+01 1.248981e+02
      vertex   -1.027544e+01 -3.565390e+01 1.249984e+02
      vertex   -9.482255e+00 -3.539457e+01 1.255225e+02
    endloop
  endfacet
  facet normal -5.156804e-01 6.342022e-01 5.760740e-01
    outer loop
      vertex   -1.017976e+01 -3.539457e+01 1.248981e+02
      vertex   -9.482255e+00 -3.539457e+01 1.255225e+02
      vertex   -9.362309e+00 -3.516726e+01 1.253796e+02
    endloop
  endfacet
  facet normal -4.780909e-01 6.342022e-01 6.076319e-01
    outer loop
      vertex   -9.362309e+00 -3.516726e+01 1.253796e+02
      vertex   -9.482255e+00 -3.539457e+01 1.255225e+02
      vertex   -8.635900e+00 -3.516726e+01 1.259511e+02
    endloop
  endfacet
  facet normal -3.923977e-01 7.728536e-01 4.987197e-01
    outer loop
      vertex   -9.362309e+00 -3.516726e+01 1.253796e+02
      vertex   -8.635900e+00 -3.516726e+01 1.259511e+02
      vertex   -8.501086e+00 -3.498072e+01 1.257681e+02
    endloop
  endfacet
  facet normal -3.599476e-01 7.728533e-01 5.226237e-01
    outer loop
      vertex   -8.501086e+00 -3.498072e+01 1.257681e+02
      vertex   -8.635900e+00 -3.516726e+01 1.259511e+02
      vertex   -7.873885e+00 -3.516726e+01 1.264760e+02
    endloop
  endfacet
  facet normal -3.599361e-01 7.728637e-01 5.226162e-01
    outer loop
      vertex   -8.501086e+00 -3.498072e+01 1.257681e+02
      vertex   -7.873885e+00 -3.516726e+01 1.264760e+02
      vertex   -7.750768e+00 -3.498072e+01 1.262849e+02
    endloop
  endfacet
  facet normal -3.260692e-01 7.728437e-01 5.444185e-01
    outer loop
      vertex   -7.750768e+00 -3.498072e+01 1.262849e+02
      vertex   -7.873885e+00 -3.516726e+01 1.264760e+02
      vertex   -7.081749e+00 -3.516726e+01 1.269504e+02
    endloop
  endfacet
  facet normal -3.260583e-01 7.728540e-01 5.444104e-01
    outer loop
      vertex   -7.750768e+00 -3.498072e+01 1.262849e+02
      vertex   -7.081749e+00 -3.516726e+01 1.269504e+02
      vertex   -6.971197e+00 -3.498072e+01 1.267518e+02
    endloop
  endfacet
  facet normal -2.908833e-01 7.728536e-01 5.639895e-01
    outer loop
      vertex   -6.971197e+00 -3.498072e+01 1.267518e+02
      vertex   -7.081749e+00 -3.516726e+01 1.269504e+02
      vertex   -6.162543e+00 -3.498072e+01 1.271689e+02
    endloop
  endfacet
  facet normal -2.161654e-01 8.818225e-01 4.191201e-01
    outer loop
      vertex   -6.971197e+00 -3.498072e+01 1.267518e+02
      vertex   -6.162543e+00 -3.498072e+01 1.271689e+02
      vertex   -6.051045e+00 -3.484210e+01 1.269347e+02
    endloop
  endfacet
  facet normal -1.891378e-01 8.818225e-01 4.319908e-01
    outer loop
      vertex   -6.051045e+00 -3.484210e+01 1.269347e+02
      vertex   -6.162543e+00 -3.498072e+01 1.271689e+02
      vertex   -5.232638e+00 -3.484210e+01 1.272931e+02
    endloop
  endfacet
  facet normal -7.523218e-01 9.796823e-02 6.514707e-01
    outer loop
      vertex   -1.164532e+01 -3.622792e+01 1.236824e+02
      vertex   -1.102200e+01 -3.622792e+01 1.244022e+02
      vertex   -1.100082e+01 -3.593529e+01 1.243826e+02
    endloop
  endfacet
  facet normal -7.094718e-01 9.796823e-02 6.978911e-01
    outer loop
      vertex   -1.100082e+01 -3.593529e+01 1.243826e+02
      vertex   -1.102200e+01 -3.622792e+01 1.244022e+02
      vertex   -1.033437e+01 -3.593529e+01 1.250601e+02
    endloop
  endfacet
  facet normal -6.822329e-01 2.901507e-01 6.710967e-01
    outer loop
      vertex   -1.100082e+01 -3.593529e+01 1.243826e+02
      vertex   -1.033437e+01 -3.593529e+01 1.250601e+02
      vertex   -1.027544e+01 -3.565390e+01 1.249984e+02
    endloop
  endfacet
  facet normal -6.382789e-01 2.901507e-01 7.130306e-01
    outer loop
      vertex   -1.027544e+01 -3.565390e+01 1.249984e+02
      vertex   -1.033437e+01 -3.593529e+01 1.250601e+02
      vertex   -9.571382e+00 -3.565390e+01 1.256286e+02
    endloop
  endfacet
  facet normal -5.882821e-01 4.712120e-01 6.571784e-01
    outer loop
      vertex   -1.027544e+01 -3.565390e+01 1.249984e+02
      vertex   -9.571382e+00 -3.565390e+01 1.256286e+02
      vertex   -9.482255e+00 -3.539457e+01 1.255225e+02
    endloop
  endfacet
  facet normal -5.454005e-01 4.712120e-01 6.931793e-01
    outer loop
      vertex   -9.482255e+00 -3.539457e+01 1.255225e+02
      vertex   -9.571382e+00 -3.565390e+01 1.256286e+02
      vertex   -8.746539e+00 -3.539457e+01 1.261013e+02
    endloop
  endfacet
  facet normal -4.780909e-01 6.342022e-01 6.076319e-01
    outer loop
      vertex   -9.482255e+00 -3.539457e+01 1.255225e+02
      vertex   -8.746539e+00 -3.539457e+01 1.261013e+02
      vertex   -8.635900e+00 -3.516726e+01 1.259511e+02
    endloop
  endfacet
  facet normal -4.385594e-01 6.342019e-01 6.367524e-01
    outer loop
      vertex   -8.635900e+00 -3.516726e+01 1.259511e+02
      vertex   -8.746539e+00 -3.539457e+01 1.261013e+02
      vertex   -7.974965e+00 -3.539457e+01 1.266328e+02
    endloop
  endfacet
  facet normal -4.385469e-01 6.342175e-01 6.367454e-01
    outer loop
      vertex   -8.635900e+00 -3.516726e+01 1.259511e+02
      vertex   -7.974965e+00 -3.539457e+01 1.266328e+02
      vertex   -7.873885e+00 -3.516726e+01 1.264760e+02
    endloop
  endfacet
  facet normal -3.972817e-01 6.341871e-01 6.633054e-01
    outer loop
      vertex   -7.873885e+00 -3.516726e+01 1.264760e+02
      vertex   -7.974965e+00 -3.539457e+01 1.266328e+02
      vertex   -7.172477e+00 -3.539457e+01 1.271134e+02
    endloop
  endfacet
  facet normal -3.972697e-01 6.342026e-01 6.632977e-01
    outer loop
      vertex   -7.873885e+00 -3.516726e+01 1.264760e+02
      vertex   -7.172477e+00 -3.539457e+01 1.271134e+02
      vertex   -7.081749e+00 -3.516726e+01 1.269504e+02
    endloop
  endfacet
  facet normal -3.544074e-01 6.342022e-01 6.871557e-01
    outer loop
      vertex   -7.081749e+00 -3.516726e+01 1.269504e+02
      vertex   -7.172477e+00 -3.539457e+01 1.271134e+02
      vertex   -6.260271e+00 -3.516726e+01 1.273741e+02
    endloop
  endfacet
  facet normal -2.908833e-01 7.728536e-01 5.639895e-01
    outer loop
      vertex   -7.081749e+00 -3.516726e+01 1.269504e+02
      vertex   -6.260271e+00 -3.516726e+01 1.273741e+02
      vertex   -6.162543e+00 -3.498072e+01 1.271689e+02
    endloop
  endfacet
  facet normal -2.545135e-01 7.728536e-01 5.813090e-01
    outer loop
      vertex   -6.162543e+00 -3.498072e+01 1.271689e+02
      vertex   -6.260271e+00 -3.516726e+01 1.273741e+02
      vertex   -5.329056e+00 -3.498072e+01 1.275338e+02
    endloop
  endfacet
  facet normal -1.891378e-01 8.818225e-01 4.319908e-01
    outer loop
      vertex   -6.162543e+00 -3.498072e+01 1.271689e+02
      vertex   -5.329056e+00 -3.498072e+01 1.275338e+02
      vertex   -5.232638e+00 -3.484210e+01 1.272931e+02
    endloop
  endfacet
  facet normal -1.613479e-01 8.818225e-01 4.431207e-01
    outer loop
      vertex   -5.232638e+00 -3.484210e+01 1.272931e+02
      vertex   -5.329056e+00 -3.498072e+01 1.275338e+02
      vertex   -4.393145e+00 -3.484210e+01 1.275987e+02
    endloop
  endfacet
  facet normal -7.094718e-01 9.796823e-02 6.978911e-01
    outer loop
      vertex   -1.102200e+01 -3.622792e+01 1.244022e+02
      vertex   -1.035426e+01 -3.622792e+01 1.250810e+02
      vertex   -1.033437e+01 -3.593529e+01 1.250601e+02
    endloop
  endfacet
  facet normal -6.637629e-01 9.796823e-02 7.414991e-01
    outer loop
      vertex   -1.033437e+01 -3.593529e+01 1.250601e+02
      vertex   -1.035426e+01 -3.622792e+01 1.250810e+02
      vertex   -9.626267e+00 -3.593529e+01 1.256940e+02
    endloop
  endfacet
  facet normal -6.382789e-01 2.901507e-01 7.130306e-01
    outer loop
      vertex   -1.033437e+01 -3.593529e+01 1.250601e+02
      vertex   -9.626267e+00 -3.593529e+01 1.256940e+02
      vertex   -9.571382e+00 -3.565390e+01 1.256286e+02
    endloop
  endfacet
  facet normal -5.917529e-01 2.901507e-01 7.520911e-01
    outer loop
      vertex   -9.571382e+00 -3.565390e+01 1.256286e+02
      vertex   -9.626267e+00 -3.593529e+01 1.256940e+02
      vertex   -8.828751e+00 -3.565390e+01 1.262129e+02
    endloop
  endfacet
  facet normal -5.454005e-01 4.712120e-01 6.931793e-01
    outer loop
      vertex   -9.571382e+00 -3.565390e+01 1.256286e+02
      vertex   -8.828751e+00 -3.565390e+01 1.262129e+02
      vertex   -8.746539e+00 -3.539457e+01 1.261013e+02
    endloop
  endfacet
  facet normal -5.003092e-01 4.712118e-01 7.263953e-01
    outer loop
      vertex   -8.746539e+00 -3.539457e+01 1.261013e+02
      vertex   -8.828751e+00 -3.565390e+01 1.262129e+02
      vertex   -8.050131e+00 -3.565390e+01 1.267492e+02
    endloop
  endfacet
  facet normal -5.002970e-01 4.712323e-01 7.263904e-01
    outer loop
      vertex   -8.746539e+00 -3.539457e+01 1.261013e+02
      vertex   -8.050131e+00 -3.565390e+01 1.267492e+02
      vertex   -7.974965e+00 -3.539457e+01 1.266328e+02
    endloop
  endfacet
  facet normal -4.532187e-01 4.711918e-01 7.566843e-01
    outer loop
      vertex   -7.974965e+00 -3.539457e+01 1.266328e+02
      vertex   -8.050131e+00 -3.565390e+01 1.267492e+02
      vertex   -7.239894e+00 -3.565390e+01 1.272345e+02
    endloop
  endfacet
  facet normal -4.532069e-01 4.712123e-01 7.566786e-01
    outer loop
      vertex   -7.974965e+00 -3.539457e+01 1.266328e+02
      vertex   -7.239894e+00 -3.565390e+01 1.272345e+02
      vertex   -7.172477e+00 -3.539457e+01 1.271134e+02
    endloop
  endfacet
  facet normal -4.043038e-01 4.712120e-01 7.838990e-01
    outer loop
      vertex   -7.172477e+00 -3.539457e+01 1.271134e+02
      vertex   -7.239894e+00 -3.565390e+01 1.272345e+02
      vertex   -6.340475e+00 -3.539457e+01 1.275425e+02
    endloop
  endfacet
  facet normal -3.544074e-01 6.342022e-01 6.871557e-01
    outer loop
      vertex   -7.172477e+00 -3.539457e+01 1.271134e+02
      vertex   -6.340475e+00 -3.539457e+01 1.275425e+02
      vertex   -6.260271e+00 -3.516726e+01 1.273741e+02
    endloop
  endfacet
  facet normal -3.100951e-01 6.342022e-01 7.082574e-01
    outer loop
      vertex   -6.260271e+00 -3.516726e+01 1.273741e+02
      vertex   -6.340475e+00 -3.539457e+01 1.275425e+02
      vertex   -5.413566e+00 -3.516726e+01 1.277448e+02
    endloop
  endfacet
  facet normal -2.545135e-01 7.728536e-01 5.813090e-01
    outer loop
      vertex   -6.260271e+00 -3.516726e+01 1.273741e+02
      vertex   -5.413566e+00 -3.516726e+01 1.277448e+02
      vertex   -5.329056e+00 -3.498072e+01 1.275338e+02
    endloop
  endfacet
  facet normal -2.171181e-01 7.728536e-01 5.962860e-01
    outer loop
      vertex   -5.329056e+00 -3.498072e+01 1.275338e+02
      vertex   -5.413566e+00 -3.516726e+01 1.277448e+02
      vertex   -4.474094e+00 -3.498072e+01 1.278451e+02
    endloop
  endfacet
  facet normal -1.613479e-01 8.818225e-01 4.431207e-01
    outer loop
      vertex   -5.329056e+00 -3.498072e+01 1.275338e+02
      vertex   -4.474094e+00 -3.498072e+01 1.278451e+02
      vertex   -4.393145e+00 -3.484210e+01 1.275987e+02
    endloop
  endfacet
  facet normal -1.329080e-01 8.818225e-01 4.524650e-01
    outer loop
      vertex   -4.393145e+00 -3.484210e+01 1.275987e+02
      vertex   -4.474094e+00 -3.498072e+01 1.278451e+02
      vertex   -3.535950e+00 -3.484210e+01 1.278505e+02
    endloop
  endfacet
  facet normal -6.637629e-01 9.796823e-02 7.414991e-01
    outer loop
      vertex   -1.035426e+01 -3.622792e+01 1.250810e+02
      vertex   -9.644799e+00 -3.622792e+01 1.257161e+02
      vertex   -9.626267e+00 -3.593529e+01 1.256940e+02
    endloop
  endfacet
  facet normal -6.153793e-01 9.796823e-02 7.821192e-01
    outer loop
      vertex   -9.626267e+00 -3.593529e+01 1.256940e+02
      vertex   -9.644799e+00 -3.622792e+01 1.257161e+02
      vertex   -8.879377e+00 -3.593529e+01 1.262817e+02
    endloop
  endfacet
  facet normal -5.917529e-01 2.901507e-01 7.520911e-01
    outer loop
      vertex   -9.626267e+00 -3.593529e+01 1.256940e+02
      vertex   -8.879377e+00 -3.593529e+01 1.262817e+02
      vertex   -8.828751e+00 -3.565390e+01 1.262129e+02
    endloop
  endfacet
  facet normal -5.428359e-01 2.901507e-01 7.881255e-01
    outer loop
      vertex   -8.828751e+00 -3.565390e+01 1.262129e+02
      vertex   -8.879377e+00 -3.593529e+01 1.262817e+02
      vertex   -8.096499e+00 -3.593529e+01 1.268209e+02
    endloop
  endfacet
  facet normal -5.428252e-01 2.901750e-01 7.881239e-01
    outer loop
      vertex   -8.828751e+00 -3.565390e+01 1.262129e+02
      vertex   -8.096499e+00 -3.593529e+01 1.268209e+02
      vertex   -8.050131e+00 -3.565390e+01 1.267492e+02
    endloop
  endfacet
  facet normal -4.917413e-01 2.901266e-01 8.209854e-01
    outer loop
      vertex   -8.050131e+00 -3.565390e+01 1.267492e+02
      vertex   -8.096499e+00 -3.593529e+01 1.268209e+02
      vertex   -7.281409e+00 -3.593529e+01 1.273091e+02
    endloop
  endfacet
  facet normal -4.917308e-01 2.901509e-01 8.209831e-01
    outer loop
      vertex   -8.050131e+00 -3.565390e+01 1.267492e+02
      vertex   -7.281409e+00 -3.593529e+01 1.273091e+02
      vertex   -7.239894e+00 -3.565390e+01 1.272345e+02
    endloop
  endfacet
  facet normal -4.386647e-01 2.901507e-01 8.505209e-01
    outer loop
      vertex   -7.239894e+00 -3.565390e+01 1.272345e+02
      vertex   -7.281409e+00 -3.593529e+01 1.273091e+02
      vertex   -6.400071e+00 -3.565390e+01 1.276677e+02
    endloop
  endfacet
  facet normal -4.043038e-01 4.712120e-01 7.838990e-01
    outer loop
      vertex   -7.239894e+00 -3.565390e+01 1.272345e+02
      vertex   -6.400071e+00 -3.565390e+01 1.276677e+02
      vertex   -6.340475e+00 -3.539457e+01 1.275425e+02
    endloop
  endfacet
  facet normal -3.537528e-01 4.712120e-01 8.079717e-01
    outer loop
      vertex   -6.340475e+00 -3.539457e+01 1.275425e+02
      vertex   -6.400071e+00 -3.565390e+01 1.276677e+02
      vertex   -5.482922e+00 -3.539457e+01 1.279180e+02
    endloop
  endfacet
  facet normal -3.100951e-01 6.342022e-01 7.082574e-01
    outer loop
      vertex   -6.340475e+00 -3.539457e+01 1.275425e+02
      vertex   -5.482922e+00 -3.539457e+01 1.279180e+02
      vertex   -5.413566e+00 -3.516726e+01 1.277448e+02
    endloop
  endfacet
  facet normal -2.645331e-01 6.342022e-01 7.265052e-01
    outer loop
      vertex   -5.413566e+00 -3.516726e+01 1.277448e+02
      vertex   -5.482922e+00 -3.539457e+01 1.279180e+02
      vertex   -4.545046e+00 -3.516726e+01 1.280610e+02
    endloop
  endfacet
  facet normal -2.171181e-01 7.728536e-01 5.962860e-01
    outer loop
      vertex   -5.413566e+00 -3.516726e+01 1.277448e+02
      vertex   -4.545046e+00 -3.516726e+01 1.280610e+02
      vertex   -4.474094e+00 -3.498072e+01 1.278451e+02
    endloop
  endfacet
  facet normal -1.788478e-01 7.728536e-01 6.088602e-01
    outer loop
      vertex   -4.474094e+00 -3.498072e+01 1.278451e+02
      vertex   -4.545046e+00 -3.516726e+01 1.280610e+02
      vertex   -3.601104e+00 -3.498072e+01 1.281015e+02
    endloop
  endfacet
  facet normal -1.329080e-01 8.818225e-01 4.524650e-01
    outer loop
      vertex   -4.474094e+00 -3.498072e+01 1.278451e+02
      vertex   -3.601104e+00 -3.498072e+01 1.281015e+02
      vertex   -3.535950e+00 -3.484210e+01 1.278505e+02
    endloop
  endfacet
  facet normal -1.039324e-01 8.818225e-01 4.599861e-01
    outer loop
      vertex   -3.535950e+00 -3.484210e+01 1.278505e+02
      vertex   -3.601104e+00 -3.498072e+01 1.281015e+02
      vertex   -2.664506e+00 -3.484210e+01 1.280474e+02
    endloop
  endfacet
  facet normal -6.153793e-01 9.796823e-02 7.821192e-01
    outer loop
      vertex   -9.644799e+00 -3.622792e+01 1.257161e+02
      vertex   -8.896471e+00 -3.622792e+01 1.263049e+02
      vertex   -8.879377e+00 -3.593529e+01 1.262817e+02
    endloop
  endfacet
  facet normal -5.645159e-01 9.796823e-02 8.195877e-01
    outer loop
      vertex   -8.879377e+00 -3.593529e+01 1.262817e+02
      vertex   -8.896471e+00 -3.622792e+01 1.263049e+02
      vertex   -8.112294e+00 -3.622792e+01 1.268450e+02
    endloop
  endfacet
  facet normal -5.645077e-01 9.799459e-02 8.195902e-01
    outer loop
      vertex   -8.879377e+00 -3.593529e+01 1.262817e+02
      vertex   -8.112294e+00 -3.622792e+01 1.268450e+02
      vertex   -8.096499e+00 -3.593529e+01 1.268209e+02
    endloop
  endfacet
  facet normal -5.113791e-01 9.794191e-02 8.537557e-01
    outer loop
      vertex   -8.096499e+00 -3.593529e+01 1.268209e+02
      vertex   -8.112294e+00 -3.622792e+01 1.268450e+02
      vertex   -7.295427e+00 -3.622792e+01 1.273343e+02
    endloop
  endfacet
  facet normal -5.113707e-01 9.796826e-02 8.537577e-01
    outer loop
      vertex   -8.096499e+00 -3.593529e+01 1.268209e+02
      vertex   -7.295427e+00 -3.622792e+01 1.273343e+02
      vertex   -7.281409e+00 -3.593529e+01 1.273091e+02
    endloop
  endfacet
  facet normal -4.561789e-01 9.796823e-02 8.844790e-01
    outer loop
      vertex   -7.281409e+00 -3.593529e+01 1.273091e+02
      vertex   -7.295427e+00 -3.622792e+01 1.273343e+02
      vertex   -6.436771e+00 -3.593529e+01 1.277447e+02
    endloop
  endfacet
  facet normal -4.386647e-01 2.901507e-01 8.505209e-01
    outer loop
      vertex   -7.281409e+00 -3.593529e+01 1.273091e+02
      vertex   -6.436771e+00 -3.593529e+01 1.277447e+02
      vertex   -6.400071e+00 -3.565390e+01 1.276677e+02
    endloop
  endfacet
  facet normal -3.838175e-01 2.901507e-01 8.766394e-01
    outer loop
      vertex   -6.400071e+00 -3.565390e+01 1.276677e+02
      vertex   -6.436771e+00 -3.593529e+01 1.277447e+02
      vertex   -5.534458e+00 -3.565390e+01 1.280467e+02
    endloop
  endfacet
  facet normal -3.537528e-01 4.712120e-01 8.079717e-01
    outer loop
      vertex   -6.400071e+00 -3.565390e+01 1.276677e+02
      vertex   -5.534458e+00 -3.565390e+01 1.280467e+02
      vertex   -5.482922e+00 -3.539457e+01 1.279180e+02
    endloop
  endfacet
  facet normal -3.017763e-01 4.712120e-01 8.287885e-01
    outer loop
      vertex   -5.482922e+00 -3.539457e+01 1.279180e+02
      vertex   -5.534458e+00 -3.565390e+01 1.280467e+02
      vertex   -4.603275e+00 -3.539457e+01 1.282383e+02
    endloop
  endfacet
  facet normal -2.645331e-01 6.342022e-01 7.265052e-01
    outer loop
      vertex   -5.482922e+00 -3.539457e+01 1.279180e+02
      vertex   -4.603275e+00 -3.539457e+01 1.282383e+02
      vertex   -4.545046e+00 -3.516726e+01 1.280610e+02
    endloop
  endfacet
  facet normal -2.179052e-01 6.342022e-01 7.418253e-01
    outer loop
      vertex   -4.545046e+00 -3.516726e+01 1.280610e+02
      vertex   -4.603275e+00 -3.539457e+01 1.282383e+02
      vertex   -3.658212e+00 -3.516726e+01 1.283215e+02
    endloop
  endfacet
  facet normal -1.788478e-01 7.728536e-01 6.088602e-01
    outer loop
      vertex   -4.545046e+00 -3.516726e+01 1.280610e+02
      vertex   -3.658212e+00 -3.516726e+01 1.283215e+02
      vertex   -3.601104e+00 -3.498072e+01 1.281015e+02
    endloop
  endfacet
  facet normal -1.398568e-01 7.728536e-01 6.189809e-01
    outer loop
      vertex   -3.601104e+00 -3.498072e+01 1.281015e+02
      vertex   -3.658212e+00 -3.516726e+01 1.283215e+02
      vertex   -2.713603e+00 -3.498072e+01 1.283021e+02
    endloop
  endfacet
  facet normal -1.039324e-01 8.818225e-01 4.599861e-01
    outer loop
      vertex   -3.601104e+00 -3.498072e+01 1.281015e+02
      vertex   -2.713603e+00 -3.498072e+01 1.283021e+02
      vertex   -2.664506e+00 -3.484210e+01 1.280474e+02
    endloop
  endfacet
  facet normal -7.453803e-02 8.818225e-01 4.656535e-01
    outer loop
      vertex   -2.664506e+00 -3.484210e+01 1.280474e+02
      vertex   -2.713603e+00 -3.498072e+01 1.283021e+02
      vertex   -1.782325e+00 -3.484210e+01 1.281886e+02
    endloop
  endfacet
  facet normal -4.561789e-01 9.796823e-02 8.844790e-01
    outer loop
      vertex   -7.295427e+00 -3.622792e+01 1.273343e+02
      vertex   -6.449163e+00 -3.622792e+01 1.277708e+02
      vertex   -6.436771e+00 -3.593529e+01 1.277447e+02
    endloop
  endfacet
  facet normal -3.991418e-01 9.796823e-02 9.116403e-01
    outer loop
      vertex   -6.436771e+00 -3.593529e+01 1.277447e+02
      vertex   -6.449163e+00 -3.622792e+01 1.277708e+02
      vertex   -5.566194e+00 -3.593529e+01 1.281259e+02
    endloop
  endfacet
  facet normal -3.838175e-01 2.901507e-01 8.766394e-01
    outer loop
      vertex   -6.436771e+00 -3.593529e+01 1.277447e+02
      vertex   -5.566194e+00 -3.593529e+01 1.281259e+02
      vertex   -5.534458e+00 -3.565390e+01 1.280467e+02
    endloop
  endfacet
  facet normal -3.274236e-01 2.901507e-01 8.992254e-01
    outer loop
      vertex   -5.534458e+00 -3.565390e+01 1.280467e+02
      vertex   -5.566194e+00 -3.593529e+01 1.281259e+02
      vertex   -4.646543e+00 -3.565390e+01 1.283700e+02
    endloop
  endfacet
  facet normal -3.017763e-01 4.712120e-01 8.287885e-01
    outer loop
      vertex   -5.534458e+00 -3.565390e+01 1.280467e+02
      vertex   -4.646543e+00 -3.565390e+01 1.283700e+02
      vertex   -4.603275e+00 -3.539457e+01 1.282383e+02
    endloop
  endfacet
  facet normal -2.485837e-01 4.712120e-01 8.462656e-01
    outer loop
      vertex   -4.603275e+00 -3.539457e+01 1.282383e+02
      vertex   -4.646543e+00 -3.565390e+01 1.283700e+02
      vertex   -3.705079e+00 -3.539457e+01 1.285021e+02
    endloop
  endfacet
  facet normal -2.179052e-01 6.342022e-01 7.418253e-01
    outer loop
      vertex   -4.603275e+00 -3.539457e+01 1.282383e+02
      vertex   -3.705079e+00 -3.539457e+01 1.285021e+02
      vertex   -3.658212e+00 -3.516726e+01 1.283215e+02
    endloop
  endfacet
  facet normal -1.703992e-01 6.342022e-01 7.541562e-01
    outer loop
      vertex   -3.658212e+00 -3.516726e+01 1.283215e+02
      vertex   -3.705079e+00 -3.539457e+01 1.285021e+02
      vertex   -2.756636e+00 -3.516726e+01 1.285253e+02
    endloop
  endfacet
  facet normal -1.398568e-01 7.728536e-01 6.189809e-01
    outer loop
      vertex   -3.658212e+00 -3.516726e+01 1.283215e+02
      vertex   -2.756636e+00 -3.516726e+01 1.285253e+02
      vertex   -2.713603e+00 -3.498072e+01 1.283021e+02
    endloop
  endfacet
  facet normal -1.003022e-01 7.728536e-01 6.266073e-01
    outer loop
      vertex   -2.713603e+00 -3.498072e+01 1.283021e+02
      vertex   -2.756636e+00 -3.516726e+01 1.285253e+02
      vertex   -1.815166e+00 -3.498072e+01 1.284459e+02
    endloop
  endfacet
  facet normal -7.453803e-02 8.818225e-01 4.656535e-01
    outer loop
      vertex   -2.713603e+00 -3.498072e+01 1.283021e+02
      vertex   -1.815166e+00 -3.498072e+01 1.284459e+02
      vertex   -1.782325e+00 -3.484210e+01 1.281886e+02
    endloop
  endfacet
  facet normal -4.484330e-02 8.818225e-01 4.694446e-01
    outer loop
      vertex   -1.782325e+00 -3.484210e+01 1.281886e+02
      vertex   -1.815166e+00 -3.498072e+01 1.284459e+02
      vertex   -8.929616e-01 -3.484210e+01 1.282736e+02
    endloop
  endfacet
  facet normal -3.991418e-01 9.796823e-02 9.116403e-01
    outer loop
      vertex   -6.449163e+00 -3.622792e+01 1.277708e+02
      vertex   -5.576910e+00 -3.622792e+01 1.281527e+02
      vertex   -5.566194e+00 -3.593529e+01 1.281259e+02
    endloop
  endfacet
  facet normal -3.404963e-01 9.796823e-02 9.351280e-01
    outer loop
      vertex   -5.566194e+00 -3.593529e+01 1.281259e+02
      vertex   -5.576910e+00 -3.622792e+01 1.281527e+02
      vertex   -4.673188e+00 -3.593529e+01 1.284511e+02
    endloop
  endfacet
  facet normal -3.274236e-01 2.901507e-01 8.992254e-01
    outer loop
      vertex   -5.566194e+00 -3.593529e+01 1.281259e+02
      vertex   -4.673188e+00 -3.593529e+01 1.284511e+02
      vertex   -4.646543e+00 -3.565390e+01 1.283700e+02
    endloop
  endfacet
  facet normal -2.697103e-01 2.901507e-01 9.181878e-01
    outer loop
      vertex   -4.646543e+00 -3.565390e+01 1.283700e+02
      vertex   -4.673188e+00 -3.593529e+01 1.284511e+02
      vertex   -3.739905e+00 -3.565390e+01 1.286363e+02
    endloop
  endfacet
  facet normal -2.485837e-01 4.712120e-01 8.462656e-01
    outer loop
      vertex   -4.646543e+00 -3.565390e+01 1.283700e+02
      vertex   -3.739905e+00 -3.565390e+01 1.286363e+02
      vertex   -3.705079e+00 -3.539457e+01 1.285021e+02
    endloop
  endfacet
  facet normal -1.943894e-01 4.712120e-01 8.603325e-01
    outer loop
      vertex   -3.705079e+00 -3.539457e+01 1.285021e+02
      vertex   -3.739905e+00 -3.565390e+01 1.286363e+02
      vertex   -2.791953e+00 -3.539457e+01 1.287084e+02
    endloop
  endfacet
  facet normal -1.703992e-01 6.342022e-01 7.541562e-01
    outer loop
      vertex   -3.705079e+00 -3.539457e+01 1.285021e+02
      vertex   -2.791953e+00 -3.539457e+01 1.287084e+02
      vertex   -2.756636e+00 -3.516726e+01 1.285253e+02
    endloop
  endfacet
  facet normal -1.222066e-01 6.342022e-01 7.634482e-01
    outer loop
      vertex   -2.756636e+00 -3.516726e+01 1.285253e+02
      vertex   -2.791953e+00 -3.539457e+01 1.287084e+02
      vertex   -1.843952e+00 -3.516726e+01 1.286714e+02
    endloop
  endfacet
  facet normal -1.003022e-01 7.728536e-01 6.266073e-01
    outer loop
      vertex   -2.756636e+00 -3.516726e+01 1.285253e+02
      vertex   -1.843952e+00 -3.516726e+01 1.286714e+02
      vertex   -1.815166e+00 -3.498072e+01 1.284459e+02
    endloop
  endfacet
  facet normal -6.034345e-02 7.728536e-01 6.317087e-01
    outer loop
      vertex   -1.815166e+00 -3.498072e+01 1.284459e+02
      vertex   -1.843952e+00 -3.516726e+01 1.286714e+02
      vertex   -9.094154e-01 -3.498072e+01 1.285324e+02
    endloop
  endfacet
  facet normal -4.484330e-02 8.818225e-01 4.694446e-01
    outer loop
      vertex   -1.815166e+00 -3.498072e+01 1.284459e+02
      vertex   -9.094154e-01 -3.498072e+01 1.285324e+02
      vertex   -8.929616e-01 -3.484210e+01 1.282736e+02
    endloop
  endfacet
  facet normal -1.496787e-02 8.818225e-01 4.713439e-01
    outer loop
      vertex   -8.929616e-01 -3.484210e+01 1.282736e+02
      vertex   -9.094154e-01 -3.498072e+01 1.285324e+02
      vertex   1.197430e-15 -3.484210e+01 1.283019e+02
    endloop
  endfacet
  facet normal -3.404963e-01 9.796823e-02 9.351280e-01
    outer loop
      vertex   -5.576910e+00 -3.622792e+01 1.281527e+02
      vertex   -4.682184e+00 -3.622792e+01 1.284784e+02
      vertex   -4.673188e+00 -3.593529e+01 1.284511e+02
    endloop
  endfacet
  facet normal -2.804788e-01 9.796823e-02 9.548476e-01
    outer loop
      vertex   -4.673188e+00 -3.593529e+01 1.284511e+02
      vertex   -4.682184e+00 -3.622792e+01 1.284784e+02
      vertex   -3.761350e+00 -3.593529e+01 1.287189e+02
    endloop
  endfacet
  facet normal -2.697103e-01 2.901507e-01 9.181878e-01
    outer loop
      vertex   -4.673188e+00 -3.593529e+01 1.284511e+02
      vertex   -3.761350e+00 -3.593529e+01 1.287189e+02
      vertex   -3.739905e+00 -3.565390e+01 1.286363e+02
    endloop
  endfacet
  facet normal -2.109101e-01 2.901507e-01 9.334503e-01
    outer loop
      vertex   -3.739905e+00 -3.565390e+01 1.286363e+02
      vertex   -3.761350e+00 -3.593529e+01 1.287189e+02
      vertex   -2.818195e+00 -3.565390e+01 1.288445e+02
    endloop
  endfacet
  facet normal -1.943894e-01 4.712120e-01 8.603325e-01
    outer loop
      vertex   -3.739905e+00 -3.565390e+01 1.286363e+02
      vertex   -2.818195e+00 -3.565390e+01 1.288445e+02
      vertex   -2.791953e+00 -3.539457e+01 1.287084e+02
    endloop
  endfacet
  facet normal -1.394118e-01 4.712120e-01 8.709326e-01
    outer loop
      vertex   -2.791953e+00 -3.539457e+01 1.287084e+02
      vertex   -2.818195e+00 -3.565390e+01 1.288445e+02
      vertex   -1.867576e+00 -3.539457e+01 1.288564e+02
    endloop
  endfacet
  facet normal -1.222066e-01 6.342022e-01 7.634482e-01
    outer loop
      vertex   -2.791953e+00 -3.539457e+01 1.287084e+02
      vertex   -1.867576e+00 -3.539457e+01 1.288564e+02
      vertex   -1.843952e+00 -3.516726e+01 1.286714e+02
    endloop
  endfacet
  facet normal -7.352148e-02 6.342022e-01 7.696636e-01
    outer loop
      vertex   -1.843952e+00 -3.516726e+01 1.286714e+02
      vertex   -1.867576e+00 -3.539457e+01 1.288564e+02
      vertex   -9.238373e-01 -3.516726e+01 1.287592e+02
    endloop
  endfacet
  facet normal -6.034345e-02 7.728536e-01 6.317087e-01
    outer loop
      vertex   -1.843952e+00 -3.516726e+01 1.286714e+02
      vertex   -9.238373e-01 -3.516726e+01 1.287592e+02
      vertex   -9.094154e-01 -3.498072e+01 1.285324e+02
    endloop
  endfacet
  facet normal -2.014154e-02 7.728536e-01 6.342646e-01
    outer loop
      vertex   -9.094154e-01 -3.498072e+01 1.285324e+02
      vertex   -9.238373e-01 -3.516726e+01 1.287592e+02
      vertex   1.538464e-15 -3.498072e+01 1.285613e+02
    endloop
  endfacet
  facet normal -1.496787e-02 8.818225e-01 4.713439e-01
    outer loop
      vertex   -9.094154e-01 -3.498072e+01 1.285324e+02
      vertex   1.538464e-15 -3.498072e+01 1.285613e+02
      vertex   1.197430e-15 -3.484210e+01 1.283019e+02
    endloop
  endfacet
  facet normal 1.496787e-02 8.818225e-01 4.713439e-01
    outer loop
      vertex   1.197430e-15 -3.484210e+01 1.283019e+02
      vertex   1.538464e-15 -3.498072e+01 1.285613e+02
      vertex   8.929616e-01 -3.484210e+01 1.282736e+02
    endloop
  endfacet
  facet normal -2.804788e-01 9.796823e-02 9.548476e-01
    outer loop
      vertex   -4.682184e+00 -3.622792e+01 1.284784e+02
      vertex   -3.768591e+00 -3.622792e+01 1.287468e+02
      vertex   -3.761350e+00 -3.593529e+01 1.287189e+02
    endloop
  endfacet
  facet normal -2.193310e-01 9.796823e-02 9.707194e-01
    outer loop
      vertex   -3.761350e+00 -3.593529e+01 1.287189e+02
      vertex   -3.768591e+00 -3.622792e+01 1.287468e+02
      vertex   -2.834356e+00 -3.593529e+01 1.289284e+02
    endloop
  endfacet
  facet normal -2.109101e-01 2.901507e-01 9.334503e-01
    outer loop
      vertex   -3.761350e+00 -3.593529e+01 1.287189e+02
      vertex   -2.834356e+00 -3.593529e+01 1.289284e+02
      vertex   -2.818195e+00 -3.565390e+01 1.288445e+02
    endloop
  endfacet
  facet normal -1.512601e-01 2.901507e-01 9.449513e-01
    outer loop
      vertex   -2.818195e+00 -3.565390e+01 1.288445e+02
      vertex   -2.834356e+00 -3.593529e+01 1.289284e+02
      vertex   -1.885130e+00 -3.565390e+01 1.289939e+02
    endloop
  endfacet
  facet normal -1.394118e-01 4.712120e-01 8.709326e-01
    outer loop
      vertex   -2.818195e+00 -3.565390e+01 1.288445e+02
      vertex   -1.885130e+00 -3.565390e+01 1.289939e+02
      vertex   -1.867576e+00 -3.539457e+01 1.288564e+02
    endloop
  endfacet
  facet normal -8.387244e-02 4.712120e-01 8.780232e-01
    outer loop
      vertex   -1.867576e+00 -3.539457e+01 1.288564e+02
      vertex   -1.885130e+00 -3.565390e+01 1.289939e+02
      vertex   -9.356731e-01 -3.539457e+01 1.289454e+02
    endloop
  endfacet
  facet normal -7.352148e-02 6.342022e-01 7.696636e-01
    outer loop
      vertex   -1.867576e+00 -3.539457e+01 1.288564e+02
      vertex   -9.356731e-01 -3.539457e+01 1.289454e+02
      vertex   -9.238373e-01 -3.516726e+01 1.287592e+02
    endloop
  endfacet
  facet normal -2.454012e-02 6.342022e-01 7.727777e-01
    outer loop
      vertex   -9.238373e-01 -3.516726e+01 1.287592e+02
      vertex   -9.356731e-01 -3.539457e+01 1.289454e+02
      vertex   1.888466e-15 -3.516726e+01 1.287886e+02
    endloop
  endfacet
  facet normal -2.014154e-02 7.728536e-01 6.342646e-01
    outer loop
      vertex   -9.238373e-01 -3.516726e+01 1.287592e+02
      vertex   1.888466e-15 -3.516726e+01 1.287886e+02
      vertex   1.538464e-15 -3.498072e+01 1.285613e+02
    endloop
  endfacet
  facet normal 2.014154e-02 7.728536e-01 6.342646e-01
    outer loop
      vertex   1.538464e-15 -3.498072e+01 1.285613e+02
      vertex   1.888466e-15 -3.516726e+01 1.287886e+02
      vertex   9.094154e-01 -3.498072e+01 1.285324e+02
    endloop
  endfacet
  facet normal 1.496787e-02 8.818225e-01 4.713439e-01
    outer loop
      vertex   1.538464e-15 -3.498072e+01 1.285613e+02
      vertex   9.094154e-01 -3.498072e+01 1.285324e+02
      vertex   8.929616e-01 -3.484210e+01 1.282736e+02
    endloop
  endfacet
  facet normal 4.484330e-02 8.818225e-01 4.694446e-01
    outer loop
      vertex   8.929616e-01 -3.484210e+01 1.282736e+02
      vertex   9.094154e-01 -3.498072e+01 1.285324e+02
      vertex   1.782325e+00 -3.484210e+01 1.281886e+02
    endloop
  endfacet
  facet normal -2.193310e-01 9.796823e-02 9.707194e-01
    outer loop
      vertex   -3.768591e+00 -3.622792e+01 1.287468e+02
      vertex   -2.839812e+00 -3.622792e+01 1.289567e+02
      vertex   -2.834356e+00 -3.593529e+01 1.289284e+02
    endloop
  endfacet
  facet normal -1.572994e-01 9.796823e-02 9.826796e-01
    outer loop
      vertex   -2.834356e+00 -3.593529e+01 1.289284e+02
      vertex   -2.839812e+00 -3.622792e+01 1.289567e+02
      vertex   -1.895940e+00 -3.593529e+01 1.290786e+02
    endloop
  endfacet
  facet normal -1.512601e-01 2.901507e-01 9.449513e-01
    outer loop
      vertex   -2.834356e+00 -3.593529e+01 1.289284e+02
      vertex   -1.895940e+00 -3.593529e+01 1.290786e+02
      vertex   -1.885130e+00 -3.565390e+01 1.289939e+02
    endloop
  endfacet
  facet normal -9.100057e-02 2.901507e-01 9.526444e-01
    outer loop
      vertex   -1.885130e+00 -3.565390e+01 1.289939e+02
      vertex   -1.895940e+00 -3.593529e+01 1.290786e+02
      vertex   -9.444679e-01 -3.565390e+01 1.290837e+02
    endloop
  endfacet
  facet normal -8.387244e-02 4.712120e-01 8.780232e-01
    outer loop
      vertex   -1.885130e+00 -3.565390e+01 1.289939e+02
      vertex   -9.444679e-01 -3.565390e+01 1.290837e+02
      vertex   -9.356731e-01 -3.539457e+01 1.289454e+02
    endloop
  endfacet
  facet normal -2.799508e-02 4.712120e-01 8.815756e-01
    outer loop
      vertex   -9.356731e-01 -3.539457e+01 1.289454e+02
      vertex   -9.444679e-01 -3.565390e+01 1.290837e+02
      vertex   2.244227e-15 -3.539457e+01 1.289751e+02
    endloop
  endfacet
  facet normal -2.454012e-02 6.342022e-01 7.727777e-01
    outer loop
      vertex   -9.356731e-01 -3.539457e+01 1.289454e+02
      vertex   2.244227e-15 -3.539457e+01 1.289751e+02
      vertex   1.888466e-15 -3.516726e+01 1.287886e+02
    endloop
  endfacet
  facet normal 2.454012e-02 6.342022e-01 7.727777e-01
    outer loop
      vertex   1.888466e-15 -3.516726e+01 1.287886e+02
      vertex   2.244227e-15 -3.539457e+01 1.289751e+02
      vertex   9.238373e-01 -3.516726e+01 1.287592e+02
    endloop
  endfacet
  facet normal 2.014154e-02 7.728536e-01 6.342646e-01
    outer loop
      vertex   1.888466e-15 -3.516726e+01 1.287886e+02
      vertex   9.238373e-01 -3.516726e+01 1.287592e+02
      vertex   9.094154e-01 -3.498072e+01 1.285324e+02
    endloop
  endfacet
  facet normal 6.034345e-02 7.728536e-01 6.317087e-01
    outer loop
      vertex   9.094154e-01 -3.498072e+01 1.285324e+02
      vertex   9.238373e-01 -3.516726e+01 1.287592e+02
      vertex   1.815166e+00 -3.498072e+01 1.284459e+02
    endloop
  endfacet
  facet normal 4.484330e-02 8.818225e-01 4.694446e-01
    outer loop
      vertex   9.094154e-01 -3.498072e+01 1.285324e+02
      vertex   1.815166e+00 -3.498072e+01 1.284459e+02
      vertex   1.782325e+00 -3.484210e+01 1.281886e+02
    endloop
  endfacet
  facet normal 7.453803e-02 8.818225e-01 4.656535e-01
    outer loop
      vertex   1.782325e+00 -3.484210e+01 1.281886e+02
      vertex   1.815166e+00 -3.498072e+01 1.284459e+02
      vertex   2.664506e+00 -3.484210e+01 1.280474e+02
    endloop
  endfacet
  facet normal -1.572994e-01 9.796823e-02 9.826796e-01
    outer loop
      vertex   -2.839812e+00 -3.622792e+01 1.289567e+02
      vertex   -1.899590e+00 -3.622792e+01 1.291072e+02
      vertex   -1.895940e+00 -3.593529e+01 1.290786e+02
    endloop
  endfacet
  facet normal -9.463388e-02 9.796823e-02 9.906799e-01
    outer loop
      vertex   -1.895940e+00 -3.593529e+01 1.290786e+02
      vertex   -1.899590e+00 -3.622792e+01 1.291072e+02
      vertex   -9.498836e-01 -3.593529e+01 1.291689e+02
    endloop
  endfacet
  facet normal -9.100057e-02 2.901507e-01 9.526444e-01
    outer loop
      vertex   -1.895940e+00 -3.593529e+01 1.290786e+02
      vertex   -9.498836e-01 -3.593529e+01 1.291689e+02
      vertex   -9.444679e-01 -3.565390e+01 1.290837e+02
    endloop
  endfacet
  facet normal -3.037432e-02 2.901507e-01 9.564988e-01
    outer loop
      vertex   -9.444679e-01 -3.565390e+01 1.290837e+02
      vertex   -9.498836e-01 -3.593529e+01 1.291689e+02
      vertex   2.601952e-15 -3.565390e+01 1.291137e+02
    endloop
  endfacet
  facet normal -2.799508e-02 4.712120e-01 8.815756e-01
    outer loop
      vertex   -9.444679e-01 -3.565390e+01 1.290837e+02
      vertex   2.601952e-15 -3.565390e+01 1.291137e+02
      vertex   2.244227e-15 -3.539457e+01 1.289751e+02
    endloop
  endfacet
  facet normal 2.799508e-02 4.712120e-01 8.815756e-01
    outer loop
      vertex   2.244227e-15 -3.539457e+01 1.289751e+02
      vertex   2.601952e-15 -3.565390e+01 1.291137e+02
      vertex   9.356731e-01 -3.539457e+01 1.289454e+02
    endloop
  endfacet
  facet normal 2.454012e-02 6.342022e-01 7.727777e-01
    outer loop
      vertex   2.244227e-15 -3.539457e+01 1.289751e+02
      vertex   9.356731e-01 -3.539457e+01 1.289454e+02
      vertex   9.238373e-01 -3.516726e+01 1.287592e+02
    endloop
  endfacet
  facet normal 7.352148e-02 6.342022e-01 7.696636e-01
    outer loop
      vertex   9.238373e-01 -3.516726e+01 1.287592e+02
      vertex   9.356731e-01 -3.539457e+01 1.289454e+02
      vertex   1.843952e+00 -3.516726e+01 1.286714e+02
    endloop
  endfacet
  facet normal 6.034345e-02 7.728536e-01 6.317087e-01
    outer loop
      vertex   9.238373e-01 -3.516726e+01 1.287592e+02
      vertex   1.843952e+00 -3.516726e+01 1.286714e+02
      vertex   1.815166e+00 -3.498072e+01 1.284459e+02
    endloop
  endfacet
  facet normal 1.003022e-01 7.728536e-01 6.266073e-01
    outer loop
      vertex   1.815166e+00 -3.498072e+01 1.284459e+02
      vertex   1.843952e+00 -3.516726e+01 1.286714e+02
      vertex   2.713603e+00 -3.498072e+01 1.283021e+02
    endloop
  endfacet
  facet normal 7.453803e-02 8.818225e-01 4.656535e-01
    outer loop
      vertex   1.815166e+00 -3.498072e+01 1.284459e+02
      vertex   2.713603e+00 -3.498072e+01 1.283021e+02
      vertex   2.664506e+00 -3.484210e+01 1.280474e+02
    endloop
  endfacet
  facet normal 1.039324e-01 8.818225e-01 4.599861e-01
    outer loop
      vertex   2.664506e+00 -3.484210e+01 1.280474e+02
      vertex   2.713603e+00 -3.498072e+01 1.283021e+02
      vertex   3.535950e+00 -3.484210e+01 1.278505e+02
    endloop
  endfacet
  facet normal -9.463388e-02 9.796823e-02 9.906799e-01
    outer loop
      vertex   -1.899590e+00 -3.622792e+01 1.291072e+02
      vertex   -9.517123e-01 -3.622792e+01 1.291977e+02
      vertex   -9.498836e-01 -3.593529e+01 1.291689e+02
    endloop
  endfacet
  facet normal -3.158705e-02 9.796823e-02 9.946881e-01
    outer loop
      vertex   -9.498836e-01 -3.593529e+01 1.291689e+02
      vertex   -9.517123e-01 -3.622792e+01 1.291977e+02
      vertex   2.957482e-15 -3.593529e+01 1.291991e+02
    endloop
  endfacet
  facet normal -3.037432e-02 2.901507e-01 9.564988e-01
    outer loop
      vertex   -9.498836e-01 -3.593529e+01 1.291689e+02
      vertex   2.957482e-15 -3.593529e+01 1.291991e+02
      vertex   2.601952e-15 -3.565390e+01 1.291137e+02
    endloop
  endfacet
  facet normal 3.037432e-02 2.901507e-01 9.564988e-01
    outer loop
      vertex   2.601952e-15 -3.565390e+01 1.291137e+02
      vertex   2.957482e-15 -3.593529e+01 1.291991e+02
      vertex   9.444679e-01 -3.565390e+01 1.290837e+02
    endloop
  endfacet
  facet normal 2.799508e-02 4.712120e-01 8.815756e-01
    outer loop
      vertex   2.601952e-15 -3.565390e+01 1.291137e+02
      vertex   9.444679e-01 -3.565390e+01 1.290837e+02
      vertex   9.356731e-01 -3.539457e+01 1.289454e+02
    endloop
  endfacet
  facet normal 8.387244e-02 4.712120e-01 8.780232e-01
    outer loop
      vertex   9.356731e-01 -3.539457e+01 1.289454e+02
      vertex   9.444679e-01 -3.565390e+01 1.290837e+02
      vertex   1.867576e+00 -3.539457e+01 1.288564e+02
    endloop
  endfacet
  facet normal 7.352148e-02 6.342022e-01 7.696636e-01
    outer loop
      vertex   9.356731e-01 -3.539457e+01 1.289454e+02
      vertex   1.867576e+00 -3.539457e+01 1.288564e+02
      vertex   1.843952e+00 -3.516726e+01 1.286714e+02
    endloop
  endfacet
  facet normal 1.222066e-01 6.342022e-01 7.634482e-01
    outer loop
      vertex   1.843952e+00 -3.516726e+01 1.286714e+02
      vertex   1.867576e+00 -3.539457e+01 1.288564e+02
      vertex   2.756636e+00 -3.516726e+01 1.285253e+02
    endloop
  endfacet
  facet normal 1.003022e-01 7.728536e-01 6.266073e-01
    outer loop
      vertex   1.843952e+00 -3.516726e+01 1.286714e+02
      vertex   2.756636e+00 -3.516726e+01 1.285253e+02
      vertex   2.713603e+00 -3.498072e+01 1.283021e+02
    endloop
  endfacet
  facet normal 1.398568e-01 7.728536e-01 6.189809e-01
    outer loop
      vertex   2.713603e+00 -3.498072e+01 1.283021e+02
      vertex   2.756636e+00 -3.516726e+01 1.285253e+02
      vertex   3.601104e+00 -3.498072e+01 1.281015e+02
    endloop
  endfacet
  facet normal 1.039324e-01 8.818225e-01 4.599861e-01
    outer loop
      vertex   2.713603e+00 -3.498072e+01 1.283021e+02
      vertex   3.601104e+00 -3.498072e+01 1.281015e+02
      vertex   3.535950e+00 -3.484210e+01 1.278505e+02
    endloop
  endfacet
  facet normal 1.329080e-01 8.818225e-01 4.524650e-01
    outer loop
      vertex   3.535950e+00 -3.484210e+01 1.278505e+02
      vertex   3.601104e+00 -3.498072e+01 1.281015e+02
      vertex   4.393145e+00 -3.484210e+01 1.275987e+02
    endloop
  endfacet
  facet normal -3.158705e-02 9.796823e-02 9.946881e-01
    outer loop
      vertex   -9.517123e-01 -3.622792e+01 1.291977e+02
      vertex   3.306546e-15 -3.622792e+01 1.292279e+02
      vertex   2.957482e-15 -3.593529e+01 1.291991e+02
    endloop
  endfacet
  facet normal 3.158705e-02 9.796823e-02 9.946881e-01
    outer loop
      vertex   2.957482e-15 -3.593529e+01 1.291991e+02
      vertex   3.306546e-15 -3.622792e+01 1.292279e+02
      vertex   9.498836e-01 -3.593529e+01 1.291689e+02
    endloop
  endfacet
  facet normal 3.037432e-02 2.901507e-01 9.564988e-01
    outer loop
      vertex   2.957482e-15 -3.593529e+01 1.291991e+02
      vertex   9.498836e-01 -3.593529e+01 1.291689e+02
      vertex   9.444679e-01 -3.565390e+01 1.290837e+02
    endloop
  endfacet
  facet normal 9.100057e-02 2.901507e-01 9.526444e-01
    outer loop
      vertex   9.444679e-01 -3.565390e+01 1.290837e+02
      vertex   9.498836e-01 -3.593529e+01 1.291689e+02
      vertex   1.885130e+00 -3.565390e+01 1.289939e+02
    endloop
  endfacet
  facet normal 8.387244e-02 4.712120e-01 8.780232e-01
    outer loop
      vertex   9.444679e-01 -3.565390e+01 1.290837e+02
      vertex   1.885130e+00 -3.565390e+01 1.289939e+02
      vertex   1.867576e+00 -3.539457e+01 1.288564e+02
    endloop
  endfacet
  facet normal 1.394118e-01 4.712120e-01 8.709326e-01
    outer loop
      vertex   1.867576e+00 -3.539457e+01 1.288564e+02
      vertex   1.885130e+00 -3.565390e+01 1.289939e+02
      vertex   2.791953e+00 -3.539457e+01 1.287084e+02
    endloop
  endfacet
  facet normal 1.222066e-01 6.342022e-01 7.634482e-01
    outer loop
      vertex   1.867576e+00 -3.539457e+01 1.288564e+02
      vertex   2.791953e+00 -3.539457e+01 1.287084e+02
      vertex   2.756636e+00 -3.516726e+01 1.285253e+02
    endloop
  endfacet
  facet normal 1.703992e-01 6.342022e-01 7.541562e-01
    outer loop
      vertex   2.756636e+00 -3.516726e+01 1.285253e+02
      vertex   2.791953e+00 -3.539457e+01 1.287084e+02
      vertex   3.658212e+00 -3.516726e+01 1.283215e+02
    endloop
  endfacet
  facet normal 1.398568e-01 7.728536e-01 6.189809e-01
    outer loop
      vertex   2.756636e+00 -3.516726e+01 1.285253e+02
      vertex   3.658212e+00 -3.516726e+01 1.283215e+02
      vertex   3.601104e+00 -3.498072e+01 1.281015e+02
    endloop
  endfacet
  facet normal 1.788478e-01 7.728536e-01 6.088602e-01
    outer loop
      vertex   3.601104e+00 -3.498072e+01 1.281015e+02
      vertex   3.658212e+00 -3.516726e+01 1.283215e+02
      vertex   4.474094e+00 -3.498072e+01 1.278451e+02
    endloop
  endfacet
  facet normal 1.329080e-01 8.818225e-01 4.524650e-01
    outer loop
      vertex   3.601104e+00 -3.498072e+01 1.281015e+02
      vertex   4.474094e+00 -3.498072e+01 1.278451e+02
      vertex   4.393145e+00 -3.484210e+01 1.275987e+02
    endloop
  endfacet
  facet normal 1.613479e-01 8.818225e-01 4.431207e-01
    outer loop
      vertex   4.393145e+00 -3.484210e+01 1.275987e+02
      vertex   4.474094e+00 -3.498072e+01 1.278451e+02
      vertex   5.232638e+00 -3.484210e+01 1.272931e+02
    endloop
  endfacet
  facet normal 3.158705e-02 9.796823e-02 9.946881e-01
    outer loop
      vertex   3.306546e-15 -3.622792e+01 1.292279e+02
      vertex   9.517123e-01 -3.622792e+01 1.291977e+02
      vertex   9.498836e-01 -3.593529e+01 1.291689e+02
    endloop
  endfacet
  facet normal 9.463388e-02 9.796823e-02 9.906799e-01
    outer loop
      vertex   9.498836e-01 -3.593529e+01 1.291689e+02
      vertex   9.517123e-01 -3.622792e+01 1.291977e+02
      vertex   1.895940e+00 -3.593529e+01 1.290786e+02
    endloop
  endfacet
  facet normal 9.100057e-02 2.901507e-01 9.526444e-01
    outer loop
      vertex   9.498836e-01 -3.593529e+01 1.291689e+02
      vertex   1.895940e+00 -3.593529e+01 1.290786e+02
      vertex   1.885130e+00 -3.565390e+01 1.289939e+02
    endloop
  endfacet
  facet normal 1.512601e-01 2.901507e-01 9.449513e-01
    outer loop
      vertex   1.885130e+00 -3.565390e+01 1.289939e+02
      vertex   1.895940e+00 -3.593529e+01 1.290786e+02
      vertex   2.818195e+00 -3.565390e+01 1.288445e+02
    endloop
  endfacet
  facet normal 1.394118e-01 4.712120e-01 8.709326e-01
    outer loop
      vertex   1.885130e+00 -3.565390e+01 1.289939e+02
      vertex   2.818195e+00 -3.565390e+01 1.288445e+02
      vertex   2.791953e+00 -3.539457e+01 1.287084e+02
    endloop
  endfacet
  facet normal 1.943894e-01 4.712120e-01 8.603325e-01
    outer loop
      vertex   2.791953e+00 -3.539457e+01 1.287084e+02
      vertex   2.818195e+00 -3.565390e+01 1.288445e+02
      vertex   3.705079e+00 -3.539457e+01 1.285021e+02
    endloop
  endfacet
  facet normal 1.703992e-01 6.342022e-01 7.541562e-01
    outer loop
      vertex   2.791953e+00 -3.539457e+01 1.287084e+02
      vertex   3.705079e+00 -3.539457e+01 1.285021e+02
      vertex   3.658212e+00 -3.516726e+01 1.283215e+02
    endloop
  endfacet
  facet normal 2.179052e-01 6.342022e-01 7.418253e-01
    outer loop
      vertex   3.658212e+00 -3.516726e+01 1.283215e+02
      vertex   3.705079e+00 -3.539457e+01 1.285021e+02
      vertex   4.545046e+00 -3.516726e+01 1.280610e+02
    endloop
  endfacet
  facet normal 1.788478e-01 7.728536e-01 6.088602e-01
    outer loop
      vertex   3.658212e+00 -3.516726e+01 1.283215e+02
      vertex   4.545046e+00 -3.516726e+01 1.280610e+02
      vertex   4.474094e+00 -3.498072e+01 1.278451e+02
    endloop
  endfacet
  facet normal 2.171181e-01 7.728536e-01 5.962860e-01
    outer loop
      vertex   4.474094e+00 -3.498072e+01 1.278451e+02
      vertex   4.545046e+00 -3.516726e+01 1.280610e+02
      vertex   5.329056e+00 -3.498072e+01 1.275338e+02
    endloop
  endfacet
  facet normal 1.613479e-01 8.818225e-01 4.431207e-01
    outer loop
      vertex   4.474094e+00 -3.498072e+01 1.278451e+02
      vertex   5.329056e+00 -3.498072e+01 1.275338e+02
      vertex   5.232638e+00 -3.484210e+01 1.272931e+02
    endloop
  endfacet
  facet normal 1.891378e-01 8.818225e-01 4.319908e-01
    outer loop
      vertex   5.232638e+00 -3.484210e+01 1.272931e+02
      vertex   5.329056e+00 -3.498072e+01 1.275338e+02
      vertex   6.051045e+00 -3.484210e+01 1.269347e+02
    endloop
  endfacet
  facet normal 9.463388e-02 9.796823e-02 9.906799e-01
    outer loop
      vertex   9.517123e-01 -3.622792e+01 1.291977e+02
      vertex   1.899590e+00 -3.622792e+01 1.291072e+02
      vertex   1.895940e+00 -3.593529e+01 1.290786e+02
    endloop
  endfacet
  facet normal 1.572994e-01 9.796823e-02 9.826796e-01
    outer loop
      vertex   1.895940e+00 -3.593529e+01 1.290786e+02
      vertex   1.899590e+00 -3.622792e+01 1.291072e+02
      vertex   2.834356e+00 -3.593529e+01 1.289284e+02
    endloop
  endfacet
  facet normal 1.512601e-01 2.901507e-01 9.449513e-01
    outer loop
      vertex   1.895940e+00 -3.593529e+01 1.290786e+02
      vertex   2.834356e+00 -3.593529e+01 1.289284e+02
      vertex   2.818195e+00 -3.565390e+01 1.288445e+02
    endloop
  endfacet
  facet normal 2.109101e-01 2.901507e-01 9.334503e-01
    outer loop
      vertex   2.818195e+00 -3.565390e+01 1.288445e+02
      vertex   2.834356e+00 -3.593529e+01 1.289284e+02
      vertex   3.739905e+00 -3.565390e+01 1.286363e+02
    endloop
  endfacet
  facet normal 1.943894e-01 4.712120e-01 8.603325e-01
    outer loop
      vertex   2.818195e+00 -3.565390e+01 1.288445e+02
      vertex   3.739905e+00 -3.565390e+01 1.286363e+02
      vertex   3.705079e+00 -3.539457e+01 1.285021e+02
    endloop
  endfacet
  facet normal 2.485837e-01 4.712120e-01 8.462656e-01
    outer loop
      vertex   3.705079e+00 -3.539457e+01 1.285021e+02
      vertex   3.739905e+00 -3.565390e+01 1.286363e+02
      vertex   4.603275e+00 -3.539457e+01 1.282383e+02
    endloop
  endfacet
  facet normal 2.179052e-01 6.342022e-01 7.418253e-01
    outer loop
      vertex   3.705079e+00 -3.539457e+01 1.285021e+02
      vertex   4.603275e+00 -3.539457e+01 1.282383e+02
      vertex   4.545046e+00 -3.516726e+01 1.280610e+02
    endloop
  endfacet
  facet normal 2.645331e-01 6.342022e-01 7.265052e-01
    outer loop
      vertex   4.545046e+00 -3.516726e+01 1.280610e+02
      vertex   4.603275e+00 -3.539457e+01 1.282383e+02
      vertex   5.413566e+00 -3.516726e+01 1.277448e+02
    endloop
  endfacet
  facet normal 2.171181e-01 7.728536e-01 5.962860e-01
    outer loop
      vertex   4.545046e+00 -3.516726e+01 1.280610e+02
      vertex   5.413566e+00 -3.516726e+01 1.277448e+02
      vertex   5.329056e+00 -3.498072e+01 1.275338e+02
    endloop
  endfacet
  facet normal 2.545135e-01 7.728536e-01 5.813090e-01
    outer loop
      vertex   5.329056e+00 -3.498072e+01 1.275338e+02
      vertex   5.413566e+00 -3.516726e+01 1.277448e+02
      vertex   6.162543e+00 -3.498072e+01 1.271689e+02
    endloop
  endfacet
  facet normal 1.891378e-01 8.818225e-01 4.319908e-01
    outer loop
      vertex   5.329056e+00 -3.498072e+01 1.275338e+02
      vertex   6.162543e+00 -3.498072e+01 1.271689e+02
      vertex   6.051045e+00 -3.484210e+01 1.269347e+02
    endloop
  endfacet
  facet normal 2.161654e-01 8.818225e-01 4.191201e-01
    outer loop
      vertex   6.051045e+00 -3.484210e+01 1.269347e+02
      vertex   6.162543e+00 -3.498072e+01 1.271689e+02
      vertex   6.845069e+00 -3.484210e+01 1.265252e+02
    endloop
  endfacet
  facet normal 1.572994e-01 9.796823e-02 9.826796e-01
    outer loop
      vertex   1.899590e+00 -3.622792e+01 1.291072e+02
      vertex   2.839812e+00 -3.622792e+01 1.289567e+02
      vertex   2.834356e+00 -3.593529e+01 1.289284e+02
    endloop
  endfacet
  facet normal 2.193310e-01 9.796823e-02 9.707194e-01
    outer loop
      vertex   2.834356e+00 -3.593529e+01 1.289284e+02
      vertex   2.839812e+00 -3.622792e+01 1.289567e+02
      vertex   3.761350e+00 -3.593529e+01 1.287189e+02
    endloop
  endfacet
  facet normal 2.109101e-01 2.901507e-01 9.334503e-01
    outer loop
      vertex   2.834356e+00 -3.593529e+01 1.289284e+02
      vertex   3.761350e+00 -3.593529e+01 1.287189e+02
      vertex   3.739905e+00 -3.565390e+01 1.286363e+02
    endloop
  endfacet
  facet normal 2.697103e-01 2.901507e-01 9.181878e-01
    outer loop
      vertex   3.739905e+00 -3.565390e+01 1.286363e+02
      vertex   3.761350e+00 -3.593529e+01 1.287189e+02
      vertex   4.646543e+00 -3.565390e+01 1.283700e+02
    endloop
  endfacet
  facet normal 2.485837e-01 4.712120e-01 8.462656e-01
    outer loop
      vertex   3.739905e+00 -3.565390e+01 1.286363e+02
      vertex   4.646543e+00 -3.565390e+01 1.283700e+02
      vertex   4.603275e+00 -3.539457e+01 1.282383e+02
    endloop
  endfacet
  facet normal 3.017763e-01 4.712120e-01 8.287885e-01
    outer loop
      vertex   4.603275e+00 -3.539457e+01 1.282383e+02
      vertex   4.646543e+00 -3.565390e+01 1.283700e+02
      vertex   5.482922e+00 -3.539457e+01 1.279180e+02
    endloop
  endfacet
  facet normal 2.645331e-01 6.342022e-01 7.265052e-01
    outer loop
      vertex   4.603275e+00 -3.539457e+01 1.282383e+02
      vertex   5.482922e+00 -3.539457e+01 1.279180e+02
      vertex   5.413566e+00 -3.516726e+01 1.277448e+02
    endloop
  endfacet
  facet normal 3.100951e-01 6.342022e-01 7.082574e-01
    outer loop
      vertex   5.413566e+00 -3.516726e+01 1.277448e+02
      vertex   5.482922e+00 -3.539457e+01 1.279180e+02
      vertex   6.260271e+00 -3.516726e+01 1.273741e+02
    endloop
  endfacet
  facet normal 2.545135e-01 7.728536e-01 5.813090e-01
    outer loop
      vertex   5.413566e+00 -3.516726e+01 1.277448e+02
      vertex   6.260271e+00 -3.516726e+01 1.273741e+02
      vertex   6.162543e+00 -3.498072e+01 1.271689e+02
    endloop
  endfacet
  facet normal 2.908833e-01 7.728536e-01 5.639895e-01
    outer loop
      vertex   6.162543e+00 -3.498072e+01 1.271689e+02
      vertex   6.260271e+00 -3.516726e+01 1.273741e+02
      vertex   6.971197e+00 -3.498072e+01 1.267518e+02
    endloop
  endfacet
  facet normal 2.161654e-01 8.818225e-01 4.191201e-01
    outer loop
      vertex   6.162543e+00 -3.498072e+01 1.271689e+02
      vertex   6.971197e+00 -3.498072e+01 1.267518e+02
      vertex   6.845069e+00 -3.484210e+01 1.265252e+02
    endloop
  endfacet
  facet normal 2.423017e-01 8.818228e-01 4.045720e-01
    outer loop
      vertex   6.845069e+00 -3.484210e+01 1.265252e+02
      vertex   6.971197e+00 -3.498072e+01 1.267518e+02
      vertex   7.610340e+00 -3.484210e+01 1.260669e+02
    endloop
  endfacet
  facet normal 2.193310e-01 9.796823e-02 9.707194e-01
    outer loop
      vertex   2.839812e+00 -3.622792e+01 1.289567e+02
      vertex   3.768591e+00 -3.622792e+01 1.287468e+02
      vertex   3.761350e+00 -3.593529e+01 1.287189e+02
    endloop
  endfacet
  facet normal 2.804788e-01 9.796823e-02 9.548476e-01
    outer loop
      vertex   3.761350e+00 -3.593529e+01 1.287189e+02
      vertex   3.768591e+00 -3.622792e+01 1.287468e+02
      vertex   4.673188e+00 -3.593529e+01 1.284511e+02
    endloop
  endfacet
  facet normal 2.697103e-01 2.901507e-01 9.181878e-01
    outer loop
      vertex   3.761350e+00 -3.593529e+01 1.287189e+02
      vertex   4.673188e+00 -3.593529e+01 1.284511e+02
      vertex   4.646543e+00 -3.565390e+01 1.283700e+02
    endloop
  endfacet
  facet normal 3.274236e-01 2.901507e-01 8.992254e-01
    outer loop
      vertex   4.646543e+00 -3.565390e+01 1.283700e+02
      vertex   4.673188e+00 -3.593529e+01 1.284511e+02
      vertex   5.534458e+00 -3.565390e+01 1.280467e+02
    endloop
  endfacet
  facet normal 3.017763e-01 4.712120e-01 8.287885e-01
    outer loop
      vertex   4.646543e+00 -3.565390e+01 1.283700e+02
      vertex   5.534458e+00 -3.565390e+01 1.280467e+02
      vertex   5.482922e+00 -3.539457e+01 1.279180e+02
    endloop
  endfacet
  facet normal 3.537528e-01 4.712120e-01 8.079717e-01
    outer loop
      vertex   5.482922e+00 -3.539457e+01 1.279180e+02
      vertex   5.534458e+00 -3.565390e+01 1.280467e+02
      vertex   6.340475e+00 -3.539457e+01 1.275425e+02
    endloop
  endfacet
  facet normal 3.100951e-01 6.342022e-01 7.082574e-01
    outer loop
      vertex   5.482922e+00 -3.539457e+01 1.279180e+02
      vertex   6.340475e+00 -3.539457e+01 1.275425e+02
      vertex   6.260271e+00 -3.516726e+01 1.273741e+02
    endloop
  endfacet
  facet normal 3.544074e-01 6.342022e-01 6.871557e-01
    outer loop
      vertex   6.260271e+00 -3.516726e+01 1.273741e+02
      vertex   6.340475e+00 -3.539457e+01 1.275425e+02
      vertex   7.081749e+00 -3.516726e+01 1.269504e+02
    endloop
  endfacet
  facet normal 2.908833e-01 7.728536e-01 5.639895e-01
    outer loop
      vertex   6.260271e+00 -3.516726e+01 1.273741e+02
      vertex   7.081749e+00 -3.516726e+01 1.269504e+02
      vertex   6.971197e+00 -3.498072e+01 1.267518e+02
    endloop
  endfacet
  facet normal 3.260583e-01 7.728540e-01 5.444104e-01
    outer loop
      vertex   6.971197e+00 -3.498072e+01 1.267518e+02
      vertex   7.081749e+00 -3.516726e+01 1.269504e+02
      vertex   7.750768e+00 -3.498072e+01 1.262849e+02
    endloop
  endfacet
  facet normal 2.423104e-01 8.818172e-01 4.045790e-01
    outer loop
      vertex   6.971197e+00 -3.498072e+01 1.267518e+02
      vertex   7.750768e+00 -3.498072e+01 1.262849e+02
      vertex   7.610340e+00 -3.484210e+01 1.260669e+02
    endloop
  endfacet
  facet normal 2.674772e-01 8.818278e-01 3.883756e-01
    outer loop
      vertex   7.610340e+00 -3.484210e+01 1.260669e+02
      vertex   7.750768e+00 -3.498072e+01 1.262849e+02
      vertex   8.347277e+00 -3.484210e+01 1.255593e+02
    endloop
  endfacet
  facet normal 2.804788e-01 9.796823e-02 9.548476e-01
    outer loop
      vertex   3.768591e+00 -3.622792e+01 1.287468e+02
      vertex   4.682184e+00 -3.622792e+01 1.284784e+02
      vertex   4.673188e+00 -3.593529e+01 1.284511e+02
    endloop
  endfacet
  facet normal 3.404963e-01 9.796823e-02 9.351280e-01
    outer loop
      vertex   4.673188e+00 -3.593529e+01 1.284511e+02
      vertex   4.682184e+00 -3.622792e+01 1.284784e+02
      vertex   5.566194e+00 -3.593529e+01 1.281259e+02
    endloop
  endfacet
  facet normal 3.274236e-01 2.901507e-01 8.992254e-01
    outer loop
      vertex   4.673188e+00 -3.593529e+01 1.284511e+02
      vertex   5.566194e+00 -3.593529e+01 1.281259e+02
      vertex   5.534458e+00 -3.565390e+01 1.280467e+02
    endloop
  endfacet
  facet normal 3.838175e-01 2.901507e-01 8.766394e-01
    outer loop
      vertex   5.534458e+00 -3.565390e+01 1.280467e+02
      vertex   5.566194e+00 -3.593529e+01 1.281259e+02
      vertex   6.400071e+00 -3.565390e+01 1.276677e+02
    endloop
  endfacet
  facet normal 3.537528e-01 4.712120e-01 8.079717e-01
    outer loop
      vertex   5.534458e+00 -3.565390e+01 1.280467e+02
      vertex   6.400071e+00 -3.565390e+01 1.276677e+02
      vertex   6.340475e+00 -3.539457e+01 1.275425e+02
    endloop
  endfacet
  facet normal 4.043038e-01 4.712120e-01 7.838990e-01
    outer loop
      vertex   6.340475e+00 -3.539457e+01 1.275425e+02
      vertex   6.400071e+00 -3.565390e+01 1.276677e+02
      vertex   7.172477e+00 -3.539457e+01 1.271134e+02
    endloop
  endfacet
  facet normal 3.544074e-01 6.342022e-01 6.871557e-01
    outer loop
      vertex   6.340475e+00 -3.539457e+01 1.275425e+02
      vertex   7.172477e+00 -3.539457e+01 1.271134e+02
      vertex   7.081749e+00 -3.516726e+01 1.269504e+02
    endloop
  endfacet
  facet normal 3.972697e-01 6.342026e-01 6.632977e-01
    outer loop
      vertex   7.081749e+00 -3.516726e+01 1.269504e+02
      vertex   7.172477e+00 -3.539457e+01 1.271134e+02
      vertex   7.873885e+00 -3.516726e+01 1.264760e+02
    endloop
  endfacet
  facet normal 3.260692e-01 7.728437e-01 5.444185e-01
    outer loop
      vertex   7.081749e+00 -3.516726e+01 1.269504e+02
      vertex   7.873885e+00 -3.516726e+01 1.264760e+02
      vertex   7.750768e+00 -3.498072e+01 1.262849e+02
    endloop
  endfacet
  facet normal 3.599361e-01 7.728637e-01 5.226162e-01
    outer loop
      vertex   7.750768e+00 -3.498072e+01 1.262849e+02
      vertex   7.873885e+00 -3.516726e+01 1.264760e+02
      vertex   8.501086e+00 -3.498072e+01 1.257681e+02
    endloop
  endfacet
  facet normal 2.674864e-01 8.818222e-01 3.883820e-01
    outer loop
      vertex   7.750768e+00 -3.498072e+01 1.262849e+02
      vertex   8.501086e+00 -3.498072e+01 1.257681e+02
      vertex   8.347277e+00 -3.484210e+01 1.255593e+02
    endloop
  endfacet
  facet normal 2.916043e-01 8.818225e-01 3.706158e-01
    outer loop
      vertex   8.347277e+00 -3.484210e+01 1.255593e+02
      vertex   8.501086e+00 -3.498072e+01 1.257681e+02
      vertex   9.049410e+00 -3.484210e+01 1.250069e+02
    endloop
  endfacet
  facet normal 3.404963e-01 9.796823e-02 9.351280e-01
    outer loop
      vertex   4.682184e+00 -3.622792e+01 1.284784e+02
      vertex   5.576910e+00 -3.622792e+01 1.281527e+02
      vertex   5.566194e+00 -3.593529e+01 1.281259e+02
    endloop
  endfacet
  facet normal 3.991418e-01 9.796823e-02 9.116403e-01
    outer loop
      vertex   5.566194e+00 -3.593529e+01 1.281259e+02
      vertex   5.576910e+00 -3.622792e+01 1.281527e+02
      vertex   6.436771e+00 -3.593529e+01 1.277447e+02
    endloop
  endfacet
  facet normal 3.838175e-01 2.901507e-01 8.766394e-01
    outer loop
      vertex   5.566194e+00 -3.593529e+01 1.281259e+02
      vertex   6.436771e+00 -3.593529e+01 1.277447e+02
      vertex   6.400071e+00 -3.565390e+01 1.276677e+02
    endloop
  endfacet
  facet normal 4.386647e-01 2.901507e-01 8.505209e-01
    outer loop
      vertex   6.400071e+00 -3.565390e+01 1.276677e+02
      vertex   6.436771e+00 -3.593529e+01 1.277447e+02
      vertex   7.239894e+00 -3.565390e+01 1.272345e+02
    endloop
  endfacet
  facet normal 4.043038e-01 4.712120e-01 7.838990e-01
    outer loop
      vertex   6.400071e+00 -3.565390e+01 1.276677e+02
      vertex   7.239894e+00 -3.565390e+01 1.272345e+02
      vertex   7.172477e+00 -3.539457e+01 1.271134e+02
    endloop
  endfacet
  facet normal 4.532069e-01 4.712123e-01 7.566786e-01
    outer loop
      vertex   7.172477e+00 -3.539457e+01 1.271134e+02
      vertex   7.239894e+00 -3.565390e+01 1.272345e+02
      vertex   7.974965e+00 -3.539457e+01 1.266328e+02
    endloop
  endfacet
  facet normal 3.972817e-01 6.341871e-01 6.633054e-01
    outer loop
      vertex   7.172477e+00 -3.539457e+01 1.271134e+02
      vertex   7.974965e+00 -3.539457e+01 1.266328e+02
      vertex   7.873885e+00 -3.516726e+01 1.264760e+02
    endloop
  endfacet
  facet normal 4.385469e-01 6.342175e-01 6.367454e-01
    outer loop
      vertex   7.873885e+00 -3.516726e+01 1.264760e+02
      vertex   7.974965e+00 -3.539457e+01 1.266328e+02
      vertex   8.635900e+00 -3.516726e+01 1.259511e+02
    endloop
  endfacet
  facet normal 3.599476e-01 7.728533e-01 5.226237e-01
    outer loop
      vertex   7.873885e+00 -3.516726e+01 1.264760e+02
      vertex   8.635900e+00 -3.516726e+01 1.259511e+02
      vertex   8.501086e+00 -3.498072e+01 1.257681e+02
    endloop
  endfacet
  facet normal 3.923977e-01 7.728536e-01 4.987197e-01
    outer loop
      vertex   8.501086e+00 -3.498072e+01 1.257681e+02
      vertex   8.635900e+00 -3.516726e+01 1.259511e+02
      vertex   9.216155e+00 -3.498072e+01 1.252055e+02
    endloop
  endfacet
  facet normal 2.916043e-01 8.818225e-01 3.706158e-01
    outer loop
      vertex   8.501086e+00 -3.498072e+01 1.257681e+02
      vertex   9.216155e+00 -3.498072e+01 1.252055e+02
      vertex   9.049410e+00 -3.484210e+01 1.250069e+02
    endloop
  endfacet
  facet normal 3.145314e-01 8.818225e-01 3.513675e-01
    outer loop
      vertex   9.049410e+00 -3.484210e+01 1.250069e+02
      vertex   9.216155e+00 -3.498072e+01 1.252055e+02
      vertex   9.715076e+00 -3.484210e+01 1.244110e+02
    endloop
  endfacet
  facet normal 3.991418e-01 9.796823e-02 9.116403e-01
    outer loop
      vertex   5.576910e+00 -3.622792e+01 1.281527e+02
      vertex   6.449163e+00 -3.622792e+01 1.277708e+02
      vertex   6.436771e+00 -3.593529e+01 1.277447e+02
    endloop
  endfacet
  facet normal 4.561789e-01 9.796823e-02 8.844790e-01
    outer loop
      vertex   6.436771e+00 -3.593529e+01 1.277447e+02
      vertex   6.449163e+00 -3.622792e+01 1.277708e+02
      vertex   7.281409e+00 -3.593529e+01 1.273091e+02
    endloop
  endfacet
  facet normal 4.386647e-01 2.901507e-01 8.505209e-01
    outer loop
      vertex   6.436771e+00 -3.593529e+01 1.277447e+02
      vertex   7.281409e+00 -3.593529e+01 1.273091e+02
      vertex   7.239894e+00 -3.565390e+01 1.272345e+02
    endloop
  endfacet
  facet normal 4.917308e-01 2.901509e-01 8.209831e-01
    outer loop
      vertex   7.239894e+00 -3.565390e+01 1.272345e+02
      vertex   7.281409e+00 -3.593529e+01 1.273091e+02
      vertex   8.050131e+00 -3.565390e+01 1.267492e+02
    endloop
  endfacet
  facet normal 4.532187e-01 4.711918e-01 7.566843e-01
    outer loop
      vertex   7.239894e+00 -3.565390e+01 1.272345e+02
      vertex   8.050131e+00 -3.565390e+01 1.267492e+02
      vertex   7.974965e+00 -3.539457e+01 1.266328e+02
    endloop
  endfacet
  facet normal 5.002970e-01 4.712323e-01 7.263904e-01
    outer loop
      vertex   7.974965e+00 -3.539457e+01 1.266328e+02
      vertex   8.050131e+00 -3.565390e+01 1.267492e+02
      vertex   8.746539e+00 -3.539457e+01 1.261013e+02
    endloop
  endfacet
  facet normal 4.385594e-01 6.342019e-01 6.367524e-01
    outer loop
      vertex   7.974965e+00 -3.539457e+01 1.266328e+02
      vertex   8.746539e+00 -3.539457e+01 1.261013e+02
      vertex   8.635900e+00 -3.516726e+01 1.259511e+02
    endloop
  endfacet
  facet normal 4.780909e-01 6.342022e-01 6.076319e-01
    outer loop
      vertex   8.635900e+00 -3.516726e+01 1.259511e+02
      vertex   8.746539e+00 -3.539457e+01 1.261013e+02
      vertex   9.362309e+00 -3.516726e+01 1.253796e+02
    endloop
  endfacet
  facet normal 3.923977e-01 7.728536e-01 4.987197e-01
    outer loop
      vertex   8.635900e+00 -3.516726e+01 1.259511e+02
      vertex   9.362309e+00 -3.516726e+01 1.253796e+02
      vertex   9.216155e+00 -3.498072e+01 1.252055e+02
    endloop
  endfacet
  facet normal 4.232496e-01 7.728536e-01 4.728182e-01
    outer loop
      vertex   9.216155e+00 -3.498072e+01 1.252055e+02
      vertex   9.362309e+00 -3.516726e+01 1.253796e+02
      vertex   9.894087e+00 -3.498072e+01 1.245987e+02
    endloop
  endfacet
  facet normal 3.145314e-01 8.818225e-01 3.513675e-01
    outer loop
      vertex   9.216155e+00 -3.498072e+01 1.252055e+02
      vertex   9.894087e+00 -3.498072e+01 1.245987e+02
      vertex   9.715076e+00 -3.484210e+01 1.244110e+02
    endloop
  endfacet
  facet normal 3.361910e-01 8.818225e-01 3.307034e-01
    outer loop
      vertex   9.715076e+00 -3.484210e+01 1.244110e+02
      vertex   9.894087e+00 -3.498072e+01 1.245987e+02
      vertex   1.034159e+01 -3.484210e+01 1.237741e+02
    endloop
  endfacet
  facet normal 4.561789e-01 9.796823e-02 8.844790e-01
    outer loop
      vertex   6.449163e+00 -3.622792e+01 1.277708e+02
      vertex   7.295427e+00 -3.622792e+01 1.273343e+02
      vertex   7.281409e+00 -3.593529e+01 1.273091e+02
    endloop
  endfacet
  facet normal 5.113707e-01 9.796826e-02 8.537577e-01
    outer loop
      vertex   7.281409e+00 -3.593529e+01 1.273091e+02
      vertex   7.295427e+00 -3.622792e+01 1.273343e+02
      vertex   8.096499e+00 -3.593529e+01 1.268209e+02
    endloop
  endfacet
  facet normal 4.917413e-01 2.901266e-01 8.209854e-01
    outer loop
      vertex   7.281409e+00 -3.593529e+01 1.273091e+02
      vertex   8.096499e+00 -3.593529e+01 1.268209e+02
      vertex   8.050131e+00 -3.565390e+01 1.267492e+02
    endloop
  endfacet
  facet normal 5.428252e-01 2.901750e-01 7.881239e-01
    outer loop
      vertex   8.050131e+00 -3.565390e+01 1.267492e+02
      vertex   8.096499e+00 -3.593529e+01 1.268209e+02
      vertex   8.828751e+00 -3.565390e+01 1.262129e+02
    endloop
  endfacet
  facet normal 5.003092e-01 4.712118e-01 7.263953e-01
    outer loop
      vertex   8.050131e+00 -3.565390e+01 1.267492e+02
      vertex   8.828751e+00 -3.565390e+01 1.262129e+02
      vertex   8.746539e+00 -3.539457e+01 1.261013e+02
    endloop
  endfacet
  facet normal 5.454005e-01 4.712120e-01 6.931793e-01
    outer loop
      vertex   8.746539e+00 -3.539457e+01 1.261013e+02
      vertex   8.828751e+00 -3.565390e+01 1.262129e+02
      vertex   9.482255e+00 -3.539457e+01 1.255225e+02
    endloop
  endfacet
  facet normal 4.780909e-01 6.342022e-01 6.076319e-01
    outer loop
      vertex   8.746539e+00 -3.539457e+01 1.261013e+02
      vertex   9.482255e+00 -3.539457e+01 1.255225e+02
      vertex   9.362309e+00 -3.516726e+01 1.253796e+02
    endloop
  endfacet
  facet normal 5.156804e-01 6.342022e-01 5.760740e-01
    outer loop
      vertex   9.362309e+00 -3.516726e+01 1.253796e+02
      vertex   9.482255e+00 -3.539457e+01 1.255225e+02
      vertex   1.005099e+01 -3.516726e+01 1.247631e+02
    endloop
  endfacet
  facet normal 4.232496e-01 7.728536e-01 4.728182e-01
    outer loop
      vertex   9.362309e+00 -3.516726e+01 1.253796e+02
      vertex   1.005099e+01 -3.516726e+01 1.247631e+02
      vertex   9.894087e+00 -3.498072e+01 1.245987e+02
    endloop
  endfacet
  facet normal 4.523959e-01 7.728536e-01 4.450114e-01
    outer loop
      vertex   9.894087e+00 -3.498072e+01 1.245987e+02
      vertex   1.005099e+01 -3.516726e+01 1.247631e+02
      vertex   1.053215e+01 -3.498072e+01 1.239500e+02
    endloop
  endfacet
  facet normal 3.361910e-01 8.818225e-01 3.307034e-01
    outer loop
      vertex   9.894087e+00 -3.498072e+01 1.245987e+02
      vertex   1.053215e+01 -3.498072e+01 1.239500e+02
      vertex   1.034159e+01 -3.484210e+01 1.237741e+02
    endloop
  endfacet
  facet normal 3.564960e-01 8.818225e-01 3.087066e-01
    outer loop
      vertex   1.034159e+01 -3.484210e+01 1.237741e+02
      vertex   1.053215e+01 -3.498072e+01 1.239500e+02
      vertex   1.092644e+01 -3.484210e+01 1.230987e+02
    endloop
  endfacet
  facet normal 5.113791e-01 9.794191e-02 8.537557e-01
    outer loop
      vertex   7.295427e+00 -3.622792e+01 1.273343e+02
      vertex   8.112294e+00 -3.622792e+01 1.268450e+02
      vertex   8.096499e+00 -3.593529e+01 1.268209e+02
    endloop
  endfacet
  facet normal 5.645077e-01 9.799459e-02 8.195902e-01
    outer loop
      vertex   8.096499e+00 -3.593529e+01 1.268209e+02
      vertex   8.112294e+00 -3.622792e+01 1.268450e+02
      vertex   8.879377e+00 -3.593529e+01 1.262817e+02
    endloop
  endfacet
  facet normal 5.428359e-01 2.901507e-01 7.881255e-01
    outer loop
      vertex   8.096499e+00 -3.593529e+01 1.268209e+02
      vertex   8.879377e+00 -3.593529e+01 1.262817e+02
      vertex   8.828751e+00 -3.565390e+01 1.262129e+02
    endloop
  endfacet
  facet normal 5.917529e-01 2.901507e-01 7.520911e-01
    outer loop
      vertex   8.828751e+00 -3.565390e+01 1.262129e+02
      vertex   8.879377e+00 -3.593529e+01 1.262817e+02
      vertex   9.571382e+00 -3.565390e+01 1.256286e+02
    endloop
  endfacet
  facet normal 5.454005e-01 4.712120e-01 6.931793e-01
    outer loop
      vertex   8.828751e+00 -3.565390e+01 1.262129e+02
      vertex   9.571382e+00 -3.565390e+01 1.256286e+02
      vertex   9.482255e+00 -3.539457e+01 1.255225e+02
    endloop
  endfacet
  facet normal 5.882821e-01 4.712120e-01 6.571784e-01
    outer loop
      vertex   9.482255e+00 -3.539457e+01 1.255225e+02
      vertex   9.571382e+00 -3.565390e+01 1.256286e+02
      vertex   1.017976e+01 -3.539457e+01 1.248981e+02
    endloop
  endfacet
  facet normal 5.156804e-01 6.342022e-01 5.760740e-01
    outer loop
      vertex   9.482255e+00 -3.539457e+01 1.255225e+02
      vertex   1.017976e+01 -3.539457e+01 1.248981e+02
      vertex   1.005099e+01 -3.516726e+01 1.247631e+02
    endloop
  endfacet
  facet normal 5.511918e-01 6.342022e-01 5.421947e-01
    outer loop
      vertex   1.005099e+01 -3.516726e+01 1.247631e+02
      vertex   1.017976e+01 -3.539457e+01 1.248981e+02
      vertex   1.069917e+01 -3.516726e+01 1.241042e+02
    endloop
  endfacet
  facet normal 4.523959e-01 7.728536e-01 4.450114e-01
    outer loop
      vertex   1.005099e+01 -3.516726e+01 1.247631e+02
      vertex   1.069917e+01 -3.516726e+01 1.241042e+02
      vertex   1.053215e+01 -3.498072e+01 1.239500e+02
    endloop
  endfacet
  facet normal 4.797193e-01 7.728536e-01 4.154114e-01
    outer loop
      vertex   1.053215e+01 -3.498072e+01 1.239500e+02
      vertex   1.069917e+01 -3.516726e+01 1.241042e+02
      vertex   1.112777e+01 -3.498072e+01 1.232622e+02
    endloop
  endfacet
  facet normal 3.564960e-01 8.818225e-01 3.087066e-01
    outer loop
      vertex   1.053215e+01 -3.498072e+01 1.239500e+02
      vertex   1.112777e+01 -3.498072e+01 1.232622e+02
      vertex   1.092644e+01 -3.484210e+01 1.230987e+02
    endloop
  endfacet
  facet normal 3.753644e-01 8.818225e-01 2.854658e-01
    outer loop
      vertex   1.092644e+01 -3.484210e+01 1.230987e+02
      vertex   1.112777e+01 -3.498072e+01 1.232622e+02
      vertex   1.146725e+01 -3.484210e+01 1.223876e+02
    endloop
  endfacet
  facet normal 5.645159e-01 9.796823e-02 8.195877e-01
    outer loop
      vertex   8.112294e+00 -3.622792e+01 1.268450e+02
      vertex   8.896471e+00 -3.622792e+01 1.263049e+02
      vertex   8.879377e+00 -3.593529e+01 1.262817e+02
    endloop
  endfacet
  facet normal 6.153793e-01 9.796823e-02 7.821192e-01
    outer loop
      vertex   8.879377e+00 -3.593529e+01 1.262817e+02
      vertex   8.896471e+00 -3.622792e+01 1.263049e+02
      vertex   9.626267e+00 -3.593529e+01 1.256940e+02
    endloop
  endfacet
  facet normal 5.917529e-01 2.901507e-01 7.520911e-01
    outer loop
      vertex   8.879377e+00 -3.593529e+01 1.262817e+02
      vertex   9.626267e+00 -3.593529e+01 1.256940e+02
      vertex   9.571382e+00 -3.565390e+01 1.256286e+02
    endloop
  endfacet
  facet normal 6.382789e-01 2.901507e-01 7.130306e-01
    outer loop
      vertex   9.571382e+00 -3.565390e+01 1.256286e+02
      vertex   9.626267e+00 -3.593529e+01 1.256940e+02
      vertex   1.027544e+01 -3.565390e+01 1.249984e+02
    endloop
  endfacet
  facet normal 5.882821e-01 4.712120e-01 6.571784e-01
    outer loop
      vertex   9.571382e+00 -3.565390e+01 1.256286e+02
      vertex   1.027544e+01 -3.565390e+01 1.249984e+02
      vertex   1.017976e+01 -3.539457e+01 1.248981e+02
    endloop
  endfacet
  facet normal 6.287931e-01 4.712120e-01 6.185293e-01
    outer loop
      vertex   1.017976e+01 -3.539457e+01 1.248981e+02
      vertex   1.027544e+01 -3.565390e+01 1.249984e+02
      vertex   1.083625e+01 -3.539457e+01 1.242307e+02
    endloop
  endfacet
  facet normal 5.511918e-01 6.342022e-01 5.421947e-01
    outer loop
      vertex   1.017976e+01 -3.539457e+01 1.248981e+02
      vertex   1.083625e+01 -3.539457e+01 1.242307e+02
      vertex   1.069917e+01 -3.516726e+01 1.241042e+02
    endloop
  endfacet
  facet normal 5.844822e-01 6.342022e-01 5.061305e-01
    outer loop
      vertex   1.069917e+01 -3.516726e+01 1.241042e+02
      vertex   1.083625e+01 -3.539457e+01 1.242307e+02
      vertex   1.130424e+01 -3.516726e+01 1.234054e+02
    endloop
  endfacet
  facet normal 4.797193e-01 7.728536e-01 4.154114e-01
    outer loop
      vertex   1.069917e+01 -3.516726e+01 1.241042e+02
      vertex   1.130424e+01 -3.516726e+01 1.234054e+02
      vertex   1.112777e+01 -3.498072e+01 1.232622e+02
    endloop
  endfacet
  facet normal 5.051096e-01 7.728536e-01 3.841375e-01
    outer loop
      vertex   1.112777e+01 -3.498072e+01 1.232622e+02
      vertex   1.130424e+01 -3.516726e+01 1.234054e+02
      vertex   1.167855e+01 -3.498072e+01 1.225379e+02
    endloop
  endfacet
  facet normal 3.753644e-01 8.818225e-01 2.854658e-01
    outer loop
      vertex   1.112777e+01 -3.498072e+01 1.232622e+02
      vertex   1.167855e+01 -3.498072e+01 1.225379e+02
      vertex   1.146725e+01 -3.484210e+01 1.223876e+02
    endloop
  endfacet
  facet normal 3.927202e-01 8.818225e-01 2.610747e-01
    outer loop
      vertex   1.146725e+01 -3.484210e+01 1.223876e+02
      vertex   1.167855e+01 -3.498072e+01 1.225379e+02
      vertex   1.196186e+01 -3.484210e+01 1.216436e+02
    endloop
  endfacet
  facet normal 6.153793e-01 9.796823e-02 7.821192e-01
    outer loop
      vertex   8.896471e+00 -3.622792e+01 1.263049e+02
      vertex   9.644799e+00 -3.622792e+01 1.257161e+02
      vertex   9.626267e+00 -3.593529e+01 1.256940e+02
    endloop
  endfacet
  facet normal 6.637629e-01 9.796823e-02 7.414991e-01
    outer loop
      vertex   9.626267e+00 -3.593529e+01 1.256940e+02
      vertex   9.644799e+00 -3.622792e+01 1.257161e+02
      vertex   1.033437e+01 -3.593529e+01 1.250601e+02
    endloop
  endfacet
  facet normal 6.382789e-01 2.901507e-01 7.130306e-01
    outer loop
      vertex   9.626267e+00 -3.593529e+01 1.256940e+02
      vertex   1.033437e+01 -3.593529e+01 1.250601e+02
      vertex   1.027544e+01 -3.565390e+01 1.249984e+02
    endloop
  endfacet
  facet normal 6.822329e-01 2.901507e-01 6.710967e-01
    outer loop
      vertex   1.027544e+01 -3.565390e+01 1.249984e+02
      vertex   1.033437e+01 -3.593529e+01 1.250601e+02
      vertex   1.093810e+01 -3.565390e+01 1.243247e+02
    endloop
  endfacet
  facet normal 6.287931e-01 4.712120e-01 6.185293e-01
    outer loop
      vertex   1.027544e+01 -3.565390e+01 1.249984e+02
      vertex   1.093810e+01 -3.565390e+01 1.243247e+02
      vertex   1.083625e+01 -3.539457e+01 1.242307e+02
    endloop
  endfacet
  facet normal 6.667704e-01 4.712120e-01 5.773877e-01
    outer loop
      vertex   1.083625e+01 -3.539457e+01 1.242307e+02
      vertex   1.093810e+01 -3.565390e+01 1.243247e+02
      vertex   1.144906e+01 -3.539457e+01 1.235230e+02
    endloop
  endfacet
  facet normal 5.844822e-01 6.342022e-01 5.061305e-01
    outer loop
      vertex   1.083625e+01 -3.539457e+01 1.242307e+02
      vertex   1.144906e+01 -3.539457e+01 1.235230e+02
      vertex   1.130424e+01 -3.516726e+01 1.234054e+02
    endloop
  endfacet
  facet normal 6.154173e-01 6.342022e-01 4.680268e-01
    outer loop
      vertex   1.130424e+01 -3.516726e+01 1.234054e+02
      vertex   1.144906e+01 -3.539457e+01 1.235230e+02
      vertex   1.186375e+01 -3.516726e+01 1.226697e+02
    endloop
  endfacet
  facet normal 5.051096e-01 7.728536e-01 3.841375e-01
    outer loop
      vertex   1.130424e+01 -3.516726e+01 1.234054e+02
      vertex   1.186375e+01 -3.516726e+01 1.226697e+02
      vertex   1.167855e+01 -3.498072e+01 1.225379e+02
    endloop
  endfacet
  facet normal 5.284644e-01 7.728536e-01 3.513156e-01
    outer loop
      vertex   1.167855e+01 -3.498072e+01 1.225379e+02
      vertex   1.186375e+01 -3.516726e+01 1.226697e+02
      vertex   1.218227e+01 -3.498072e+01 1.217802e+02
    endloop
  endfacet
  facet normal 3.927202e-01 8.818225e-01 2.610747e-01
    outer loop
      vertex   1.167855e+01 -3.498072e+01 1.225379e+02
      vertex   1.218227e+01 -3.498072e+01 1.217802e+02
      vertex   1.196186e+01 -3.484210e+01 1.216436e+02
    endloop
  endfacet
  facet normal 4.084934e-01 8.818225e-01 2.356316e-01
    outer loop
      vertex   1.196186e+01 -3.484210e+01 1.216436e+02
      vertex   1.218227e+01 -3.498072e+01 1.217802e+02
      vertex   1.240826e+01 -3.484210e+01 1.208697e+02
    endloop
  endfacet
  facet normal 6.637629e-01 9.796823e-02 7.414991e-01
    outer loop
      vertex   9.644799e+00 -3.622792e+01 1.257161e+02
      vertex   1.035426e+01 -3.622792e+01 1.250810e+02
      vertex   1.033437e+01 -3.593529e+01 1.250601e+02
    endloop
  endfacet
  facet normal 7.094718e-01 9.796823e-02 6.978911e-01
    outer loop
      vertex   1.033437e+01 -3.593529e+01 1.250601e+02
      vertex   1.035426e+01 -3.622792e+01 1.250810e+02
      vertex   1.100082e+01 -3.593529e+01 1.243826e+02
    endloop
  endfacet
  facet normal 6.822329e-01 2.901507e-01 6.710967e-01
    outer loop
      vertex   1.033437e+01 -3.593529e+01 1.250601e+02
      vertex   1.100082e+01 -3.593529e+01 1.243826e+02
      vertex   1.093810e+01 -3.565390e+01 1.243247e+02
    endloop
  endfacet
  facet normal 7.234377e-01 2.901507e-01 6.264586e-01
    outer loop
      vertex   1.093810e+01 -3.565390e+01 1.243247e+02
      vertex   1.100082e+01 -3.593529e+01 1.243826e+02
      vertex   1.155668e+01 -3.565390e+01 1.236104e+02
    endloop
  endfacet
  facet normal 6.667704e-01 4.712120e-01 5.773877e-01
    outer loop
      vertex   1.093810e+01 -3.565390e+01 1.243247e+02
      vertex   1.155668e+01 -3.565390e+01 1.236104e+02
      vertex   1.144906e+01 -3.539457e+01 1.235230e+02
    endloop
  endfacet
  facet normal 7.020607e-01 4.712120e-01 5.339195e-01
    outer loop
      vertex   1.144906e+01 -3.539457e+01 1.235230e+02
      vertex   1.155668e+01 -3.565390e+01 1.236104e+02
      vertex   1.201575e+01 -3.539457e+01 1.227779e+02
    endloop
  endfacet
  facet normal 6.154173e-01 6.342022e-01 4.680268e-01
    outer loop
      vertex   1.144906e+01 -3.539457e+01 1.235230e+02
      vertex   1.201575e+01 -3.539457e+01 1.227779e+02
      vertex   1.186375e+01 -3.516726e+01 1.226697e+02
    endloop
  endfacet
  facet normal 6.438724e-01 6.342022e-01 4.280372e-01
    outer loop
      vertex   1.186375e+01 -3.516726e+01 1.226697e+02
      vertex   1.201575e+01 -3.539457e+01 1.227779e+02
      vertex   1.237546e+01 -3.516726e+01 1.219000e+02
    endloop
  endfacet
  facet normal 5.284644e-01 7.728536e-01 3.513156e-01
    outer loop
      vertex   1.186375e+01 -3.516726e+01 1.226697e+02
      vertex   1.237546e+01 -3.516726e+01 1.219000e+02
      vertex   1.218227e+01 -3.498072e+01 1.217802e+02
    endloop
  endfacet
  facet normal 5.496897e-01 7.728536e-01 3.170780e-01
    outer loop
      vertex   1.218227e+01 -3.498072e+01 1.217802e+02
      vertex   1.237546e+01 -3.516726e+01 1.219000e+02
      vertex   1.263690e+01 -3.498072e+01 1.209921e+02
    endloop
  endfacet
  facet normal 4.084934e-01 8.818225e-01 2.356316e-01
    outer loop
      vertex   1.218227e+01 -3.498072e+01 1.217802e+02
      vertex   1.263690e+01 -3.498072e+01 1.209921e+02
      vertex   1.240826e+01 -3.484210e+01 1.208697e+02
    endloop
  endfacet
  facet normal 4.226206e-01 8.818225e-01 2.092390e-01
    outer loop
      vertex   1.240826e+01 -3.484210e+01 1.208697e+02
      vertex   1.263690e+01 -3.498072e+01 1.209921e+02
      vertex   1.280467e+01 -3.484210e+01 1.200690e+02
    endloop
  endfacet
  facet normal 7.094718e-01 9.796823e-02 6.978911e-01
    outer loop
      vertex   1.035426e+01 -3.622792e+01 1.250810e+02
      vertex   1.102200e+01 -3.622792e+01 1.244022e+02
      vertex   1.100082e+01 -3.593529e+01 1.243826e+02
    endloop
  endfacet
  facet normal 7.523218e-01 9.796823e-02 6.514707e-01
    outer loop
      vertex   1.100082e+01 -3.593529e+01 1.243826e+02
      vertex   1.102200e+01 -3.622792e+01 1.244022e+02
      vertex   1.162295e+01 -3.593529e+01 1.236642e+02
    endloop
  endfacet
  facet normal 7.234377e-01 2.901507e-01 6.264586e-01
    outer loop
      vertex   1.100082e+01 -3.593529e+01 1.243826e+02
      vertex   1.162295e+01 -3.593529e+01 1.236642e+02
      vertex   1.155668e+01 -3.565390e+01 1.236104e+02
    endloop
  endfacet
  facet normal 7.617273e-01 2.901507e-01 5.792961e-01
    outer loop
      vertex   1.155668e+01 -3.565390e+01 1.236104e+02
      vertex   1.162295e+01 -3.593529e+01 1.236642e+02
      vertex   1.212869e+01 -3.565390e+01 1.228582e+02
    endloop
  endfacet
  facet normal 7.020607e-01 4.712120e-01 5.339195e-01
    outer loop
      vertex   1.155668e+01 -3.565390e+01 1.236104e+02
      vertex   1.212869e+01 -3.565390e+01 1.228582e+02
      vertex   1.201575e+01 -3.539457e+01 1.227779e+02
    endloop
  endfacet
  facet normal 7.345221e-01 4.712120e-01 4.882997e-01
    outer loop
      vertex   1.201575e+01 -3.539457e+01 1.227779e+02
      vertex   1.212869e+01 -3.565390e+01 1.228582e+02
      vertex   1.253401e+01 -3.539457e+01 1.219983e+02
    endloop
  endfacet
  facet normal 6.438724e-01 6.342022e-01 4.280372e-01
    outer loop
      vertex   1.201575e+01 -3.539457e+01 1.227779e+02
      vertex   1.253401e+01 -3.539457e+01 1.219983e+02
      vertex   1.237546e+01 -3.516726e+01 1.219000e+02
    endloop
  endfacet
  facet normal 6.697330e-01 6.342022e-01 3.863227e-01
    outer loop
      vertex   1.237546e+01 -3.516726e+01 1.219000e+02
      vertex   1.253401e+01 -3.539457e+01 1.219983e+02
      vertex   1.283730e+01 -3.516726e+01 1.210993e+02
    endloop
  endfacet
  facet normal 5.496897e-01 7.728536e-01 3.170780e-01
    outer loop
      vertex   1.237546e+01 -3.516726e+01 1.219000e+02
      vertex   1.283730e+01 -3.516726e+01 1.210993e+02
      vertex   1.263690e+01 -3.498072e+01 1.209921e+02
    endloop
  endfacet
  facet normal 5.687000e-01 7.728536e-01 2.815627e-01
    outer loop
      vertex   1.263690e+01 -3.498072e+01 1.209921e+02
      vertex   1.283730e+01 -3.516726e+01 1.210993e+02
      vertex   1.304061e+01 -3.498072e+01 1.201767e+02
    endloop
  endfacet
  facet normal 4.226206e-01 8.818225e-01 2.092390e-01
    outer loop
      vertex   1.263690e+01 -3.498072e+01 1.209921e+02
      vertex   1.304061e+01 -3.498072e+01 1.201767e+02
      vertex   1.280467e+01 -3.484210e+01 1.200690e+02
    endloop
  endfacet
  facet normal 4.350448e-01 8.818225e-01 1.820032e-01
    outer loop
      vertex   1.280467e+01 -3.484210e+01 1.200690e+02
      vertex   1.304061e+01 -3.498072e+01 1.201767e+02
      vertex   1.314947e+01 -3.484210e+01 1.192448e+02
    endloop
  endfacet
  facet normal 7.523218e-01 9.796823e-02 6.514707e-01
    outer loop
      vertex   1.102200e+01 -3.622792e+01 1.244022e+02
      vertex   1.164532e+01 -3.622792e+01 1.236824e+02
      vertex   1.162295e+01 -3.593529e+01 1.236642e+02
    endloop
  endfacet
  facet normal 7.921402e-01 9.796823e-02 6.024252e-01
    outer loop
      vertex   1.162295e+01 -3.593529e+01 1.236642e+02
      vertex   1.164532e+01 -3.622792e+01 1.236824e+02
      vertex   1.219824e+01 -3.593529e+01 1.229077e+02
    endloop
  endfacet
  facet normal 7.617273e-01 2.901507e-01 5.792961e-01
    outer loop
      vertex   1.162295e+01 -3.593529e+01 1.236642e+02
      vertex   1.219824e+01 -3.593529e+01 1.229077e+02
      vertex   1.212869e+01 -3.565390e+01 1.228582e+02
    endloop
  endfacet
  facet normal 7.969475e-01 2.901507e-01 5.297993e-01
    outer loop
      vertex   1.212869e+01 -3.565390e+01 1.228582e+02
      vertex   1.219824e+01 -3.593529e+01 1.229077e+02
      vertex   1.265182e+01 -3.565390e+01 1.220713e+02
    endloop
  endfacet
  facet normal 7.345221e-01 4.712120e-01 4.882997e-01
    outer loop
      vertex   1.212869e+01 -3.565390e+01 1.228582e+02
      vertex   1.265182e+01 -3.565390e+01 1.220713e+02
      vertex   1.253401e+01 -3.539457e+01 1.219983e+02
    endloop
  endfacet
  facet normal 7.640235e-01 4.712120e-01 4.407123e-01
    outer loop
      vertex   1.253401e+01 -3.539457e+01 1.219983e+02
      vertex   1.265182e+01 -3.565390e+01 1.220713e+02
      vertex   1.300177e+01 -3.539457e+01 1.211874e+02
    endloop
  endfacet
  facet normal 6.697330e-01 6.342022e-01 3.863227e-01
    outer loop
      vertex   1.253401e+01 -3.539457e+01 1.219983e+02
      vertex   1.300177e+01 -3.539457e+01 1.211874e+02
      vertex   1.283730e+01 -3.516726e+01 1.210993e+02
    endloop
  endfacet
  facet normal 6.928948e-01 6.342022e-01 3.430514e-01
    outer loop
      vertex   1.283730e+01 -3.516726e+01 1.210993e+02
      vertex   1.300177e+01 -3.539457e+01 1.211874e+02
      vertex   1.324741e+01 -3.516726e+01 1.202710e+02
    endloop
  endfacet
  facet normal 5.687000e-01 7.728536e-01 2.815627e-01
    outer loop
      vertex   1.283730e+01 -3.516726e+01 1.210993e+02
      vertex   1.324741e+01 -3.516726e+01 1.202710e+02
      vertex   1.304061e+01 -3.498072e+01 1.201767e+02
    endloop
  endfacet
  facet normal 5.854186e-01 7.728536e-01 2.449128e-01
    outer loop
      vertex   1.304061e+01 -3.498072e+01 1.201767e+02
      vertex   1.324741e+01 -3.516726e+01 1.202710e+02
      vertex   1.339177e+01 -3.498072e+01 1.193373e+02
    endloop
  endfacet
  facet normal 4.350448e-01 8.818225e-01 1.820032e-01
    outer loop
      vertex   1.304061e+01 -3.498072e+01 1.201767e+02
      vertex   1.339177e+01 -3.498072e+01 1.193373e+02
      vertex   1.314947e+01 -3.484210e+01 1.192448e+02
    endloop
  endfacet
  facet normal 4.457159e-01 8.818225e-01 1.540340e-01
    outer loop
      vertex   1.314947e+01 -3.484210e+01 1.192448e+02
      vertex   1.339177e+01 -3.498072e+01 1.193373e+02
      vertex   1.344129e+01 -3.484210e+01 1.184004e+02
    endloop
  endfacet
  facet normal 7.921402e-01 9.796823e-02 6.024252e-01
    outer loop
      vertex   1.164532e+01 -3.622792e+01 1.236824e+02
      vertex   1.222172e+01 -3.622792e+01 1.229244e+02
      vertex   1.219824e+01 -3.593529e+01 1.229077e+02
    endloop
  endfacet
  facet normal 8.287666e-01 9.796823e-02 5.509521e-01
    outer loop
      vertex   1.219824e+01 -3.593529e+01 1.229077e+02
      vertex   1.222172e+01 -3.622792e+01 1.229244e+02
      vertex   1.272437e+01 -3.593529e+01 1.221163e+02
    endloop
  endfacet
  facet normal 7.969475e-01 2.901507e-01 5.297993e-01
    outer loop
      vertex   1.219824e+01 -3.593529e+01 1.229077e+02
      vertex   1.272437e+01 -3.593529e+01 1.221163e+02
      vertex   1.265182e+01 -3.565390e+01 1.220713e+02
    endloop
  endfacet
  facet normal 8.289562e-01 2.901507e-01 4.781675e-01
    outer loop
      vertex   1.265182e+01 -3.565390e+01 1.220713e+02
      vertex   1.272437e+01 -3.593529e+01 1.221163e+02
      vertex   1.312398e+01 -3.565390e+01 1.212528e+02
    endloop
  endfacet
  facet normal 7.640235e-01 4.712120e-01 4.407123e-01
    outer loop
      vertex   1.265182e+01 -3.565390e+01 1.220713e+02
      vertex   1.312398e+01 -3.565390e+01 1.212528e+02
      vertex   1.300177e+01 -3.539457e+01 1.211874e+02
    endloop
  endfacet
  facet normal 7.904462e-01 4.712120e-01 3.913490e-01
    outer loop
      vertex   1.300177e+01 -3.539457e+01 1.211874e+02
      vertex   1.312398e+01 -3.565390e+01 1.212528e+02
      vertex   1.341713e+01 -3.539457e+01 1.203484e+02
    endloop
  endfacet
  facet normal 6.928948e-01 6.342022e-01 3.430514e-01
    outer loop
      vertex   1.300177e+01 -3.539457e+01 1.211874e+02
      vertex   1.341713e+01 -3.539457e+01 1.203484e+02
      vertex   1.324741e+01 -3.516726e+01 1.202710e+02
    endloop
  endfacet
  facet normal 7.132645e-01 6.342022e-01 2.983978e-01
    outer loop
      vertex   1.324741e+01 -3.516726e+01 1.202710e+02
      vertex   1.341713e+01 -3.539457e+01 1.203484e+02
      vertex   1.360414e+01 -3.516726e+01 1.194183e+02
    endloop
  endfacet
  facet normal 5.854186e-01 7.728536e-01 2.449128e-01
    outer loop
      vertex   1.324741e+01 -3.516726e+01 1.202710e+02
      vertex   1.360414e+01 -3.516726e+01 1.194183e+02
      vertex   1.339177e+01 -3.498072e+01 1.193373e+02
    endloop
  endfacet
  facet normal 5.997782e-01 7.728536e-01 2.072760e-01
    outer loop
      vertex   1.339177e+01 -3.498072e+01 1.193373e+02
      vertex   1.360414e+01 -3.516726e+01 1.194183e+02
      vertex   1.368896e+01 -3.498072e+01 1.184773e+02
    endloop
  endfacet
  facet normal 4.457159e-01 8.818225e-01 1.540340e-01
    outer loop
      vertex   1.339177e+01 -3.498072e+01 1.193373e+02
      vertex   1.368896e+01 -3.498072e+01 1.184773e+02
      vertex   1.344129e+01 -3.484210e+01 1.184004e+02
    endloop
  endfacet
  facet normal 4.545909e-01 8.818225e-01 1.254441e-01
    outer loop
      vertex   1.344129e+01 -3.484210e+01 1.184004e+02
      vertex   1.368896e+01 -3.498072e+01 1.184773e+02
      vertex   1.367894e+01 -3.484210e+01 1.175392e+02
    endloop
  endfacet
  facet normal 8.287666e-01 9.796823e-02 5.509521e-01
    outer loop
      vertex   1.222172e+01 -3.622792e+01 1.229244e+02
      vertex   1.274887e+01 -3.622792e+01 1.221315e+02
      vertex   1.272437e+01 -3.593529e+01 1.221163e+02
    endloop
  endfacet
  facet normal 8.620533e-01 9.796823e-02 4.972589e-01
    outer loop
      vertex   1.272437e+01 -3.593529e+01 1.221163e+02
      vertex   1.274887e+01 -3.622792e+01 1.221315e+02
      vertex   1.319923e+01 -3.593529e+01 1.212931e+02
    endloop
  endfacet
  facet normal 8.289562e-01 2.901507e-01 4.781675e-01
    outer loop
      vertex   1.272437e+01 -3.593529e+01 1.221163e+02
      vertex   1.319923e+01 -3.593529e+01 1.212931e+02
      vertex   1.312398e+01 -3.565390e+01 1.212528e+02
    endloop
  endfacet
  facet normal 8.576245e-01 2.901507e-01 4.246089e-01
    outer loop
      vertex   1.312398e+01 -3.565390e+01 1.212528e+02
      vertex   1.319923e+01 -3.593529e+01 1.212931e+02
      vertex   1.354325e+01 -3.565390e+01 1.204060e+02
    endloop
  endfacet
  facet normal 7.904462e-01 4.712120e-01 3.913490e-01
    outer loop
      vertex   1.312398e+01 -3.565390e+01 1.212528e+02
      vertex   1.354325e+01 -3.565390e+01 1.204060e+02
      vertex   1.341713e+01 -3.539457e+01 1.203484e+02
    endloop
  endfacet
  facet normal 8.136837e-01 4.712120e-01 3.404087e-01
    outer loop
      vertex   1.341713e+01 -3.539457e+01 1.203484e+02
      vertex   1.354325e+01 -3.565390e+01 1.204060e+02
      vertex   1.377843e+01 -3.539457e+01 1.194848e+02
    endloop
  endfacet
  facet normal 7.132645e-01 6.342022e-01 2.983978e-01
    outer loop
      vertex   1.341713e+01 -3.539457e+01 1.203484e+02
      vertex   1.377843e+01 -3.539457e+01 1.194848e+02
      vertex   1.360414e+01 -3.516726e+01 1.194183e+02
    endloop
  endfacet
  facet normal 7.307600e-01 6.342022e-01 2.525417e-01
    outer loop
      vertex   1.360414e+01 -3.516726e+01 1.194183e+02
      vertex   1.377843e+01 -3.539457e+01 1.194848e+02
      vertex   1.390605e+01 -3.516726e+01 1.185447e+02
    endloop
  endfacet
  facet normal 5.997782e-01 7.728536e-01 2.072760e-01
    outer loop
      vertex   1.360414e+01 -3.516726e+01 1.194183e+02
      vertex   1.390605e+01 -3.516726e+01 1.185447e+02
      vertex   1.368896e+01 -3.498072e+01 1.184773e+02
    endloop
  endfacet
  facet normal 6.117209e-01 7.728536e-01 1.688040e-01
    outer loop
      vertex   1.368896e+01 -3.498072e+01 1.184773e+02
      vertex   1.390605e+01 -3.516726e+01 1.185447e+02
      vertex   1.393099e+01 -3.498072e+01 1.176002e+02
    endloop
  endfacet
  facet normal 4.545909e-01 8.818225e-01 1.254441e-01
    outer loop
      vertex   1.368896e+01 -3.498072e+01 1.184773e+02
      vertex   1.393099e+01 -3.498072e+01 1.176002e+02
      vertex   1.367894e+01 -3.484210e+01 1.175392e+02
    endloop
  endfacet
  facet normal 4.616341e-01 8.818225e-01 9.634865e-02
    outer loop
      vertex   1.367894e+01 -3.484210e+01 1.175392e+02
      vertex   1.393099e+01 -3.498072e+01 1.176002e+02
      vertex   1.386148e+01 -3.484210e+01 1.166646e+02
    endloop
  endfacet
  facet normal 8.620533e-01 9.796823e-02 4.972589e-01
    outer loop
      vertex   1.274887e+01 -3.622792e+01 1.221315e+02
      vertex   1.322464e+01 -3.622792e+01 1.213067e+02
      vertex   1.319923e+01 -3.593529e+01 1.212931e+02
    endloop
  endfacet
  facet normal 8.918662e-01 9.796823e-02 4.415619e-01
    outer loop
      vertex   1.319923e+01 -3.593529e+01 1.212931e+02
      vertex   1.322464e+01 -3.622792e+01 1.213067e+02
      vertex   1.362091e+01 -3.593529e+01 1.204414e+02
    endloop
  endfacet
  facet normal 8.576245e-01 2.901507e-01 4.246089e-01
    outer loop
      vertex   1.319923e+01 -3.593529e+01 1.212931e+02
      vertex   1.362091e+01 -3.593529e+01 1.204414e+02
      vertex   1.354325e+01 -3.565390e+01 1.204060e+02
    endloop
  endfacet
  facet normal 8.828369e-01 2.901507e-01 3.693392e-01
    outer loop
      vertex   1.354325e+01 -3.565390e+01 1.204060e+02
      vertex   1.362091e+01 -3.593529e+01 1.204414e+02
      vertex   1.390794e+01 -3.565390e+01 1.195342e+02
    endloop
  endfacet
  facet normal 8.136837e-01 4.712120e-01 3.404087e-01
    outer loop
      vertex   1.354325e+01 -3.565390e+01 1.204060e+02
      vertex   1.390794e+01 -3.565390e+01 1.195342e+02
      vertex   1.377843e+01 -3.539457e+01 1.194848e+02
    endloop
  endfacet
  facet normal 8.336424e-01 4.712120e-01 2.880966e-01
    outer loop
      vertex   1.377843e+01 -3.539457e+01 1.194848e+02
      vertex   1.390794e+01 -3.565390e+01 1.195342e+02
      vertex   1.408421e+01 -3.539457e+01 1.186000e+02
    endloop
  endfacet
  facet normal 7.307600e-01 6.342022e-01 2.525417e-01
    outer loop
      vertex   1.377843e+01 -3.539457e+01 1.194848e+02
      vertex   1.408421e+01 -3.539457e+01 1.186000e+02
      vertex   1.390605e+01 -3.516726e+01 1.185447e+02
    endloop
  endfacet
  facet normal 7.453108e-01 6.342022e-01 2.056680e-01
    outer loop
      vertex   1.390605e+01 -3.516726e+01 1.185447e+02
      vertex   1.408421e+01 -3.539457e+01 1.186000e+02
      vertex   1.415192e+01 -3.516726e+01 1.176537e+02
    endloop
  endfacet
  facet normal 6.117209e-01 7.728536e-01 1.688040e-01
    outer loop
      vertex   1.390605e+01 -3.516726e+01 1.185447e+02
      vertex   1.415192e+01 -3.516726e+01 1.176537e+02
      vertex   1.393099e+01 -3.498072e+01 1.176002e+02
    endloop
  endfacet
  facet normal 6.211986e-01 7.728536e-01 1.296517e-01
    outer loop
      vertex   1.393099e+01 -3.498072e+01 1.176002e+02
      vertex   1.415192e+01 -3.516726e+01 1.176537e+02
      vertex   1.411689e+01 -3.498072e+01 1.167095e+02
    endloop
  endfacet
  facet normal 4.616341e-01 8.818225e-01 9.634865e-02
    outer loop
      vertex   1.393099e+01 -3.498072e+01 1.176002e+02
      vertex   1.411689e+01 -3.498072e+01 1.167095e+02
      vertex   1.386148e+01 -3.484210e+01 1.166646e+02
    endloop
  endfacet
  facet normal 4.668171e-01 8.818225e-01 6.686500e-02
    outer loop
      vertex   1.386148e+01 -3.484210e+01 1.166646e+02
      vertex   1.411689e+01 -3.498072e+01 1.167095e+02
      vertex   1.398815e+01 -3.484210e+01 1.157803e+02
    endloop
  endfacet
  facet normal 8.918662e-01 9.796823e-02 4.415619e-01
    outer loop
      vertex   1.322464e+01 -3.622792e+01 1.213067e+02
      vertex   1.364713e+01 -3.622792e+01 1.204533e+02
      vertex   1.362091e+01 -3.593529e+01 1.204414e+02
    endloop
  endfacet
  facet normal 9.180852e-01 9.796823e-02 3.840855e-01
    outer loop
      vertex   1.362091e+01 -3.593529e+01 1.204414e+02
      vertex   1.364713e+01 -3.622792e+01 1.204533e+02
      vertex   1.398769e+01 -3.593529e+01 1.195647e+02
    endloop
  endfacet
  facet normal 8.828369e-01 2.901507e-01 3.693392e-01
    outer loop
      vertex   1.362091e+01 -3.593529e+01 1.204414e+02
      vertex   1.398769e+01 -3.593529e+01 1.195647e+02
      vertex   1.390794e+01 -3.565390e+01 1.195342e+02
    endloop
  endfacet
  facet normal 9.044918e-01 2.901507e-01 3.125813e-01
    outer loop
      vertex   1.390794e+01 -3.565390e+01 1.195342e+02
      vertex   1.398769e+01 -3.593529e+01 1.195647e+02
      vertex   1.421659e+01 -3.565390e+01 1.186411e+02
    endloop
  endfacet
  facet normal 8.336424e-01 4.712120e-01 2.880966e-01
    outer loop
      vertex   1.390794e+01 -3.565390e+01 1.195342e+02
      vertex   1.421659e+01 -3.565390e+01 1.186411e+02
      vertex   1.408421e+01 -3.539457e+01 1.186000e+02
    endloop
  endfacet
  facet normal 8.502417e-01 4.712120e-01 2.346236e-01
    outer loop
      vertex   1.408421e+01 -3.539457e+01 1.186000e+02
      vertex   1.421659e+01 -3.565390e+01 1.186411e+02
      vertex   1.433323e+01 -3.539457e+01 1.176976e+02
    endloop
  endfacet
  facet normal 7.453108e-01 6.342022e-01 2.056680e-01
    outer loop
      vertex   1.408421e+01 -3.539457e+01 1.186000e+02
      vertex   1.433323e+01 -3.539457e+01 1.176976e+02
      vertex   1.415192e+01 -3.516726e+01 1.176537e+02
    endloop
  endfacet
  facet normal 7.568583e-01 6.342022e-01 1.579655e-01
    outer loop
      vertex   1.415192e+01 -3.516726e+01 1.176537e+02
      vertex   1.433323e+01 -3.539457e+01 1.176976e+02
      vertex   1.434076e+01 -3.516726e+01 1.167489e+02
    endloop
  endfacet
  facet normal 6.211986e-01 7.728536e-01 1.296517e-01
    outer loop
      vertex   1.415192e+01 -3.516726e+01 1.176537e+02
      vertex   1.434076e+01 -3.516726e+01 1.167489e+02
      vertex   1.411689e+01 -3.498072e+01 1.167095e+02
    endloop
  endfacet
  facet normal 6.281731e-01 7.728536e-01 8.997698e-02
    outer loop
      vertex   1.411689e+01 -3.498072e+01 1.167095e+02
      vertex   1.434076e+01 -3.516726e+01 1.167489e+02
      vertex   1.424590e+01 -3.498072e+01 1.158089e+02
    endloop
  endfacet
  facet normal 4.668171e-01 8.818225e-01 6.686500e-02
    outer loop
      vertex   1.411689e+01 -3.498072e+01 1.167095e+02
      vertex   1.424590e+01 -3.498072e+01 1.158089e+02
      vertex   1.398815e+01 -3.484210e+01 1.157803e+02
    endloop
  endfacet
  facet normal 4.701190e-01 8.818225e-01 3.711191e-02
    outer loop
      vertex   1.398815e+01 -3.484210e+01 1.157803e+02
      vertex   1.424590e+01 -3.498072e+01 1.158089e+02
      vertex   1.405846e+01 -3.484210e+01 1.148896e+02
    endloop
  endfacet
  facet normal 9.180852e-01 9.796823e-02 3.840855e-01
    outer loop
      vertex   1.364713e+01 -3.622792e+01 1.204533e+02
      vertex   1.401462e+01 -3.622792e+01 1.195749e+02
      vertex   1.398769e+01 -3.593529e+01 1.195647e+02
    endloop
  endfacet
  facet normal 9.406047e-01 9.796823e-02 3.250615e-01
    outer loop
      vertex   1.398769e+01 -3.593529e+01 1.195647e+02
      vertex   1.401462e+01 -3.622792e+01 1.195749e+02
      vertex   1.429811e+01 -3.593529e+01 1.186664e+02
    endloop
  endfacet
  facet normal 9.044918e-01 2.901507e-01 3.125813e-01
    outer loop
      vertex   1.398769e+01 -3.593529e+01 1.195647e+02
      vertex   1.429811e+01 -3.593529e+01 1.186664e+02
      vertex   1.421659e+01 -3.565390e+01 1.186411e+02
    endloop
  endfacet
  facet normal 9.225019e-01 2.901507e-01 2.545638e-01
    outer loop
      vertex   1.421659e+01 -3.565390e+01 1.186411e+02
      vertex   1.429811e+01 -3.593529e+01 1.186664e+02
      vertex   1.446795e+01 -3.565390e+01 1.177302e+02
    endloop
  endfacet
  facet normal 8.502417e-01 4.712120e-01 2.346236e-01
    outer loop
      vertex   1.421659e+01 -3.565390e+01 1.186411e+02
      vertex   1.446795e+01 -3.565390e+01 1.177302e+02
      vertex   1.433323e+01 -3.539457e+01 1.176976e+02
    endloop
  endfacet
  facet normal 8.634149e-01 4.712120e-01 1.802052e-01
    outer loop
      vertex   1.433323e+01 -3.539457e+01 1.176976e+02
      vertex   1.446795e+01 -3.565390e+01 1.177302e+02
      vertex   1.452449e+01 -3.539457e+01 1.167812e+02
    endloop
  endfacet
  facet normal 7.568583e-01 6.342022e-01 1.579655e-01
    outer loop
      vertex   1.433323e+01 -3.539457e+01 1.176976e+02
      vertex   1.452449e+01 -3.539457e+01 1.167812e+02
      vertex   1.434076e+01 -3.516726e+01 1.167489e+02
    endloop
  endfacet
  facet normal 7.653558e-01 6.342022e-01 1.096265e-01
    outer loop
      vertex   1.434076e+01 -3.516726e+01 1.167489e+02
      vertex   1.452449e+01 -3.539457e+01 1.167812e+02
      vertex   1.447182e+01 -3.516726e+01 1.158339e+02
    endloop
  endfacet
  facet normal 6.281731e-01 7.728536e-01 8.997698e-02
    outer loop
      vertex   1.434076e+01 -3.516726e+01 1.167489e+02
      vertex   1.447182e+01 -3.516726e+01 1.158339e+02
      vertex   1.424590e+01 -3.498072e+01 1.158089e+02
    endloop
  endfacet
  facet normal 6.326162e-01 7.728536e-01 4.993969e-02
    outer loop
      vertex   1.424590e+01 -3.498072e+01 1.158089e+02
      vertex   1.447182e+01 -3.516726e+01 1.158339e+02
      vertex   1.431750e+01 -3.498072e+01 1.149018e+02
    endloop
  endfacet
  facet normal 4.701190e-01 8.818225e-01 3.711191e-02
    outer loop
      vertex   1.424590e+01 -3.498072e+01 1.158089e+02
      vertex   1.431750e+01 -3.498072e+01 1.149018e+02
      vertex   1.405846e+01 -3.484210e+01 1.148896e+02
    endloop
  endfacet
  facet normal 4.715264e-01 8.818225e-01 7.209266e-03
    outer loop
      vertex   1.405846e+01 -3.484210e+01 1.148896e+02
      vertex   1.431750e+01 -3.498072e+01 1.149018e+02
      vertex   1.407212e+01 -3.484210e+01 1.139963e+02
    endloop
  endfacet
  facet normal 9.406047e-01 9.796823e-02 3.250615e-01
    outer loop
      vertex   1.401462e+01 -3.622792e+01 1.195749e+02
      vertex   1.432564e+01 -3.622792e+01 1.186750e+02
      vertex   1.429811e+01 -3.593529e+01 1.186664e+02
    endloop
  endfacet
  facet normal 9.593339e-01 9.796823e-02 2.647275e-01
    outer loop
      vertex   1.429811e+01 -3.593529e+01 1.186664e+02
      vertex   1.432564e+01 -3.622792e+01 1.186750e+02
      vertex   1.455091e+01 -3.593529e+01 1.177503e+02
    endloop
  endfacet
  facet normal 9.225019e-01 2.901507e-01 2.545638e-01
    outer loop
      vertex   1.429811e+01 -3.593529e+01 1.186664e+02
      vertex   1.455091e+01 -3.593529e+01 1.177503e+02
      vertex   1.446795e+01 -3.565390e+01 1.177302e+02
    endloop
  endfacet
  facet normal 9.367947e-01 2.901507e-01 1.955204e-01
    outer loop
      vertex   1.446795e+01 -3.565390e+01 1.177302e+02
      vertex   1.455091e+01 -3.593529e+01 1.177503e+02
      vertex   1.466101e+01 -3.565390e+01 1.168052e+02
    endloop
  endfacet
  facet normal 8.634149e-01 4.712120e-01 1.802052e-01
    outer loop
      vertex   1.446795e+01 -3.565390e+01 1.177302e+02
      vertex   1.466101e+01 -3.565390e+01 1.168052e+02
      vertex   1.452449e+01 -3.539457e+01 1.167812e+02
    endloop
  endfacet
  facet normal 8.731089e-01 4.712120e-01 1.250606e-01
    outer loop
      vertex   1.452449e+01 -3.539457e+01 1.167812e+02
      vertex   1.466101e+01 -3.565390e+01 1.168052e+02
      vertex   1.465722e+01 -3.539457e+01 1.158545e+02
    endloop
  endfacet
  facet normal 7.653558e-01 6.342022e-01 1.096265e-01
    outer loop
      vertex   1.452449e+01 -3.539457e+01 1.167812e+02
      vertex   1.465722e+01 -3.539457e+01 1.158545e+02
      vertex   1.447182e+01 -3.516726e+01 1.158339e+02
    endloop
  endfacet
  facet normal 7.707693e-01 6.342022e-01 6.084570e-02
    outer loop
      vertex   1.447182e+01 -3.516726e+01 1.158339e+02
      vertex   1.465722e+01 -3.539457e+01 1.158545e+02
      vertex   1.454456e+01 -3.516726e+01 1.149125e+02
    endloop
  endfacet
  facet normal 6.326162e-01 7.728536e-01 4.993969e-02
    outer loop
      vertex   1.447182e+01 -3.516726e+01 1.158339e+02
      vertex   1.454456e+01 -3.516726e+01 1.149125e+02
      vertex   1.431750e+01 -3.498072e+01 1.149018e+02
    endloop
  endfacet
  facet normal 6.345102e-01 7.728536e-01 9.701158e-03
    outer loop
      vertex   1.431750e+01 -3.498072e+01 1.149018e+02
      vertex   1.454456e+01 -3.516726e+01 1.149125e+02
      vertex   1.433141e+01 -3.498072e+01 1.139920e+02
    endloop
  endfacet
  facet normal 4.715264e-01 8.818225e-01 7.209266e-03
    outer loop
      vertex   1.431750e+01 -3.498072e+01 1.149018e+02
      vertex   1.433141e+01 -3.498072e+01 1.139920e+02
      vertex   1.407212e+01 -3.484210e+01 1.139963e+02
    endloop
  endfacet
  facet normal 4.710338e-01 8.818225e-01 -2.272243e-02
    outer loop
      vertex   1.407212e+01 -3.484210e+01 1.139963e+02
      vertex   1.433141e+01 -3.498072e+01 1.139920e+02
      vertex   1.402907e+01 -3.484210e+01 1.131039e+02
    endloop
  endfacet
  facet normal 9.593339e-01 9.796823e-02 2.647275e-01
    outer loop
      vertex   1.432564e+01 -3.622792e+01 1.186750e+02
      vertex   1.457893e+01 -3.622792e+01 1.177571e+02
      vertex   1.455091e+01 -3.593529e+01 1.177503e+02
    endloop
  endfacet
  facet normal 9.741973e-01 9.796823e-02 2.033268e-01
    outer loop
      vertex   1.455091e+01 -3.593529e+01 1.177503e+02
      vertex   1.457893e+01 -3.622792e+01 1.177571e+02
      vertex   1.474508e+01 -3.593529e+01 1.168200e+02
    endloop
  endfacet
  facet normal 9.367947e-01 2.901507e-01 1.955204e-01
    outer loop
      vertex   1.455091e+01 -3.593529e+01 1.177503e+02
      vertex   1.474508e+01 -3.593529e+01 1.168200e+02
      vertex   1.466101e+01 -3.565390e+01 1.168052e+02
    endloop
  endfacet
  facet normal 9.473125e-01 2.901507e-01 1.356892e-01
    outer loop
      vertex   1.466101e+01 -3.565390e+01 1.168052e+02
      vertex   1.474508e+01 -3.593529e+01 1.168200e+02
      vertex   1.479499e+01 -3.565390e+01 1.158698e+02
    endloop
  endfacet
  facet normal 8.731089e-01 4.712120e-01 1.250606e-01
    outer loop
      vertex   1.466101e+01 -3.565390e+01 1.168052e+02
      vertex   1.479499e+01 -3.565390e+01 1.158698e+02
      vertex   1.465722e+01 -3.539457e+01 1.158545e+02
    endloop
  endfacet
  facet normal 8.792845e-01 4.712120e-01 6.941206e-02
    outer loop
      vertex   1.465722e+01 -3.539457e+01 1.158545e+02
      vertex   1.479499e+01 -3.565390e+01 1.158698e+02
      vertex   1.473090e+01 -3.539457e+01 1.149213e+02
    endloop
  endfacet
  facet normal 7.707693e-01 6.342022e-01 6.084570e-02
    outer loop
      vertex   1.465722e+01 -3.539457e+01 1.158545e+02
      vertex   1.473090e+01 -3.539457e+01 1.149213e+02
      vertex   1.454456e+01 -3.516726e+01 1.149125e+02
    endloop
  endfacet
  facet normal 7.730769e-01 6.342022e-01 1.181973e-02
    outer loop
      vertex   1.454456e+01 -3.516726e+01 1.149125e+02
      vertex   1.473090e+01 -3.539457e+01 1.149213e+02
      vertex   1.455869e+01 -3.516726e+01 1.139883e+02
    endloop
  endfacet
  facet normal 6.345102e-01 7.728536e-01 9.701158e-03
    outer loop
      vertex   1.454456e+01 -3.516726e+01 1.149125e+02
      vertex   1.455869e+01 -3.516726e+01 1.139883e+02
      vertex   1.433141e+01 -3.498072e+01 1.139920e+02
    endloop
  endfacet
  facet normal 6.338472e-01 7.728536e-01 -3.057646e-02
    outer loop
      vertex   1.433141e+01 -3.498072e+01 1.139920e+02
      vertex   1.455869e+01 -3.516726e+01 1.139883e+02
      vertex   1.428757e+01 -3.498072e+01 1.130832e+02
    endloop
  endfacet
  facet normal 4.710338e-01 8.818225e-01 -2.272243e-02
    outer loop
      vertex   1.433141e+01 -3.498072e+01 1.139920e+02
      vertex   1.428757e+01 -3.498072e+01 1.130832e+02
      vertex   1.402907e+01 -3.484210e+01 1.131039e+02
    endloop
  endfacet
  facet normal 4.686491e-01 8.818234e-01 -5.249297e-02
    outer loop
      vertex   1.402907e+01 -3.484210e+01 1.131039e+02
      vertex   1.428757e+01 -3.498072e+01 1.130832e+02
      vertex   1.393009e+01 -3.484210e+01 1.122202e+02
    endloop
  endfacet
  facet normal 9.741973e-01 9.796823e-02 2.033268e-01
    outer loop
      vertex   1.457893e+01 -3.622792e+01 1.177571e+02
      vertex   1.477347e+01 -3.622792e+01 1.168250e+02
      vertex   1.474508e+01 -3.593529e+01 1.168200e+02
    endloop
  endfacet
  facet normal 9.851351e-01 9.796823e-02 1.411068e-01
    outer loop
      vertex   1.474508e+01 -3.593529e+01 1.168200e+02
      vertex   1.477347e+01 -3.622792e+01 1.168250e+02
      vertex   1.487983e+01 -3.593529e+01 1.158792e+02
    endloop
  endfacet
  facet normal 9.473125e-01 2.901507e-01 1.356892e-01
    outer loop
      vertex   1.474508e+01 -3.593529e+01 1.168200e+02
      vertex   1.487983e+01 -3.593529e+01 1.158792e+02
      vertex   1.479499e+01 -3.565390e+01 1.158698e+02
    endloop
  endfacet
  facet normal 9.540130e-01 2.901507e-01 7.531124e-02
    outer loop
      vertex   1.479499e+01 -3.565390e+01 1.158698e+02
      vertex   1.487983e+01 -3.593529e+01 1.158792e+02
      vertex   1.486936e+01 -3.565390e+01 1.149278e+02
    endloop
  endfacet
  facet normal 8.792845e-01 4.712120e-01 6.941206e-02
    outer loop
      vertex   1.479499e+01 -3.565390e+01 1.158698e+02
      vertex   1.486936e+01 -3.565390e+01 1.149278e+02
      vertex   1.473090e+01 -3.539457e+01 1.149213e+02
    endloop
  endfacet
  facet normal 8.819169e-01 4.712120e-01 1.348381e-02
    outer loop
      vertex   1.473090e+01 -3.539457e+01 1.149213e+02
      vertex   1.486936e+01 -3.565390e+01 1.149278e+02
      vertex   1.474521e+01 -3.539457e+01 1.139852e+02
    endloop
  endfacet
  facet normal 7.730769e-01 6.342022e-01 1.181973e-02
    outer loop
      vertex   1.473090e+01 -3.539457e+01 1.149213e+02
      vertex   1.474521e+01 -3.539457e+01 1.139852e+02
      vertex   1.455869e+01 -3.516726e+01 1.139883e+02
    endloop
  endfacet
  facet normal 7.722692e-01 6.342022e-01 -3.725387e-02
    outer loop
      vertex   1.455869e+01 -3.516726e+01 1.139883e+02
      vertex   1.474521e+01 -3.539457e+01 1.139852e+02
      vertex   1.451415e+01 -3.516726e+01 1.130651e+02
    endloop
  endfacet
  facet normal 6.338472e-01 7.728536e-01 -3.057646e-02
    outer loop
      vertex   1.455869e+01 -3.516726e+01 1.139883e+02
      vertex   1.451415e+01 -3.516726e+01 1.130651e+02
      vertex   1.428757e+01 -3.498072e+01 1.130832e+02
    endloop
  endfacet
  facet normal 6.306374e-01 7.728549e-01 -7.065290e-02
    outer loop
      vertex   1.428757e+01 -3.498072e+01 1.130832e+02
      vertex   1.451415e+01 -3.516726e+01 1.130651e+02
      vertex   1.418666e+01 -3.498072e+01 1.121825e+02
    endloop
  endfacet
  facet normal 4.686790e-01 8.818066e-01 -5.250803e-02
    outer loop
      vertex   1.428757e+01 -3.498072e+01 1.130832e+02
      vertex   1.418666e+01 -3.498072e+01 1.121825e+02
      vertex   1.393009e+01 -3.484210e+01 1.122202e+02
    endloop
  endfacet
  facet normal 4.643463e-01 8.818386e-01 -8.211687e-02
    outer loop
      vertex   1.393009e+01 -3.484210e+01 1.122202e+02
      vertex   1.418666e+01 -3.498072e+01 1.121825e+02
      vertex   1.377378e+01 -3.484210e+01 1.113364e+02
    endloop
  endfacet
  facet normal 9.851351e-01 9.796823e-02 1.411068e-01
    outer loop
      vertex   1.477347e+01 -3.622792e+01 1.168250e+02
      vertex   1.490848e+01 -3.622792e+01 1.158824e+02
      vertex   1.487983e+01 -3.593529e+01 1.158792e+02
    endloop
  endfacet
  facet normal 9.921031e-01 9.796823e-02 7.831813e-02
    outer loop
      vertex   1.487983e+01 -3.593529e+01 1.158792e+02
      vertex   1.490848e+01 -3.622792e+01 1.158824e+02
      vertex   1.495462e+01 -3.593529e+01 1.149318e+02
    endloop
  endfacet
  facet normal 9.540130e-01 2.901507e-01 7.531124e-02
    outer loop
      vertex   1.487983e+01 -3.593529e+01 1.158792e+02
      vertex   1.495462e+01 -3.593529e+01 1.149318e+02
      vertex   1.486936e+01 -3.565390e+01 1.149278e+02
    endloop
  endfacet
  facet normal 9.568691e-01 2.901507e-01 1.462977e-02
    outer loop
      vertex   1.486936e+01 -3.565390e+01 1.149278e+02
      vertex   1.495462e+01 -3.593529e+01 1.149318e+02
      vertex   1.488380e+01 -3.565390e+01 1.139830e+02
    endloop
  endfacet
  facet normal 8.819169e-01 4.712120e-01 1.348381e-02
    outer loop
      vertex   1.486936e+01 -3.565390e+01 1.149278e+02
      vertex   1.488380e+01 -3.565390e+01 1.139830e+02
      vertex   1.474521e+01 -3.539457e+01 1.139852e+02
    endloop
  endfacet
  facet normal 8.809955e-01 4.712120e-01 -4.249877e-02
    outer loop
      vertex   1.474521e+01 -3.539457e+01 1.139852e+02
      vertex   1.488380e+01 -3.565390e+01 1.139830e+02
      vertex   1.470010e+01 -3.539457e+01 1.130502e+02
    endloop
  endfacet
  facet normal 7.722692e-01 6.342022e-01 -3.725387e-02
    outer loop
      vertex   1.474521e+01 -3.539457e+01 1.139852e+02
      vertex   1.470010e+01 -3.539457e+01 1.130502e+02
      vertex   1.451415e+01 -3.516726e+01 1.130651e+02
    endloop
  endfacet
  facet normal 7.683571e-01 6.342034e-01 -8.610139e-02
    outer loop
      vertex   1.451415e+01 -3.516726e+01 1.130651e+02
      vertex   1.470010e+01 -3.539457e+01 1.130502e+02
      vertex   1.441154e+01 -3.516726e+01 1.121494e+02
    endloop
  endfacet
  facet normal 6.306730e-01 7.728240e-01 -7.067265e-02
    outer loop
      vertex   1.451415e+01 -3.516726e+01 1.130651e+02
      vertex   1.441154e+01 -3.516726e+01 1.121494e+02
      vertex   1.418666e+01 -3.498072e+01 1.121825e+02
    endloop
  endfacet
  facet normal 6.248494e-01 7.728838e-01 -1.105168e-01
    outer loop
      vertex   1.418666e+01 -3.498072e+01 1.121825e+02
      vertex   1.441154e+01 -3.516726e+01 1.121494e+02
      vertex   1.402758e+01 -3.498072e+01 1.112831e+02
    endloop
  endfacet
  facet normal 4.643754e-01 8.818217e-01 -8.213383e-02
    outer loop
      vertex   1.418666e+01 -3.498072e+01 1.121825e+02
      vertex   1.402758e+01 -3.498072e+01 1.112831e+02
      vertex   1.377378e+01 -3.484210e+01 1.113364e+02
    endloop
  endfacet
  facet normal 4.582134e-01 8.818225e-01 -1.114880e-01
    outer loop
      vertex   1.377378e+01 -3.484210e+01 1.113364e+02
      vertex   1.402758e+01 -3.498072e+01 1.112831e+02
      vertex   1.356257e+01 -3.484210e+01 1.104683e+02
    endloop
  endfacet
  facet normal 9.921031e-01 9.796823e-02 7.831813e-02
    outer loop
      vertex   1.490848e+01 -3.622792e+01 1.158824e+02
      vertex   1.498341e+01 -3.622792e+01 1.149332e+02
      vertex   1.495462e+01 -3.593529e+01 1.149318e+02
    endloop
  endfacet
  facet normal 9.950732e-01 9.796823e-02 1.521388e-02
    outer loop
      vertex   1.495462e+01 -3.593529e+01 1.149318e+02
      vertex   1.498341e+01 -3.622792e+01 1.149332e+02
      vertex   1.496915e+01 -3.593529e+01 1.139816e+02
    endloop
  endfacet
  facet normal 9.568691e-01 2.901507e-01 1.462977e-02
    outer loop
      vertex   1.495462e+01 -3.593529e+01 1.149318e+02
      vertex   1.496915e+01 -3.593529e+01 1.139816e+02
      vertex   1.488380e+01 -3.565390e+01 1.139830e+02
    endloop
  endfacet
  facet normal 9.558694e-01 2.901507e-01 -4.611065e-02
    outer loop
      vertex   1.488380e+01 -3.565390e+01 1.139830e+02
      vertex   1.496915e+01 -3.593529e+01 1.139816e+02
      vertex   1.483827e+01 -3.565390e+01 1.130391e+02
    endloop
  endfacet
  facet normal 8.809955e-01 4.712120e-01 -4.249877e-02
    outer loop
      vertex   1.488380e+01 -3.565390e+01 1.139830e+02
      vertex   1.483827e+01 -3.565390e+01 1.130391e+02
      vertex   1.470010e+01 -3.539457e+01 1.130502e+02
    endloop
  endfacet
  facet normal 8.765309e-01 4.712128e-01 -9.824515e-02
    outer loop
      vertex   1.470010e+01 -3.539457e+01 1.130502e+02
      vertex   1.483827e+01 -3.565390e+01 1.130391e+02
      vertex   1.459607e+01 -3.539457e+01 1.121220e+02
    endloop
  endfacet
  facet normal 7.683929e-01 6.341569e-01 -8.612461e-02
    outer loop
      vertex   1.470010e+01 -3.539457e+01 1.130502e+02
      vertex   1.459607e+01 -3.539457e+01 1.121220e+02
      vertex   1.441154e+01 -3.516726e+01 1.121494e+02
    endloop
  endfacet
  facet normal 7.613099e-01 6.342481e-01 -1.346719e-01
    outer loop
      vertex   1.441154e+01 -3.516726e+01 1.121494e+02
      vertex   1.459607e+01 -3.539457e+01 1.121220e+02
      vertex   1.425003e+01 -3.516726e+01 1.112364e+02
    endloop
  endfacet
  facet normal 6.248839e-01 7.728527e-01 -1.105388e-01
    outer loop
      vertex   1.441154e+01 -3.516726e+01 1.121494e+02
      vertex   1.425003e+01 -3.516726e+01 1.112364e+02
      vertex   1.402758e+01 -3.498072e+01 1.112831e+02
    endloop
  endfacet
  facet normal 6.165955e-01 7.728536e-01 -1.500240e-01
    outer loop
      vertex   1.402758e+01 -3.498072e+01 1.112831e+02
      vertex   1.425003e+01 -3.516726e+01 1.112364e+02
      vertex   1.381247e+01 -3.498072e+01 1.103990e+02
    endloop
  endfacet
  facet normal 4.582134e-01 8.818225e-01 -1.114880e-01
    outer loop
      vertex   1.402758e+01 -3.498072e+01 1.112831e+02
      vertex   1.381247e+01 -3.498072e+01 1.103990e+02
      vertex   1.356257e+01 -3.484210e+01 1.104683e+02
    endloop
  endfacet
  facet normal 4.502166e-01 8.818225e-01 -1.403359e-01
    outer loop
      vertex   1.356257e+01 -3.484210e+01 1.104683e+02
      vertex   1.381247e+01 -3.498072e+01 1.103990e+02
      vertex   1.329670e+01 -3.484210e+01 1.096153e+02
    endloop
  endfacet
  facet normal 9.950732e-01 9.796823e-02 1.521388e-02
    outer loop
      vertex   1.498341e+01 -3.622792e+01 1.149332e+02
      vertex   1.499797e+01 -3.622792e+01 1.139811e+02
      vertex   1.496915e+01 -3.593529e+01 1.139816e+02
    endloop
  endfacet
  facet normal 9.940336e-01 9.796823e-02 -4.795167e-02
    outer loop
      vertex   1.496915e+01 -3.593529e+01 1.139816e+02
      vertex   1.499797e+01 -3.622792e+01 1.139811e+02
      vertex   1.492336e+01 -3.593529e+01 1.130323e+02
    endloop
  endfacet
  facet normal 9.558694e-01 2.901507e-01 -4.611065e-02
    outer loop
      vertex   1.496915e+01 -3.593529e+01 1.139816e+02
      vertex   1.492336e+01 -3.593529e+01 1.130323e+02
      vertex   1.483827e+01 -3.565390e+01 1.130391e+02
    endloop
  endfacet
  facet normal 9.510231e-01 2.901512e-01 -1.066183e-01
    outer loop
      vertex   1.483827e+01 -3.565390e+01 1.130391e+02
      vertex   1.492336e+01 -3.593529e+01 1.130323e+02
      vertex   1.473316e+01 -3.565390e+01 1.121015e+02
    endloop
  endfacet
  facet normal 8.765610e-01 4.711516e-01 -9.827043e-02
    outer loop
      vertex   1.483827e+01 -3.565390e+01 1.130391e+02
      vertex   1.473316e+01 -3.565390e+01 1.121015e+02
      vertex   1.459607e+01 -3.539457e+01 1.121220e+02
    endloop
  endfacet
  facet normal 8.684998e-01 4.712729e-01 -1.536553e-01
    outer loop
      vertex   1.459607e+01 -3.539457e+01 1.121220e+02
      vertex   1.473316e+01 -3.565390e+01 1.121015e+02
      vertex   1.443260e+01 -3.539457e+01 1.111981e+02
    endloop
  endfacet
  facet normal 7.613444e-01 6.342013e-01 -1.346973e-01
    outer loop
      vertex   1.459607e+01 -3.539457e+01 1.121220e+02
      vertex   1.443260e+01 -3.539457e+01 1.111981e+02
      vertex   1.425003e+01 -3.516726e+01 1.112364e+02
    endloop
  endfacet
  facet normal 7.512500e-01 6.342022e-01 -1.827868e-01
    outer loop
      vertex   1.425003e+01 -3.516726e+01 1.112364e+02
      vertex   1.443260e+01 -3.539457e+01 1.111981e+02
      vertex   1.403152e+01 -3.516726e+01 1.103383e+02
    endloop
  endfacet
  facet normal 6.165955e-01 7.728536e-01 -1.500240e-01
    outer loop
      vertex   1.425003e+01 -3.516726e+01 1.112364e+02
      vertex   1.403152e+01 -3.516726e+01 1.103383e+02
      vertex   1.381247e+01 -3.498072e+01 1.103990e+02
    endloop
  endfacet
  facet normal 6.058346e-01 7.728536e-01 -1.888431e-01
    outer loop
      vertex   1.381247e+01 -3.498072e+01 1.103990e+02
      vertex   1.403152e+01 -3.516726e+01 1.103383e+02
      vertex   1.354171e+01 -3.498072e+01 1.095303e+02
    endloop
  endfacet
  facet normal 4.502166e-01 8.818225e-01 -1.403359e-01
    outer loop
      vertex   1.381247e+01 -3.498072e+01 1.103990e+02
      vertex   1.354171e+01 -3.498072e+01 1.095303e+02
      vertex   1.329670e+01 -3.484210e+01 1.096153e+02
    endloop
  endfacet
  facet normal 4.404055e-01 8.818225e-01 -1.686182e-01
    outer loop
      vertex   1.329670e+01 -3.484210e+01 1.096153e+02
      vertex   1.354171e+01 -3.498072e+01 1.095303e+02
      vertex   1.297725e+01 -3.484210e+01 1.087810e+02
    endloop
  endfacet
  facet normal 9.940336e-01 9.796823e-02 -4.795167e-02
    outer loop
      vertex   1.499797e+01 -3.622792e+01 1.139811e+02
      vertex   1.495209e+01 -3.622792e+01 1.130300e+02
      vertex   1.492336e+01 -3.593529e+01 1.130323e+02
    endloop
  endfacet
  facet normal 9.889911e-01 9.796831e-02 -1.108996e-01
    outer loop
      vertex   1.492336e+01 -3.593529e+01 1.130323e+02
      vertex   1.495209e+01 -3.622792e+01 1.130300e+02
      vertex   1.481754e+01 -3.593529e+01 1.120886e+02
    endloop
  endfacet
  facet normal 9.510423e-01 2.900784e-01 -1.066442e-01
    outer loop
      vertex   1.492336e+01 -3.593529e+01 1.130323e+02
      vertex   1.481754e+01 -3.593529e+01 1.120886e+02
      vertex   1.473316e+01 -3.565390e+01 1.121015e+02
    endloop
  endfacet
  facet normal 9.423207e-01 2.902234e-01 -1.667397e-01
    outer loop
      vertex   1.473316e+01 -3.565390e+01 1.121015e+02
      vertex   1.481754e+01 -3.593529e+01 1.120886e+02
      vertex   1.456826e+01 -3.565390e+01 1.111696e+02
    endloop
  endfacet
  facet normal 8.685284e-01 4.712114e-01 -1.536825e-01
    outer loop
      vertex   1.473316e+01 -3.565390e+01 1.121015e+02
      vertex   1.456826e+01 -3.565390e+01 1.111696e+02
      vertex   1.443260e+01 -3.539457e+01 1.111981e+02
    endloop
  endfacet
  facet normal 8.570171e-01 4.712120e-01 -2.085210e-01
    outer loop
      vertex   1.443260e+01 -3.539457e+01 1.111981e+02
      vertex   1.456826e+01 -3.565390e+01 1.111696e+02
      vertex   1.421128e+01 -3.539457e+01 1.102884e+02
    endloop
  endfacet
  facet normal 7.512500e-01 6.342022e-01 -1.827868e-01
    outer loop
      vertex   1.443260e+01 -3.539457e+01 1.111981e+02
      vertex   1.421128e+01 -3.539457e+01 1.102884e+02
      vertex   1.403152e+01 -3.516726e+01 1.103383e+02
    endloop
  endfacet
  facet normal 7.381390e-01 6.342022e-01 -2.300834e-01
    outer loop
      vertex   1.403152e+01 -3.516726e+01 1.103383e+02
      vertex   1.421128e+01 -3.539457e+01 1.102884e+02
      vertex   1.375646e+01 -3.516726e+01 1.094558e+02
    endloop
  endfacet
  facet normal 6.058346e-01 7.728536e-01 -1.888431e-01
    outer loop
      vertex   1.403152e+01 -3.516726e+01 1.103383e+02
      vertex   1.375646e+01 -3.516726e+01 1.094558e+02
      vertex   1.354171e+01 -3.498072e+01 1.095303e+02
    endloop
  endfacet
  facet normal 5.926323e-01 7.728536e-01 -2.269013e-01
    outer loop
      vertex   1.354171e+01 -3.498072e+01 1.095303e+02
      vertex   1.375646e+01 -3.516726e+01 1.094558e+02
      vertex   1.321637e+01 -3.498072e+01 1.086806e+02
    endloop
  endfacet
  facet normal 4.404055e-01 8.818225e-01 -1.686182e-01
    outer loop
      vertex   1.354171e+01 -3.498072e+01 1.095303e+02
      vertex   1.321637e+01 -3.498072e+01 1.086806e+02
      vertex   1.297725e+01 -3.484210e+01 1.087810e+02
    endloop
  endfacet
  facet normal 4.288198e-01 8.818225e-01 -1.962211e-01
    outer loop
      vertex   1.297725e+01 -3.484210e+01 1.087810e+02
      vertex   1.321637e+01 -3.498072e+01 1.086806e+02
      vertex   1.260551e+01 -3.484210e+01 1.079686e+02
    endloop
  endfacet
  facet normal 9.889961e-01 9.788930e-02 -1.109249e-01
    outer loop
      vertex   1.495209e+01 -3.622792e+01 1.130300e+02
      vertex   1.484596e+01 -3.622792e+01 1.120837e+02
      vertex   1.481754e+01 -3.593529e+01 1.120886e+02
    endloop
  endfacet
  facet normal 9.799545e-01 9.804730e-02 -1.734238e-01
    outer loop
      vertex   1.481754e+01 -3.593529e+01 1.120886e+02
      vertex   1.484596e+01 -3.622792e+01 1.120837e+02
      vertex   1.465179e+01 -3.593529e+01 1.111520e+02
    endloop
  endfacet
  facet normal 9.423383e-01 2.901505e-01 -1.667668e-01
    outer loop
      vertex   1.481754e+01 -3.593529e+01 1.120886e+02
      vertex   1.465179e+01 -3.593529e+01 1.111520e+02
      vertex   1.456826e+01 -3.565390e+01 1.111696e+02
    endloop
  endfacet
  facet normal 9.298531e-01 2.901507e-01 -2.262427e-01
    outer loop
      vertex   1.456826e+01 -3.565390e+01 1.111696e+02
      vertex   1.465179e+01 -3.593529e+01 1.111520e+02
      vertex   1.434486e+01 -3.565390e+01 1.102514e+02
    endloop
  endfacet
  facet normal 8.570171e-01 4.712120e-01 -2.085210e-01
    outer loop
      vertex   1.456826e+01 -3.565390e+01 1.111696e+02
      vertex   1.434486e+01 -3.565390e+01 1.102514e+02
      vertex   1.421128e+01 -3.539457e+01 1.102884e+02
    endloop
  endfacet
  facet normal 8.420602e-01 4.712120e-01 -2.624764e-01
    outer loop
      vertex   1.421128e+01 -3.539457e+01 1.102884e+02
      vertex   1.434486e+01 -3.565390e+01 1.102514e+02
      vertex   1.393270e+01 -3.539457e+01 1.093947e+02
    endloop
  endfacet
  facet normal 7.381390e-01 6.342022e-01 -2.300834e-01
    outer loop
      vertex   1.421128e+01 -3.539457e+01 1.102884e+02
      vertex   1.393270e+01 -3.539457e+01 1.093947e+02
      vertex   1.375646e+01 -3.516726e+01 1.094558e+02
    endloop
  endfacet
  facet normal 7.220535e-01 6.342022e-01 -2.764529e-01
    outer loop
      vertex   1.375646e+01 -3.516726e+01 1.094558e+02
      vertex   1.393270e+01 -3.539457e+01 1.093947e+02
      vertex   1.342597e+01 -3.516726e+01 1.085927e+02
    endloop
  endfacet
  facet normal 5.926323e-01 7.728536e-01 -2.269013e-01
    outer loop
      vertex   1.375646e+01 -3.516726e+01 1.094558e+02
      vertex   1.342597e+01 -3.516726e+01 1.085927e+02
      vertex   1.321637e+01 -3.498072e+01 1.086806e+02
    endloop
  endfacet
  facet normal 5.770419e-01 7.728536e-01 -2.640452e-01
    outer loop
      vertex   1.321637e+01 -3.498072e+01 1.086806e+02
      vertex   1.342597e+01 -3.516726e+01 1.085927e+02
      vertex   1.283778e+01 -3.498072e+01 1.078533e+02
    endloop
  endfacet
  facet normal 4.288198e-01 8.818225e-01 -1.962211e-01
    outer loop
      vertex   1.321637e+01 -3.498072e+01 1.086806e+02
      vertex   1.283778e+01 -3.498072e+01 1.078533e+02
      vertex   1.260551e+01 -3.484210e+01 1.079686e+02
    endloop
  endfacet
  facet normal 4.155061e-01 8.818225e-01 -2.230333e-01
    outer loop
      vertex   1.260551e+01 -3.484210e+01 1.079686e+02
      vertex   1.283778e+01 -3.498072e+01 1.078533e+02
      vertex   1.218298e+01 -3.484210e+01 1.071814e+02
    endloop
  endfacet
  facet normal 9.799579e-01 9.796823e-02 -1.734493e-01
    outer loop
      vertex   1.484596e+01 -3.622792e+01 1.120837e+02
      vertex   1.468000e+01 -3.622792e+01 1.111461e+02
      vertex   1.465179e+01 -3.593529e+01 1.111520e+02
    endloop
  endfacet
  facet normal 9.669786e-01 9.796823e-02 -2.352757e-01
    outer loop
      vertex   1.465179e+01 -3.593529e+01 1.111520e+02
      vertex   1.468000e+01 -3.622792e+01 1.111461e+02
      vertex   1.442712e+01 -3.593529e+01 1.102286e+02
    endloop
  endfacet
  facet normal 9.298531e-01 2.901507e-01 -2.262427e-01
    outer loop
      vertex   1.465179e+01 -3.593529e+01 1.111520e+02
      vertex   1.442712e+01 -3.593529e+01 1.102286e+02
      vertex   1.434486e+01 -3.565390e+01 1.102514e+02
    endloop
  endfacet
  facet normal 9.136251e-01 2.901507e-01 -2.847837e-01
    outer loop
      vertex   1.434486e+01 -3.565390e+01 1.102514e+02
      vertex   1.442712e+01 -3.593529e+01 1.102286e+02
      vertex   1.406366e+01 -3.565390e+01 1.093493e+02
    endloop
  endfacet
  facet normal 8.420602e-01 4.712120e-01 -2.624764e-01
    outer loop
      vertex   1.434486e+01 -3.565390e+01 1.102514e+02
      vertex   1.406366e+01 -3.565390e+01 1.093493e+02
      vertex   1.393270e+01 -3.539457e+01 1.093947e+02
    endloop
  endfacet
  facet normal 8.237101e-01 4.712120e-01 -3.153742e-01
    outer loop
      vertex   1.393270e+01 -3.539457e+01 1.093947e+02
      vertex   1.406366e+01 -3.565390e+01 1.093493e+02
      vertex   1.359797e+01 -3.539457e+01 1.085205e+02
    endloop
  endfacet
  facet normal 7.220535e-01 6.342022e-01 -2.764529e-01
    outer loop
      vertex   1.393270e+01 -3.539457e+01 1.093947e+02
      vertex   1.359797e+01 -3.539457e+01 1.085205e+02
      vertex   1.342597e+01 -3.516726e+01 1.085927e+02
    endloop
  endfacet
  facet normal 7.030585e-01 6.342022e-01 -3.217084e-01
    outer loop
      vertex   1.342597e+01 -3.516726e+01 1.085927e+02
      vertex   1.359797e+01 -3.539457e+01 1.085205e+02
      vertex   1.304137e+01 -3.516726e+01 1.077522e+02
    endloop
  endfacet
  facet normal 5.770419e-01 7.728536e-01 -2.640452e-01
    outer loop
      vertex   1.342597e+01 -3.516726e+01 1.085927e+02
      vertex   1.304137e+01 -3.516726e+01 1.077522e+02
      vertex   1.283778e+01 -3.498072e+01 1.078533e+02
    endloop
  endfacet
  facet normal 5.591263e-01 7.728536e-01 -3.001251e-01
    outer loop
      vertex   1.283778e+01 -3.498072e+01 1.078533e+02
      vertex   1.304137e+01 -3.516726e+01 1.077522e+02
      vertex   1.240746e+01 -3.498072e+01 1.070516e+02
    endloop
  endfacet
  facet normal 4.155061e-01 8.818225e-01 -2.230333e-01
    outer loop
      vertex   1.283778e+01 -3.498072e+01 1.078533e+02
      vertex   1.240746e+01 -3.498072e+01 1.070516e+02
      vertex   1.218298e+01 -3.484210e+01 1.071814e+02
    endloop
  endfacet
  facet normal 4.005180e-01 8.818225e-01 -2.489467e-01
    outer loop
      vertex   1.218298e+01 -3.484210e+01 1.071814e+02
      vertex   1.240746e+01 -3.498072e+01 1.070516e+02
      vertex   1.171135e+01 -3.484210e+01 1.064226e+02
    endloop
  endfacet
  facet normal 9.669786e-01 9.796823e-02 -2.352757e-01
    outer loop
      vertex   1.468000e+01 -3.622792e+01 1.111461e+02
      vertex   1.445489e+01 -3.622792e+01 1.102209e+02
      vertex   1.442712e+01 -3.593529e+01 1.102286e+02
    endloop
  endfacet
  facet normal 9.501026e-01 9.796823e-02 -2.961541e-01
    outer loop
      vertex   1.442712e+01 -3.593529e+01 1.102286e+02
      vertex   1.445489e+01 -3.622792e+01 1.102209e+02
      vertex   1.414430e+01 -3.593529e+01 1.093213e+02
    endloop
  endfacet
  facet normal 9.136251e-01 2.901507e-01 -2.847837e-01
    outer loop
      vertex   1.442712e+01 -3.593529e+01 1.102286e+02
      vertex   1.414430e+01 -3.593529e+01 1.093213e+02
      vertex   1.406366e+01 -3.565390e+01 1.093493e+02
    endloop
  endfacet
  facet normal 8.937155e-01 2.901507e-01 -3.421772e-01
    outer loop
      vertex   1.406366e+01 -3.565390e+01 1.093493e+02
      vertex   1.414430e+01 -3.593529e+01 1.093213e+02
      vertex   1.372579e+01 -3.565390e+01 1.084668e+02
    endloop
  endfacet
  facet normal 8.237101e-01 4.712120e-01 -3.153742e-01
    outer loop
      vertex   1.406366e+01 -3.565390e+01 1.093493e+02
      vertex   1.372579e+01 -3.565390e+01 1.084668e+02
      vertex   1.359797e+01 -3.539457e+01 1.085205e+02
    endloop
  endfacet
  facet normal 8.020408e-01 4.712120e-01 -3.670011e-01
    outer loop
      vertex   1.359797e+01 -3.539457e+01 1.085205e+02
      vertex   1.372579e+01 -3.565390e+01 1.084668e+02
      vertex   1.320845e+01 -3.539457e+01 1.076692e+02
    endloop
  endfacet
  facet normal 7.030585e-01 6.342022e-01 -3.217084e-01
    outer loop
      vertex   1.359797e+01 -3.539457e+01 1.085205e+02
      vertex   1.320845e+01 -3.539457e+01 1.076692e+02
      vertex   1.304137e+01 -3.516726e+01 1.077522e+02
    endloop
  endfacet
  facet normal 6.812304e-01 6.342022e-01 -3.656675e-01
    outer loop
      vertex   1.304137e+01 -3.516726e+01 1.077522e+02
      vertex   1.320845e+01 -3.539457e+01 1.076692e+02
      vertex   1.260422e+01 -3.516726e+01 1.069378e+02
    endloop
  endfacet
  facet normal 5.591263e-01 7.728536e-01 -3.001251e-01
    outer loop
      vertex   1.304137e+01 -3.516726e+01 1.077522e+02
      vertex   1.260422e+01 -3.516726e+01 1.069378e+02
      vertex   1.240746e+01 -3.498072e+01 1.070516e+02
    endloop
  endfacet
  facet normal 5.389576e-01 7.728536e-01 -3.349955e-01
    outer loop
      vertex   1.240746e+01 -3.498072e+01 1.070516e+02
      vertex   1.260422e+01 -3.516726e+01 1.069378e+02
      vertex   1.192714e+01 -3.498072e+01 1.062788e+02
    endloop
  endfacet
  facet normal 4.005180e-01 8.818225e-01 -2.489467e-01
    outer loop
      vertex   1.240746e+01 -3.498072e+01 1.070516e+02
      vertex   1.192714e+01 -3.498072e+01 1.062788e+02
      vertex   1.171135e+01 -3.484210e+01 1.064226e+02
    endloop
  endfacet
  facet normal 3.839160e-01 8.818225e-01 -2.738570e-01
    outer loop
      vertex   1.171135e+01 -3.484210e+01 1.064226e+02
      vertex   1.192714e+01 -3.498072e+01 1.062788e+02
      vertex   1.119252e+01 -3.484210e+01 1.056953e+02
    endloop
  endfacet
  facet normal 9.501026e-01 9.796823e-02 -2.961541e-01
    outer loop
      vertex   1.445489e+01 -3.622792e+01 1.102209e+02
      vertex   1.417153e+01 -3.622792e+01 1.093119e+02
      vertex   1.414430e+01 -3.593529e+01 1.093213e+02
    endloop
  endfacet
  facet normal 9.293981e-01 9.796823e-02 -3.558390e-01
    outer loop
      vertex   1.414430e+01 -3.593529e+01 1.093213e+02
      vertex   1.417153e+01 -3.622792e+01 1.093119e+02
      vertex   1.380449e+01 -3.593529e+01 1.084338e+02
    endloop
  endfacet
  facet normal 8.937155e-01 2.901507e-01 -3.421772e-01
    outer loop
      vertex   1.414430e+01 -3.593529e+01 1.093213e+02
      vertex   1.380449e+01 -3.593529e+01 1.084338e+02
      vertex   1.372579e+01 -3.565390e+01 1.084668e+02
    endloop
  endfacet
  facet normal 8.702045e-01 2.901507e-01 -3.981917e-01
    outer loop
      vertex   1.372579e+01 -3.565390e+01 1.084668e+02
      vertex   1.380449e+01 -3.593529e+01 1.084338e+02
      vertex   1.333260e+01 -3.565390e+01 1.076075e+02
    endloop
  endfacet
  facet normal 8.020408e-01 4.712120e-01 -3.670011e-01
    outer loop
      vertex   1.372579e+01 -3.565390e+01 1.084668e+02
      vertex   1.333260e+01 -3.565390e+01 1.076075e+02
      vertex   1.320845e+01 -3.539457e+01 1.076692e+02
    endloop
  endfacet
  facet normal 7.771395e-01 4.712120e-01 -4.171491e-01
    outer loop
      vertex   1.320845e+01 -3.539457e+01 1.076692e+02
      vertex   1.333260e+01 -3.565390e+01 1.076075e+02
      vertex   1.276570e+01 -3.539457e+01 1.068444e+02
    endloop
  endfacet
  facet normal 6.812304e-01 6.342022e-01 -3.656675e-01
    outer loop
      vertex   1.320845e+01 -3.539457e+01 1.076692e+02
      vertex   1.276570e+01 -3.539457e+01 1.068444e+02
      vertex   1.260422e+01 -3.516726e+01 1.069378e+02
    endloop
  endfacet
  facet normal 6.566571e-01 6.342022e-01 -4.081531e-01
    outer loop
      vertex   1.260422e+01 -3.516726e+01 1.069378e+02
      vertex   1.276570e+01 -3.539457e+01 1.068444e+02
      vertex   1.211629e+01 -3.516726e+01 1.061527e+02
    endloop
  endfacet
  facet normal 5.389576e-01 7.728536e-01 -3.349955e-01
    outer loop
      vertex   1.260422e+01 -3.516726e+01 1.069378e+02
      vertex   1.211629e+01 -3.516726e+01 1.061527e+02
      vertex   1.192714e+01 -3.498072e+01 1.062788e+02
    endloop
  endfacet
  facet normal 5.166170e-01 7.728536e-01 -3.685161e-01
    outer loop
      vertex   1.192714e+01 -3.498072e+01 1.062788e+02
      vertex   1.211629e+01 -3.516726e+01 1.061527e+02
      vertex   1.139876e+01 -3.498072e+01 1.055381e+02
    endloop
  endfacet
  facet normal 3.839160e-01 8.818225e-01 -2.738570e-01
    outer loop
      vertex   1.192714e+01 -3.498072e+01 1.062788e+02
      vertex   1.139876e+01 -3.498072e+01 1.055381e+02
      vertex   1.119252e+01 -3.484210e+01 1.056953e+02
    endloop
  endfacet
  facet normal 3.657669e-01 8.818225e-01 -2.976638e-01
    outer loop
      vertex   1.119252e+01 -3.484210e+01 1.056953e+02
      vertex   1.139876e+01 -3.498072e+01 1.055381e+02
      vertex   1.062860e+01 -3.484210e+01 1.050024e+02
    endloop
  endfacet
  facet normal 9.293981e-01 9.796823e-02 -3.558390e-01
    outer loop
      vertex   1.417153e+01 -3.622792e+01 1.093119e+02
      vertex   1.383107e+01 -3.622792e+01 1.084226e+02
      vertex   1.380449e+01 -3.593529e+01 1.084338e+02
    endloop
  endfacet
  facet normal 9.049484e-01 9.796823e-02 -4.140900e-01
    outer loop
      vertex   1.380449e+01 -3.593529e+01 1.084338e+02
      vertex   1.383107e+01 -3.622792e+01 1.084226e+02
      vertex   1.340905e+01 -3.593529e+01 1.075696e+02
    endloop
  endfacet
  facet normal 8.702045e-01 2.901507e-01 -3.981917e-01
    outer loop
      vertex   1.380449e+01 -3.593529e+01 1.084338e+02
      vertex   1.340905e+01 -3.593529e+01 1.075696e+02
      vertex   1.333260e+01 -3.565390e+01 1.076075e+02
    endloop
  endfacet
  facet normal 8.431869e-01 2.901507e-01 -4.526017e-01
    outer loop
      vertex   1.333260e+01 -3.565390e+01 1.076075e+02
      vertex   1.340905e+01 -3.593529e+01 1.075696e+02
      vertex   1.288569e+01 -3.565390e+01 1.067750e+02
    endloop
  endfacet
  facet normal 7.771395e-01 4.712120e-01 -4.171491e-01
    outer loop
      vertex   1.333260e+01 -3.565390e+01 1.076075e+02
      vertex   1.288569e+01 -3.565390e+01 1.067750e+02
      vertex   1.276570e+01 -3.539457e+01 1.068444e+02
    endloop
  endfacet
  facet normal 7.491067e-01 4.712120e-01 -4.656162e-01
    outer loop
      vertex   1.276570e+01 -3.539457e+01 1.068444e+02
      vertex   1.288569e+01 -3.565390e+01 1.067750e+02
      vertex   1.227151e+01 -3.539457e+01 1.060493e+02
    endloop
  endfacet
  facet normal 6.566571e-01 6.342022e-01 -4.081531e-01
    outer loop
      vertex   1.276570e+01 -3.539457e+01 1.068444e+02
      vertex   1.227151e+01 -3.539457e+01 1.060493e+02
      vertex   1.211629e+01 -3.516726e+01 1.061527e+02
    endloop
  endfacet
  facet normal 6.294378e-01 6.342022e-01 -4.489940e-01
    outer loop
      vertex   1.211629e+01 -3.516726e+01 1.061527e+02
      vertex   1.227151e+01 -3.539457e+01 1.060493e+02
      vertex   1.157952e+01 -3.516726e+01 1.054003e+02
    endloop
  endfacet
  facet normal 5.166170e-01 7.728536e-01 -3.685161e-01
    outer loop
      vertex   1.211629e+01 -3.516726e+01 1.061527e+02
      vertex   1.157952e+01 -3.516726e+01 1.054003e+02
      vertex   1.139876e+01 -3.498072e+01 1.055381e+02
    endloop
  endfacet
  facet normal 4.921947e-01 7.728536e-01 -4.005516e-01
    outer loop
      vertex   1.139876e+01 -3.498072e+01 1.055381e+02
      vertex   1.157952e+01 -3.516726e+01 1.054003e+02
      vertex   1.082444e+01 -3.498072e+01 1.048324e+02
    endloop
  endfacet
  facet normal 3.657669e-01 8.818225e-01 -2.976638e-01
    outer loop
      vertex   1.139876e+01 -3.498072e+01 1.055381e+02
      vertex   1.082444e+01 -3.498072e+01 1.048324e+02
      vertex   1.062860e+01 -3.484210e+01 1.050024e+02
    endloop
  endfacet
  facet normal 3.461439e-01 8.818225e-01 -3.202710e-01
    outer loop
      vertex   1.062860e+01 -3.484210e+01 1.050024e+02
      vertex   1.082444e+01 -3.498072e+01 1.048324e+02
      vertex   1.002184e+01 -3.484210e+01 1.043466e+02
    endloop
  endfacet
  facet normal 9.049484e-01 9.796823e-02 -4.140900e-01
    outer loop
      vertex   1.383107e+01 -3.622792e+01 1.084226e+02
      vertex   1.343487e+01 -3.622792e+01 1.075568e+02
      vertex   1.340905e+01 -3.593529e+01 1.075696e+02
    endloop
  endfacet
  facet normal 8.768522e-01 9.796823e-02 -4.706724e-01
    outer loop
      vertex   1.340905e+01 -3.593529e+01 1.075696e+02
      vertex   1.343487e+01 -3.622792e+01 1.075568e+02
      vertex   1.295958e+01 -3.593529e+01 1.067322e+02
    endloop
  endfacet
  facet normal 8.431869e-01 2.901507e-01 -4.526017e-01
    outer loop
      vertex   1.340905e+01 -3.593529e+01 1.075696e+02
      vertex   1.295958e+01 -3.593529e+01 1.067322e+02
      vertex   1.288569e+01 -3.565390e+01 1.067750e+02
    endloop
  endfacet
  facet normal 8.127716e-01 2.901507e-01 -5.051879e-01
    outer loop
      vertex   1.288569e+01 -3.565390e+01 1.067750e+02
      vertex   1.295958e+01 -3.593529e+01 1.067322e+02
      vertex   1.238686e+01 -3.565390e+01 1.059724e+02
    endloop
  endfacet
  facet normal 7.491067e-01 4.712120e-01 -4.656162e-01
    outer loop
      vertex   1.288569e+01 -3.565390e+01 1.067750e+02
      vertex   1.238686e+01 -3.565390e+01 1.059724e+02
      vertex   1.227151e+01 -3.539457e+01 1.060493e+02
    endloop
  endfacet
  facet normal 7.180552e-01 4.712120e-01 -5.122070e-01
    outer loop
      vertex   1.227151e+01 -3.539457e+01 1.060493e+02
      vertex   1.238686e+01 -3.565390e+01 1.059724e+02
      vertex   1.172788e+01 -3.539457e+01 1.052872e+02
    endloop
  endfacet
  facet normal 6.294378e-01 6.342022e-01 -4.489940e-01
    outer loop
      vertex   1.227151e+01 -3.539457e+01 1.060493e+02
      vertex   1.172788e+01 -3.539457e+01 1.052872e+02
      vertex   1.157952e+01 -3.516726e+01 1.054003e+02
    endloop
  endfacet
  facet normal 5.996820e-01 6.342022e-01 -4.880256e-01
    outer loop
      vertex   1.157952e+01 -3.516726e+01 1.054003e+02
      vertex   1.172788e+01 -3.539457e+01 1.052872e+02
      vertex   1.099610e+01 -3.516726e+01 1.046834e+02
    endloop
  endfacet
  facet normal 4.921947e-01 7.728536e-01 -4.005516e-01
    outer loop
      vertex   1.157952e+01 -3.516726e+01 1.054003e+02
      vertex   1.099610e+01 -3.516726e+01 1.046834e+02
      vertex   1.082444e+01 -3.498072e+01 1.048324e+02
    endloop
  endfacet
  facet normal 4.657890e-01 7.728536e-01 -4.309731e-01
    outer loop
      vertex   1.082444e+01 -3.498072e+01 1.048324e+02
      vertex   1.099610e+01 -3.516726e+01 1.046834e+02
      vertex   1.020651e+01 -3.498072e+01 1.041645e+02
    endloop
  endfacet
  facet normal 3.461439e-01 8.818225e-01 -3.202710e-01
    outer loop
      vertex   1.082444e+01 -3.498072e+01 1.048324e+02
      vertex   1.020651e+01 -3.498072e+01 1.041645e+02
      vertex   1.002184e+01 -3.484210e+01 1.043466e+02
    endloop
  endfacet
  facet normal 3.251261e-01 8.818225e-01 -3.415877e-01
    outer loop
      vertex   1.002184e+01 -3.484210e+01 1.043466e+02
      vertex   1.020651e+01 -3.498072e+01 1.041645e+02
      vertex   9.374707e+00 -3.484210e+01 1.037306e+02
    endloop
  endfacet
  facet normal 8.768522e-01 9.796823e-02 -4.706724e-01
    outer loop
      vertex   1.343487e+01 -3.622792e+01 1.075568e+02
      vertex   1.298453e+01 -3.622792e+01 1.067178e+02
      vertex   1.295958e+01 -3.593529e+01 1.067322e+02
    endloop
  endfacet
  facet normal 8.452225e-01 9.796823e-02 -5.253581e-01
    outer loop
      vertex   1.295958e+01 -3.593529e+01 1.067322e+02
      vertex   1.298453e+01 -3.622792e+01 1.067178e+02
      vertex   1.245789e+01 -3.593529e+01 1.059251e+02
    endloop
  endfacet
  facet normal 8.127716e-01 2.901507e-01 -5.051879e-01
    outer loop
      vertex   1.295958e+01 -3.593529e+01 1.067322e+02
      vertex   1.245789e+01 -3.593529e+01 1.059251e+02
      vertex   1.238686e+01 -3.565390e+01 1.059724e+02
    endloop
  endfacet
  facet normal 7.790811e-01 2.901507e-01 -5.557384e-01
    outer loop
      vertex   1.238686e+01 -3.565390e+01 1.059724e+02
      vertex   1.245789e+01 -3.593529e+01 1.059251e+02
      vertex   1.183811e+01 -3.565390e+01 1.052031e+02
    endloop
  endfacet
  facet normal 7.180552e-01 4.712120e-01 -5.122070e-01
    outer loop
      vertex   1.238686e+01 -3.565390e+01 1.059724e+02
      vertex   1.183811e+01 -3.565390e+01 1.052031e+02
      vertex   1.172788e+01 -3.539457e+01 1.052872e+02
    endloop
  endfacet
  facet normal 6.841102e-01 4.712120e-01 -5.567338e-01
    outer loop
      vertex   1.172788e+01 -3.539457e+01 1.052872e+02
      vertex   1.183811e+01 -3.565390e+01 1.052031e+02
      vertex   1.113698e+01 -3.539457e+01 1.045611e+02
    endloop
  endfacet
  facet normal 5.996820e-01 6.342022e-01 -4.880256e-01
    outer loop
      vertex   1.172788e+01 -3.539457e+01 1.052872e+02
      vertex   1.113698e+01 -3.539457e+01 1.045611e+02
      vertex   1.099610e+01 -3.516726e+01 1.046834e+02
    endloop
  endfacet
  facet normal 5.675098e-01 6.342022e-01 -5.250906e-01
    outer loop
      vertex   1.099610e+01 -3.516726e+01 1.046834e+02
      vertex   1.113698e+01 -3.539457e+01 1.045611e+02
      vertex   1.036837e+01 -3.516726e+01 1.040049e+02
    endloop
  endfacet
  facet normal 4.657890e-01 7.728536e-01 -4.309731e-01
    outer loop
      vertex   1.099610e+01 -3.516726e+01 1.046834e+02
      vertex   1.036837e+01 -3.516726e+01 1.040049e+02
      vertex   1.020651e+01 -3.498072e+01 1.041645e+02
    endloop
  endfacet
  facet normal 4.375064e-01 7.728536e-01 -4.596579e-01
    outer loop
      vertex   1.020651e+01 -3.498072e+01 1.041645e+02
      vertex   1.036837e+01 -3.516726e+01 1.040049e+02
      vertex   9.547447e+00 -3.498072e+01 1.035372e+02
    endloop
  endfacet
  facet normal 3.251261e-01 8.818225e-01 -3.415877e-01
    outer loop
      vertex   1.020651e+01 -3.498072e+01 1.041645e+02
      vertex   9.547447e+00 -3.498072e+01 1.035372e+02
      vertex   9.374707e+00 -3.484210e+01 1.037306e+02
    endloop
  endfacet
  facet normal 3.027982e-01 8.818225e-01 -3.615279e-01
    outer loop
      vertex   9.374707e+00 -3.484210e+01 1.037306e+02
      vertex   9.547447e+00 -3.498072e+01 1.035372e+02
      vertex   8.689792e+00 -3.484210e+01 1.031570e+02
    endloop
  endfacet
  facet normal 8.452225e-01 9.796823e-02 -5.253581e-01
    outer loop
      vertex   1.298453e+01 -3.622792e+01 1.067178e+02
      vertex   1.248187e+01 -3.622792e+01 1.059091e+02
      vertex   1.245789e+01 -3.593529e+01 1.059251e+02
    endloop
  endfacet
  facet normal 8.101869e-01 9.796823e-02 -5.779269e-01
    outer loop
      vertex   1.245789e+01 -3.593529e+01 1.059251e+02
      vertex   1.248187e+01 -3.622792e+01 1.059091e+02
      vertex   1.190599e+01 -3.593529e+01 1.051514e+02
    endloop
  endfacet
  facet normal 7.790811e-01 2.901507e-01 -5.557384e-01
    outer loop
      vertex   1.245789e+01 -3.593529e+01 1.059251e+02
      vertex   1.190599e+01 -3.593529e+01 1.051514e+02
      vertex   1.183811e+01 -3.565390e+01 1.052031e+02
    endloop
  endfacet
  facet normal 7.422512e-01 2.901507e-01 -6.040494e-01
    outer loop
      vertex   1.183811e+01 -3.565390e+01 1.052031e+02
      vertex   1.190599e+01 -3.593529e+01 1.051514e+02
      vertex   1.124166e+01 -3.565390e+01 1.044702e+02
    endloop
  endfacet
  facet normal 6.841102e-01 4.712120e-01 -5.567338e-01
    outer loop
      vertex   1.183811e+01 -3.565390e+01 1.052031e+02
      vertex   1.124166e+01 -3.565390e+01 1.044702e+02
      vertex   1.113698e+01 -3.539457e+01 1.045611e+02
    endloop
  endfacet
  facet normal 6.474085e-01 4.712120e-01 -5.990172e-01
    outer loop
      vertex   1.113698e+01 -3.539457e+01 1.045611e+02
      vertex   1.124166e+01 -3.565390e+01 1.044702e+02
      vertex   1.050120e+01 -3.539457e+01 1.038739e+02
    endloop
  endfacet
  facet normal 5.675098e-01 6.342022e-01 -5.250906e-01
    outer loop
      vertex   1.113698e+01 -3.539457e+01 1.045611e+02
      vertex   1.050120e+01 -3.539457e+01 1.038739e+02
      vertex   1.036837e+01 -3.516726e+01 1.040049e+02
    endloop
  endfacet
  facet normal 5.330507e-01 6.342022e-01 -5.600397e-01
    outer loop
      vertex   1.036837e+01 -3.516726e+01 1.040049e+02
      vertex   1.050120e+01 -3.539457e+01 1.038739e+02
      vertex   9.698854e+00 -3.516726e+01 1.033677e+02
    endloop
  endfacet
  facet normal 4.375064e-01 7.728536e-01 -4.596579e-01
    outer loop
      vertex   1.036837e+01 -3.516726e+01 1.040049e+02
      vertex   9.698854e+00 -3.516726e+01 1.033677e+02
      vertex   9.547447e+00 -3.498072e+01 1.035372e+02
    endloop
  endfacet
  facet normal 4.074608e-01 7.728536e-01 -4.864905e-01
    outer loop
      vertex   9.547447e+00 -3.498072e+01 1.035372e+02
      vertex   9.698854e+00 -3.516726e+01 1.033677e+02
      vertex   8.849911e+00 -3.498072e+01 1.029530e+02
    endloop
  endfacet
  facet normal 3.027982e-01 8.818225e-01 -3.615279e-01
    outer loop
      vertex   9.547447e+00 -3.498072e+01 1.035372e+02
      vertex   8.849911e+00 -3.498072e+01 1.029530e+02
      vertex   8.689792e+00 -3.484210e+01 1.031570e+02
    endloop
  endfacet
  facet normal 2.792500e-01 8.818225e-01 -3.800112e-01
    outer loop
      vertex   8.689792e+00 -3.484210e+01 1.031570e+02
      vertex   8.849911e+00 -3.498072e+01 1.029530e+02
      vertex   7.969860e+00 -3.484210e+01 1.026279e+02
    endloop
  endfacet
  facet normal 8.101869e-01 9.796823e-02 -5.779269e-01
    outer loop
      vertex   1.248187e+01 -3.622792e+01 1.059091e+02
      vertex   1.192891e+01 -3.622792e+01 1.051339e+02
      vertex   1.190599e+01 -3.593529e+01 1.051514e+02
    endloop
  endfacet
  facet normal 7.718865e-01 9.796823e-02 -6.281668e-01
    outer loop
      vertex   1.190599e+01 -3.593529e+01 1.051514e+02
      vertex   1.192891e+01 -3.622792e+01 1.051339e+02
      vertex   1.130612e+01 -3.593529e+01 1.044143e+02
    endloop
  endfacet
  facet normal 7.422512e-01 2.901507e-01 -6.040494e-01
    outer loop
      vertex   1.190599e+01 -3.593529e+01 1.051514e+02
      vertex   1.130612e+01 -3.593529e+01 1.044143e+02
      vertex   1.124166e+01 -3.565390e+01 1.044702e+02
    endloop
  endfacet
  facet normal 7.024303e-01 2.901507e-01 -6.499263e-01
    outer loop
      vertex   1.124166e+01 -3.565390e+01 1.044702e+02
      vertex   1.130612e+01 -3.593529e+01 1.044143e+02
      vertex   1.059991e+01 -3.565390e+01 1.037766e+02
    endloop
  endfacet
  facet normal 6.474085e-01 4.712120e-01 -5.990172e-01
    outer loop
      vertex   1.124166e+01 -3.565390e+01 1.044702e+02
      vertex   1.059991e+01 -3.565390e+01 1.037766e+02
      vertex   1.050120e+01 -3.539457e+01 1.038739e+02
    endloop
  endfacet
  facet normal 6.080979e-01 4.712120e-01 -6.388867e-01
    outer loop
      vertex   1.050120e+01 -3.539457e+01 1.038739e+02
      vertex   1.059991e+01 -3.565390e+01 1.037766e+02
      vertex   9.823111e+00 -3.539457e+01 1.032285e+02
    endloop
  endfacet
  facet normal 5.330507e-01 6.342022e-01 -5.600397e-01
    outer loop
      vertex   1.050120e+01 -3.539457e+01 1.038739e+02
      vertex   9.823111e+00 -3.539457e+01 1.032285e+02
      vertex   9.698854e+00 -3.516726e+01 1.033677e+02
    endloop
  endfacet
  facet normal 4.964436e-01 6.342022e-01 -5.927321e-01
    outer loop
      vertex   9.698854e+00 -3.516726e+01 1.033677e+02
      vertex   9.823111e+00 -3.539457e+01 1.032285e+02
      vertex   8.990257e+00 -3.516726e+01 1.027742e+02
    endloop
  endfacet
  facet normal 4.074608e-01 7.728536e-01 -4.864905e-01
    outer loop
      vertex   9.698854e+00 -3.516726e+01 1.033677e+02
      vertex   8.990257e+00 -3.516726e+01 1.027742e+02
      vertex   8.849911e+00 -3.498072e+01 1.029530e+02
    endloop
  endfacet
  facet normal 3.757732e-01 7.728536e-01 -5.113626e-01
    outer loop
      vertex   8.849911e+00 -3.498072e+01 1.029530e+02
      vertex   8.990257e+00 -3.516726e+01 1.027742e+02
      vertex   8.116714e+00 -3.498072e+01 1.024142e+02
    endloop
  endfacet
  facet normal 2.792500e-01 8.818225e-01 -3.800112e-01
    outer loop
      vertex   8.849911e+00 -3.498072e+01 1.029530e+02
      vertex   8.116714e+00 -3.498072e+01 1.024142e+02
      vertex   7.969860e+00 -3.484210e+01 1.026279e+02
    endloop
  endfacet
  facet normal 2.545767e-01 8.818225e-01 -3.969633e-01
    outer loop
      vertex   7.969860e+00 -3.484210e+01 1.026279e+02
      vertex   8.116714e+00 -3.498072e+01 1.024142e+02
      vertex   7.217813e+00 -3.484210e+01 1.021456e+02
    endloop
  endfacet
  facet normal 7.718865e-01 9.796823e-02 -6.281668e-01
    outer loop
      vertex   1.192891e+01 -3.622792e+01 1.051339e+02
      vertex   1.132789e+01 -3.622792e+01 1.043954e+02
      vertex   1.130612e+01 -3.593529e+01 1.044143e+02
    endloop
  endfacet
  facet normal 7.304756e-01 9.796823e-02 -6.758754e-01
    outer loop
      vertex   1.130612e+01 -3.593529e+01 1.044143e+02
      vertex   1.132789e+01 -3.622792e+01 1.043954e+02
      vertex   1.066069e+01 -3.593529e+01 1.037167e+02
    endloop
  endfacet
  facet normal 7.024303e-01 2.901507e-01 -6.499263e-01
    outer loop
      vertex   1.130612e+01 -3.593529e+01 1.044143e+02
      vertex   1.066069e+01 -3.593529e+01 1.037167e+02
      vertex   1.059991e+01 -3.565390e+01 1.037766e+02
    endloop
  endfacet
  facet normal 6.597788e-01 2.901507e-01 -6.931843e-01
    outer loop
      vertex   1.059991e+01 -3.565390e+01 1.037766e+02
      vertex   1.066069e+01 -3.593529e+01 1.037167e+02
      vertex   9.915443e+00 -3.565390e+01 1.031251e+02
    endloop
  endfacet
  facet normal 6.080979e-01 4.712120e-01 -6.388867e-01
    outer loop
      vertex   1.059991e+01 -3.565390e+01 1.037766e+02
      vertex   9.915443e+00 -3.565390e+01 1.031251e+02
      vertex   9.823111e+00 -3.539457e+01 1.032285e+02
    endloop
  endfacet
  facet normal 5.663369e-01 4.712120e-01 -6.761817e-01
    outer loop
      vertex   9.823111e+00 -3.539457e+01 1.032285e+02
      vertex   9.915443e+00 -3.565390e+01 1.031251e+02
      vertex   9.105436e+00 -3.539457e+01 1.026274e+02
    endloop
  endfacet
  facet normal 4.964436e-01 6.342022e-01 -5.927321e-01
    outer loop
      vertex   9.823111e+00 -3.539457e+01 1.032285e+02
      vertex   9.105436e+00 -3.539457e+01 1.026274e+02
      vertex   8.990257e+00 -3.516726e+01 1.027742e+02
    endloop
  endfacet
  facet normal 4.578360e-01 6.342022e-01 -6.230359e-01
    outer loop
      vertex   8.990257e+00 -3.516726e+01 1.027742e+02
      vertex   9.105436e+00 -3.539457e+01 1.026274e+02
      vertex   8.245433e+00 -3.516726e+01 1.022269e+02
    endloop
  endfacet
  facet normal 3.757732e-01 7.728536e-01 -5.113626e-01
    outer loop
      vertex   8.990257e+00 -3.516726e+01 1.027742e+02
      vertex   8.245433e+00 -3.516726e+01 1.022269e+02
      vertex   8.116714e+00 -3.498072e+01 1.024142e+02
    endloop
  endfacet
  facet normal 3.425714e-01 7.728536e-01 -5.341742e-01
    outer loop
      vertex   8.116714e+00 -3.498072e+01 1.024142e+02
      vertex   8.245433e+00 -3.516726e+01 1.022269e+02
      vertex   7.350809e+00 -3.498072e+01 1.019230e+02
    endloop
  endfacet
  facet normal 2.545767e-01 8.818225e-01 -3.969633e-01
    outer loop
      vertex   8.116714e+00 -3.498072e+01 1.024142e+02
      vertex   7.350809e+00 -3.498072e+01 1.019230e+02
      vertex   7.217813e+00 -3.484210e+01 1.021456e+02
    endloop
  endfacet
  facet normal 2.288774e-01 8.818225e-01 -4.123157e-01
    outer loop
      vertex   7.217813e+00 -3.484210e+01 1.021456e+02
      vertex   7.350809e+00 -3.498072e+01 1.019230e+02
      vertex   6.436680e+00 -3.484210e+01 1.017120e+02
    endloop
  endfacet
  facet normal 7.304756e-01 9.796823e-02 -6.758754e-01
    outer loop
      vertex   1.132789e+01 -3.622792e+01 1.043954e+02
      vertex   1.068121e+01 -3.622792e+01 1.036965e+02
      vertex   1.066069e+01 -3.593529e+01 1.037167e+02
    endloop
  endfacet
  facet normal 6.861213e-01 9.796823e-02 -7.208605e-01
    outer loop
      vertex   1.066069e+01 -3.593529e+01 1.037167e+02
      vertex   1.068121e+01 -3.622792e+01 1.036965e+02
      vertex   9.972300e+00 -3.593529e+01 1.030615e+02
    endloop
  endfacet
  facet normal 6.597788e-01 2.901507e-01 -6.931843e-01
    outer loop
      vertex   1.066069e+01 -3.593529e+01 1.037167e+02
      vertex   9.972300e+00 -3.593529e+01 1.030615e+02
      vertex   9.915443e+00 -3.565390e+01 1.031251e+02
    endloop
  endfacet
  facet normal 6.144687e-01 2.901507e-01 -7.336490e-01
    outer loop
      vertex   9.915443e+00 -3.565390e+01 1.031251e+02
      vertex   9.972300e+00 -3.593529e+01 1.030615e+02
      vertex   9.191022e+00 -3.565390e+01 1.025184e+02
    endloop
  endfacet
  facet normal 5.663369e-01 4.712120e-01 -6.761817e-01
    outer loop
      vertex   9.915443e+00 -3.565390e+01 1.031251e+02
      vertex   9.191022e+00 -3.565390e+01 1.025184e+02
      vertex   9.105436e+00 -3.539457e+01 1.026274e+02
    endloop
  endfacet
  facet normal 5.222938e-01 4.712120e-01 -7.107520e-01
    outer loop
      vertex   9.105436e+00 -3.539457e+01 1.026274e+02
      vertex   9.191022e+00 -3.565390e+01 1.025184e+02
      vertex   8.351069e+00 -3.539457e+01 1.020731e+02
    endloop
  endfacet
  facet normal 4.578360e-01 6.342022e-01 -6.230359e-01
    outer loop
      vertex   9.105436e+00 -3.539457e+01 1.026274e+02
      vertex   8.351069e+00 -3.539457e+01 1.020731e+02
      vertex   8.245433e+00 -3.516726e+01 1.022269e+02
    endloop
  endfacet
  facet normal 4.173834e-01 6.342022e-01 -6.508292e-01
    outer loop
      vertex   8.245433e+00 -3.516726e+01 1.022269e+02
      vertex   8.351069e+00 -3.539457e+01 1.020731e+02
      vertex   7.467382e+00 -3.516726e+01 1.017279e+02
    endloop
  endfacet
  facet normal 3.425714e-01 7.728536e-01 -5.341742e-01
    outer loop
      vertex   8.245433e+00 -3.516726e+01 1.022269e+02
      vertex   7.467382e+00 -3.516726e+01 1.017279e+02
      vertex   7.350809e+00 -3.498072e+01 1.019230e+02
    endloop
  endfacet
  facet normal 3.079892e-01 7.728536e-01 -5.548332e-01
    outer loop
      vertex   7.350809e+00 -3.498072e+01 1.019230e+02
      vertex   7.467382e+00 -3.516726e+01 1.017279e+02
      vertex   6.555283e+00 -3.498072e+01 1.014814e+02
    endloop
  endfacet
  facet normal 2.288774e-01 8.818225e-01 -4.123157e-01
    outer loop
      vertex   7.350809e+00 -3.498072e+01 1.019230e+02
      vertex   6.555283e+00 -3.498072e+01 1.014814e+02
      vertex   6.436680e+00 -3.484210e+01 1.017120e+02
    endloop
  endfacet
  facet normal 6.861213e-01 9.796823e-02 -7.208605e-01
    outer loop
      vertex   1.068121e+01 -3.622792e+01 1.036965e+02
      vertex   9.991499e+00 -3.622792e+01 1.030400e+02
      vertex   9.972300e+00 -3.593529e+01 1.030615e+02
    endloop
  endfacet
  facet normal 6.390021e-01 9.796823e-02 -7.629407e-01
    outer loop
      vertex   9.972300e+00 -3.593529e+01 1.030615e+02
      vertex   9.991499e+00 -3.622792e+01 1.030400e+02
      vertex   9.243725e+00 -3.593529e+01 1.024513e+02
    endloop
  endfacet
  facet normal 6.144687e-01 2.901507e-01 -7.336490e-01
    outer loop
      vertex   9.972300e+00 -3.593529e+01 1.030615e+02
      vertex   9.243725e+00 -3.593529e+01 1.024513e+02
      vertex   9.191022e+00 -3.565390e+01 1.025184e+02
    endloop
  endfacet
  facet normal 5.666825e-01 2.901507e-01 -7.711573e-01
    outer loop
      vertex   9.191022e+00 -3.565390e+01 1.025184e+02
      vertex   9.243725e+00 -3.593529e+01 1.024513e+02
      vertex   8.429564e+00 -3.565390e+01 1.019589e+02
    endloop
  endfacet
  facet normal 5.222938e-01 4.712120e-01 -7.107520e-01
    outer loop
      vertex   9.191022e+00 -3.565390e+01 1.025184e+02
      vertex   8.429564e+00 -3.565390e+01 1.019589e+02
      vertex   8.351069e+00 -3.539457e+01 1.020731e+02
    endloop
  endfacet
  facet normal 4.761461e-01 4.712120e-01 -7.424582e-01
    outer loop
      vertex   8.351069e+00 -3.539457e+01 1.020731e+02
      vertex   8.429564e+00 -3.565390e+01 1.019589e+02
      vertex   7.563050e+00 -3.539457e+01 1.015677e+02
    endloop
  endfacet
  facet normal 4.173834e-01 6.342022e-01 -6.508292e-01
    outer loop
      vertex   8.351069e+00 -3.539457e+01 1.020731e+02
      vertex   7.563050e+00 -3.539457e+01 1.015677e+02
      vertex   7.467382e+00 -3.516726e+01 1.017279e+02
    endloop
  endfacet
  facet normal 3.752490e-01 6.342022e-01 -6.759998e-01
    outer loop
      vertex   7.467382e+00 -3.516726e+01 1.017279e+02
      vertex   7.563050e+00 -3.539457e+01 1.015677e+02
      vertex   6.659240e+00 -3.516726e+01 1.012793e+02
    endloop
  endfacet
  facet normal 3.079892e-01 7.728536e-01 -5.548332e-01
    outer loop
      vertex   7.467382e+00 -3.516726e+01 1.017279e+02
      vertex   6.659240e+00 -3.516726e+01 1.012793e+02
      vertex   6.555283e+00 -3.498072e+01 1.014814e+02
    endloop
  endfacet
  facet normal 6.390021e-01 9.796823e-02 -7.629407e-01
    outer loop
      vertex   9.991499e+00 -3.622792e+01 1.030400e+02
      vertex   9.261521e+00 -3.622792e+01 1.024286e+02
      vertex   9.243725e+00 -3.593529e+01 1.024513e+02
    endloop
  endfacet
  facet normal 5.893079e-01 9.796823e-02 -8.019466e-01
    outer loop
      vertex   9.243725e+00 -3.593529e+01 1.024513e+02
      vertex   9.261521e+00 -3.622792e+01 1.024286e+02
      vertex   8.477901e+00 -3.593529e+01 1.018885e+02
    endloop
  endfacet
  facet normal 5.666825e-01 2.901507e-01 -7.711573e-01
    outer loop
      vertex   9.243725e+00 -3.593529e+01 1.024513e+02
      vertex   8.477901e+00 -3.593529e+01 1.018885e+02
      vertex   8.429564e+00 -3.565390e+01 1.019589e+02
    endloop
  endfacet
  facet normal 5.166127e-01 2.901507e-01 -8.055581e-01
    outer loop
      vertex   8.429564e+00 -3.565390e+01 1.019589e+02
      vertex   8.477901e+00 -3.593529e+01 1.018885e+02
      vertex   7.634138e+00 -3.565390e+01 1.014487e+02
    endloop
  endfacet
  facet normal 4.761461e-01 4.712120e-01 -7.424582e-01
    outer loop
      vertex   8.429564e+00 -3.565390e+01 1.019589e+02
      vertex   7.634138e+00 -3.565390e+01 1.014487e+02
      vertex   7.563050e+00 -3.539457e+01 1.015677e+02
    endloop
  endfacet
  facet normal 4.280796e-01 4.712120e-01 -7.711726e-01
    outer loop
      vertex   7.563050e+00 -3.539457e+01 1.015677e+02
      vertex   7.634138e+00 -3.565390e+01 1.014487e+02
      vertex   6.744555e+00 -3.539457e+01 1.011134e+02
    endloop
  endfacet
  facet normal 3.752490e-01 6.342022e-01 -6.759998e-01
    outer loop
      vertex   7.563050e+00 -3.539457e+01 1.015677e+02
      vertex   6.744555e+00 -3.539457e+01 1.011134e+02
      vertex   6.659240e+00 -3.516726e+01 1.012793e+02
    endloop
  endfacet
  facet normal 5.893079e-01 9.796823e-02 -8.019466e-01
    outer loop
      vertex   9.261521e+00 -3.622792e+01 1.024286e+02
      vertex   8.494223e+00 -3.622792e+01 1.018647e+02
      vertex   8.477901e+00 -3.593529e+01 1.018885e+02
    endloop
  endfacet
  facet normal 5.372391e-01 9.796823e-02 -8.377210e-01
    outer loop
      vertex   8.477901e+00 -3.593529e+01 1.018885e+02
      vertex   8.494223e+00 -3.622792e+01 1.018647e+02
      vertex   7.677914e+00 -3.593529e+01 1.013755e+02
    endloop
  endfacet
  facet normal 5.166127e-01 2.901507e-01 -8.055581e-01
    outer loop
      vertex   8.477901e+00 -3.593529e+01 1.018885e+02
      vertex   7.677914e+00 -3.593529e+01 1.013755e+02
      vertex   7.634138e+00 -3.565390e+01 1.014487e+02
    endloop
  endfacet
  facet normal 4.644612e-01 2.901507e-01 -8.367128e-01
    outer loop
      vertex   7.634138e+00 -3.565390e+01 1.014487e+02
      vertex   7.677914e+00 -3.593529e+01 1.013755e+02
      vertex   6.807950e+00 -3.565390e+01 1.009901e+02
    endloop
  endfacet
  facet normal 4.280796e-01 4.712120e-01 -7.711726e-01
    outer loop
      vertex   7.634138e+00 -3.565390e+01 1.014487e+02
      vertex   6.807950e+00 -3.565390e+01 1.009901e+02
      vertex   6.744555e+00 -3.539457e+01 1.011134e+02
    endloop
  endfacet
  facet normal 5.372391e-01 9.796823e-02 -8.377210e-01
    outer loop
      vertex   8.494223e+00 -3.622792e+01 1.018647e+02
      vertex   7.692696e+00 -3.622792e+01 1.013507e+02
      vertex   7.677914e+00 -3.593529e+01 1.013755e+02
    endloop
  endfacet
  facet normal 4.830053e-01 9.796823e-02 -8.701196e-01
    outer loop
      vertex   7.677914e+00 -3.593529e+01 1.013755e+02
      vertex   7.692696e+00 -3.622792e+01 1.013507e+02
      vertex   6.846988e+00 -3.593529e+01 1.009142e+02
    endloop
  endfacet
  facet normal 4.644612e-01 2.901507e-01 -8.367128e-01
    outer loop
      vertex   7.677914e+00 -3.593529e+01 1.013755e+02
      vertex   6.846988e+00 -3.593529e+01 1.009142e+02
      vertex   6.807950e+00 -3.565390e+01 1.009901e+02
    endloop
  endfacet
  facet normal 4.830053e-01 9.796823e-02 -8.701196e-01
    outer loop
      vertex   7.692696e+00 -3.622792e+01 1.013507e+02
      vertex   6.860170e+00 -3.622792e+01 1.008886e+02
      vertex   6.846988e+00 -3.593529e+01 1.009142e+02
    endloop
  endfacet
  facet normal 1.231139e-01 9.614547e-01 -2.458615e-01
    outer loop
      vertex   5.776587e+00 -3.481139e+01 1.014825e+02
      vertex   5.690327e+00 -3.476556e+01 1.016185e+02
      vertex   6.307988e+00 -3.475674e+01 1.019623e+02
    endloop
  endfacet
  facet normal 7.081792e-02 9.857598e-01 -1.525200e-01
    outer loop
      vertex   6.307988e+00 -3.475674e+01 1.019623e+02
      vertex   5.690327e+00 -3.476556e+01 1.016185e+02
      vertex   5.598273e+00 -3.473767e+01 1.017560e+02
    endloop
  endfacet
  facet normal 5.202673e-02 9.948468e-01 -8.702337e-02
    outer loop
      vertex   6.307988e+00 -3.475674e+01 1.019623e+02
      vertex   5.598273e+00 -3.473767e+01 1.017560e+02
      vertex   6.315572e+00 -3.472792e+01 1.022963e+02
    endloop
  endfacet
  facet normal 2.596680e-02 9.982839e-01 -5.248789e-02
    outer loop
      vertex   6.315572e+00 -3.472792e+01 1.022963e+02
      vertex   5.598273e+00 -3.473767e+01 1.017560e+02
      vertex   5.503333e+00 -3.472793e+01 1.018943e+02
    endloop
  endfacet
  facet normal 8.377302e-04 9.999982e-01 -1.720078e-03
    outer loop
      vertex   6.315572e+00 -3.472792e+01 1.022963e+02
      vertex   5.503333e+00 -3.472793e+01 1.018943e+02
      vertex   5.500000e+00 -3.472792e+01 1.018991e+02
    endloop
  endfacet
  facet normal 4.826887e-02 9.950422e-01 -8.695491e-02
    outer loop
      vertex   6.307988e+00 -3.475674e+01 1.019623e+02
      vertex   6.315572e+00 -3.472792e+01 1.022963e+02
      vertex   7.073503e+00 -3.475674e+01 1.023872e+02
    endloop
  endfacet
  facet normal 4.786903e-02 9.953555e-01 -8.352219e-02
    outer loop
      vertex   7.073503e+00 -3.475674e+01 1.023872e+02
      vertex   6.315572e+00 -3.472792e+01 1.022963e+02
      vertex   7.102626e+00 -3.472792e+01 1.027474e+02
    endloop
  endfacet
  facet normal 5.385644e-02 9.950111e-01 -8.397876e-02
    outer loop
      vertex   7.073503e+00 -3.475674e+01 1.023872e+02
      vertex   7.102626e+00 -3.472792e+01 1.027474e+02
      vertex   7.810514e+00 -3.475674e+01 1.028599e+02
    endloop
  endfacet
  facet normal 5.322308e-02 9.953811e-01 -7.989793e-02
    outer loop
      vertex   7.810514e+00 -3.475674e+01 1.028599e+02
      vertex   7.102626e+00 -3.472792e+01 1.027474e+02
      vertex   7.857609e+00 -3.472792e+01 1.032503e+02
    endloop
  endfacet
  facet normal 5.922314e-02 9.949862e-01 -8.059249e-02
    outer loop
      vertex   7.810514e+00 -3.475674e+01 1.028599e+02
      vertex   7.857609e+00 -3.472792e+01 1.032503e+02
      vertex   8.516052e+00 -3.475674e+01 1.033783e+02
    endloop
  endfacet
  facet normal 5.834482e-02 9.954008e-01 -7.598173e-02
    outer loop
      vertex   8.516052e+00 -3.475674e+01 1.033783e+02
      vertex   7.857609e+00 -3.472792e+01 1.032503e+02
      vertex   8.577112e+00 -3.472792e+01 1.038028e+02
    endloop
  endfacet
  facet normal 6.433577e-02 9.949676e-01 -7.681412e-02
    outer loop
      vertex   8.516052e+00 -3.475674e+01 1.033783e+02
      vertex   8.577112e+00 -3.472792e+01 1.038028e+02
      vertex   9.187273e+00 -3.475674e+01 1.039405e+02
    endloop
  endfacet
  facet normal 6.322181e-02 9.954144e-01 -7.178496e-02
    outer loop
      vertex   9.187273e+00 -3.475674e+01 1.039405e+02
      vertex   8.577112e+00 -3.472792e+01 1.038028e+02
      vertex   9.257886e+00 -3.472792e+01 1.044024e+02
    endloop
  endfacet
  facet normal 6.916283e-02 9.949555e-01 -7.266463e-02
    outer loop
      vertex   9.187273e+00 -3.475674e+01 1.039405e+02
      vertex   9.257886e+00 -3.472792e+01 1.044024e+02
      vertex   9.821473e+00 -3.475674e+01 1.045441e+02
    endloop
  endfacet
  facet normal 6.784198e-02 9.954223e-01 -6.731935e-02
    outer loop
      vertex   9.821473e+00 -3.475674e+01 1.045441e+02
      vertex   9.257886e+00 -3.472792e+01 1.044024e+02
      vertex   9.896857e+00 -3.472792e+01 1.050463e+02
    endloop
  endfacet
  facet normal 7.367477e-02 9.949498e-01 -6.816786e-02
    outer loop
      vertex   9.821473e+00 -3.475674e+01 1.045441e+02
      vertex   9.896857e+00 -3.472792e+01 1.050463e+02
      vertex   1.041610e+01 -3.475674e+01 1.051868e+02
    endloop
  endfacet
  facet normal 7.219360e-02 9.954244e-01 -6.259704e-02
    outer loop
      vertex   1.041610e+01 -3.475674e+01 1.051868e+02
      vertex   9.896857e+00 -3.472792e+01 1.050463e+02
      vertex   1.049114e+01 -3.472792e+01 1.057317e+02
    endloop
  endfacet
  facet normal 7.784427e-02 9.949508e-01 -6.335023e-02
    outer loop
      vertex   1.041610e+01 -3.475674e+01 1.051868e+02
      vertex   1.049114e+01 -3.472792e+01 1.057317e+02
      vertex   1.096874e+01 -3.475674e+01 1.058659e+02
    endloop
  endfacet
  facet normal 7.626536e-02 9.954207e-01 -5.763056e-02
    outer loop
      vertex   1.096874e+01 -3.475674e+01 1.058659e+02
      vertex   1.049114e+01 -3.472792e+01 1.057317e+02
      vertex   1.103805e+01 -3.472792e+01 1.064554e+02
    endloop
  endfacet
  facet normal 8.164654e-02 9.949582e-01 -5.824056e-02
    outer loop
      vertex   1.096874e+01 -3.475674e+01 1.058659e+02
      vertex   1.103805e+01 -3.472792e+01 1.064554e+02
      vertex   1.147719e+01 -3.475674e+01 1.065787e+02
    endloop
  endfacet
  facet normal 8.004634e-02 9.954112e-01 -5.243278e-02
    outer loop
      vertex   1.147719e+01 -3.475674e+01 1.065787e+02
      vertex   1.103805e+01 -3.472792e+01 1.064554e+02
      vertex   1.153512e+01 -3.472792e+01 1.072143e+02
    endloop
  endfacet
  facet normal 8.505949e-02 9.949722e-01 -5.286974e-02
    outer loop
      vertex   1.147719e+01 -3.475674e+01 1.065787e+02
      vertex   1.153512e+01 -3.472792e+01 1.072143e+02
      vertex   1.193939e+01 -3.475674e+01 1.073223e+02
    endloop
  endfacet
  facet normal 8.352605e-02 9.953958e-01 -4.701689e-02
    outer loop
      vertex   1.193939e+01 -3.475674e+01 1.073223e+02
      vertex   1.153512e+01 -3.472792e+01 1.072143e+02
      vertex   1.198010e+01 -3.472792e+01 1.080048e+02
    endloop
  endfacet
  facet normal 8.806395e-02 9.949926e-01 -4.727053e-02
    outer loop
      vertex   1.193939e+01 -3.475674e+01 1.073223e+02
      vertex   1.198010e+01 -3.472792e+01 1.080048e+02
      vertex   1.235348e+01 -3.475674e+01 1.080937e+02
    endloop
  endfacet
  facet normal 8.669445e-02 9.953745e-01 -4.139644e-02
    outer loop
      vertex   1.235348e+01 -3.475674e+01 1.080937e+02
      vertex   1.198010e+01 -3.472792e+01 1.080048e+02
      vertex   1.237099e+01 -3.472792e+01 1.088234e+02
    endloop
  endfacet
  facet normal 9.064383e-02 9.950193e-01 -4.147717e-02
    outer loop
      vertex   1.235348e+01 -3.475674e+01 1.080937e+02
      vertex   1.237099e+01 -3.472792e+01 1.088234e+02
      vertex   1.271779e+01 -3.475674e+01 1.088899e+02
    endloop
  endfacet
  facet normal 8.954192e-02 9.953471e-01 -3.558523e-02
    outer loop
      vertex   1.271779e+01 -3.475674e+01 1.088899e+02
      vertex   1.237099e+01 -3.472792e+01 1.088234e+02
      vertex   1.270602e+01 -3.472792e+01 1.096665e+02
    endloop
  endfacet
  facet normal 9.278625e-02 9.950521e-01 -3.552511e-02
    outer loop
      vertex   1.271779e+01 -3.475674e+01 1.088899e+02
      vertex   1.270602e+01 -3.472792e+01 1.096665e+02
      vertex   1.303085e+01 -3.475674e+01 1.097076e+02
    endloop
  endfacet
  facet normal 9.205931e-02 9.953136e-01 -2.959736e-02
    outer loop
      vertex   1.303085e+01 -3.475674e+01 1.097076e+02
      vertex   1.270602e+01 -3.472792e+01 1.096665e+02
      vertex   1.298368e+01 -3.472792e+01 1.105301e+02
    endloop
  endfacet
  facet normal 9.448163e-02 9.950909e-01 -2.945063e-02
    outer loop
      vertex   1.303085e+01 -3.475674e+01 1.097076e+02
      vertex   1.298368e+01 -3.472792e+01 1.105301e+02
      vertex   1.329140e+01 -3.475674e+01 1.105434e+02
    endloop
  endfacet
  facet normal 9.423790e-02 9.952736e-01 -2.344715e-02
    outer loop
      vertex   1.329140e+01 -3.475674e+01 1.105434e+02
      vertex   1.298368e+01 -3.472792e+01 1.105301e+02
      vertex   1.320271e+01 -3.472792e+01 1.114104e+02
    endloop
  endfacet
  facet normal 9.572369e-02 9.951354e-01 -2.329055e-02
    outer loop
      vertex   1.329140e+01 -3.475674e+01 1.105434e+02
      vertex   1.320271e+01 -3.472792e+01 1.114104e+02
      vertex   1.349839e+01 -3.475674e+01 1.113942e+02
    endloop
  endfacet
  facet normal 9.606943e-02 9.952269e-01 -1.714914e-02
    outer loop
      vertex   1.349839e+01 -3.475674e+01 1.113942e+02
      vertex   1.320271e+01 -3.472792e+01 1.114104e+02
      vertex   1.336212e+01 -3.472792e+01 1.123034e+02
    endloop
  endfacet
  facet normal 9.656167e-02 9.951805e-01 -1.707390e-02
    outer loop
      vertex   1.349839e+01 -3.475674e+01 1.113942e+02
      vertex   1.336212e+01 -3.472792e+01 1.123034e+02
      vertex   1.365167e+01 -3.475674e+01 1.122610e+02
    endloop
  endfacet
  facet normal 9.746331e-02 9.951793e-01 -1.091434e-02
    outer loop
      vertex   1.365167e+01 -3.475674e+01 1.122610e+02
      vertex   1.336212e+01 -3.472792e+01 1.123034e+02
      vertex   1.374858e+01 -3.475674e+01 1.131264e+02
    endloop
  endfacet
  facet normal 9.689797e-02 9.952374e-01 -1.064684e-02
    outer loop
      vertex   1.336212e+01 -3.472792e+01 1.123034e+02
      vertex   1.346120e+01 -3.472792e+01 1.132052e+02
      vertex   1.374858e+01 -3.475674e+01 1.131264e+02
    endloop
  endfacet
  facet normal 9.850203e-02 9.951255e-01 -4.751687e-03
    outer loop
      vertex   1.374858e+01 -3.475674e+01 1.131264e+02
      vertex   1.346120e+01 -3.472792e+01 1.132052e+02
      vertex   1.379077e+01 -3.475674e+01 1.140009e+02
    endloop
  endfacet
  facet normal 9.693181e-02 9.952826e-01 -4.095713e-03
    outer loop
      vertex   1.346120e+01 -3.472792e+01 1.132052e+02
      vertex   1.349950e+01 -3.472792e+01 1.141115e+02
      vertex   1.379077e+01 -3.475674e+01 1.140009e+02
    endloop
  endfacet
  facet normal 9.904135e-02 9.950822e-01 1.514264e-03
    outer loop
      vertex   1.379077e+01 -3.475674e+01 1.140009e+02
      vertex   1.349950e+01 -3.472792e+01 1.141115e+02
      vertex   1.377738e+01 -3.475674e+01 1.148764e+02
    endloop
  endfacet
  facet normal 9.659113e-02 9.953212e-01 2.413439e-03
    outer loop
      vertex   1.349950e+01 -3.472792e+01 1.141115e+02
      vertex   1.347684e+01 -3.472792e+01 1.150184e+02
      vertex   1.377738e+01 -3.475674e+01 1.148764e+02
    endloop
  endfacet
  facet normal 9.912101e-02 9.950446e-01 7.824763e-03
    outer loop
      vertex   1.377738e+01 -3.475674e+01 1.148764e+02
      vertex   1.347684e+01 -3.472792e+01 1.150184e+02
      vertex   1.370848e+01 -3.475674e+01 1.157492e+02
    endloop
  endfacet
  facet normal 9.587960e-02 9.953535e-01 8.864297e-03
    outer loop
      vertex   1.347684e+01 -3.472792e+01 1.150184e+02
      vertex   1.339333e+01 -3.472792e+01 1.159217e+02
      vertex   1.370848e+01 -3.475674e+01 1.157492e+02
    endloop
  endfacet
  facet normal 9.873679e-02 9.950131e-01 1.414266e-02
    outer loop
      vertex   1.370848e+01 -3.475674e+01 1.157492e+02
      vertex   1.339333e+01 -3.472792e+01 1.159217e+02
      vertex   1.358434e+01 -3.475674e+01 1.166159e+02
    endloop
  endfacet
  facet normal 9.480144e-02 9.953795e-01 1.524062e-02
    outer loop
      vertex   1.339333e+01 -3.472792e+01 1.159217e+02
      vertex   1.324934e+01 -3.472792e+01 1.168173e+02
      vertex   1.358434e+01 -3.475674e+01 1.166159e+02
    endloop
  endfacet
  facet normal 9.788785e-02 9.949877e-01 2.043038e-02
    outer loop
      vertex   1.358434e+01 -3.475674e+01 1.166159e+02
      vertex   1.324934e+01 -3.472792e+01 1.168173e+02
      vertex   1.340545e+01 -3.475674e+01 1.174730e+02
    endloop
  endfacet
  facet normal 9.336132e-02 9.953996e-01 2.152625e-02
    outer loop
      vertex   1.324934e+01 -3.472792e+01 1.168173e+02
      vertex   1.304552e+01 -3.472792e+01 1.177013e+02
      vertex   1.340545e+01 -3.475674e+01 1.174730e+02
    endloop
  endfacet
  facet normal 9.657673e-02 9.949687e-01 2.665028e-02
    outer loop
      vertex   1.340545e+01 -3.475674e+01 1.174730e+02
      vertex   1.304552e+01 -3.472792e+01 1.177013e+02
      vertex   1.317255e+01 -3.475674e+01 1.183170e+02
    endloop
  endfacet
  facet normal 9.156444e-02 9.954137e-01 2.770520e-02
    outer loop
      vertex   1.304552e+01 -3.472792e+01 1.177013e+02
      vertex   1.278280e+01 -3.472792e+01 1.185696e+02
      vertex   1.317255e+01 -3.475674e+01 1.183170e+02
    endloop
  endfacet
  facet normal 9.480938e-02 9.949561e-01 3.276496e-02
    outer loop
      vertex   1.317255e+01 -3.475674e+01 1.183170e+02
      vertex   1.278280e+01 -3.472792e+01 1.185696e+02
      vertex   1.288657e+01 -3.475674e+01 1.191445e+02
    endloop
  endfacet
  facet normal 8.941651e-02 9.954219e-01 3.376159e-02
    outer loop
      vertex   1.278280e+01 -3.472792e+01 1.185696e+02
      vertex   1.246236e+01 -3.472792e+01 1.194183e+02
      vertex   1.288657e+01 -3.475674e+01 1.191445e+02
    endloop
  endfacet
  facet normal 9.259514e-02 9.949500e-01 3.873764e-02
    outer loop
      vertex   1.288657e+01 -3.475674e+01 1.191445e+02
      vertex   1.246236e+01 -3.472792e+01 1.194183e+02
      vertex   1.254866e+01 -3.475674e+01 1.199523e+02
    endloop
  endfacet
  facet normal 8.692375e-02 9.954244e-01 3.967974e-02
    outer loop
      vertex   1.246236e+01 -3.472792e+01 1.194183e+02
      vertex   1.208565e+01 -3.472792e+01 1.202435e+02
      vertex   1.254866e+01 -3.475674e+01 1.199523e+02
    endloop
  endfacet
  facet normal 8.994665e-02 9.949505e-01 4.453248e-02
    outer loop
      vertex   1.254866e+01 -3.475674e+01 1.199523e+02
      vertex   1.208565e+01 -3.472792e+01 1.202435e+02
      vertex   1.216018e+01 -3.475674e+01 1.207369e+02
    endloop
  endfacet
  facet normal 8.409288e-02 9.954211e-01 4.544418e-02
    outer loop
      vertex   1.208565e+01 -3.472792e+01 1.202435e+02
      vertex   1.165437e+01 -3.472792e+01 1.210416e+02
      vertex   1.216018e+01 -3.475674e+01 1.207369e+02
    endloop
  endfacet
  facet normal 8.687976e-02 9.949575e-01 5.011493e-02
    outer loop
      vertex   1.216018e+01 -3.475674e+01 1.207369e+02
      vertex   1.165437e+01 -3.472792e+01 1.210416e+02
      vertex   1.172270e+01 -3.475674e+01 1.214953e+02
    endloop
  endfacet
  facet normal 8.093111e-02 9.954120e-01 5.103965e-02
    outer loop
      vertex   1.165437e+01 -3.472792e+01 1.210416e+02
      vertex   1.117046e+01 -3.472792e+01 1.218089e+02
      vertex   1.172270e+01 -3.475674e+01 1.214953e+02
    endloop
  endfacet
  facet normal 8.341337e-02 9.949710e-01 5.545201e-02
    outer loop
      vertex   1.172270e+01 -3.475674e+01 1.214953e+02
      vertex   1.117046e+01 -3.472792e+01 1.218089e+02
      vertex   1.123798e+01 -3.475674e+01 1.222245e+02
    endloop
  endfacet
  facet normal 7.744615e-02 9.953971e-01 5.645115e-02
    outer loop
      vertex   1.117046e+01 -3.472792e+01 1.218089e+02
      vertex   1.063611e+01 -3.472792e+01 1.225420e+02
      vertex   1.123798e+01 -3.475674e+01 1.222245e+02
    endloop
  endfacet
  facet normal 7.956925e-02 9.949909e-01 6.051267e-02
    outer loop
      vertex   1.123798e+01 -3.475674e+01 1.222245e+02
      vertex   1.063611e+01 -3.472792e+01 1.225420e+02
      vertex   1.070798e+01 -3.475674e+01 1.229214e+02
    endloop
  endfacet
  facet normal 7.364617e-02 9.953762e-01 6.166392e-02
    outer loop
      vertex   1.063611e+01 -3.472792e+01 1.225420e+02
      vertex   1.005374e+01 -3.472792e+01 1.232375e+02
      vertex   1.070798e+01 -3.475674e+01 1.229214e+02
    endloop
  endfacet
  facet normal 7.537183e-02 9.950172e-01 6.526800e-02
    outer loop
      vertex   1.070798e+01 -3.475674e+01 1.229214e+02
      vertex   1.005374e+01 -3.472792e+01 1.232375e+02
      vertex   1.013483e+01 -3.475674e+01 1.235832e+02
    endloop
  endfacet
  facet normal 6.953977e-02 9.953493e-01 6.666352e-02
    outer loop
      vertex   1.005374e+01 -3.472792e+01 1.232375e+02
      vertex   9.425967e+00 -3.472792e+01 1.238923e+02
      vertex   1.013483e+01 -3.475674e+01 1.235832e+02
    endloop
  endfacet
  facet normal 7.084797e-02 9.950496e-01 6.969151e-02
    outer loop
      vertex   1.013483e+01 -3.475674e+01 1.235832e+02
      vertex   9.425967e+00 -3.472792e+01 1.238923e+02
      vertex   9.520837e+00 -3.475674e+01 1.242074e+02
    endloop
  endfacet
  facet normal 6.513602e-02 9.953161e-01 7.143578e-02
    outer loop
      vertex   9.425967e+00 -3.472792e+01 1.238923e+02
      vertex   8.755635e+00 -3.472792e+01 1.245036e+02
      vertex   9.520837e+00 -3.475674e+01 1.242074e+02
    endloop
  endfacet
  facet normal 6.602667e-02 9.950880e-01 7.375935e-02
    outer loop
      vertex   9.520837e+00 -3.475674e+01 1.242074e+02
      vertex   8.755635e+00 -3.472792e+01 1.245036e+02
      vertex   8.868480e+00 -3.475674e+01 1.247914e+02
    endloop
  endfacet
  facet normal 6.044436e-02 9.952766e-01 7.596685e-02
    outer loop
      vertex   8.755635e+00 -3.472792e+01 1.245036e+02
      vertex   8.045767e+00 -3.472792e+01 1.250684e+02
      vertex   8.868480e+00 -3.475674e+01 1.247914e+02
    endloop
  endfacet
  facet normal 6.093881e-02 9.951321e-01 7.745047e-02
    outer loop
      vertex   8.868480e+00 -3.475674e+01 1.247914e+02
      vertex   8.045767e+00 -3.472792e+01 1.250684e+02
      vertex   8.180386e+00 -3.475674e+01 1.253328e+02
    endloop
  endfacet
  facet normal 5.547463e-02 9.952304e-01 8.024320e-02
    outer loop
      vertex   8.045767e+00 -3.472792e+01 1.250684e+02
      vertex   7.299570e+00 -3.472792e+01 1.255843e+02
      vertex   8.180386e+00 -3.475674e+01 1.253328e+02
    endloop
  endfacet
  facet normal 5.562158e-02 9.951801e-01 8.076367e-02
    outer loop
      vertex   8.180386e+00 -3.475674e+01 1.253328e+02
      vertex   7.299570e+00 -3.472792e+01 1.255843e+02
      vertex   7.457992e+00 -3.475674e+01 1.258303e+02
    endloop
  endfacet
  facet normal 5.038748e-02 9.951797e-01 8.413370e-02
    outer loop
      vertex   7.457992e+00 -3.475674e+01 1.258303e+02
      vertex   7.299570e+00 -3.472792e+01 1.255843e+02
      vertex   6.708211e+00 -3.475674e+01 1.262793e+02
    endloop
  endfacet
  facet normal 4.994210e-02 9.952339e-01 8.375704e-02
    outer loop
      vertex   6.708211e+00 -3.475674e+01 1.262793e+02
      vertex   7.299570e+00 -3.472792e+01 1.255843e+02
      vertex   6.520413e+00 -3.472792e+01 1.260488e+02
    endloop
  endfacet
  facet normal 4.518908e-02 9.951288e-01 8.761647e-02
    outer loop
      vertex   6.708211e+00 -3.475674e+01 1.262793e+02
      vertex   6.520413e+00 -3.472792e+01 1.260488e+02
      vertex   5.930063e+00 -3.475674e+01 1.266807e+02
    endloop
  endfacet
  facet normal 4.399238e-02 9.952796e-01 8.650523e-02
    outer loop
      vertex   5.930063e+00 -3.475674e+01 1.266807e+02
      vertex   6.520413e+00 -3.472792e+01 1.260488e+02
      vertex   5.711813e+00 -3.472792e+01 1.264601e+02
    endloop
  endfacet
  facet normal 3.971567e-02 9.950850e-01 9.071062e-02
    outer loop
      vertex   5.930063e+00 -3.475674e+01 1.266807e+02
      vertex   5.711813e+00 -3.472792e+01 1.264601e+02
      vertex   5.128019e+00 -3.475674e+01 1.270318e+02
    endloop
  endfacet
  facet normal 3.792587e-02 9.953187e-01 8.889498e-02
    outer loop
      vertex   5.128019e+00 -3.475674e+01 1.270318e+02
      vertex   5.711813e+00 -3.472792e+01 1.264601e+02
      vertex   4.877422e+00 -3.472792e+01 1.268160e+02
    endloop
  endfacet
  facet normal 3.401055e-02 9.950471e-01 9.340548e-02
    outer loop
      vertex   5.128019e+00 -3.475674e+01 1.270318e+02
      vertex   4.877422e+00 -3.472792e+01 1.268160e+02
      vertex   4.305311e+00 -3.475674e+01 1.273314e+02
    endloop
  endfacet
  facet normal 3.175894e-02 9.953514e-01 9.092293e-02
    outer loop
      vertex   4.305311e+00 -3.475674e+01 1.273314e+02
      vertex   4.877422e+00 -3.472792e+01 1.268160e+02
      vertex   4.021007e+00 -3.472792e+01 1.271152e+02
    endloop
  endfacet
  facet normal 2.810574e-02 9.950151e-01 9.568174e-02
    outer loop
      vertex   4.305311e+00 -3.475674e+01 1.273314e+02
      vertex   4.021007e+00 -3.472792e+01 1.271152e+02
      vertex   3.465254e+00 -3.475674e+01 1.275782e+02
    endloop
  endfacet
  facet normal 2.550813e-02 9.953779e-01 9.258617e-02
    outer loop
      vertex   3.465254e+00 -3.475674e+01 1.275782e+02
      vertex   4.021007e+00 -3.472792e+01 1.271152e+02
      vertex   3.146436e+00 -3.472792e+01 1.273561e+02
    endloop
  endfacet
  facet normal 2.203501e-02 9.949893e-01 9.752297e-02
    outer loop
      vertex   3.465254e+00 -3.475674e+01 1.275782e+02
      vertex   3.146436e+00 -3.472792e+01 1.273561e+02
      vertex   2.611233e+00 -3.475674e+01 1.277711e+02
    endloop
  endfacet
  facet normal 1.919007e-02 9.953983e-01 9.388231e-02
    outer loop
      vertex   2.611233e+00 -3.475674e+01 1.277711e+02
      vertex   3.146436e+00 -3.472792e+01 1.273561e+02
      vertex   2.257658e+00 -3.472792e+01 1.275378e+02
    endloop
  endfacet
  facet normal 1.583364e-02 9.949698e-01 9.891581e-02
    outer loop
      vertex   2.611233e+00 -3.475674e+01 1.277711e+02
      vertex   2.257658e+00 -3.472792e+01 1.275378e+02
      vertex   1.746690e+00 -3.475674e+01 1.279095e+02
    endloop
  endfacet
  facet normal 1.282148e-02 9.954129e-01 9.480948e-02
    outer loop
      vertex   1.746690e+00 -3.475674e+01 1.279095e+02
      vertex   2.257658e+00 -3.472792e+01 1.275378e+02
      vertex   1.358685e+00 -3.472792e+01 1.276594e+02
    endloop
  endfacet
  facet normal 9.538096e-03 9.949568e-01 9.985008e-02
    outer loop
      vertex   1.746690e+00 -3.475674e+01 1.279095e+02
      vertex   1.358685e+00 -3.472792e+01 1.276594e+02
      vertex   8.751081e-01 -3.475674e+01 1.279928e+02
    endloop
  endfacet
  facet normal 6.419179e-03 9.954215e-01 9.536633e-02
    outer loop
      vertex   8.751081e-01 -3.475674e+01 1.279928e+02
      vertex   1.358685e+00 -3.472792e+01 1.276594e+02
      vertex   4.535778e-01 -3.472792e+01 1.277203e+02
    endloop
  endfacet
  facet normal 3.185701e-03 9.949502e-01 1.003189e-01
    outer loop
      vertex   8.751081e-01 -3.475674e+01 1.279928e+02
      vertex   4.535778e-01 -3.472792e+01 1.277203e+02
      vertex   8.677993e-16 -3.475674e+01 1.280206e+02
    endloop
  endfacet
  facet normal 0.000000e+00 9.954244e-01 9.555203e-02
    outer loop
      vertex   8.677993e-16 -3.475674e+01 1.280206e+02
      vertex   4.535778e-01 -3.472792e+01 1.277203e+02
      vertex   -4.535778e-01 -3.472792e+01 1.277203e+02
    endloop
  endfacet
  facet normal -3.185701e-03 9.949502e-01 1.003189e-01
    outer loop
      vertex   8.677993e-16 -3.475674e+01 1.280206e+02
      vertex   -4.535778e-01 -3.472792e+01 1.277203e+02
      vertex   -8.751081e-01 -3.475674e+01 1.279928e+02
    endloop
  endfacet
  facet normal -6.419179e-03 9.954215e-01 9.536633e-02
    outer loop
      vertex   -8.751081e-01 -3.475674e+01 1.279928e+02
      vertex   -4.535778e-01 -3.472792e+01 1.277203e+02
      vertex   -1.358685e+00 -3.472792e+01 1.276594e+02
    endloop
  endfacet
  facet normal -9.538096e-03 9.949568e-01 9.985008e-02
    outer loop
      vertex   -8.751081e-01 -3.475674e+01 1.279928e+02
      vertex   -1.358685e+00 -3.472792e+01 1.276594e+02
      vertex   -1.746690e+00 -3.475674e+01 1.279095e+02
    endloop
  endfacet
  facet normal -1.282148e-02 9.954129e-01 9.480948e-02
    outer loop
      vertex   -1.746690e+00 -3.475674e+01 1.279095e+02
      vertex   -1.358685e+00 -3.472792e+01 1.276594e+02
      vertex   -2.257658e+00 -3.472792e+01 1.275378e+02
    endloop
  endfacet
  facet normal -1.583364e-02 9.949698e-01 9.891581e-02
    outer loop
      vertex   -1.746690e+00 -3.475674e+01 1.279095e+02
      vertex   -2.257658e+00 -3.472792e+01 1.275378e+02
      vertex   -2.611233e+00 -3.475674e+01 1.277711e+02
    endloop
  endfacet
  facet normal -1.919007e-02 9.953983e-01 9.388231e-02
    outer loop
      vertex   -2.611233e+00 -3.475674e+01 1.277711e+02
      vertex   -2.257658e+00 -3.472792e+01 1.275378e+02
      vertex   -3.146436e+00 -3.472792e+01 1.273561e+02
    endloop
  endfacet
  facet normal -2.203501e-02 9.949893e-01 9.752297e-02
    outer loop
      vertex   -2.611233e+00 -3.475674e+01 1.277711e+02
      vertex   -3.146436e+00 -3.472792e+01 1.273561e+02
      vertex   -3.465254e+00 -3.475674e+01 1.275782e+02
    endloop
  endfacet
  facet normal -2.550813e-02 9.953779e-01 9.258617e-02
    outer loop
      vertex   -3.465254e+00 -3.475674e+01 1.275782e+02
      vertex   -3.146436e+00 -3.472792e+01 1.273561e+02
      vertex   -4.021007e+00 -3.472792e+01 1.271152e+02
    endloop
  endfacet
  facet normal -2.810574e-02 9.950151e-01 9.568174e-02
    outer loop
      vertex   -3.465254e+00 -3.475674e+01 1.275782e+02
      vertex   -4.021007e+00 -3.472792e+01 1.271152e+02
      vertex   -4.305311e+00 -3.475674e+01 1.273314e+02
    endloop
  endfacet
  facet normal -3.175894e-02 9.953514e-01 9.092293e-02
    outer loop
      vertex   -4.305311e+00 -3.475674e+01 1.273314e+02
      vertex   -4.021007e+00 -3.472792e+01 1.271152e+02
      vertex   -4.877422e+00 -3.472792e+01 1.268160e+02
    endloop
  endfacet
  facet normal -3.401055e-02 9.950471e-01 9.340548e-02
    outer loop
      vertex   -4.305311e+00 -3.475674e+01 1.273314e+02
      vertex   -4.877422e+00 -3.472792e+01 1.268160e+02
      vertex   -5.128019e+00 -3.475674e+01 1.270318e+02
    endloop
  endfacet
  facet normal -3.792587e-02 9.953187e-01 8.889498e-02
    outer loop
      vertex   -5.128019e+00 -3.475674e+01 1.270318e+02
      vertex   -4.877422e+00 -3.472792e+01 1.268160e+02
      vertex   -5.711813e+00 -3.472792e+01 1.264601e+02
    endloop
  endfacet
  facet normal -3.971567e-02 9.950850e-01 9.071062e-02
    outer loop
      vertex   -5.128019e+00 -3.475674e+01 1.270318e+02
      vertex   -5.711813e+00 -3.472792e+01 1.264601e+02
      vertex   -5.930063e+00 -3.475674e+01 1.266807e+02
    endloop
  endfacet
  facet normal -4.399238e-02 9.952796e-01 8.650523e-02
    outer loop
      vertex   -5.930063e+00 -3.475674e+01 1.266807e+02
      vertex   -5.711813e+00 -3.472792e+01 1.264601e+02
      vertex   -6.520413e+00 -3.472792e+01 1.260488e+02
    endloop
  endfacet
  facet normal -4.518908e-02 9.951288e-01 8.761647e-02
    outer loop
      vertex   -5.930063e+00 -3.475674e+01 1.266807e+02
      vertex   -6.520413e+00 -3.472792e+01 1.260488e+02
      vertex   -6.708211e+00 -3.475674e+01 1.262793e+02
    endloop
  endfacet
  facet normal -4.994210e-02 9.952339e-01 8.375704e-02
    outer loop
      vertex   -6.708211e+00 -3.475674e+01 1.262793e+02
      vertex   -6.520413e+00 -3.472792e+01 1.260488e+02
      vertex   -7.299570e+00 -3.472792e+01 1.255843e+02
    endloop
  endfacet
  facet normal -9.156444e-02 9.954137e-01 2.770520e-02
    outer loop
      vertex   -1.278280e+01 -3.472792e+01 1.185696e+02
      vertex   -1.304552e+01 -3.472792e+01 1.177013e+02
      vertex   -1.317255e+01 -3.475674e+01 1.183170e+02
    endloop
  endfacet
  facet normal -9.657673e-02 9.949687e-01 2.665028e-02
    outer loop
      vertex   -1.317255e+01 -3.475674e+01 1.183170e+02
      vertex   -1.304552e+01 -3.472792e+01 1.177013e+02
      vertex   -1.340545e+01 -3.475674e+01 1.174730e+02
    endloop
  endfacet
  facet normal -2.799552e-01 9.568997e-01 7.725344e-02
    outer loop
      vertex   -1.317255e+01 -3.475674e+01 1.183170e+02
      vertex   -1.340545e+01 -3.475674e+01 1.174730e+02
      vertex   -1.367894e+01 -3.484210e+01 1.175392e+02
    endloop
  endfacet
  facet normal -2.842927e-01 9.568997e-01 5.933533e-02
    outer loop
      vertex   -1.367894e+01 -3.484210e+01 1.175392e+02
      vertex   -1.340545e+01 -3.475674e+01 1.174730e+02
      vertex   -1.386148e+01 -3.484210e+01 1.166646e+02
    endloop
  endfacet
  facet normal -4.616341e-01 8.818225e-01 9.634865e-02
    outer loop
      vertex   -1.367894e+01 -3.484210e+01 1.175392e+02
      vertex   -1.386148e+01 -3.484210e+01 1.166646e+02
      vertex   -1.411689e+01 -3.498072e+01 1.167095e+02
    endloop
  endfacet
  facet normal -4.668171e-01 8.818225e-01 6.686500e-02
    outer loop
      vertex   -1.411689e+01 -3.498072e+01 1.167095e+02
      vertex   -1.386148e+01 -3.484210e+01 1.166646e+02
      vertex   -1.424590e+01 -3.498072e+01 1.158089e+02
    endloop
  endfacet
  facet normal -6.281731e-01 7.728536e-01 8.997698e-02
    outer loop
      vertex   -1.411689e+01 -3.498072e+01 1.167095e+02
      vertex   -1.424590e+01 -3.498072e+01 1.158089e+02
      vertex   -1.447182e+01 -3.516726e+01 1.158339e+02
    endloop
  endfacet
  facet normal -6.326162e-01 7.728536e-01 4.993969e-02
    outer loop
      vertex   -1.447182e+01 -3.516726e+01 1.158339e+02
      vertex   -1.424590e+01 -3.498072e+01 1.158089e+02
      vertex   -1.454456e+01 -3.516726e+01 1.149125e+02
    endloop
  endfacet
  facet normal -7.707693e-01 6.342022e-01 6.084570e-02
    outer loop
      vertex   -1.447182e+01 -3.516726e+01 1.158339e+02
      vertex   -1.454456e+01 -3.516726e+01 1.149125e+02
      vertex   -1.473090e+01 -3.539457e+01 1.149213e+02
    endloop
  endfacet
  facet normal -7.730769e-01 6.342022e-01 1.181973e-02
    outer loop
      vertex   -1.473090e+01 -3.539457e+01 1.149213e+02
      vertex   -1.454456e+01 -3.516726e+01 1.149125e+02
      vertex   -1.474521e+01 -3.539457e+01 1.139852e+02
    endloop
  endfacet
  facet normal -8.819169e-01 4.712120e-01 1.348381e-02
    outer loop
      vertex   -1.473090e+01 -3.539457e+01 1.149213e+02
      vertex   -1.474521e+01 -3.539457e+01 1.139852e+02
      vertex   -1.488380e+01 -3.565390e+01 1.139830e+02
    endloop
  endfacet
  facet normal -8.809955e-01 4.712120e-01 -4.249877e-02
    outer loop
      vertex   -1.488380e+01 -3.565390e+01 1.139830e+02
      vertex   -1.474521e+01 -3.539457e+01 1.139852e+02
      vertex   -1.483827e+01 -3.565390e+01 1.130391e+02
    endloop
  endfacet
  facet normal -9.558694e-01 2.901507e-01 -4.611065e-02
    outer loop
      vertex   -1.488380e+01 -3.565390e+01 1.139830e+02
      vertex   -1.483827e+01 -3.565390e+01 1.130391e+02
      vertex   -1.492336e+01 -3.593529e+01 1.130323e+02
    endloop
  endfacet
  facet normal -9.510231e-01 2.901512e-01 -1.066183e-01
    outer loop
      vertex   -1.492336e+01 -3.593529e+01 1.130323e+02
      vertex   -1.483827e+01 -3.565390e+01 1.130391e+02
      vertex   -1.473316e+01 -3.565390e+01 1.121015e+02
    endloop
  endfacet
  facet normal -9.510423e-01 2.900784e-01 -1.066442e-01
    outer loop
      vertex   -1.492336e+01 -3.593529e+01 1.130323e+02
      vertex   -1.473316e+01 -3.565390e+01 1.121015e+02
      vertex   -1.481754e+01 -3.593529e+01 1.120886e+02
    endloop
  endfacet
  facet normal -9.423207e-01 2.902234e-01 -1.667397e-01
    outer loop
      vertex   -1.481754e+01 -3.593529e+01 1.120886e+02
      vertex   -1.473316e+01 -3.565390e+01 1.121015e+02
      vertex   -1.456826e+01 -3.565390e+01 1.111696e+02
    endloop
  endfacet
  facet normal -9.423383e-01 2.901505e-01 -1.667668e-01
    outer loop
      vertex   -1.481754e+01 -3.593529e+01 1.120886e+02
      vertex   -1.456826e+01 -3.565390e+01 1.111696e+02
      vertex   -1.465179e+01 -3.593529e+01 1.111520e+02
    endloop
  endfacet
  facet normal -9.298531e-01 2.901507e-01 -2.262427e-01
    outer loop
      vertex   -1.465179e+01 -3.593529e+01 1.111520e+02
      vertex   -1.456826e+01 -3.565390e+01 1.111696e+02
      vertex   -1.442712e+01 -3.593529e+01 1.102286e+02
    endloop
  endfacet
  facet normal -9.336132e-02 9.953996e-01 2.152625e-02
    outer loop
      vertex   -1.304552e+01 -3.472792e+01 1.177013e+02
      vertex   -1.324934e+01 -3.472792e+01 1.168173e+02
      vertex   -1.340545e+01 -3.475674e+01 1.174730e+02
    endloop
  endfacet
  facet normal -9.788785e-02 9.949877e-01 2.043038e-02
    outer loop
      vertex   -1.340545e+01 -3.475674e+01 1.174730e+02
      vertex   -1.324934e+01 -3.472792e+01 1.168173e+02
      vertex   -1.358434e+01 -3.475674e+01 1.166159e+02
    endloop
  endfacet
  facet normal -2.842927e-01 9.568997e-01 5.933533e-02
    outer loop
      vertex   -1.340545e+01 -3.475674e+01 1.174730e+02
      vertex   -1.358434e+01 -3.475674e+01 1.166159e+02
      vertex   -1.386148e+01 -3.484210e+01 1.166646e+02
    endloop
  endfacet
  facet normal -2.874845e-01 9.568997e-01 4.117813e-02
    outer loop
      vertex   -1.386148e+01 -3.484210e+01 1.166646e+02
      vertex   -1.358434e+01 -3.475674e+01 1.166159e+02
      vertex   -1.398815e+01 -3.484210e+01 1.157803e+02
    endloop
  endfacet
  facet normal -4.668171e-01 8.818225e-01 6.686500e-02
    outer loop
      vertex   -1.386148e+01 -3.484210e+01 1.166646e+02
      vertex   -1.398815e+01 -3.484210e+01 1.157803e+02
      vertex   -1.424590e+01 -3.498072e+01 1.158089e+02
    endloop
  endfacet
  facet normal -4.701190e-01 8.818225e-01 3.711191e-02
    outer loop
      vertex   -1.424590e+01 -3.498072e+01 1.158089e+02
      vertex   -1.398815e+01 -3.484210e+01 1.157803e+02
      vertex   -1.431750e+01 -3.498072e+01 1.149018e+02
    endloop
  endfacet
  facet normal -6.326162e-01 7.728536e-01 4.993969e-02
    outer loop
      vertex   -1.424590e+01 -3.498072e+01 1.158089e+02
      vertex   -1.431750e+01 -3.498072e+01 1.149018e+02
      vertex   -1.454456e+01 -3.516726e+01 1.149125e+02
    endloop
  endfacet
  facet normal -6.345102e-01 7.728536e-01 9.701158e-03
    outer loop
      vertex   -1.454456e+01 -3.516726e+01 1.149125e+02
      vertex   -1.431750e+01 -3.498072e+01 1.149018e+02
      vertex   -1.455869e+01 -3.516726e+01 1.139883e+02
    endloop
  endfacet
  facet normal -7.730769e-01 6.342022e-01 1.181973e-02
    outer loop
      vertex   -1.454456e+01 -3.516726e+01 1.149125e+02
      vertex   -1.455869e+01 -3.516726e+01 1.139883e+02
      vertex   -1.474521e+01 -3.539457e+01 1.139852e+02
    endloop
  endfacet
  facet normal -7.722692e-01 6.342022e-01 -3.725387e-02
    outer loop
      vertex   -1.474521e+01 -3.539457e+01 1.139852e+02
      vertex   -1.455869e+01 -3.516726e+01 1.139883e+02
      vertex   -1.470010e+01 -3.539457e+01 1.130502e+02
    endloop
  endfacet
  facet normal -8.809955e-01 4.712120e-01 -4.249877e-02
    outer loop
      vertex   -1.474521e+01 -3.539457e+01 1.139852e+02
      vertex   -1.470010e+01 -3.539457e+01 1.130502e+02
      vertex   -1.483827e+01 -3.565390e+01 1.130391e+02
    endloop
  endfacet
  facet normal -8.765309e-01 4.712128e-01 -9.824515e-02
    outer loop
      vertex   -1.483827e+01 -3.565390e+01 1.130391e+02
      vertex   -1.470010e+01 -3.539457e+01 1.130502e+02
      vertex   -1.459607e+01 -3.539457e+01 1.121220e+02
    endloop
  endfacet
  facet normal -8.765610e-01 4.711516e-01 -9.827043e-02
    outer loop
      vertex   -1.483827e+01 -3.565390e+01 1.130391e+02
      vertex   -1.459607e+01 -3.539457e+01 1.121220e+02
      vertex   -1.473316e+01 -3.565390e+01 1.121015e+02
    endloop
  endfacet
  facet normal -8.684998e-01 4.712729e-01 -1.536553e-01
    outer loop
      vertex   -1.473316e+01 -3.565390e+01 1.121015e+02
      vertex   -1.459607e+01 -3.539457e+01 1.121220e+02
      vertex   -1.443260e+01 -3.539457e+01 1.111981e+02
    endloop
  endfacet
  facet normal -8.685284e-01 4.712114e-01 -1.536825e-01
    outer loop
      vertex   -1.473316e+01 -3.565390e+01 1.121015e+02
      vertex   -1.443260e+01 -3.539457e+01 1.111981e+02
      vertex   -1.456826e+01 -3.565390e+01 1.111696e+02
    endloop
  endfacet
  facet normal -8.570171e-01 4.712120e-01 -2.085210e-01
    outer loop
      vertex   -1.456826e+01 -3.565390e+01 1.111696e+02
      vertex   -1.443260e+01 -3.539457e+01 1.111981e+02
      vertex   -1.434486e+01 -3.565390e+01 1.102514e+02
    endloop
  endfacet
  facet normal -9.298531e-01 2.901507e-01 -2.262427e-01
    outer loop
      vertex   -1.456826e+01 -3.565390e+01 1.111696e+02
      vertex   -1.434486e+01 -3.565390e+01 1.102514e+02
      vertex   -1.442712e+01 -3.593529e+01 1.102286e+02
    endloop
  endfacet
  facet normal -9.136251e-01 2.901507e-01 -2.847837e-01
    outer loop
      vertex   -1.442712e+01 -3.593529e+01 1.102286e+02
      vertex   -1.434486e+01 -3.565390e+01 1.102514e+02
      vertex   -1.414430e+01 -3.593529e+01 1.093213e+02
    endloop
  endfacet
  facet normal -9.480144e-02 9.953795e-01 1.524062e-02
    outer loop
      vertex   -1.324934e+01 -3.472792e+01 1.168173e+02
      vertex   -1.339333e+01 -3.472792e+01 1.159217e+02
      vertex   -1.358434e+01 -3.475674e+01 1.166159e+02
    endloop
  endfacet
  facet normal -9.873679e-02 9.950131e-01 1.414266e-02
    outer loop
      vertex   -1.358434e+01 -3.475674e+01 1.166159e+02
      vertex   -1.339333e+01 -3.472792e+01 1.159217e+02
      vertex   -1.370848e+01 -3.475674e+01 1.157492e+02
    endloop
  endfacet
  facet normal -2.874845e-01 9.568997e-01 4.117813e-02
    outer loop
      vertex   -1.358434e+01 -3.475674e+01 1.166159e+02
      vertex   -1.370848e+01 -3.475674e+01 1.157492e+02
      vertex   -1.398815e+01 -3.484210e+01 1.157803e+02
    endloop
  endfacet
  facet normal -2.895180e-01 9.568997e-01 2.285499e-02
    outer loop
      vertex   -1.398815e+01 -3.484210e+01 1.157803e+02
      vertex   -1.370848e+01 -3.475674e+01 1.157492e+02
      vertex   -1.405846e+01 -3.484210e+01 1.148896e+02
    endloop
  endfacet
  facet normal -4.701190e-01 8.818225e-01 3.711191e-02
    outer loop
      vertex   -1.398815e+01 -3.484210e+01 1.157803e+02
      vertex   -1.405846e+01 -3.484210e+01 1.148896e+02
      vertex   -1.431750e+01 -3.498072e+01 1.149018e+02
    endloop
  endfacet
  facet normal -4.715264e-01 8.818225e-01 7.209266e-03
    outer loop
      vertex   -1.431750e+01 -3.498072e+01 1.149018e+02
      vertex   -1.405846e+01 -3.484210e+01 1.148896e+02
      vertex   -1.433141e+01 -3.498072e+01 1.139920e+02
    endloop
  endfacet
  facet normal -6.345102e-01 7.728536e-01 9.701158e-03
    outer loop
      vertex   -1.431750e+01 -3.498072e+01 1.149018e+02
      vertex   -1.433141e+01 -3.498072e+01 1.139920e+02
      vertex   -1.455869e+01 -3.516726e+01 1.139883e+02
    endloop
  endfacet
  facet normal -6.338472e-01 7.728536e-01 -3.057646e-02
    outer loop
      vertex   -1.455869e+01 -3.516726e+01 1.139883e+02
      vertex   -1.433141e+01 -3.498072e+01 1.139920e+02
      vertex   -1.451415e+01 -3.516726e+01 1.130651e+02
    endloop
  endfacet
  facet normal -7.722692e-01 6.342022e-01 -3.725387e-02
    outer loop
      vertex   -1.455869e+01 -3.516726e+01 1.139883e+02
      vertex   -1.451415e+01 -3.516726e+01 1.130651e+02
      vertex   -1.470010e+01 -3.539457e+01 1.130502e+02
    endloop
  endfacet
  facet normal -7.683571e-01 6.342034e-01 -8.610139e-02
    outer loop
      vertex   -1.470010e+01 -3.539457e+01 1.130502e+02
      vertex   -1.451415e+01 -3.516726e+01 1.130651e+02
      vertex   -1.441154e+01 -3.516726e+01 1.121494e+02
    endloop
  endfacet
  facet normal -7.683929e-01 6.341569e-01 -8.612461e-02
    outer loop
      vertex   -1.470010e+01 -3.539457e+01 1.130502e+02
      vertex   -1.441154e+01 -3.516726e+01 1.121494e+02
      vertex   -1.459607e+01 -3.539457e+01 1.121220e+02
    endloop
  endfacet
  facet normal -7.613099e-01 6.342481e-01 -1.346719e-01
    outer loop
      vertex   -1.459607e+01 -3.539457e+01 1.121220e+02
      vertex   -1.441154e+01 -3.516726e+01 1.121494e+02
      vertex   -1.425003e+01 -3.516726e+01 1.112364e+02
    endloop
  endfacet
  facet normal -7.613444e-01 6.342013e-01 -1.346973e-01
    outer loop
      vertex   -1.459607e+01 -3.539457e+01 1.121220e+02
      vertex   -1.425003e+01 -3.516726e+01 1.112364e+02
      vertex   -1.443260e+01 -3.539457e+01 1.111981e+02
    endloop
  endfacet
  facet normal -7.512500e-01 6.342022e-01 -1.827868e-01
    outer loop
      vertex   -1.443260e+01 -3.539457e+01 1.111981e+02
      vertex   -1.425003e+01 -3.516726e+01 1.112364e+02
      vertex   -1.421128e+01 -3.539457e+01 1.102884e+02
    endloop
  endfacet
  facet normal -8.570171e-01 4.712120e-01 -2.085210e-01
    outer loop
      vertex   -1.443260e+01 -3.539457e+01 1.111981e+02
      vertex   -1.421128e+01 -3.539457e+01 1.102884e+02
      vertex   -1.434486e+01 -3.565390e+01 1.102514e+02
    endloop
  endfacet
  facet normal -8.420602e-01 4.712120e-01 -2.624764e-01
    outer loop
      vertex   -1.434486e+01 -3.565390e+01 1.102514e+02
      vertex   -1.421128e+01 -3.539457e+01 1.102884e+02
      vertex   -1.406366e+01 -3.565390e+01 1.093493e+02
    endloop
  endfacet
  facet normal -9.136251e-01 2.901507e-01 -2.847837e-01
    outer loop
      vertex   -1.434486e+01 -3.565390e+01 1.102514e+02
      vertex   -1.406366e+01 -3.565390e+01 1.093493e+02
      vertex   -1.414430e+01 -3.593529e+01 1.093213e+02
    endloop
  endfacet
  facet normal -8.937155e-01 2.901507e-01 -3.421772e-01
    outer loop
      vertex   -1.414430e+01 -3.593529e+01 1.093213e+02
      vertex   -1.406366e+01 -3.565390e+01 1.093493e+02
      vertex   -1.380449e+01 -3.593529e+01 1.084338e+02
    endloop
  endfacet
  facet normal -9.587960e-02 9.953535e-01 8.864297e-03
    outer loop
      vertex   -1.339333e+01 -3.472792e+01 1.159217e+02
      vertex   -1.347684e+01 -3.472792e+01 1.150184e+02
      vertex   -1.370848e+01 -3.475674e+01 1.157492e+02
    endloop
  endfacet
  facet normal -9.912101e-02 9.950446e-01 7.824763e-03
    outer loop
      vertex   -1.370848e+01 -3.475674e+01 1.157492e+02
      vertex   -1.347684e+01 -3.472792e+01 1.150184e+02
      vertex   -1.377738e+01 -3.475674e+01 1.148764e+02
    endloop
  endfacet
  facet normal -2.895180e-01 9.568997e-01 2.285499e-02
    outer loop
      vertex   -1.370848e+01 -3.475674e+01 1.157492e+02
      vertex   -1.377738e+01 -3.475674e+01 1.148764e+02
      vertex   -1.405846e+01 -3.484210e+01 1.148896e+02
    endloop
  endfacet
  facet normal -2.903847e-01 9.568997e-01 4.439753e-03
    outer loop
      vertex   -1.405846e+01 -3.484210e+01 1.148896e+02
      vertex   -1.377738e+01 -3.475674e+01 1.148764e+02
      vertex   -1.407212e+01 -3.484210e+01 1.139963e+02
    endloop
  endfacet
  facet normal -4.715264e-01 8.818225e-01 7.209266e-03
    outer loop
      vertex   -1.405846e+01 -3.484210e+01 1.148896e+02
      vertex   -1.407212e+01 -3.484210e+01 1.139963e+02
      vertex   -1.433141e+01 -3.498072e+01 1.139920e+02
    endloop
  endfacet
  facet normal -4.710338e-01 8.818225e-01 -2.272243e-02
    outer loop
      vertex   -1.433141e+01 -3.498072e+01 1.139920e+02
      vertex   -1.407212e+01 -3.484210e+01 1.139963e+02
      vertex   -1.428757e+01 -3.498072e+01 1.130832e+02
    endloop
  endfacet
  facet normal -6.338472e-01 7.728536e-01 -3.057646e-02
    outer loop
      vertex   -1.433141e+01 -3.498072e+01 1.139920e+02
      vertex   -1.428757e+01 -3.498072e+01 1.130832e+02
      vertex   -1.451415e+01 -3.516726e+01 1.130651e+02
    endloop
  endfacet
  facet normal -6.306374e-01 7.728549e-01 -7.065290e-02
    outer loop
      vertex   -1.451415e+01 -3.516726e+01 1.130651e+02
      vertex   -1.428757e+01 -3.498072e+01 1.130832e+02
      vertex   -1.418666e+01 -3.498072e+01 1.121825e+02
    endloop
  endfacet
  facet normal -6.306730e-01 7.728240e-01 -7.067265e-02
    outer loop
      vertex   -1.451415e+01 -3.516726e+01 1.130651e+02
      vertex   -1.418666e+01 -3.498072e+01 1.121825e+02
      vertex   -1.441154e+01 -3.516726e+01 1.121494e+02
    endloop
  endfacet
  facet normal -6.248494e-01 7.728838e-01 -1.105168e-01
    outer loop
      vertex   -1.441154e+01 -3.516726e+01 1.121494e+02
      vertex   -1.418666e+01 -3.498072e+01 1.121825e+02
      vertex   -1.402758e+01 -3.498072e+01 1.112831e+02
    endloop
  endfacet
  facet normal -6.248839e-01 7.728527e-01 -1.105388e-01
    outer loop
      vertex   -1.441154e+01 -3.516726e+01 1.121494e+02
      vertex   -1.402758e+01 -3.498072e+01 1.112831e+02
      vertex   -1.425003e+01 -3.516726e+01 1.112364e+02
    endloop
  endfacet
  facet normal -6.165955e-01 7.728536e-01 -1.500240e-01
    outer loop
      vertex   -1.425003e+01 -3.516726e+01 1.112364e+02
      vertex   -1.402758e+01 -3.498072e+01 1.112831e+02
      vertex   -1.403152e+01 -3.516726e+01 1.103383e+02
    endloop
  endfacet
  facet normal -7.512500e-01 6.342022e-01 -1.827868e-01
    outer loop
      vertex   -1.425003e+01 -3.516726e+01 1.112364e+02
      vertex   -1.403152e+01 -3.516726e+01 1.103383e+02
      vertex   -1.421128e+01 -3.539457e+01 1.102884e+02
    endloop
  endfacet
  facet normal -7.381390e-01 6.342022e-01 -2.300834e-01
    outer loop
      vertex   -1.421128e+01 -3.539457e+01 1.102884e+02
      vertex   -1.403152e+01 -3.516726e+01 1.103383e+02
      vertex   -1.393270e+01 -3.539457e+01 1.093947e+02
    endloop
  endfacet
  facet normal -8.420602e-01 4.712120e-01 -2.624764e-01
    outer loop
      vertex   -1.421128e+01 -3.539457e+01 1.102884e+02
      vertex   -1.393270e+01 -3.539457e+01 1.093947e+02
      vertex   -1.406366e+01 -3.565390e+01 1.093493e+02
    endloop
  endfacet
  facet normal -8.237101e-01 4.712120e-01 -3.153742e-01
    outer loop
      vertex   -1.406366e+01 -3.565390e+01 1.093493e+02
      vertex   -1.393270e+01 -3.539457e+01 1.093947e+02
      vertex   -1.372579e+01 -3.565390e+01 1.084668e+02
    endloop
  endfacet
  facet normal -8.937155e-01 2.901507e-01 -3.421772e-01
    outer loop
      vertex   -1.406366e+01 -3.565390e+01 1.093493e+02
      vertex   -1.372579e+01 -3.565390e+01 1.084668e+02
      vertex   -1.380449e+01 -3.593529e+01 1.084338e+02
    endloop
  endfacet
  facet normal -8.702045e-01 2.901507e-01 -3.981917e-01
    outer loop
      vertex   -1.380449e+01 -3.593529e+01 1.084338e+02
      vertex   -1.372579e+01 -3.565390e+01 1.084668e+02
      vertex   -1.340905e+01 -3.593529e+01 1.075696e+02
    endloop
  endfacet
  facet normal -9.659113e-02 9.953212e-01 2.413439e-03
    outer loop
      vertex   -1.347684e+01 -3.472792e+01 1.150184e+02
      vertex   -1.349950e+01 -3.472792e+01 1.141115e+02
      vertex   -1.377738e+01 -3.475674e+01 1.148764e+02
    endloop
  endfacet
  facet normal -9.904135e-02 9.950822e-01 1.514264e-03
    outer loop
      vertex   -1.377738e+01 -3.475674e+01 1.148764e+02
      vertex   -1.349950e+01 -3.472792e+01 1.141115e+02
      vertex   -1.379077e+01 -3.475674e+01 1.140009e+02
    endloop
  endfacet
  facet normal -2.903847e-01 9.568997e-01 4.439753e-03
    outer loop
      vertex   -1.377738e+01 -3.475674e+01 1.148764e+02
      vertex   -1.379077e+01 -3.475674e+01 1.140009e+02
      vertex   -1.407212e+01 -3.484210e+01 1.139963e+02
    endloop
  endfacet
  facet normal -2.900813e-01 9.568997e-01 -1.399337e-02
    outer loop
      vertex   -1.407212e+01 -3.484210e+01 1.139963e+02
      vertex   -1.379077e+01 -3.475674e+01 1.140009e+02
      vertex   -1.402907e+01 -3.484210e+01 1.131039e+02
    endloop
  endfacet
  facet normal -4.710338e-01 8.818225e-01 -2.272243e-02
    outer loop
      vertex   -1.407212e+01 -3.484210e+01 1.139963e+02
      vertex   -1.402907e+01 -3.484210e+01 1.131039e+02
      vertex   -1.428757e+01 -3.498072e+01 1.130832e+02
    endloop
  endfacet
  facet normal -4.686491e-01 8.818234e-01 -5.249297e-02
    outer loop
      vertex   -1.428757e+01 -3.498072e+01 1.130832e+02
      vertex   -1.402907e+01 -3.484210e+01 1.131039e+02
      vertex   -1.393009e+01 -3.484210e+01 1.122202e+02
    endloop
  endfacet
  facet normal -4.686790e-01 8.818066e-01 -5.250803e-02
    outer loop
      vertex   -1.428757e+01 -3.498072e+01 1.130832e+02
      vertex   -1.393009e+01 -3.484210e+01 1.122202e+02
      vertex   -1.418666e+01 -3.498072e+01 1.121825e+02
    endloop
  endfacet
  facet normal -4.643463e-01 8.818386e-01 -8.211687e-02
    outer loop
      vertex   -1.418666e+01 -3.498072e+01 1.121825e+02
      vertex   -1.393009e+01 -3.484210e+01 1.122202e+02
      vertex   -1.377378e+01 -3.484210e+01 1.113364e+02
    endloop
  endfacet
  facet normal -4.643754e-01 8.818217e-01 -8.213383e-02
    outer loop
      vertex   -1.418666e+01 -3.498072e+01 1.121825e+02
      vertex   -1.377378e+01 -3.484210e+01 1.113364e+02
      vertex   -1.402758e+01 -3.498072e+01 1.112831e+02
    endloop
  endfacet
  facet normal -4.582134e-01 8.818225e-01 -1.114880e-01
    outer loop
      vertex   -1.402758e+01 -3.498072e+01 1.112831e+02
      vertex   -1.377378e+01 -3.484210e+01 1.113364e+02
      vertex   -1.381247e+01 -3.498072e+01 1.103990e+02
    endloop
  endfacet
  facet normal -6.165955e-01 7.728536e-01 -1.500240e-01
    outer loop
      vertex   -1.402758e+01 -3.498072e+01 1.112831e+02
      vertex   -1.381247e+01 -3.498072e+01 1.103990e+02
      vertex   -1.403152e+01 -3.516726e+01 1.103383e+02
    endloop
  endfacet
  facet normal -6.058346e-01 7.728536e-01 -1.888431e-01
    outer loop
      vertex   -1.403152e+01 -3.516726e+01 1.103383e+02
      vertex   -1.381247e+01 -3.498072e+01 1.103990e+02
      vertex   -1.375646e+01 -3.516726e+01 1.094558e+02
    endloop
  endfacet
  facet normal -7.381390e-01 6.342022e-01 -2.300834e-01
    outer loop
      vertex   -1.403152e+01 -3.516726e+01 1.103383e+02
      vertex   -1.375646e+01 -3.516726e+01 1.094558e+02
      vertex   -1.393270e+01 -3.539457e+01 1.093947e+02
    endloop
  endfacet
  facet normal -7.220535e-01 6.342022e-01 -2.764529e-01
    outer loop
      vertex   -1.393270e+01 -3.539457e+01 1.093947e+02
      vertex   -1.375646e+01 -3.516726e+01 1.094558e+02
      vertex   -1.359797e+01 -3.539457e+01 1.085205e+02
    endloop
  endfacet
  facet normal -8.237101e-01 4.712120e-01 -3.153742e-01
    outer loop
      vertex   -1.393270e+01 -3.539457e+01 1.093947e+02
      vertex   -1.359797e+01 -3.539457e+01 1.085205e+02
      vertex   -1.372579e+01 -3.565390e+01 1.084668e+02
    endloop
  endfacet
  facet normal -8.020408e-01 4.712120e-01 -3.670011e-01
    outer loop
      vertex   -1.372579e+01 -3.565390e+01 1.084668e+02
      vertex   -1.359797e+01 -3.539457e+01 1.085205e+02
      vertex   -1.333260e+01 -3.565390e+01 1.076075e+02
    endloop
  endfacet
  facet normal -8.702045e-01 2.901507e-01 -3.981917e-01
    outer loop
      vertex   -1.372579e+01 -3.565390e+01 1.084668e+02
      vertex   -1.333260e+01 -3.565390e+01 1.076075e+02
      vertex   -1.340905e+01 -3.593529e+01 1.075696e+02
    endloop
  endfacet
  facet normal -8.431869e-01 2.901507e-01 -4.526017e-01
    outer loop
      vertex   -1.340905e+01 -3.593529e+01 1.075696e+02
      vertex   -1.333260e+01 -3.565390e+01 1.076075e+02
      vertex   -1.295958e+01 -3.593529e+01 1.067322e+02
    endloop
  endfacet
  facet normal -9.693181e-02 9.952826e-01 -4.095713e-03
    outer loop
      vertex   -1.349950e+01 -3.472792e+01 1.141115e+02
      vertex   -1.346120e+01 -3.472792e+01 1.132052e+02
      vertex   -1.379077e+01 -3.475674e+01 1.140009e+02
    endloop
  endfacet
  facet normal -9.850203e-02 9.951255e-01 -4.751687e-03
    outer loop
      vertex   -1.379077e+01 -3.475674e+01 1.140009e+02
      vertex   -1.346120e+01 -3.472792e+01 1.132052e+02
      vertex   -1.374858e+01 -3.475674e+01 1.131264e+02
    endloop
  endfacet
  facet normal -2.900813e-01 9.568997e-01 -1.399337e-02
    outer loop
      vertex   -1.379077e+01 -3.475674e+01 1.140009e+02
      vertex   -1.374858e+01 -3.475674e+01 1.131264e+02
      vertex   -1.402907e+01 -3.484210e+01 1.131039e+02
    endloop
  endfacet
  facet normal -2.886132e-01 9.569001e-01 -3.232009e-02
    outer loop
      vertex   -1.402907e+01 -3.484210e+01 1.131039e+02
      vertex   -1.374858e+01 -3.475674e+01 1.131264e+02
      vertex   -1.365167e+01 -3.475674e+01 1.122610e+02
    endloop
  endfacet
  facet normal -2.886328e-01 9.568939e-01 -3.232950e-02
    outer loop
      vertex   -1.402907e+01 -3.484210e+01 1.131039e+02
      vertex   -1.365167e+01 -3.475674e+01 1.122610e+02
      vertex   -1.393009e+01 -3.484210e+01 1.122202e+02
    endloop
  endfacet
  facet normal -2.859633e-01 9.569056e-01 -5.056362e-02
    outer loop
      vertex   -1.393009e+01 -3.484210e+01 1.122202e+02
      vertex   -1.365167e+01 -3.475674e+01 1.122610e+02
      vertex   -1.349839e+01 -3.475674e+01 1.113942e+02
    endloop
  endfacet
  facet normal -2.859825e-01 9.568993e-01 -5.057429e-02
    outer loop
      vertex   -1.393009e+01 -3.484210e+01 1.122202e+02
      vertex   -1.349839e+01 -3.475674e+01 1.113942e+02
      vertex   -1.377378e+01 -3.484210e+01 1.113364e+02
    endloop
  endfacet
  facet normal -2.821861e-01 9.568997e-01 -6.865874e-02
    outer loop
      vertex   -1.377378e+01 -3.484210e+01 1.113364e+02
      vertex   -1.349839e+01 -3.475674e+01 1.113942e+02
      vertex   -1.356257e+01 -3.484210e+01 1.104683e+02
    endloop
  endfacet
  facet normal -4.582134e-01 8.818225e-01 -1.114880e-01
    outer loop
      vertex   -1.377378e+01 -3.484210e+01 1.113364e+02
      vertex   -1.356257e+01 -3.484210e+01 1.104683e+02
      vertex   -1.381247e+01 -3.498072e+01 1.103990e+02
    endloop
  endfacet
  facet normal -4.502166e-01 8.818225e-01 -1.403359e-01
    outer loop
      vertex   -1.381247e+01 -3.498072e+01 1.103990e+02
      vertex   -1.356257e+01 -3.484210e+01 1.104683e+02
      vertex   -1.354171e+01 -3.498072e+01 1.095303e+02
    endloop
  endfacet
  facet normal -6.058346e-01 7.728536e-01 -1.888431e-01
    outer loop
      vertex   -1.381247e+01 -3.498072e+01 1.103990e+02
      vertex   -1.354171e+01 -3.498072e+01 1.095303e+02
      vertex   -1.375646e+01 -3.516726e+01 1.094558e+02
    endloop
  endfacet
  facet normal -5.926323e-01 7.728536e-01 -2.269013e-01
    outer loop
      vertex   -1.375646e+01 -3.516726e+01 1.094558e+02
      vertex   -1.354171e+01 -3.498072e+01 1.095303e+02
      vertex   -1.342597e+01 -3.516726e+01 1.085927e+02
    endloop
  endfacet
  facet normal -7.220535e-01 6.342022e-01 -2.764529e-01
    outer loop
      vertex   -1.375646e+01 -3.516726e+01 1.094558e+02
      vertex   -1.342597e+01 -3.516726e+01 1.085927e+02
      vertex   -1.359797e+01 -3.539457e+01 1.085205e+02
    endloop
  endfacet
  facet normal -7.030585e-01 6.342022e-01 -3.217084e-01
    outer loop
      vertex   -1.359797e+01 -3.539457e+01 1.085205e+02
      vertex   -1.342597e+01 -3.516726e+01 1.085927e+02
      vertex   -1.320845e+01 -3.539457e+01 1.076692e+02
    endloop
  endfacet
  facet normal -8.020408e-01 4.712120e-01 -3.670011e-01
    outer loop
      vertex   -1.359797e+01 -3.539457e+01 1.085205e+02
      vertex   -1.320845e+01 -3.539457e+01 1.076692e+02
      vertex   -1.333260e+01 -3.565390e+01 1.076075e+02
    endloop
  endfacet
  facet normal -7.771395e-01 4.712120e-01 -4.171491e-01
    outer loop
      vertex   -1.333260e+01 -3.565390e+01 1.076075e+02
      vertex   -1.320845e+01 -3.539457e+01 1.076692e+02
      vertex   -1.288569e+01 -3.565390e+01 1.067750e+02
    endloop
  endfacet
  facet normal -8.431869e-01 2.901507e-01 -4.526017e-01
    outer loop
      vertex   -1.333260e+01 -3.565390e+01 1.076075e+02
      vertex   -1.288569e+01 -3.565390e+01 1.067750e+02
      vertex   -1.295958e+01 -3.593529e+01 1.067322e+02
    endloop
  endfacet
  facet normal -8.127716e-01 2.901507e-01 -5.051879e-01
    outer loop
      vertex   -1.295958e+01 -3.593529e+01 1.067322e+02
      vertex   -1.288569e+01 -3.565390e+01 1.067750e+02
      vertex   -1.245789e+01 -3.593529e+01 1.059251e+02
    endloop
  endfacet
  facet normal -9.689797e-02 9.952374e-01 -1.064684e-02
    outer loop
      vertex   -1.346120e+01 -3.472792e+01 1.132052e+02
      vertex   -1.336212e+01 -3.472792e+01 1.123034e+02
      vertex   -1.374858e+01 -3.475674e+01 1.131264e+02
    endloop
  endfacet
  facet normal -9.746331e-02 9.951793e-01 -1.091434e-02
    outer loop
      vertex   -1.374858e+01 -3.475674e+01 1.131264e+02
      vertex   -1.336212e+01 -3.472792e+01 1.123034e+02
      vertex   -1.365167e+01 -3.475674e+01 1.122610e+02
    endloop
  endfacet
  facet normal -9.656167e-02 9.951805e-01 -1.707390e-02
    outer loop
      vertex   -1.365167e+01 -3.475674e+01 1.122610e+02
      vertex   -1.336212e+01 -3.472792e+01 1.123034e+02
      vertex   -1.349839e+01 -3.475674e+01 1.113942e+02
    endloop
  endfacet
  facet normal -9.606943e-02 9.952269e-01 -1.714914e-02
    outer loop
      vertex   -1.349839e+01 -3.475674e+01 1.113942e+02
      vertex   -1.336212e+01 -3.472792e+01 1.123034e+02
      vertex   -1.320271e+01 -3.472792e+01 1.114104e+02
    endloop
  endfacet
  facet normal -9.572369e-02 9.951354e-01 -2.329055e-02
    outer loop
      vertex   -1.349839e+01 -3.475674e+01 1.113942e+02
      vertex   -1.320271e+01 -3.472792e+01 1.114104e+02
      vertex   -1.329140e+01 -3.475674e+01 1.105434e+02
    endloop
  endfacet
  facet normal -9.423790e-02 9.952736e-01 -2.344715e-02
    outer loop
      vertex   -1.329140e+01 -3.475674e+01 1.105434e+02
      vertex   -1.320271e+01 -3.472792e+01 1.114104e+02
      vertex   -1.298368e+01 -3.472792e+01 1.105301e+02
    endloop
  endfacet
  facet normal -9.448163e-02 9.950909e-01 -2.945063e-02
    outer loop
      vertex   -1.329140e+01 -3.475674e+01 1.105434e+02
      vertex   -1.298368e+01 -3.472792e+01 1.105301e+02
      vertex   -1.303085e+01 -3.475674e+01 1.097076e+02
    endloop
  endfacet
  facet normal -9.205931e-02 9.953136e-01 -2.959736e-02
    outer loop
      vertex   -1.303085e+01 -3.475674e+01 1.097076e+02
      vertex   -1.298368e+01 -3.472792e+01 1.105301e+02
      vertex   -1.270602e+01 -3.472792e+01 1.096665e+02
    endloop
  endfacet
  facet normal -9.278625e-02 9.950521e-01 -3.552511e-02
    outer loop
      vertex   -1.303085e+01 -3.475674e+01 1.097076e+02
      vertex   -1.270602e+01 -3.472792e+01 1.096665e+02
      vertex   -1.271779e+01 -3.475674e+01 1.088899e+02
    endloop
  endfacet
  facet normal -8.954192e-02 9.953471e-01 -3.558523e-02
    outer loop
      vertex   -1.271779e+01 -3.475674e+01 1.088899e+02
      vertex   -1.270602e+01 -3.472792e+01 1.096665e+02
      vertex   -1.237099e+01 -3.472792e+01 1.088234e+02
    endloop
  endfacet
  facet normal -9.064383e-02 9.950193e-01 -4.147717e-02
    outer loop
      vertex   -1.271779e+01 -3.475674e+01 1.088899e+02
      vertex   -1.237099e+01 -3.472792e+01 1.088234e+02
      vertex   -1.235348e+01 -3.475674e+01 1.080937e+02
    endloop
  endfacet
  facet normal -8.669445e-02 9.953745e-01 -4.139644e-02
    outer loop
      vertex   -1.235348e+01 -3.475674e+01 1.080937e+02
      vertex   -1.237099e+01 -3.472792e+01 1.088234e+02
      vertex   -1.198010e+01 -3.472792e+01 1.080048e+02
    endloop
  endfacet
  facet normal -8.806395e-02 9.949926e-01 -4.727053e-02
    outer loop
      vertex   -1.235348e+01 -3.475674e+01 1.080937e+02
      vertex   -1.198010e+01 -3.472792e+01 1.080048e+02
      vertex   -1.193939e+01 -3.475674e+01 1.073223e+02
    endloop
  endfacet
  facet normal -8.352605e-02 9.953958e-01 -4.701689e-02
    outer loop
      vertex   -1.193939e+01 -3.475674e+01 1.073223e+02
      vertex   -1.198010e+01 -3.472792e+01 1.080048e+02
      vertex   -1.153512e+01 -3.472792e+01 1.072143e+02
    endloop
  endfacet
  facet normal -8.505949e-02 9.949722e-01 -5.286974e-02
    outer loop
      vertex   -1.193939e+01 -3.475674e+01 1.073223e+02
      vertex   -1.153512e+01 -3.472792e+01 1.072143e+02
      vertex   -1.147719e+01 -3.475674e+01 1.065787e+02
    endloop
  endfacet
  facet normal -8.004634e-02 9.954112e-01 -5.243278e-02
    outer loop
      vertex   -1.147719e+01 -3.475674e+01 1.065787e+02
      vertex   -1.153512e+01 -3.472792e+01 1.072143e+02
      vertex   -1.103805e+01 -3.472792e+01 1.064554e+02
    endloop
  endfacet
  facet normal -8.164654e-02 9.949582e-01 -5.824056e-02
    outer loop
      vertex   -1.147719e+01 -3.475674e+01 1.065787e+02
      vertex   -1.103805e+01 -3.472792e+01 1.064554e+02
      vertex   -1.096874e+01 -3.475674e+01 1.058659e+02
    endloop
  endfacet
  facet normal -7.626536e-02 9.954207e-01 -5.763056e-02
    outer loop
      vertex   -1.096874e+01 -3.475674e+01 1.058659e+02
      vertex   -1.103805e+01 -3.472792e+01 1.064554e+02
      vertex   -1.049114e+01 -3.472792e+01 1.057317e+02
    endloop
  endfacet
  facet normal -7.784427e-02 9.949508e-01 -6.335023e-02
    outer loop
      vertex   -1.096874e+01 -3.475674e+01 1.058659e+02
      vertex   -1.049114e+01 -3.472792e+01 1.057317e+02
      vertex   -1.041610e+01 -3.475674e+01 1.051868e+02
    endloop
  endfacet
  facet normal -7.219360e-02 9.954244e-01 -6.259704e-02
    outer loop
      vertex   -1.041610e+01 -3.475674e+01 1.051868e+02
      vertex   -1.049114e+01 -3.472792e+01 1.057317e+02
      vertex   -9.896857e+00 -3.472792e+01 1.050463e+02
    endloop
  endfacet
  facet normal -7.367477e-02 9.949498e-01 -6.816786e-02
    outer loop
      vertex   -1.041610e+01 -3.475674e+01 1.051868e+02
      vertex   -9.896857e+00 -3.472792e+01 1.050463e+02
      vertex   -9.821473e+00 -3.475674e+01 1.045441e+02
    endloop
  endfacet
  facet normal -6.784198e-02 9.954223e-01 -6.731935e-02
    outer loop
      vertex   -9.821473e+00 -3.475674e+01 1.045441e+02
      vertex   -9.896857e+00 -3.472792e+01 1.050463e+02
      vertex   -9.257886e+00 -3.472792e+01 1.044024e+02
    endloop
  endfacet
  facet normal -6.916283e-02 9.949555e-01 -7.266463e-02
    outer loop
      vertex   -9.821473e+00 -3.475674e+01 1.045441e+02
      vertex   -9.257886e+00 -3.472792e+01 1.044024e+02
      vertex   -9.187273e+00 -3.475674e+01 1.039405e+02
    endloop
  endfacet
  facet normal -6.322181e-02 9.954144e-01 -7.178496e-02
    outer loop
      vertex   -9.187273e+00 -3.475674e+01 1.039405e+02
      vertex   -9.257886e+00 -3.472792e+01 1.044024e+02
      vertex   -8.577112e+00 -3.472792e+01 1.038028e+02
    endloop
  endfacet
  facet normal -6.433577e-02 9.949676e-01 -7.681412e-02
    outer loop
      vertex   -9.187273e+00 -3.475674e+01 1.039405e+02
      vertex   -8.577112e+00 -3.472792e+01 1.038028e+02
      vertex   -8.516052e+00 -3.475674e+01 1.033783e+02
    endloop
  endfacet
  facet normal -5.834482e-02 9.954008e-01 -7.598173e-02
    outer loop
      vertex   -8.516052e+00 -3.475674e+01 1.033783e+02
      vertex   -8.577112e+00 -3.472792e+01 1.038028e+02
      vertex   -7.857609e+00 -3.472792e+01 1.032503e+02
    endloop
  endfacet
  facet normal -5.922314e-02 9.949862e-01 -8.059249e-02
    outer loop
      vertex   -8.516052e+00 -3.475674e+01 1.033783e+02
      vertex   -7.857609e+00 -3.472792e+01 1.032503e+02
      vertex   -7.810514e+00 -3.475674e+01 1.028599e+02
    endloop
  endfacet
  facet normal -5.322308e-02 9.953811e-01 -7.989793e-02
    outer loop
      vertex   -7.810514e+00 -3.475674e+01 1.028599e+02
      vertex   -7.857609e+00 -3.472792e+01 1.032503e+02
      vertex   -7.102626e+00 -3.472792e+01 1.027474e+02
    endloop
  endfacet
  facet normal -5.385644e-02 9.950111e-01 -8.397876e-02
    outer loop
      vertex   -7.810514e+00 -3.475674e+01 1.028599e+02
      vertex   -7.102626e+00 -3.472792e+01 1.027474e+02
      vertex   -7.073503e+00 -3.475674e+01 1.023872e+02
    endloop
  endfacet
  facet normal -4.786903e-02 9.953555e-01 -8.352219e-02
    outer loop
      vertex   -7.073503e+00 -3.475674e+01 1.023872e+02
      vertex   -7.102626e+00 -3.472792e+01 1.027474e+02
      vertex   -6.315572e+00 -3.472792e+01 1.022963e+02
    endloop
  endfacet
  facet normal -4.826887e-02 9.950422e-01 -8.695491e-02
    outer loop
      vertex   -7.073503e+00 -3.475674e+01 1.023872e+02
      vertex   -6.315572e+00 -3.472792e+01 1.022963e+02
      vertex   -6.307988e+00 -3.475674e+01 1.019623e+02
    endloop
  endfacet
  facet normal -4.644612e-01 2.901507e-01 -8.367128e-01
    outer loop
      vertex   -6.807950e+00 -3.565390e+01 1.009901e+02
      vertex   -6.846988e+00 -3.593529e+01 1.009142e+02
      vertex   -7.634138e+00 -3.565390e+01 1.014487e+02
    endloop
  endfacet
  facet normal -4.644612e-01 2.901507e-01 -8.367128e-01
    outer loop
      vertex   -7.634138e+00 -3.565390e+01 1.014487e+02
      vertex   -6.846988e+00 -3.593529e+01 1.009142e+02
      vertex   -7.677914e+00 -3.593529e+01 1.013755e+02
    endloop
  endfacet
  facet normal -5.166127e-01 2.901507e-01 -8.055581e-01
    outer loop
      vertex   -7.634138e+00 -3.565390e+01 1.014487e+02
      vertex   -7.677914e+00 -3.593529e+01 1.013755e+02
      vertex   -8.429564e+00 -3.565390e+01 1.019589e+02
    endloop
  endfacet
  facet normal -5.166127e-01 2.901507e-01 -8.055581e-01
    outer loop
      vertex   -8.429564e+00 -3.565390e+01 1.019589e+02
      vertex   -7.677914e+00 -3.593529e+01 1.013755e+02
      vertex   -8.477901e+00 -3.593529e+01 1.018885e+02
    endloop
  endfacet
  facet normal -5.666825e-01 2.901507e-01 -7.711573e-01
    outer loop
      vertex   -8.429564e+00 -3.565390e+01 1.019589e+02
      vertex   -8.477901e+00 -3.593529e+01 1.018885e+02
      vertex   -9.191022e+00 -3.565390e+01 1.025184e+02
    endloop
  endfacet
  facet normal -5.666825e-01 2.901507e-01 -7.711573e-01
    outer loop
      vertex   -9.191022e+00 -3.565390e+01 1.025184e+02
      vertex   -8.477901e+00 -3.593529e+01 1.018885e+02
      vertex   -9.243725e+00 -3.593529e+01 1.024513e+02
    endloop
  endfacet
  facet normal -6.144687e-01 2.901507e-01 -7.336490e-01
    outer loop
      vertex   -9.191022e+00 -3.565390e+01 1.025184e+02
      vertex   -9.243725e+00 -3.593529e+01 1.024513e+02
      vertex   -9.915443e+00 -3.565390e+01 1.031251e+02
    endloop
  endfacet
  facet normal -6.144687e-01 2.901507e-01 -7.336490e-01
    outer loop
      vertex   -9.915443e+00 -3.565390e+01 1.031251e+02
      vertex   -9.243725e+00 -3.593529e+01 1.024513e+02
      vertex   -9.972300e+00 -3.593529e+01 1.030615e+02
    endloop
  endfacet
  facet normal -6.597788e-01 2.901507e-01 -6.931843e-01
    outer loop
      vertex   -9.915443e+00 -3.565390e+01 1.031251e+02
      vertex   -9.972300e+00 -3.593529e+01 1.030615e+02
      vertex   -1.059991e+01 -3.565390e+01 1.037766e+02
    endloop
  endfacet
  facet normal -6.597788e-01 2.901507e-01 -6.931843e-01
    outer loop
      vertex   -1.059991e+01 -3.565390e+01 1.037766e+02
      vertex   -9.972300e+00 -3.593529e+01 1.030615e+02
      vertex   -1.066069e+01 -3.593529e+01 1.037167e+02
    endloop
  endfacet
  facet normal -7.024303e-01 2.901507e-01 -6.499263e-01
    outer loop
      vertex   -1.059991e+01 -3.565390e+01 1.037766e+02
      vertex   -1.066069e+01 -3.593529e+01 1.037167e+02
      vertex   -1.124166e+01 -3.565390e+01 1.044702e+02
    endloop
  endfacet
  facet normal -7.024303e-01 2.901507e-01 -6.499263e-01
    outer loop
      vertex   -1.124166e+01 -3.565390e+01 1.044702e+02
      vertex   -1.066069e+01 -3.593529e+01 1.037167e+02
      vertex   -1.130612e+01 -3.593529e+01 1.044143e+02
    endloop
  endfacet
  facet normal -7.422512e-01 2.901507e-01 -6.040494e-01
    outer loop
      vertex   -1.124166e+01 -3.565390e+01 1.044702e+02
      vertex   -1.130612e+01 -3.593529e+01 1.044143e+02
      vertex   -1.183811e+01 -3.565390e+01 1.052031e+02
    endloop
  endfacet
  facet normal -7.422512e-01 2.901507e-01 -6.040494e-01
    outer loop
      vertex   -1.183811e+01 -3.565390e+01 1.052031e+02
      vertex   -1.130612e+01 -3.593529e+01 1.044143e+02
      vertex   -1.190599e+01 -3.593529e+01 1.051514e+02
    endloop
  endfacet
  facet normal -7.790811e-01 2.901507e-01 -5.557384e-01
    outer loop
      vertex   -1.183811e+01 -3.565390e+01 1.052031e+02
      vertex   -1.190599e+01 -3.593529e+01 1.051514e+02
      vertex   -1.238686e+01 -3.565390e+01 1.059724e+02
    endloop
  endfacet
  facet normal -7.790811e-01 2.901507e-01 -5.557384e-01
    outer loop
      vertex   -1.238686e+01 -3.565390e+01 1.059724e+02
      vertex   -1.190599e+01 -3.593529e+01 1.051514e+02
      vertex   -1.245789e+01 -3.593529e+01 1.059251e+02
    endloop
  endfacet
  facet normal -8.127716e-01 2.901507e-01 -5.051879e-01
    outer loop
      vertex   -1.238686e+01 -3.565390e+01 1.059724e+02
      vertex   -1.245789e+01 -3.593529e+01 1.059251e+02
      vertex   -1.288569e+01 -3.565390e+01 1.067750e+02
    endloop
  endfacet
  facet normal -4.280796e-01 4.712120e-01 -7.711726e-01
    outer loop
      vertex   -6.744555e+00 -3.539457e+01 1.011134e+02
      vertex   -6.807950e+00 -3.565390e+01 1.009901e+02
      vertex   -7.563050e+00 -3.539457e+01 1.015677e+02
    endloop
  endfacet
  facet normal -4.280796e-01 4.712120e-01 -7.711726e-01
    outer loop
      vertex   -7.563050e+00 -3.539457e+01 1.015677e+02
      vertex   -6.807950e+00 -3.565390e+01 1.009901e+02
      vertex   -7.634138e+00 -3.565390e+01 1.014487e+02
    endloop
  endfacet
  facet normal -4.761461e-01 4.712120e-01 -7.424582e-01
    outer loop
      vertex   -7.563050e+00 -3.539457e+01 1.015677e+02
      vertex   -7.634138e+00 -3.565390e+01 1.014487e+02
      vertex   -8.351069e+00 -3.539457e+01 1.020731e+02
    endloop
  endfacet
  facet normal -4.761461e-01 4.712120e-01 -7.424582e-01
    outer loop
      vertex   -8.351069e+00 -3.539457e+01 1.020731e+02
      vertex   -7.634138e+00 -3.565390e+01 1.014487e+02
      vertex   -8.429564e+00 -3.565390e+01 1.019589e+02
    endloop
  endfacet
  facet normal -5.222938e-01 4.712120e-01 -7.107520e-01
    outer loop
      vertex   -8.351069e+00 -3.539457e+01 1.020731e+02
      vertex   -8.429564e+00 -3.565390e+01 1.019589e+02
      vertex   -9.105436e+00 -3.539457e+01 1.026274e+02
    endloop
  endfacet
  facet normal -5.222938e-01 4.712120e-01 -7.107520e-01
    outer loop
      vertex   -9.105436e+00 -3.539457e+01 1.026274e+02
      vertex   -8.429564e+00 -3.565390e+01 1.019589e+02
      vertex   -9.191022e+00 -3.565390e+01 1.025184e+02
    endloop
  endfacet
  facet normal -5.663369e-01 4.712120e-01 -6.761817e-01
    outer loop
      vertex   -9.105436e+00 -3.539457e+01 1.026274e+02
      vertex   -9.191022e+00 -3.565390e+01 1.025184e+02
      vertex   -9.823111e+00 -3.539457e+01 1.032285e+02
    endloop
  endfacet
  facet normal -5.663369e-01 4.712120e-01 -6.761817e-01
    outer loop
      vertex   -9.823111e+00 -3.539457e+01 1.032285e+02
      vertex   -9.191022e+00 -3.565390e+01 1.025184e+02
      vertex   -9.915443e+00 -3.565390e+01 1.031251e+02
    endloop
  endfacet
  facet normal -6.080979e-01 4.712120e-01 -6.388867e-01
    outer loop
      vertex   -9.823111e+00 -3.539457e+01 1.032285e+02
      vertex   -9.915443e+00 -3.565390e+01 1.031251e+02
      vertex   -1.050120e+01 -3.539457e+01 1.038739e+02
    endloop
  endfacet
  facet normal -6.080979e-01 4.712120e-01 -6.388867e-01
    outer loop
      vertex   -1.050120e+01 -3.539457e+01 1.038739e+02
      vertex   -9.915443e+00 -3.565390e+01 1.031251e+02
      vertex   -1.059991e+01 -3.565390e+01 1.037766e+02
    endloop
  endfacet
  facet normal -6.474085e-01 4.712120e-01 -5.990172e-01
    outer loop
      vertex   -1.050120e+01 -3.539457e+01 1.038739e+02
      vertex   -1.059991e+01 -3.565390e+01 1.037766e+02
      vertex   -1.113698e+01 -3.539457e+01 1.045611e+02
    endloop
  endfacet
  facet normal -6.474085e-01 4.712120e-01 -5.990172e-01
    outer loop
      vertex   -1.113698e+01 -3.539457e+01 1.045611e+02
      vertex   -1.059991e+01 -3.565390e+01 1.037766e+02
      vertex   -1.124166e+01 -3.565390e+01 1.044702e+02
    endloop
  endfacet
  facet normal -6.841102e-01 4.712120e-01 -5.567338e-01
    outer loop
      vertex   -1.113698e+01 -3.539457e+01 1.045611e+02
      vertex   -1.124166e+01 -3.565390e+01 1.044702e+02
      vertex   -1.172788e+01 -3.539457e+01 1.052872e+02
    endloop
  endfacet
  facet normal -6.841102e-01 4.712120e-01 -5.567338e-01
    outer loop
      vertex   -1.172788e+01 -3.539457e+01 1.052872e+02
      vertex   -1.124166e+01 -3.565390e+01 1.044702e+02
      vertex   -1.183811e+01 -3.565390e+01 1.052031e+02
    endloop
  endfacet
  facet normal -7.180552e-01 4.712120e-01 -5.122070e-01
    outer loop
      vertex   -1.172788e+01 -3.539457e+01 1.052872e+02
      vertex   -1.183811e+01 -3.565390e+01 1.052031e+02
      vertex   -1.227151e+01 -3.539457e+01 1.060493e+02
    endloop
  endfacet
  facet normal -7.180552e-01 4.712120e-01 -5.122070e-01
    outer loop
      vertex   -1.227151e+01 -3.539457e+01 1.060493e+02
      vertex   -1.183811e+01 -3.565390e+01 1.052031e+02
      vertex   -1.238686e+01 -3.565390e+01 1.059724e+02
    endloop
  endfacet
  facet normal -7.491067e-01 4.712120e-01 -4.656162e-01
    outer loop
      vertex   -1.227151e+01 -3.539457e+01 1.060493e+02
      vertex   -1.238686e+01 -3.565390e+01 1.059724e+02
      vertex   -1.276570e+01 -3.539457e+01 1.068444e+02
    endloop
  endfacet
  facet normal -7.491067e-01 4.712120e-01 -4.656162e-01
    outer loop
      vertex   -1.276570e+01 -3.539457e+01 1.068444e+02
      vertex   -1.238686e+01 -3.565390e+01 1.059724e+02
      vertex   -1.288569e+01 -3.565390e+01 1.067750e+02
    endloop
  endfacet
  facet normal -7.771395e-01 4.712120e-01 -4.171491e-01
    outer loop
      vertex   -1.276570e+01 -3.539457e+01 1.068444e+02
      vertex   -1.288569e+01 -3.565390e+01 1.067750e+02
      vertex   -1.320845e+01 -3.539457e+01 1.076692e+02
    endloop
  endfacet
  facet normal -3.752490e-01 6.342022e-01 -6.759998e-01
    outer loop
      vertex   -6.659240e+00 -3.516726e+01 1.012793e+02
      vertex   -6.744555e+00 -3.539457e+01 1.011134e+02
      vertex   -7.467382e+00 -3.516726e+01 1.017279e+02
    endloop
  endfacet
  facet normal -3.752490e-01 6.342022e-01 -6.759998e-01
    outer loop
      vertex   -7.467382e+00 -3.516726e+01 1.017279e+02
      vertex   -6.744555e+00 -3.539457e+01 1.011134e+02
      vertex   -7.563050e+00 -3.539457e+01 1.015677e+02
    endloop
  endfacet
  facet normal -4.173834e-01 6.342022e-01 -6.508292e-01
    outer loop
      vertex   -7.467382e+00 -3.516726e+01 1.017279e+02
      vertex   -7.563050e+00 -3.539457e+01 1.015677e+02
      vertex   -8.245433e+00 -3.516726e+01 1.022269e+02
    endloop
  endfacet
  facet normal -4.173834e-01 6.342022e-01 -6.508292e-01
    outer loop
      vertex   -8.245433e+00 -3.516726e+01 1.022269e+02
      vertex   -7.563050e+00 -3.539457e+01 1.015677e+02
      vertex   -8.351069e+00 -3.539457e+01 1.020731e+02
    endloop
  endfacet
  facet normal -4.578360e-01 6.342022e-01 -6.230359e-01
    outer loop
      vertex   -8.245433e+00 -3.516726e+01 1.022269e+02
      vertex   -8.351069e+00 -3.539457e+01 1.020731e+02
      vertex   -8.990257e+00 -3.516726e+01 1.027742e+02
    endloop
  endfacet
  facet normal -4.578360e-01 6.342022e-01 -6.230359e-01
    outer loop
      vertex   -8.990257e+00 -3.516726e+01 1.027742e+02
      vertex   -8.351069e+00 -3.539457e+01 1.020731e+02
      vertex   -9.105436e+00 -3.539457e+01 1.026274e+02
    endloop
  endfacet
  facet normal -4.964436e-01 6.342022e-01 -5.927321e-01
    outer loop
      vertex   -8.990257e+00 -3.516726e+01 1.027742e+02
      vertex   -9.105436e+00 -3.539457e+01 1.026274e+02
      vertex   -9.698854e+00 -3.516726e+01 1.033677e+02
    endloop
  endfacet
  facet normal -4.964436e-01 6.342022e-01 -5.927321e-01
    outer loop
      vertex   -9.698854e+00 -3.516726e+01 1.033677e+02
      vertex   -9.105436e+00 -3.539457e+01 1.026274e+02
      vertex   -9.823111e+00 -3.539457e+01 1.032285e+02
    endloop
  endfacet
  facet normal -5.330507e-01 6.342022e-01 -5.600397e-01
    outer loop
      vertex   -9.698854e+00 -3.516726e+01 1.033677e+02
      vertex   -9.823111e+00 -3.539457e+01 1.032285e+02
      vertex   -1.036837e+01 -3.516726e+01 1.040049e+02
    endloop
  endfacet
  facet normal -5.330507e-01 6.342022e-01 -5.600397e-01
    outer loop
      vertex   -1.036837e+01 -3.516726e+01 1.040049e+02
      vertex   -9.823111e+00 -3.539457e+01 1.032285e+02
      vertex   -1.050120e+01 -3.539457e+01 1.038739e+02
    endloop
  endfacet
  facet normal -5.675098e-01 6.342022e-01 -5.250906e-01
    outer loop
      vertex   -1.036837e+01 -3.516726e+01 1.040049e+02
      vertex   -1.050120e+01 -3.539457e+01 1.038739e+02
      vertex   -1.099610e+01 -3.516726e+01 1.046834e+02
    endloop
  endfacet
  facet normal -5.675098e-01 6.342022e-01 -5.250906e-01
    outer loop
      vertex   -1.099610e+01 -3.516726e+01 1.046834e+02
      vertex   -1.050120e+01 -3.539457e+01 1.038739e+02
      vertex   -1.113698e+01 -3.539457e+01 1.045611e+02
    endloop
  endfacet
  facet normal -5.996820e-01 6.342022e-01 -4.880256e-01
    outer loop
      vertex   -1.099610e+01 -3.516726e+01 1.046834e+02
      vertex   -1.113698e+01 -3.539457e+01 1.045611e+02
      vertex   -1.157952e+01 -3.516726e+01 1.054003e+02
    endloop
  endfacet
  facet normal -5.996820e-01 6.342022e-01 -4.880256e-01
    outer loop
      vertex   -1.157952e+01 -3.516726e+01 1.054003e+02
      vertex   -1.113698e+01 -3.539457e+01 1.045611e+02
      vertex   -1.172788e+01 -3.539457e+01 1.052872e+02
    endloop
  endfacet
  facet normal -6.294378e-01 6.342022e-01 -4.489940e-01
    outer loop
      vertex   -1.157952e+01 -3.516726e+01 1.054003e+02
      vertex   -1.172788e+01 -3.539457e+01 1.052872e+02
      vertex   -1.211629e+01 -3.516726e+01 1.061527e+02
    endloop
  endfacet
  facet normal -6.294378e-01 6.342022e-01 -4.489940e-01
    outer loop
      vertex   -1.211629e+01 -3.516726e+01 1.061527e+02
      vertex   -1.172788e+01 -3.539457e+01 1.052872e+02
      vertex   -1.227151e+01 -3.539457e+01 1.060493e+02
    endloop
  endfacet
  facet normal -6.566571e-01 6.342022e-01 -4.081531e-01
    outer loop
      vertex   -1.211629e+01 -3.516726e+01 1.061527e+02
      vertex   -1.227151e+01 -3.539457e+01 1.060493e+02
      vertex   -1.260422e+01 -3.516726e+01 1.069378e+02
    endloop
  endfacet
  facet normal -6.566571e-01 6.342022e-01 -4.081531e-01
    outer loop
      vertex   -1.260422e+01 -3.516726e+01 1.069378e+02
      vertex   -1.227151e+01 -3.539457e+01 1.060493e+02
      vertex   -1.276570e+01 -3.539457e+01 1.068444e+02
    endloop
  endfacet
  facet normal -6.812304e-01 6.342022e-01 -3.656675e-01
    outer loop
      vertex   -1.260422e+01 -3.516726e+01 1.069378e+02
      vertex   -1.276570e+01 -3.539457e+01 1.068444e+02
      vertex   -1.304137e+01 -3.516726e+01 1.077522e+02
    endloop
  endfacet
  facet normal -6.812304e-01 6.342022e-01 -3.656675e-01
    outer loop
      vertex   -1.304137e+01 -3.516726e+01 1.077522e+02
      vertex   -1.276570e+01 -3.539457e+01 1.068444e+02
      vertex   -1.320845e+01 -3.539457e+01 1.076692e+02
    endloop
  endfacet
  facet normal -7.030585e-01 6.342022e-01 -3.217084e-01
    outer loop
      vertex   -1.304137e+01 -3.516726e+01 1.077522e+02
      vertex   -1.320845e+01 -3.539457e+01 1.076692e+02
      vertex   -1.342597e+01 -3.516726e+01 1.085927e+02
    endloop
  endfacet
  facet normal -3.079892e-01 7.728536e-01 -5.548332e-01
    outer loop
      vertex   -6.555283e+00 -3.498072e+01 1.014814e+02
      vertex   -6.659240e+00 -3.516726e+01 1.012793e+02
      vertex   -7.350809e+00 -3.498072e+01 1.019230e+02
    endloop
  endfacet
  facet normal -3.079892e-01 7.728536e-01 -5.548332e-01
    outer loop
      vertex   -7.350809e+00 -3.498072e+01 1.019230e+02
      vertex   -6.659240e+00 -3.516726e+01 1.012793e+02
      vertex   -7.467382e+00 -3.516726e+01 1.017279e+02
    endloop
  endfacet
  facet normal -3.425714e-01 7.728536e-01 -5.341742e-01
    outer loop
      vertex   -7.350809e+00 -3.498072e+01 1.019230e+02
      vertex   -7.467382e+00 -3.516726e+01 1.017279e+02
      vertex   -8.116714e+00 -3.498072e+01 1.024142e+02
    endloop
  endfacet
  facet normal -3.425714e-01 7.728536e-01 -5.341742e-01
    outer loop
      vertex   -8.116714e+00 -3.498072e+01 1.024142e+02
      vertex   -7.467382e+00 -3.516726e+01 1.017279e+02
      vertex   -8.245433e+00 -3.516726e+01 1.022269e+02
    endloop
  endfacet
  facet normal -3.757732e-01 7.728536e-01 -5.113626e-01
    outer loop
      vertex   -8.116714e+00 -3.498072e+01 1.024142e+02
      vertex   -8.245433e+00 -3.516726e+01 1.022269e+02
      vertex   -8.849911e+00 -3.498072e+01 1.029530e+02
    endloop
  endfacet
  facet normal -3.757732e-01 7.728536e-01 -5.113626e-01
    outer loop
      vertex   -8.849911e+00 -3.498072e+01 1.029530e+02
      vertex   -8.245433e+00 -3.516726e+01 1.022269e+02
      vertex   -8.990257e+00 -3.516726e+01 1.027742e+02
    endloop
  endfacet
  facet normal -4.074608e-01 7.728536e-01 -4.864905e-01
    outer loop
      vertex   -8.849911e+00 -3.498072e+01 1.029530e+02
      vertex   -8.990257e+00 -3.516726e+01 1.027742e+02
      vertex   -9.547447e+00 -3.498072e+01 1.035372e+02
    endloop
  endfacet
  facet normal -4.074608e-01 7.728536e-01 -4.864905e-01
    outer loop
      vertex   -9.547447e+00 -3.498072e+01 1.035372e+02
      vertex   -8.990257e+00 -3.516726e+01 1.027742e+02
      vertex   -9.698854e+00 -3.516726e+01 1.033677e+02
    endloop
  endfacet
  facet normal -4.375064e-01 7.728536e-01 -4.596579e-01
    outer loop
      vertex   -9.547447e+00 -3.498072e+01 1.035372e+02
      vertex   -9.698854e+00 -3.516726e+01 1.033677e+02
      vertex   -1.020651e+01 -3.498072e+01 1.041645e+02
    endloop
  endfacet
  facet normal -4.375064e-01 7.728536e-01 -4.596579e-01
    outer loop
      vertex   -1.020651e+01 -3.498072e+01 1.041645e+02
      vertex   -9.698854e+00 -3.516726e+01 1.033677e+02
      vertex   -1.036837e+01 -3.516726e+01 1.040049e+02
    endloop
  endfacet
  facet normal -4.657890e-01 7.728536e-01 -4.309731e-01
    outer loop
      vertex   -1.020651e+01 -3.498072e+01 1.041645e+02
      vertex   -1.036837e+01 -3.516726e+01 1.040049e+02
      vertex   -1.082444e+01 -3.498072e+01 1.048324e+02
    endloop
  endfacet
  facet normal -4.657890e-01 7.728536e-01 -4.309731e-01
    outer loop
      vertex   -1.082444e+01 -3.498072e+01 1.048324e+02
      vertex   -1.036837e+01 -3.516726e+01 1.040049e+02
      vertex   -1.099610e+01 -3.516726e+01 1.046834e+02
    endloop
  endfacet
  facet normal -4.921947e-01 7.728536e-01 -4.005516e-01
    outer loop
      vertex   -1.082444e+01 -3.498072e+01 1.048324e+02
      vertex   -1.099610e+01 -3.516726e+01 1.046834e+02
      vertex   -1.139876e+01 -3.498072e+01 1.055381e+02
    endloop
  endfacet
  facet normal -4.921947e-01 7.728536e-01 -4.005516e-01
    outer loop
      vertex   -1.139876e+01 -3.498072e+01 1.055381e+02
      vertex   -1.099610e+01 -3.516726e+01 1.046834e+02
      vertex   -1.157952e+01 -3.516726e+01 1.054003e+02
    endloop
  endfacet
  facet normal -5.166170e-01 7.728536e-01 -3.685161e-01
    outer loop
      vertex   -1.139876e+01 -3.498072e+01 1.055381e+02
      vertex   -1.157952e+01 -3.516726e+01 1.054003e+02
      vertex   -1.192714e+01 -3.498072e+01 1.062788e+02
    endloop
  endfacet
  facet normal -5.166170e-01 7.728536e-01 -3.685161e-01
    outer loop
      vertex   -1.192714e+01 -3.498072e+01 1.062788e+02
      vertex   -1.157952e+01 -3.516726e+01 1.054003e+02
      vertex   -1.211629e+01 -3.516726e+01 1.061527e+02
    endloop
  endfacet
  facet normal -5.389576e-01 7.728536e-01 -3.349955e-01
    outer loop
      vertex   -1.192714e+01 -3.498072e+01 1.062788e+02
      vertex   -1.211629e+01 -3.516726e+01 1.061527e+02
      vertex   -1.240746e+01 -3.498072e+01 1.070516e+02
    endloop
  endfacet
  facet normal -5.389576e-01 7.728536e-01 -3.349955e-01
    outer loop
      vertex   -1.240746e+01 -3.498072e+01 1.070516e+02
      vertex   -1.211629e+01 -3.516726e+01 1.061527e+02
      vertex   -1.260422e+01 -3.516726e+01 1.069378e+02
    endloop
  endfacet
  facet normal -5.591263e-01 7.728536e-01 -3.001251e-01
    outer loop
      vertex   -1.240746e+01 -3.498072e+01 1.070516e+02
      vertex   -1.260422e+01 -3.516726e+01 1.069378e+02
      vertex   -1.283778e+01 -3.498072e+01 1.078533e+02
    endloop
  endfacet
  facet normal -5.591263e-01 7.728536e-01 -3.001251e-01
    outer loop
      vertex   -1.283778e+01 -3.498072e+01 1.078533e+02
      vertex   -1.260422e+01 -3.516726e+01 1.069378e+02
      vertex   -1.304137e+01 -3.516726e+01 1.077522e+02
    endloop
  endfacet
  facet normal -5.770419e-01 7.728536e-01 -2.640452e-01
    outer loop
      vertex   -1.283778e+01 -3.498072e+01 1.078533e+02
      vertex   -1.304137e+01 -3.516726e+01 1.077522e+02
      vertex   -1.321637e+01 -3.498072e+01 1.086806e+02
    endloop
  endfacet
  facet normal -5.770419e-01 7.728536e-01 -2.640452e-01
    outer loop
      vertex   -1.321637e+01 -3.498072e+01 1.086806e+02
      vertex   -1.304137e+01 -3.516726e+01 1.077522e+02
      vertex   -1.342597e+01 -3.516726e+01 1.085927e+02
    endloop
  endfacet
  facet normal -5.926323e-01 7.728536e-01 -2.269013e-01
    outer loop
      vertex   -1.321637e+01 -3.498072e+01 1.086806e+02
      vertex   -1.342597e+01 -3.516726e+01 1.085927e+02
      vertex   -1.354171e+01 -3.498072e+01 1.095303e+02
    endloop
  endfacet
  facet normal -1.409518e-01 9.568997e-01 -2.539204e-01
    outer loop
      vertex   -7.073503e+00 -3.475674e+01 1.023872e+02
      vertex   -6.307988e+00 -3.475674e+01 1.019623e+02
      vertex   -6.436680e+00 -3.484210e+01 1.017120e+02
    endloop
  endfacet
  facet normal -2.288774e-01 8.818225e-01 -4.123157e-01
    outer loop
      vertex   -6.436680e+00 -3.484210e+01 1.017120e+02
      vertex   -6.555283e+00 -3.498072e+01 1.014814e+02
      vertex   -7.217813e+00 -3.484210e+01 1.021456e+02
    endloop
  endfacet
  facet normal -2.288774e-01 8.818225e-01 -4.123157e-01
    outer loop
      vertex   -7.217813e+00 -3.484210e+01 1.021456e+02
      vertex   -6.555283e+00 -3.498072e+01 1.014814e+02
      vertex   -7.350809e+00 -3.498072e+01 1.019230e+02
    endloop
  endfacet
  facet normal -2.545767e-01 8.818225e-01 -3.969633e-01
    outer loop
      vertex   -7.217813e+00 -3.484210e+01 1.021456e+02
      vertex   -7.350809e+00 -3.498072e+01 1.019230e+02
      vertex   -7.969860e+00 -3.484210e+01 1.026279e+02
    endloop
  endfacet
  facet normal -2.545767e-01 8.818225e-01 -3.969633e-01
    outer loop
      vertex   -7.969860e+00 -3.484210e+01 1.026279e+02
      vertex   -7.350809e+00 -3.498072e+01 1.019230e+02
      vertex   -8.116714e+00 -3.498072e+01 1.024142e+02
    endloop
  endfacet
  facet normal -2.792500e-01 8.818225e-01 -3.800112e-01
    outer loop
      vertex   -7.969860e+00 -3.484210e+01 1.026279e+02
      vertex   -8.116714e+00 -3.498072e+01 1.024142e+02
      vertex   -8.689792e+00 -3.484210e+01 1.031570e+02
    endloop
  endfacet
  facet normal -2.792500e-01 8.818225e-01 -3.800112e-01
    outer loop
      vertex   -8.689792e+00 -3.484210e+01 1.031570e+02
      vertex   -8.116714e+00 -3.498072e+01 1.024142e+02
      vertex   -8.849911e+00 -3.498072e+01 1.029530e+02
    endloop
  endfacet
  facet normal -3.027982e-01 8.818225e-01 -3.615279e-01
    outer loop
      vertex   -8.689792e+00 -3.484210e+01 1.031570e+02
      vertex   -8.849911e+00 -3.498072e+01 1.029530e+02
      vertex   -9.374707e+00 -3.484210e+01 1.037306e+02
    endloop
  endfacet
  facet normal -3.027982e-01 8.818225e-01 -3.615279e-01
    outer loop
      vertex   -9.374707e+00 -3.484210e+01 1.037306e+02
      vertex   -8.849911e+00 -3.498072e+01 1.029530e+02
      vertex   -9.547447e+00 -3.498072e+01 1.035372e+02
    endloop
  endfacet
  facet normal -3.251261e-01 8.818225e-01 -3.415877e-01
    outer loop
      vertex   -9.374707e+00 -3.484210e+01 1.037306e+02
      vertex   -9.547447e+00 -3.498072e+01 1.035372e+02
      vertex   -1.002184e+01 -3.484210e+01 1.043466e+02
    endloop
  endfacet
  facet normal -3.251261e-01 8.818225e-01 -3.415877e-01
    outer loop
      vertex   -1.002184e+01 -3.484210e+01 1.043466e+02
      vertex   -9.547447e+00 -3.498072e+01 1.035372e+02
      vertex   -1.020651e+01 -3.498072e+01 1.041645e+02
    endloop
  endfacet
  facet normal -3.461439e-01 8.818225e-01 -3.202710e-01
    outer loop
      vertex   -1.002184e+01 -3.484210e+01 1.043466e+02
      vertex   -1.020651e+01 -3.498072e+01 1.041645e+02
      vertex   -1.062860e+01 -3.484210e+01 1.050024e+02
    endloop
  endfacet
  facet normal -3.461439e-01 8.818225e-01 -3.202710e-01
    outer loop
      vertex   -1.062860e+01 -3.484210e+01 1.050024e+02
      vertex   -1.020651e+01 -3.498072e+01 1.041645e+02
      vertex   -1.082444e+01 -3.498072e+01 1.048324e+02
    endloop
  endfacet
  facet normal -3.657669e-01 8.818225e-01 -2.976638e-01
    outer loop
      vertex   -1.062860e+01 -3.484210e+01 1.050024e+02
      vertex   -1.082444e+01 -3.498072e+01 1.048324e+02
      vertex   -1.119252e+01 -3.484210e+01 1.056953e+02
    endloop
  endfacet
  facet normal -3.657669e-01 8.818225e-01 -2.976638e-01
    outer loop
      vertex   -1.119252e+01 -3.484210e+01 1.056953e+02
      vertex   -1.082444e+01 -3.498072e+01 1.048324e+02
      vertex   -1.139876e+01 -3.498072e+01 1.055381e+02
    endloop
  endfacet
  facet normal -3.839160e-01 8.818225e-01 -2.738570e-01
    outer loop
      vertex   -1.119252e+01 -3.484210e+01 1.056953e+02
      vertex   -1.139876e+01 -3.498072e+01 1.055381e+02
      vertex   -1.171135e+01 -3.484210e+01 1.064226e+02
    endloop
  endfacet
  facet normal -3.839160e-01 8.818225e-01 -2.738570e-01
    outer loop
      vertex   -1.171135e+01 -3.484210e+01 1.064226e+02
      vertex   -1.139876e+01 -3.498072e+01 1.055381e+02
      vertex   -1.192714e+01 -3.498072e+01 1.062788e+02
    endloop
  endfacet
  facet normal -4.005180e-01 8.818225e-01 -2.489467e-01
    outer loop
      vertex   -1.171135e+01 -3.484210e+01 1.064226e+02
      vertex   -1.192714e+01 -3.498072e+01 1.062788e+02
      vertex   -1.218298e+01 -3.484210e+01 1.071814e+02
    endloop
  endfacet
  facet normal -4.005180e-01 8.818225e-01 -2.489467e-01
    outer loop
      vertex   -1.218298e+01 -3.484210e+01 1.071814e+02
      vertex   -1.192714e+01 -3.498072e+01 1.062788e+02
      vertex   -1.240746e+01 -3.498072e+01 1.070516e+02
    endloop
  endfacet
  facet normal -4.155061e-01 8.818225e-01 -2.230333e-01
    outer loop
      vertex   -1.218298e+01 -3.484210e+01 1.071814e+02
      vertex   -1.240746e+01 -3.498072e+01 1.070516e+02
      vertex   -1.260551e+01 -3.484210e+01 1.079686e+02
    endloop
  endfacet
  facet normal -4.155061e-01 8.818225e-01 -2.230333e-01
    outer loop
      vertex   -1.260551e+01 -3.484210e+01 1.079686e+02
      vertex   -1.240746e+01 -3.498072e+01 1.070516e+02
      vertex   -1.283778e+01 -3.498072e+01 1.078533e+02
    endloop
  endfacet
  facet normal -4.288198e-01 8.818225e-01 -1.962211e-01
    outer loop
      vertex   -1.260551e+01 -3.484210e+01 1.079686e+02
      vertex   -1.283778e+01 -3.498072e+01 1.078533e+02
      vertex   -1.297725e+01 -3.484210e+01 1.087810e+02
    endloop
  endfacet
  facet normal -4.288198e-01 8.818225e-01 -1.962211e-01
    outer loop
      vertex   -1.297725e+01 -3.484210e+01 1.087810e+02
      vertex   -1.283778e+01 -3.498072e+01 1.078533e+02
      vertex   -1.321637e+01 -3.498072e+01 1.086806e+02
    endloop
  endfacet
  facet normal -4.404055e-01 8.818225e-01 -1.686182e-01
    outer loop
      vertex   -1.297725e+01 -3.484210e+01 1.087810e+02
      vertex   -1.321637e+01 -3.498072e+01 1.086806e+02
      vertex   -1.329670e+01 -3.484210e+01 1.096153e+02
    endloop
  endfacet
  facet normal -4.404055e-01 8.818225e-01 -1.686182e-01
    outer loop
      vertex   -1.329670e+01 -3.484210e+01 1.096153e+02
      vertex   -1.321637e+01 -3.498072e+01 1.086806e+02
      vertex   -1.354171e+01 -3.498072e+01 1.095303e+02
    endloop
  endfacet
  facet normal -4.502166e-01 8.818225e-01 -1.403359e-01
    outer loop
      vertex   -1.329670e+01 -3.484210e+01 1.096153e+02
      vertex   -1.354171e+01 -3.498072e+01 1.095303e+02
      vertex   -1.356257e+01 -3.484210e+01 1.104683e+02
    endloop
  endfacet
  facet normal -1.567784e-01 9.568997e-01 -2.444658e-01
    outer loop
      vertex   -7.810514e+00 -3.475674e+01 1.028599e+02
      vertex   -7.073503e+00 -3.475674e+01 1.023872e+02
      vertex   -7.217813e+00 -3.484210e+01 1.021456e+02
    endloop
  endfacet
  facet normal -1.409518e-01 9.568997e-01 -2.539204e-01
    outer loop
      vertex   -7.217813e+00 -3.484210e+01 1.021456e+02
      vertex   -7.073503e+00 -3.475674e+01 1.023872e+02
      vertex   -6.436680e+00 -3.484210e+01 1.017120e+02
    endloop
  endfacet
  facet normal -1.567784e-01 9.568997e-01 -2.444658e-01
    outer loop
      vertex   -7.810514e+00 -3.475674e+01 1.028599e+02
      vertex   -7.217813e+00 -3.484210e+01 1.021456e+02
      vertex   -7.969860e+00 -3.484210e+01 1.026279e+02
    endloop
  endfacet
  facet normal -1.719733e-01 9.568997e-01 -2.340260e-01
    outer loop
      vertex   -8.516052e+00 -3.475674e+01 1.033783e+02
      vertex   -7.810514e+00 -3.475674e+01 1.028599e+02
      vertex   -7.969860e+00 -3.484210e+01 1.026279e+02
    endloop
  endfacet
  facet normal -1.719733e-01 9.568997e-01 -2.340260e-01
    outer loop
      vertex   -8.516052e+00 -3.475674e+01 1.033783e+02
      vertex   -7.969860e+00 -3.484210e+01 1.026279e+02
      vertex   -8.689792e+00 -3.484210e+01 1.031570e+02
    endloop
  endfacet
  facet normal -1.864752e-01 9.568997e-01 -2.226432e-01
    outer loop
      vertex   -9.187273e+00 -3.475674e+01 1.039405e+02
      vertex   -8.516052e+00 -3.475674e+01 1.033783e+02
      vertex   -8.689792e+00 -3.484210e+01 1.031570e+02
    endloop
  endfacet
  facet normal -1.864752e-01 9.568997e-01 -2.226432e-01
    outer loop
      vertex   -9.187273e+00 -3.475674e+01 1.039405e+02
      vertex   -8.689792e+00 -3.484210e+01 1.031570e+02
      vertex   -9.374707e+00 -3.484210e+01 1.037306e+02
    endloop
  endfacet
  facet normal -2.002256e-01 9.568997e-01 -2.103633e-01
    outer loop
      vertex   -9.821473e+00 -3.475674e+01 1.045441e+02
      vertex   -9.187273e+00 -3.475674e+01 1.039405e+02
      vertex   -9.374707e+00 -3.484210e+01 1.037306e+02
    endloop
  endfacet
  facet normal -2.002256e-01 9.568997e-01 -2.103633e-01
    outer loop
      vertex   -9.821473e+00 -3.475674e+01 1.045441e+02
      vertex   -9.374707e+00 -3.484210e+01 1.037306e+02
      vertex   -1.002184e+01 -3.484210e+01 1.043466e+02
    endloop
  endfacet
  facet normal -2.131692e-01 9.568997e-01 -1.972356e-01
    outer loop
      vertex   -1.041610e+01 -3.475674e+01 1.051868e+02
      vertex   -9.821473e+00 -3.475674e+01 1.045441e+02
      vertex   -1.002184e+01 -3.484210e+01 1.043466e+02
    endloop
  endfacet
  facet normal -2.131692e-01 9.568997e-01 -1.972356e-01
    outer loop
      vertex   -1.041610e+01 -3.475674e+01 1.051868e+02
      vertex   -1.002184e+01 -3.484210e+01 1.043466e+02
      vertex   -1.062860e+01 -3.484210e+01 1.050024e+02
    endloop
  endfacet
  facet normal -2.252538e-01 9.568997e-01 -1.833132e-01
    outer loop
      vertex   -1.096874e+01 -3.475674e+01 1.058659e+02
      vertex   -1.041610e+01 -3.475674e+01 1.051868e+02
      vertex   -1.062860e+01 -3.484210e+01 1.050024e+02
    endloop
  endfacet
  facet normal -2.252538e-01 9.568997e-01 -1.833132e-01
    outer loop
      vertex   -1.096874e+01 -3.475674e+01 1.058659e+02
      vertex   -1.062860e+01 -3.484210e+01 1.050024e+02
      vertex   -1.119252e+01 -3.484210e+01 1.056953e+02
    endloop
  endfacet
  facet normal -2.364307e-01 9.568997e-01 -1.686520e-01
    outer loop
      vertex   -1.147719e+01 -3.475674e+01 1.065787e+02
      vertex   -1.096874e+01 -3.475674e+01 1.058659e+02
      vertex   -1.119252e+01 -3.484210e+01 1.056953e+02
    endloop
  endfacet
  facet normal -2.364307e-01 9.568997e-01 -1.686520e-01
    outer loop
      vertex   -1.147719e+01 -3.475674e+01 1.065787e+02
      vertex   -1.119252e+01 -3.484210e+01 1.056953e+02
      vertex   -1.171135e+01 -3.484210e+01 1.064226e+02
    endloop
  endfacet
  facet normal -2.466549e-01 9.568997e-01 -1.533113e-01
    outer loop
      vertex   -1.193939e+01 -3.475674e+01 1.073223e+02
      vertex   -1.147719e+01 -3.475674e+01 1.065787e+02
      vertex   -1.171135e+01 -3.484210e+01 1.064226e+02
    endloop
  endfacet
  facet normal -2.466549e-01 9.568997e-01 -1.533113e-01
    outer loop
      vertex   -1.193939e+01 -3.475674e+01 1.073223e+02
      vertex   -1.171135e+01 -3.484210e+01 1.064226e+02
      vertex   -1.218298e+01 -3.484210e+01 1.071814e+02
    endloop
  endfacet
  facet normal -2.558852e-01 9.568997e-01 -1.373528e-01
    outer loop
      vertex   -1.235348e+01 -3.475674e+01 1.080937e+02
      vertex   -1.193939e+01 -3.475674e+01 1.073223e+02
      vertex   -1.218298e+01 -3.484210e+01 1.071814e+02
    endloop
  endfacet
  facet normal -2.558852e-01 9.568997e-01 -1.373528e-01
    outer loop
      vertex   -1.235348e+01 -3.475674e+01 1.080937e+02
      vertex   -1.218298e+01 -3.484210e+01 1.071814e+02
      vertex   -1.260551e+01 -3.484210e+01 1.079686e+02
    endloop
  endfacet
  facet normal -2.640843e-01 9.568997e-01 -1.208408e-01
    outer loop
      vertex   -1.271779e+01 -3.475674e+01 1.088899e+02
      vertex   -1.235348e+01 -3.475674e+01 1.080937e+02
      vertex   -1.260551e+01 -3.484210e+01 1.079686e+02
    endloop
  endfacet
  facet normal -2.640843e-01 9.568997e-01 -1.208408e-01
    outer loop
      vertex   -1.271779e+01 -3.475674e+01 1.088899e+02
      vertex   -1.260551e+01 -3.484210e+01 1.079686e+02
      vertex   -1.297725e+01 -3.484210e+01 1.087810e+02
    endloop
  endfacet
  facet normal -2.712192e-01 9.568997e-01 -1.038418e-01
    outer loop
      vertex   -1.303085e+01 -3.475674e+01 1.097076e+02
      vertex   -1.271779e+01 -3.475674e+01 1.088899e+02
      vertex   -1.297725e+01 -3.484210e+01 1.087810e+02
    endloop
  endfacet
  facet normal -2.712192e-01 9.568997e-01 -1.038418e-01
    outer loop
      vertex   -1.303085e+01 -3.475674e+01 1.097076e+02
      vertex   -1.297725e+01 -3.484210e+01 1.087810e+02
      vertex   -1.329670e+01 -3.484210e+01 1.096153e+02
    endloop
  endfacet
  facet normal -2.772613e-01 9.568997e-01 -8.642441e-02
    outer loop
      vertex   -1.329140e+01 -3.475674e+01 1.105434e+02
      vertex   -1.303085e+01 -3.475674e+01 1.097076e+02
      vertex   -1.329670e+01 -3.484210e+01 1.096153e+02
    endloop
  endfacet
  facet normal -2.772613e-01 9.568997e-01 -8.642441e-02
    outer loop
      vertex   -1.329140e+01 -3.475674e+01 1.105434e+02
      vertex   -1.329670e+01 -3.484210e+01 1.096153e+02
      vertex   -1.356257e+01 -3.484210e+01 1.104683e+02
    endloop
  endfacet
  facet normal -2.821861e-01 9.568997e-01 -6.865874e-02
    outer loop
      vertex   -1.349839e+01 -3.475674e+01 1.113942e+02
      vertex   -1.329140e+01 -3.475674e+01 1.105434e+02
      vertex   -1.356257e+01 -3.484210e+01 1.104683e+02
    endloop
  endfacet
  facet normal 9.994858e-01 -9.048596e-04 -3.205156e-02
    outer loop
      vertex   1.496918e+01 -4.272792e+01 1.132669e+02
      vertex   1.499797e+01 -3.622792e+01 1.139811e+02
      vertex   1.500000e+01 -4.272792e+01 1.142279e+02
    endloop
  endfacet
  facet normal 9.998827e-01 8.930140e-04 1.528742e-02
    outer loop
      vertex   1.500000e+01 -4.272792e+01 1.142279e+02
      vertex   1.499797e+01 -3.622792e+01 1.139811e+02
      vertex   1.498341e+01 -3.622792e+01 1.149332e+02
    endloop
  endfacet
  facet normal 9.994858e-01 -9.268735e-04 3.205156e-02
    outer loop
      vertex   1.500000e+01 -4.272792e+01 1.142279e+02
      vertex   1.498341e+01 -3.622792e+01 1.149332e+02
      vertex   1.496918e+01 -4.272792e+01 1.151890e+02
    endloop
  endfacet
  facet normal 9.968982e-01 9.145786e-04 7.869666e-02
    outer loop
      vertex   1.496918e+01 -4.272792e+01 1.151890e+02
      vertex   1.498341e+01 -3.622792e+01 1.149332e+02
      vertex   1.490848e+01 -3.622792e+01 1.158824e+02
    endloop
  endfacet
  facet normal 9.953787e-01 -9.479889e-04 9.602298e-02
    outer loop
      vertex   1.496918e+01 -4.272792e+01 1.151890e+02
      vertex   1.490848e+01 -3.622792e+01 1.158824e+02
      vertex   1.487685e+01 -4.272792e+01 1.161461e+02
    endloop
  endfacet
  facet normal 9.898965e-01 9.352448e-04 1.417888e-01
    outer loop
      vertex   1.487685e+01 -4.272792e+01 1.161461e+02
      vertex   1.490848e+01 -3.622792e+01 1.158824e+02
      vertex   1.477347e+01 -3.622792e+01 1.168250e+02
    endloop
  endfacet
  facet normal 9.871813e-01 -9.682059e-04 1.595998e-01
    outer loop
      vertex   1.487685e+01 -4.272792e+01 1.161461e+02
      vertex   1.477347e+01 -3.622792e+01 1.168250e+02
      vertex   1.472339e+01 -4.272792e+01 1.170953e+02
    endloop
  endfacet
  facet normal 9.789059e-01 9.550125e-04 2.043096e-01
    outer loop
      vertex   1.472339e+01 -4.272792e+01 1.170953e+02
      vertex   1.477347e+01 -3.622792e+01 1.168250e+02
      vertex   1.457893e+01 -3.622792e+01 1.177571e+02
    endloop
  endfacet
  facet normal 9.749274e-01 -9.875243e-04 2.225208e-01
    outer loop
      vertex   1.472339e+01 -4.272792e+01 1.170953e+02
      vertex   1.457893e+01 -3.622792e+01 1.177571e+02
      vertex   1.450942e+01 -4.272792e+01 1.180327e+02
    endloop
  endfacet
  facet normal 9.639706e-01 9.738818e-04 2.660070e-01
    outer loop
      vertex   1.450942e+01 -4.272792e+01 1.180327e+02
      vertex   1.457893e+01 -3.622792e+01 1.177571e+02
      vertex   1.432564e+01 -3.622792e+01 1.186750e+02
    endloop
  endfacet
  facet normal 9.586674e-01 -1.005944e-03 2.845274e-01
    outer loop
      vertex   1.450942e+01 -4.272792e+01 1.180327e+02
      vertex   1.432564e+01 -3.622792e+01 1.186750e+02
      vertex   1.423584e+01 -4.272792e+01 1.189545e+02
    endloop
  endfacet
  facet normal 9.451509e-01 9.918525e-04 3.266326e-01
    outer loop
      vertex   1.423584e+01 -4.272792e+01 1.189545e+02
      vertex   1.432564e+01 -3.622792e+01 1.186750e+02
      vertex   1.401462e+01 -3.622792e+01 1.195749e+02
    endloop
  endfacet
  facet normal 9.384679e-01 -1.023466e-03 3.453649e-01
    outer loop
      vertex   1.423584e+01 -4.272792e+01 1.189545e+02
      vertex   1.401462e+01 -3.622792e+01 1.195749e+02
      vertex   1.390375e+01 -4.272792e+01 1.198569e+02
    endloop
  endfacet
  facet normal 9.225225e-01 1.008925e-03 3.859419e-01
    outer loop
      vertex   1.390375e+01 -4.272792e+01 1.198569e+02
      vertex   1.401462e+01 -3.622792e+01 1.195749e+02
      vertex   1.364713e+01 -3.622792e+01 1.204533e+02
    endloop
  endfacet
  facet normal 9.144121e-01 -1.040089e-03 4.047831e-01
    outer loop
      vertex   1.390375e+01 -4.272792e+01 1.198569e+02
      vertex   1.364713e+01 -3.622792e+01 1.204533e+02
      vertex   1.351453e+01 -4.272792e+01 1.207362e+02
    endloop
  endfacet
  facet normal 8.961768e-01 1.025099e-03 4.436960e-01
    outer loop
      vertex   1.351453e+01 -4.272792e+01 1.207362e+02
      vertex   1.364713e+01 -3.622792e+01 1.204533e+02
      vertex   1.322464e+01 -3.622792e+01 1.213067e+02
    endloop
  endfacet
  facet normal 8.865988e-01 -1.055813e-03 4.625380e-01
    outer loop
      vertex   1.351453e+01 -4.272792e+01 1.207362e+02
      vertex   1.322464e+01 -3.622792e+01 1.213067e+02
      vertex   1.306978e+01 -4.272792e+01 1.215887e+02
    endloop
  endfacet
  facet normal 8.662197e-01 1.040374e-03 4.996622e-01
    outer loop
      vertex   1.306978e+01 -4.272792e+01 1.215887e+02
      vertex   1.322464e+01 -3.622792e+01 1.213067e+02
      vertex   1.274887e+01 -3.622792e+01 1.221315e+02
    endloop
  endfacet
  facet normal 8.551423e-01 -1.070639e-03 5.183923e-01
    outer loop
      vertex   1.306978e+01 -4.272792e+01 1.215887e+02
      vertex   1.274887e+01 -3.622792e+01 1.221315e+02
      vertex   1.257132e+01 -4.272792e+01 1.224109e+02
    endloop
  endfacet
  facet normal 8.327721e-01 1.054751e-03 5.536149e-01
    outer loop
      vertex   1.257132e+01 -4.272792e+01 1.224109e+02
      vertex   1.274887e+01 -3.622792e+01 1.221315e+02
      vertex   1.222172e+01 -3.622792e+01 1.229244e+02
    endloop
  endfacet
  facet normal 8.201718e-01 -1.084567e-03 5.721163e-01
    outer loop
      vertex   1.257132e+01 -4.272792e+01 1.224109e+02
      vertex   1.222172e+01 -3.622792e+01 1.229244e+02
      vertex   1.202120e+01 -4.272792e+01 1.231996e+02
    endloop
  endfacet
  facet normal 7.959687e-01 1.068229e-03 6.053368e-01
    outer loop
      vertex   1.202120e+01 -4.272792e+01 1.231996e+02
      vertex   1.222172e+01 -3.622792e+01 1.229244e+02
      vertex   1.164532e+01 -3.622792e+01 1.236824e+02
    endloop
  endfacet
  facet normal 7.818310e-01 -1.097596e-03 6.234894e-01
    outer loop
      vertex   1.202120e+01 -4.272792e+01 1.231996e+02
      vertex   1.164532e+01 -3.622792e+01 1.236824e+02
      vertex   1.142169e+01 -4.272792e+01 1.239513e+02
    endloop
  endfacet
  facet normal 7.559579e-01 1.080808e-03 6.546194e-01
    outer loop
      vertex   1.142169e+01 -4.272792e+01 1.239513e+02
      vertex   1.164532e+01 -3.622792e+01 1.236824e+02
      vertex   1.102200e+01 -3.622792e+01 1.244022e+02
    endloop
  endfacet
  facet normal 7.402775e-01 -1.109726e-03 6.723005e-01
    outer loop
      vertex   1.142169e+01 -4.272792e+01 1.239513e+02
      vertex   1.102200e+01 -3.622792e+01 1.244022e+02
      vertex   1.077524e+01 -4.272792e+01 1.246632e+02
    endloop
  endfacet
  facet normal 7.129008e-01 1.092490e-03 7.012640e-01
    outer loop
      vertex   1.077524e+01 -4.272792e+01 1.246632e+02
      vertex   1.102200e+01 -3.622792e+01 1.244022e+02
      vertex   1.035426e+01 -3.622792e+01 1.250810e+02
    endloop
  endfacet
  facet normal 6.956821e-01 -1.120958e-03 7.183489e-01
    outer loop
      vertex   1.077524e+01 -4.272792e+01 1.246632e+02
      vertex   1.035426e+01 -3.622792e+01 1.250810e+02
      vertex   1.008451e+01 -4.272792e+01 1.253321e+02
    endloop
  endfacet
  facet normal 6.669710e-01 1.103272e-03 7.450829e-01
    outer loop
      vertex   1.008451e+01 -4.272792e+01 1.253321e+02
      vertex   1.035426e+01 -3.622792e+01 1.250810e+02
      vertex   9.644799e+00 -3.622792e+01 1.257161e+02
    endloop
  endfacet
  facet normal 6.482280e-01 -1.131291e-03 7.614455e-01
    outer loop
      vertex   1.008451e+01 -4.272792e+01 1.253321e+02
      vertex   9.644799e+00 -3.622792e+01 1.257161e+02
      vertex   9.352347e+00 -4.272792e+01 1.259554e+02
    endloop
  endfacet
  facet normal 6.183535e-01 1.113156e-03 7.858993e-01
    outer loop
      vertex   9.352347e+00 -4.272792e+01 1.259554e+02
      vertex   9.644799e+00 -3.622792e+01 1.257161e+02
      vertex   8.896471e+00 -3.622792e+01 1.263049e+02
    endloop
  endfacet
  facet normal 5.981101e-01 -1.140726e-03 8.014131e-01
    outer loop
      vertex   9.352347e+00 -4.272792e+01 1.259554e+02
      vertex   8.896471e+00 -3.622792e+01 1.263049e+02
      vertex   8.581750e+00 -4.272792e+01 1.265305e+02
    endloop
  endfacet
  facet normal 5.672443e-01 1.122142e-03 8.235488e-01
    outer loop
      vertex   8.581750e+00 -4.272792e+01 1.265305e+02
      vertex   8.896471e+00 -3.622792e+01 1.263049e+02
      vertex   8.112294e+00 -3.622792e+01 1.268450e+02
    endloop
  endfacet
  facet normal 5.455345e-01 -1.149262e-03 8.380876e-01
    outer loop
      vertex   8.581750e+00 -4.272792e+01 1.265305e+02
      vertex   8.112294e+00 -3.622792e+01 1.268450e+02
      vertex   7.775889e+00 -4.272792e+01 1.270551e+02
    endloop
  endfacet
  facet normal 5.138493e-01 1.130229e-03 8.578797e-01
    outer loop
      vertex   7.775889e+00 -4.272792e+01 1.270551e+02
      vertex   8.112294e+00 -3.622792e+01 1.268450e+02
      vertex   7.295427e+00 -3.622792e+01 1.273343e+02
    endloop
  endfacet
  facet normal 4.907172e-01 -1.156900e-03 8.713181e-01
    outer loop
      vertex   7.775889e+00 -4.272792e+01 1.270551e+02
      vertex   7.295427e+00 -3.622792e+01 1.273343e+02
      vertex   6.938074e+00 -4.272792e+01 1.275269e+02
    endloop
  endfacet
  facet normal 4.583837e-01 1.137417e-03 8.887537e-01
    outer loop
      vertex   6.938074e+00 -4.272792e+01 1.275269e+02
      vertex   7.295427e+00 -3.622792e+01 1.273343e+02
      vertex   6.449163e+00 -3.622792e+01 1.277708e+02
    endloop
  endfacet
  facet normal 4.338834e-01 -1.163639e-03 9.009683e-01
    outer loop
      vertex   6.938074e+00 -4.272792e+01 1.275269e+02
      vertex   6.449163e+00 -3.622792e+01 1.277708e+02
      vertex   6.071750e+00 -4.272792e+01 1.279441e+02
    endloop
  endfacet
  facet normal 4.010709e-01 1.143707e-03 9.160463e-01
    outer loop
      vertex   6.071750e+00 -4.272792e+01 1.279441e+02
      vertex   6.449163e+00 -3.622792e+01 1.277708e+02
      vertex   5.576910e+00 -3.622792e+01 1.281527e+02
    endloop
  endfacet
  facet normal 3.752667e-01 -1.169480e-03 9.269161e-01
    outer loop
      vertex   6.071750e+00 -4.272792e+01 1.279441e+02
      vertex   5.576910e+00 -3.622792e+01 1.281527e+02
      vertex   5.180476e+00 -4.272792e+01 1.283049e+02
    endloop
  endfacet
  facet normal 3.421420e-01 1.149099e-03 9.396476e-01
    outer loop
      vertex   5.180476e+00 -4.272792e+01 1.283049e+02
      vertex   5.576910e+00 -3.622792e+01 1.281527e+02
      vertex   4.682184e+00 -3.622792e+01 1.284784e+02
    endloop
  endfacet
  facet normal 3.151080e-01 -1.174422e-03 9.490551e-01
    outer loop
      vertex   5.180476e+00 -4.272792e+01 1.283049e+02
      vertex   4.682184e+00 -3.622792e+01 1.284784e+02
      vertex   4.267914e+00 -4.272792e+01 1.286079e+02
    endloop
  endfacet
  facet normal 2.818343e-01 1.153591e-03 9.594624e-01
    outer loop
      vertex   4.267914e+00 -4.272792e+01 1.286079e+02
      vertex   4.682184e+00 -3.622792e+01 1.284784e+02
      vertex   3.768591e+00 -3.622792e+01 1.287468e+02
    endloop
  endfacet
  facet normal 2.536544e-01 -1.178466e-03 9.672942e-01
    outer loop
      vertex   4.267914e+00 -4.272792e+01 1.286079e+02
      vertex   3.768591e+00 -3.622792e+01 1.287468e+02
      vertex   3.337814e+00 -4.272792e+01 1.288518e+02
    endloop
  endfacet
  facet normal 2.203910e-01 1.157186e-03 9.754109e-01
    outer loop
      vertex   3.337814e+00 -4.272792e+01 1.288518e+02
      vertex   3.768591e+00 -3.622792e+01 1.287468e+02
      vertex   2.839812e+00 -3.622792e+01 1.289567e+02
    endloop
  endfacet
  facet normal 1.911585e-01 -1.181611e-03 9.815585e-01
    outer loop
      vertex   3.337814e+00 -4.272792e+01 1.288518e+02
      vertex   2.839812e+00 -3.622792e+01 1.289567e+02
      vertex   2.393998e+00 -4.272792e+01 1.290356e+02
    endloop
  endfacet
  facet normal 1.580596e-01 1.159881e-03 9.874289e-01
    outer loop
      vertex   2.393998e+00 -4.272792e+01 1.290356e+02
      vertex   2.839812e+00 -3.622792e+01 1.289567e+02
      vertex   1.899590e+00 -3.622792e+01 1.291072e+02
    endloop
  endfacet
  facet normal 1.278771e-01 -1.183857e-03 9.917893e-01
    outer loop
      vertex   2.393998e+00 -4.272792e+01 1.290356e+02
      vertex   1.899590e+00 -3.622792e+01 1.291072e+02
      vertex   1.440345e+00 -4.272792e+01 1.291586e+02
    endloop
  endfacet
  facet normal 9.509124e-02 1.161678e-03 9.954679e-01
    outer loop
      vertex   1.440345e+00 -4.272792e+01 1.291586e+02
      vertex   1.899590e+00 -3.622792e+01 1.291072e+02
      vertex   9.517123e-01 -3.622792e+01 1.291977e+02
    endloop
  endfacet
  facet normal 6.407017e-02 -1.185205e-03 9.979447e-01
    outer loop
      vertex   1.440345e+00 -4.272792e+01 1.291586e+02
      vertex   9.517123e-01 -3.622792e+01 1.291977e+02
      vertex   4.807737e-01 -4.272792e+01 1.292202e+02
    endloop
  endfacet
  facet normal 3.173971e-02 1.162577e-03 9.994955e-01
    outer loop
      vertex   4.807737e-01 -4.272792e+01 1.292202e+02
      vertex   9.517123e-01 -3.622792e+01 1.291977e+02
      vertex   3.306546e-15 -3.622792e+01 1.292279e+02
    endloop
  endfacet
  facet normal 0.000000e+00 -1.185654e-03 9.999993e-01
    outer loop
      vertex   4.807737e-01 -4.272792e+01 1.292202e+02
      vertex   3.306546e-15 -3.622792e+01 1.292279e+02
      vertex   -4.807737e-01 -4.272792e+01 1.292202e+02
    endloop
  endfacet
  facet normal -3.173971e-02 1.162577e-03 9.994955e-01
    outer loop
      vertex   -4.807737e-01 -4.272792e+01 1.292202e+02
      vertex   3.306546e-15 -3.622792e+01 1.292279e+02
      vertex   -9.517123e-01 -3.622792e+01 1.291977e+02
    endloop
  endfacet
  facet normal -6.407017e-02 -1.185205e-03 9.979447e-01
    outer loop
      vertex   -4.807737e-01 -4.272792e+01 1.292202e+02
      vertex   -9.517123e-01 -3.622792e+01 1.291977e+02
      vertex   -1.440345e+00 -4.272792e+01 1.291586e+02
    endloop
  endfacet
  facet normal -9.509124e-02 1.161678e-03 9.954679e-01
    outer loop
      vertex   -1.440345e+00 -4.272792e+01 1.291586e+02
      vertex   -9.517123e-01 -3.622792e+01 1.291977e+02
      vertex   -1.899590e+00 -3.622792e+01 1.291072e+02
    endloop
  endfacet
  facet normal -1.278771e-01 -1.183857e-03 9.917893e-01
    outer loop
      vertex   -1.440345e+00 -4.272792e+01 1.291586e+02
      vertex   -1.899590e+00 -3.622792e+01 1.291072e+02
      vertex   -2.393998e+00 -4.272792e+01 1.290356e+02
    endloop
  endfacet
  facet normal -1.580596e-01 1.159881e-03 9.874289e-01
    outer loop
      vertex   -2.393998e+00 -4.272792e+01 1.290356e+02
      vertex   -1.899590e+00 -3.622792e+01 1.291072e+02
      vertex   -2.839812e+00 -3.622792e+01 1.289567e+02
    endloop
  endfacet
  facet normal -1.911585e-01 -1.181611e-03 9.815585e-01
    outer loop
      vertex   -2.393998e+00 -4.272792e+01 1.290356e+02
      vertex   -2.839812e+00 -3.622792e+01 1.289567e+02
      vertex   -3.337814e+00 -4.272792e+01 1.288518e+02
    endloop
  endfacet
  facet normal -2.203910e-01 1.157186e-03 9.754109e-01
    outer loop
      vertex   -3.337814e+00 -4.272792e+01 1.288518e+02
      vertex   -2.839812e+00 -3.622792e+01 1.289567e+02
      vertex   -3.768591e+00 -3.622792e+01 1.287468e+02
    endloop
  endfacet
  facet normal -2.536544e-01 -1.178466e-03 9.672942e-01
    outer loop
      vertex   -3.337814e+00 -4.272792e+01 1.288518e+02
      vertex   -3.768591e+00 -3.622792e+01 1.287468e+02
      vertex   -4.267914e+00 -4.272792e+01 1.286079e+02
    endloop
  endfacet
  facet normal -2.818343e-01 1.153591e-03 9.594624e-01
    outer loop
      vertex   -4.267914e+00 -4.272792e+01 1.286079e+02
      vertex   -3.768591e+00 -3.622792e+01 1.287468e+02
      vertex   -4.682184e+00 -3.622792e+01 1.284784e+02
    endloop
  endfacet
  facet normal -3.151080e-01 -1.174422e-03 9.490551e-01
    outer loop
      vertex   -4.267914e+00 -4.272792e+01 1.286079e+02
      vertex   -4.682184e+00 -3.622792e+01 1.284784e+02
      vertex   -5.180476e+00 -4.272792e+01 1.283049e+02
    endloop
  endfacet
  facet normal -3.421420e-01 1.149099e-03 9.396476e-01
    outer loop
      vertex   -5.180476e+00 -4.272792e+01 1.283049e+02
      vertex   -4.682184e+00 -3.622792e+01 1.284784e+02
      vertex   -5.576910e+00 -3.622792e+01 1.281527e+02
    endloop
  endfacet
  facet normal -3.752667e-01 -1.169480e-03 9.269161e-01
    outer loop
      vertex   -5.180476e+00 -4.272792e+01 1.283049e+02
      vertex   -5.576910e+00 -3.622792e+01 1.281527e+02
      vertex   -6.071750e+00 -4.272792e+01 1.279441e+02
    endloop
  endfacet
  facet normal -4.010709e-01 1.143707e-03 9.160463e-01
    outer loop
      vertex   -6.071750e+00 -4.272792e+01 1.279441e+02
      vertex   -5.576910e+00 -3.622792e+01 1.281527e+02
      vertex   -6.449163e+00 -3.622792e+01 1.277708e+02
    endloop
  endfacet
  facet normal -4.338834e-01 -1.163639e-03 9.009683e-01
    outer loop
      vertex   -6.071750e+00 -4.272792e+01 1.279441e+02
      vertex   -6.449163e+00 -3.622792e+01 1.277708e+02
      vertex   -6.938074e+00 -4.272792e+01 1.275269e+02
    endloop
  endfacet
  facet normal -4.583837e-01 1.137417e-03 8.887537e-01
    outer loop
      vertex   -6.938074e+00 -4.272792e+01 1.275269e+02
      vertex   -6.449163e+00 -3.622792e+01 1.277708e+02
      vertex   -7.295427e+00 -3.622792e+01 1.273343e+02
    endloop
  endfacet
  facet normal -4.907172e-01 -1.156900e-03 8.713181e-01
    outer loop
      vertex   -6.938074e+00 -4.272792e+01 1.275269e+02
      vertex   -7.295427e+00 -3.622792e+01 1.273343e+02
      vertex   -7.775889e+00 -4.272792e+01 1.270551e+02
    endloop
  endfacet
  facet normal -5.138493e-01 1.130229e-03 8.578797e-01
    outer loop
      vertex   -7.775889e+00 -4.272792e+01 1.270551e+02
      vertex   -7.295427e+00 -3.622792e+01 1.273343e+02
      vertex   -8.112294e+00 -3.622792e+01 1.268450e+02
    endloop
  endfacet
  facet normal -5.455345e-01 -1.149262e-03 8.380876e-01
    outer loop
      vertex   -7.775889e+00 -4.272792e+01 1.270551e+02
      vertex   -8.112294e+00 -3.622792e+01 1.268450e+02
      vertex   -8.581750e+00 -4.272792e+01 1.265305e+02
    endloop
  endfacet
  facet normal -5.672443e-01 1.122142e-03 8.235488e-01
    outer loop
      vertex   -8.581750e+00 -4.272792e+01 1.265305e+02
      vertex   -8.112294e+00 -3.622792e+01 1.268450e+02
      vertex   -8.896471e+00 -3.622792e+01 1.263049e+02
    endloop
  endfacet
  facet normal -5.981101e-01 -1.140726e-03 8.014131e-01
    outer loop
      vertex   -8.581750e+00 -4.272792e+01 1.265305e+02
      vertex   -8.896471e+00 -3.622792e+01 1.263049e+02
      vertex   -9.352347e+00 -4.272792e+01 1.259554e+02
    endloop
  endfacet
  facet normal -6.183535e-01 1.113156e-03 7.858993e-01
    outer loop
      vertex   -9.352347e+00 -4.272792e+01 1.259554e+02
      vertex   -8.896471e+00 -3.622792e+01 1.263049e+02
      vertex   -9.644799e+00 -3.622792e+01 1.257161e+02
    endloop
  endfacet
  facet normal -6.482280e-01 -1.131291e-03 7.614455e-01
    outer loop
      vertex   -9.352347e+00 -4.272792e+01 1.259554e+02
      vertex   -9.644799e+00 -3.622792e+01 1.257161e+02
      vertex   -1.008451e+01 -4.272792e+01 1.253321e+02
    endloop
  endfacet
  facet normal -6.669710e-01 1.103272e-03 7.450829e-01
    outer loop
      vertex   -1.008451e+01 -4.272792e+01 1.253321e+02
      vertex   -9.644799e+00 -3.622792e+01 1.257161e+02
      vertex   -1.035426e+01 -3.622792e+01 1.250810e+02
    endloop
  endfacet
  facet normal -6.956821e-01 -1.120958e-03 7.183489e-01
    outer loop
      vertex   -1.008451e+01 -4.272792e+01 1.253321e+02
      vertex   -1.035426e+01 -3.622792e+01 1.250810e+02
      vertex   -1.077524e+01 -4.272792e+01 1.246632e+02
    endloop
  endfacet
  facet normal -7.129008e-01 1.092490e-03 7.012640e-01
    outer loop
      vertex   -1.077524e+01 -4.272792e+01 1.246632e+02
      vertex   -1.035426e+01 -3.622792e+01 1.250810e+02
      vertex   -1.102200e+01 -3.622792e+01 1.244022e+02
    endloop
  endfacet
  facet normal -7.402775e-01 -1.109726e-03 6.723005e-01
    outer loop
      vertex   -1.077524e+01 -4.272792e+01 1.246632e+02
      vertex   -1.102200e+01 -3.622792e+01 1.244022e+02
      vertex   -1.142169e+01 -4.272792e+01 1.239513e+02
    endloop
  endfacet
  facet normal -7.559579e-01 1.080808e-03 6.546194e-01
    outer loop
      vertex   -1.142169e+01 -4.272792e+01 1.239513e+02
      vertex   -1.102200e+01 -3.622792e+01 1.244022e+02
      vertex   -1.164532e+01 -3.622792e+01 1.236824e+02
    endloop
  endfacet
  facet normal -7.818310e-01 -1.097596e-03 6.234894e-01
    outer loop
      vertex   -1.142169e+01 -4.272792e+01 1.239513e+02
      vertex   -1.164532e+01 -3.622792e+01 1.236824e+02
      vertex   -1.202120e+01 -4.272792e+01 1.231996e+02
    endloop
  endfacet
  facet normal -7.959687e-01 1.068229e-03 6.053368e-01
    outer loop
      vertex   -1.202120e+01 -4.272792e+01 1.231996e+02
      vertex   -1.164532e+01 -3.622792e+01 1.236824e+02
      vertex   -1.222172e+01 -3.622792e+01 1.229244e+02
    endloop
  endfacet
  facet normal -8.201718e-01 -1.084567e-03 5.721163e-01
    outer loop
      vertex   -1.202120e+01 -4.272792e+01 1.231996e+02
      vertex   -1.222172e+01 -3.622792e+01 1.229244e+02
      vertex   -1.257132e+01 -4.272792e+01 1.224109e+02
    endloop
  endfacet
  facet normal -8.327721e-01 1.054751e-03 5.536149e-01
    outer loop
      vertex   -1.257132e+01 -4.272792e+01 1.224109e+02
      vertex   -1.222172e+01 -3.622792e+01 1.229244e+02
      vertex   -1.274887e+01 -3.622792e+01 1.221315e+02
    endloop
  endfacet
  facet normal -8.551423e-01 -1.070639e-03 5.183923e-01
    outer loop
      vertex   -1.257132e+01 -4.272792e+01 1.224109e+02
      vertex   -1.274887e+01 -3.622792e+01 1.221315e+02
      vertex   -1.306978e+01 -4.272792e+01 1.215887e+02
    endloop
  endfacet
  facet normal -8.662197e-01 1.040374e-03 4.996622e-01
    outer loop
      vertex   -1.306978e+01 -4.272792e+01 1.215887e+02
      vertex   -1.274887e+01 -3.622792e+01 1.221315e+02
      vertex   -1.322464e+01 -3.622792e+01 1.213067e+02
    endloop
  endfacet
  facet normal -8.865988e-01 -1.055813e-03 4.625380e-01
    outer loop
      vertex   -1.306978e+01 -4.272792e+01 1.215887e+02
      vertex   -1.322464e+01 -3.622792e+01 1.213067e+02
      vertex   -1.351453e+01 -4.272792e+01 1.207362e+02
    endloop
  endfacet
  facet normal -8.961768e-01 1.025099e-03 4.436960e-01
    outer loop
      vertex   -1.351453e+01 -4.272792e+01 1.207362e+02
      vertex   -1.322464e+01 -3.622792e+01 1.213067e+02
      vertex   -1.364713e+01 -3.622792e+01 1.204533e+02
    endloop
  endfacet
  facet normal -9.144121e-01 -1.040089e-03 4.047831e-01
    outer loop
      vertex   -1.351453e+01 -4.272792e+01 1.207362e+02
      vertex   -1.364713e+01 -3.622792e+01 1.204533e+02
      vertex   -1.390375e+01 -4.272792e+01 1.198569e+02
    endloop
  endfacet
  facet normal -9.225225e-01 1.008925e-03 3.859419e-01
    outer loop
      vertex   -1.390375e+01 -4.272792e+01 1.198569e+02
      vertex   -1.364713e+01 -3.622792e+01 1.204533e+02
      vertex   -1.401462e+01 -3.622792e+01 1.195749e+02
    endloop
  endfacet
  facet normal -9.384679e-01 -1.023466e-03 3.453649e-01
    outer loop
      vertex   -1.390375e+01 -4.272792e+01 1.198569e+02
      vertex   -1.401462e+01 -3.622792e+01 1.195749e+02
      vertex   -1.423584e+01 -4.272792e+01 1.189545e+02
    endloop
  endfacet
  facet normal -9.451509e-01 9.918525e-04 3.266326e-01
    outer loop
      vertex   -1.423584e+01 -4.272792e+01 1.189545e+02
      vertex   -1.401462e+01 -3.622792e+01 1.195749e+02
      vertex   -1.432564e+01 -3.622792e+01 1.186750e+02
    endloop
  endfacet
  facet normal -9.586674e-01 -1.005944e-03 2.845274e-01
    outer loop
      vertex   -1.423584e+01 -4.272792e+01 1.189545e+02
      vertex   -1.432564e+01 -3.622792e+01 1.186750e+02
      vertex   -1.450942e+01 -4.272792e+01 1.180327e+02
    endloop
  endfacet
  facet normal -9.639706e-01 9.738818e-04 2.660070e-01
    outer loop
      vertex   -1.450942e+01 -4.272792e+01 1.180327e+02
      vertex   -1.432564e+01 -3.622792e+01 1.186750e+02
      vertex   -1.457893e+01 -3.622792e+01 1.177571e+02
    endloop
  endfacet
  facet normal -9.749274e-01 -9.875243e-04 2.225208e-01
    outer loop
      vertex   -1.450942e+01 -4.272792e+01 1.180327e+02
      vertex   -1.457893e+01 -3.622792e+01 1.177571e+02
      vertex   -1.472339e+01 -4.272792e+01 1.170953e+02
    endloop
  endfacet
  facet normal -9.789059e-01 9.550125e-04 2.043096e-01
    outer loop
      vertex   -1.472339e+01 -4.272792e+01 1.170953e+02
      vertex   -1.457893e+01 -3.622792e+01 1.177571e+02
      vertex   -1.477347e+01 -3.622792e+01 1.168250e+02
    endloop
  endfacet
  facet normal -9.871813e-01 -9.682059e-04 1.595998e-01
    outer loop
      vertex   -1.472339e+01 -4.272792e+01 1.170953e+02
      vertex   -1.477347e+01 -3.622792e+01 1.168250e+02
      vertex   -1.487685e+01 -4.272792e+01 1.161461e+02
    endloop
  endfacet
  facet normal -9.898965e-01 9.352448e-04 1.417888e-01
    outer loop
      vertex   -1.487685e+01 -4.272792e+01 1.161461e+02
      vertex   -1.477347e+01 -3.622792e+01 1.168250e+02
      vertex   -1.490848e+01 -3.622792e+01 1.158824e+02
    endloop
  endfacet
  facet normal -9.953787e-01 -9.479889e-04 9.602298e-02
    outer loop
      vertex   -1.487685e+01 -4.272792e+01 1.161461e+02
      vertex   -1.490848e+01 -3.622792e+01 1.158824e+02
      vertex   -1.496918e+01 -4.272792e+01 1.151890e+02
    endloop
  endfacet
  facet normal -9.968982e-01 9.145786e-04 7.869666e-02
    outer loop
      vertex   -1.496918e+01 -4.272792e+01 1.151890e+02
      vertex   -1.490848e+01 -3.622792e+01 1.158824e+02
      vertex   -1.498341e+01 -3.622792e+01 1.149332e+02
    endloop
  endfacet
  facet normal -9.994858e-01 -9.268735e-04 3.205156e-02
    outer loop
      vertex   -1.496918e+01 -4.272792e+01 1.151890e+02
      vertex   -1.498341e+01 -3.622792e+01 1.149332e+02
      vertex   -1.500000e+01 -4.272792e+01 1.142279e+02
    endloop
  endfacet
  facet normal -9.998827e-01 8.930140e-04 1.528742e-02
    outer loop
      vertex   -1.500000e+01 -4.272792e+01 1.142279e+02
      vertex   -1.498341e+01 -3.622792e+01 1.149332e+02
      vertex   -1.499797e+01 -3.622792e+01 1.139811e+02
    endloop
  endfacet
  facet normal -9.994858e-01 -9.048596e-04 -3.205156e-02
    outer loop
      vertex   -1.500000e+01 -4.272792e+01 1.142279e+02
      vertex   -1.499797e+01 -3.622792e+01 1.139811e+02
      vertex   -1.496918e+01 -4.272792e+01 1.132669e+02
    endloop
  endfacet
  facet normal -9.988381e-01 8.705509e-04 -4.818344e-02
    outer loop
      vertex   -1.496918e+01 -4.272792e+01 1.132669e+02
      vertex   -1.499797e+01 -3.622792e+01 1.139811e+02
      vertex   -1.495209e+01 -3.622792e+01 1.130300e+02
    endloop
  endfacet
  facet normal -9.953787e-01 -8.819473e-04 -9.602299e-02
    outer loop
      vertex   -1.496918e+01 -4.272792e+01 1.132669e+02
      vertex   -1.495209e+01 -3.622792e+01 1.130300e+02
      vertex   -1.487685e+01 -4.272792e+01 1.123098e+02
    endloop
  endfacet
  facet normal -9.937685e-01 8.471893e-04 -1.114601e-01
    outer loop
      vertex   -1.487685e+01 -4.272792e+01 1.123098e+02
      vertex   -1.495209e+01 -3.622792e+01 1.130300e+02
      vertex   -1.484596e+01 -3.622792e+01 1.120837e+02
    endloop
  endfacet
  facet normal -9.871814e-01 -8.581365e-04 -1.595998e-01
    outer loop
      vertex   -1.487685e+01 -4.272792e+01 1.123098e+02
      vertex   -1.484596e+01 -3.622792e+01 1.120837e+02
      vertex   -1.472339e+01 -4.272792e+01 1.113605e+02
    endloop
  endfacet
  facet normal -9.846944e-01 8.229293e-04 -1.742877e-01
    outer loop
      vertex   -1.472339e+01 -4.272792e+01 1.113605e+02
      vertex   -1.484596e+01 -3.622792e+01 1.120837e+02
      vertex   -1.468000e+01 -3.622792e+01 1.111461e+02
    endloop
  endfacet
  facet normal -9.749276e-01 -8.334272e-04 -2.225209e-01
    outer loop
      vertex   -1.472339e+01 -4.272792e+01 1.113605e+02
      vertex   -1.468000e+01 -3.622792e+01 1.111461e+02
      vertex   -1.450942e+01 -4.272792e+01 1.104231e+02
    endloop
  endfacet
  facet normal -9.716524e-01 7.977709e-04 -2.364129e-01
    outer loop
      vertex   -1.450942e+01 -4.272792e+01 1.104231e+02
      vertex   -1.468000e+01 -3.622792e+01 1.111461e+02
      vertex   -1.445489e+01 -3.622792e+01 1.102209e+02
    endloop
  endfacet
  facet normal -9.586675e-01 -8.078196e-04 -2.845275e-01
    outer loop
      vertex   -1.450942e+01 -4.272792e+01 1.104231e+02
      vertex   -1.445489e+01 -3.622792e+01 1.102209e+02
      vertex   -1.423584e+01 -4.272792e+01 1.095013e+02
    endloop
  endfacet
  facet normal -9.546949e-01 7.717140e-04 -2.975855e-01
    outer loop
      vertex   -1.423584e+01 -4.272792e+01 1.095013e+02
      vertex   -1.445489e+01 -3.622792e+01 1.102209e+02
      vertex   -1.417153e+01 -3.622792e+01 1.093119e+02
    endloop
  endfacet
  facet normal -9.384681e-01 -7.813135e-04 -3.453649e-01
    outer loop
      vertex   -1.423584e+01 -4.272792e+01 1.095013e+02
      vertex   -1.417153e+01 -3.622792e+01 1.093119e+02
      vertex   -1.390375e+01 -4.272792e+01 1.085989e+02
    endloop
  endfacet
  facet normal -9.338903e-01 7.447587e-04 -3.575589e-01
    outer loop
      vertex   -1.390375e+01 -4.272792e+01 1.085989e+02
      vertex   -1.417153e+01 -3.622792e+01 1.093119e+02
      vertex   -1.383107e+01 -3.622792e+01 1.084226e+02
    endloop
  endfacet
  facet normal -9.144124e-01 -7.539091e-04 -4.047832e-01
    outer loop
      vertex   -1.390375e+01 -4.272792e+01 1.085989e+02
      vertex   -1.383107e+01 -3.622792e+01 1.084226e+02
      vertex   -1.351453e+01 -4.272792e+01 1.077197e+02
    endloop
  endfacet
  facet normal -9.093225e-01 7.169051e-04 -4.160915e-01
    outer loop
      vertex   -1.351453e+01 -4.272792e+01 1.077197e+02
      vertex   -1.383107e+01 -3.622792e+01 1.084226e+02
      vertex   -1.343487e+01 -3.622792e+01 1.075568e+02
    endloop
  endfacet
  facet normal -8.865991e-01 -7.256062e-04 -4.625382e-01
    outer loop
      vertex   -1.351453e+01 -4.272792e+01 1.077197e+02
      vertex   -1.343487e+01 -3.622792e+01 1.075568e+02
      vertex   -1.306978e+01 -4.272792e+01 1.068672e+02
    endloop
  endfacet
  facet normal -8.810904e-01 6.881530e-04 -4.729474e-01
    outer loop
      vertex   -1.306978e+01 -4.272792e+01 1.068672e+02
      vertex   -1.343487e+01 -3.622792e+01 1.075568e+02
      vertex   -1.298453e+01 -3.622792e+01 1.067178e+02
    endloop
  endfacet
  facet normal -8.551426e-01 -6.964050e-04 -5.183924e-01
    outer loop
      vertex   -1.306978e+01 -4.272792e+01 1.068672e+02
      vertex   -1.298453e+01 -3.622792e+01 1.067178e+02
      vertex   -1.257132e+01 -4.272792e+01 1.060449e+02
    endloop
  endfacet
  facet normal -8.493079e-01 6.585026e-04 -5.278975e-01
    outer loop
      vertex   -1.257132e+01 -4.272792e+01 1.060449e+02
      vertex   -1.298453e+01 -3.622792e+01 1.067178e+02
      vertex   -1.248187e+01 -3.622792e+01 1.059091e+02
    endloop
  endfacet
  facet normal -8.201721e-01 -6.663054e-04 -5.721165e-01
    outer loop
      vertex   -1.257132e+01 -4.272792e+01 1.060449e+02
      vertex   -1.248187e+01 -3.622792e+01 1.059091e+02
      vertex   -1.202120e+01 -4.272792e+01 1.052563e+02
    endloop
  endfacet
  facet normal -8.141029e-01 6.279538e-04 -5.807203e-01
    outer loop
      vertex   -1.202120e+01 -4.272792e+01 1.052563e+02
      vertex   -1.248187e+01 -3.622792e+01 1.059091e+02
      vertex   -1.192891e+01 -3.622792e+01 1.051339e+02
    endloop
  endfacet
  facet normal -7.818313e-01 -6.353074e-04 -6.234897e-01
    outer loop
      vertex   -1.202120e+01 -4.272792e+01 1.052563e+02
      vertex   -1.192891e+01 -3.622792e+01 1.051339e+02
      vertex   -1.142169e+01 -4.272792e+01 1.045045e+02
    endloop
  endfacet
  facet normal -7.756174e-01 5.965066e-04 -6.312031e-01
    outer loop
      vertex   -1.142169e+01 -4.272792e+01 1.045045e+02
      vertex   -1.192891e+01 -3.622792e+01 1.051339e+02
      vertex   -1.132789e+01 -3.622792e+01 1.043954e+02
    endloop
  endfacet
  facet normal -7.402779e-01 -6.034111e-04 -6.723008e-01
    outer loop
      vertex   -1.142169e+01 -4.272792e+01 1.045045e+02
      vertex   -1.132789e+01 -3.622792e+01 1.043954e+02
      vertex   -1.077524e+01 -4.272792e+01 1.037927e+02
    endloop
  endfacet
  facet normal -7.340064e-01 5.641611e-04 -6.791423e-01
    outer loop
      vertex   -1.077524e+01 -4.272792e+01 1.037927e+02
      vertex   -1.132789e+01 -3.622792e+01 1.043954e+02
      vertex   -1.068121e+01 -3.622792e+01 1.036965e+02
    endloop
  endfacet
  facet normal -6.956824e-01 -5.706164e-04 -7.183492e-01
    outer loop
      vertex   -1.077524e+01 -4.272792e+01 1.037927e+02
      vertex   -1.068121e+01 -3.622792e+01 1.036965e+02
      vertex   -1.008451e+01 -4.272792e+01 1.031238e+02
    endloop
  endfacet
  facet normal -6.894377e-01 5.309173e-04 -7.243448e-01
    outer loop
      vertex   -1.008451e+01 -4.272792e+01 1.031238e+02
      vertex   -1.068121e+01 -3.622792e+01 1.036965e+02
      vertex   -9.991499e+00 -3.622792e+01 1.030400e+02
    endloop
  endfacet
  facet normal -6.482283e-01 -5.369234e-04 -7.614458e-01
    outer loop
      vertex   -1.008451e+01 -4.272792e+01 1.031238e+02
      vertex   -9.991499e+00 -3.622792e+01 1.030400e+02
      vertex   -9.352347e+00 -4.272792e+01 1.025004e+02
    endloop
  endfacet
  facet normal -6.420907e-01 4.967752e-04 -7.666285e-01
    outer loop
      vertex   -9.352347e+00 -4.272792e+01 1.025004e+02
      vertex   -9.991499e+00 -3.622792e+01 1.030400e+02
      vertex   -9.261521e+00 -3.622792e+01 1.024286e+02
    endloop
  endfacet
  facet normal -5.981105e-01 -5.023321e-04 -8.014135e-01
    outer loop
      vertex   -9.352347e+00 -4.272792e+01 1.025004e+02
      vertex   -9.261521e+00 -3.622792e+01 1.024286e+02
      vertex   -8.581750e+00 -4.272792e+01 1.019253e+02
    endloop
  endfacet
  facet normal -5.921564e-01 4.617347e-04 -8.058229e-01
    outer loop
      vertex   -8.581750e+00 -4.272792e+01 1.019253e+02
      vertex   -9.261521e+00 -3.622792e+01 1.024286e+02
      vertex   -8.494223e+00 -3.622792e+01 1.018647e+02
    endloop
  endfacet
  facet normal -5.455348e-01 -4.668425e-04 -8.380880e-01
    outer loop
      vertex   -8.581750e+00 -4.272792e+01 1.019253e+02
      vertex   -8.494223e+00 -3.622792e+01 1.018647e+02
      vertex   -7.775889e+00 -4.272792e+01 1.014008e+02
    endloop
  endfacet
  facet normal -5.398359e-01 4.257960e-04 -8.417702e-01
    outer loop
      vertex   -7.775889e+00 -4.272792e+01 1.014008e+02
      vertex   -8.494223e+00 -3.622792e+01 1.018647e+02
      vertex   -7.692696e+00 -3.622792e+01 1.013507e+02
    endloop
  endfacet
  facet normal -4.907175e-01 -4.304546e-04 -8.713186e-01
    outer loop
      vertex   -7.775889e+00 -4.272792e+01 1.014008e+02
      vertex   -7.692696e+00 -3.622792e+01 1.013507e+02
      vertex   -6.938074e+00 -4.272792e+01 1.009289e+02
    endloop
  endfacet
  facet normal -4.853400e-01 3.889589e-04 -8.743254e-01
    outer loop
      vertex   -6.938074e+00 -4.272792e+01 1.009289e+02
      vertex   -7.692696e+00 -3.622792e+01 1.013507e+02
      vertex   -6.860170e+00 -3.622792e+01 1.008886e+02
    endloop
  endfacet
  facet normal -4.338837e-01 -3.931685e-04 -9.009688e-01
    outer loop
      vertex   -6.938074e+00 -4.272792e+01 1.009289e+02
      vertex   -6.860170e+00 -3.622792e+01 1.008886e+02
      vertex   -6.071750e+00 -4.272792e+01 1.005117e+02
    endloop
  endfacet
  facet normal -4.288884e-01 3.512237e-04 -9.033574e-01
    outer loop
      vertex   -6.071750e+00 -4.272792e+01 1.005117e+02
      vertex   -6.860170e+00 -3.622792e+01 1.008886e+02
      vertex   -6.000000e+00 -3.622792e+01 1.004802e+02
    endloop
  endfacet
  facet normal -4.023930e-01 0.000000e+00 -9.154670e-01
    outer loop
      vertex   -6.071750e+00 -4.272792e+01 1.005117e+02
      vertex   -6.000000e+00 -3.622792e+01 1.004802e+02
      vertex   -6.000000e+00 -4.072792e+01 1.004802e+02
    endloop
  endfacet
  facet normal 9.988381e-01 8.705509e-04 -4.818344e-02
    outer loop
      vertex   1.499797e+01 -3.622792e+01 1.139811e+02
      vertex   1.496918e+01 -4.272792e+01 1.132669e+02
      vertex   1.495209e+01 -3.622792e+01 1.130300e+02
    endloop
  endfacet
  facet normal 9.953787e-01 -8.819473e-04 -9.602299e-02
    outer loop
      vertex   1.495209e+01 -3.622792e+01 1.130300e+02
      vertex   1.496918e+01 -4.272792e+01 1.132669e+02
      vertex   1.487685e+01 -4.272792e+01 1.123098e+02
    endloop
  endfacet
  facet normal 9.937685e-01 8.471893e-04 -1.114601e-01
    outer loop
      vertex   1.495209e+01 -3.622792e+01 1.130300e+02
      vertex   1.487685e+01 -4.272792e+01 1.123098e+02
      vertex   1.484596e+01 -3.622792e+01 1.120837e+02
    endloop
  endfacet
  facet normal 9.871814e-01 -8.581365e-04 -1.595998e-01
    outer loop
      vertex   1.484596e+01 -3.622792e+01 1.120837e+02
      vertex   1.487685e+01 -4.272792e+01 1.123098e+02
      vertex   1.472339e+01 -4.272792e+01 1.113605e+02
    endloop
  endfacet
  facet normal 9.846944e-01 8.229293e-04 -1.742877e-01
    outer loop
      vertex   1.484596e+01 -3.622792e+01 1.120837e+02
      vertex   1.472339e+01 -4.272792e+01 1.113605e+02
      vertex   1.468000e+01 -3.622792e+01 1.111461e+02
    endloop
  endfacet
  facet normal 9.749276e-01 -8.334272e-04 -2.225209e-01
    outer loop
      vertex   1.468000e+01 -3.622792e+01 1.111461e+02
      vertex   1.472339e+01 -4.272792e+01 1.113605e+02
      vertex   1.450942e+01 -4.272792e+01 1.104231e+02
    endloop
  endfacet
  facet normal 9.716524e-01 7.977709e-04 -2.364129e-01
    outer loop
      vertex   1.468000e+01 -3.622792e+01 1.111461e+02
      vertex   1.450942e+01 -4.272792e+01 1.104231e+02
      vertex   1.445489e+01 -3.622792e+01 1.102209e+02
    endloop
  endfacet
  facet normal 9.586675e-01 -8.078196e-04 -2.845275e-01
    outer loop
      vertex   1.445489e+01 -3.622792e+01 1.102209e+02
      vertex   1.450942e+01 -4.272792e+01 1.104231e+02
      vertex   1.423584e+01 -4.272792e+01 1.095013e+02
    endloop
  endfacet
  facet normal 9.546949e-01 7.717140e-04 -2.975855e-01
    outer loop
      vertex   1.445489e+01 -3.622792e+01 1.102209e+02
      vertex   1.423584e+01 -4.272792e+01 1.095013e+02
      vertex   1.417153e+01 -3.622792e+01 1.093119e+02
    endloop
  endfacet
  facet normal 9.384681e-01 -7.813135e-04 -3.453649e-01
    outer loop
      vertex   1.417153e+01 -3.622792e+01 1.093119e+02
      vertex   1.423584e+01 -4.272792e+01 1.095013e+02
      vertex   1.390375e+01 -4.272792e+01 1.085989e+02
    endloop
  endfacet
  facet normal 9.338903e-01 7.447587e-04 -3.575589e-01
    outer loop
      vertex   1.417153e+01 -3.622792e+01 1.093119e+02
      vertex   1.390375e+01 -4.272792e+01 1.085989e+02
      vertex   1.383107e+01 -3.622792e+01 1.084226e+02
    endloop
  endfacet
  facet normal 9.144124e-01 -7.539091e-04 -4.047832e-01
    outer loop
      vertex   1.383107e+01 -3.622792e+01 1.084226e+02
      vertex   1.390375e+01 -4.272792e+01 1.085989e+02
      vertex   1.351453e+01 -4.272792e+01 1.077197e+02
    endloop
  endfacet
  facet normal 9.093225e-01 7.169051e-04 -4.160915e-01
    outer loop
      vertex   1.383107e+01 -3.622792e+01 1.084226e+02
      vertex   1.351453e+01 -4.272792e+01 1.077197e+02
      vertex   1.343487e+01 -3.622792e+01 1.075568e+02
    endloop
  endfacet
  facet normal 8.865991e-01 -7.256062e-04 -4.625382e-01
    outer loop
      vertex   1.343487e+01 -3.622792e+01 1.075568e+02
      vertex   1.351453e+01 -4.272792e+01 1.077197e+02
      vertex   1.306978e+01 -4.272792e+01 1.068672e+02
    endloop
  endfacet
  facet normal 8.810904e-01 6.881530e-04 -4.729474e-01
    outer loop
      vertex   1.343487e+01 -3.622792e+01 1.075568e+02
      vertex   1.306978e+01 -4.272792e+01 1.068672e+02
      vertex   1.298453e+01 -3.622792e+01 1.067178e+02
    endloop
  endfacet
  facet normal 8.551426e-01 -6.964050e-04 -5.183924e-01
    outer loop
      vertex   1.298453e+01 -3.622792e+01 1.067178e+02
      vertex   1.306978e+01 -4.272792e+01 1.068672e+02
      vertex   1.257132e+01 -4.272792e+01 1.060449e+02
    endloop
  endfacet
  facet normal 8.493079e-01 6.585026e-04 -5.278975e-01
    outer loop
      vertex   1.298453e+01 -3.622792e+01 1.067178e+02
      vertex   1.257132e+01 -4.272792e+01 1.060449e+02
      vertex   1.248187e+01 -3.622792e+01 1.059091e+02
    endloop
  endfacet
  facet normal 8.201721e-01 -6.663054e-04 -5.721165e-01
    outer loop
      vertex   1.248187e+01 -3.622792e+01 1.059091e+02
      vertex   1.257132e+01 -4.272792e+01 1.060449e+02
      vertex   1.202120e+01 -4.272792e+01 1.052563e+02
    endloop
  endfacet
  facet normal 8.141029e-01 6.279538e-04 -5.807203e-01
    outer loop
      vertex   1.248187e+01 -3.622792e+01 1.059091e+02
      vertex   1.202120e+01 -4.272792e+01 1.052563e+02
      vertex   1.192891e+01 -3.622792e+01 1.051339e+02
    endloop
  endfacet
  facet normal 7.818313e-01 -6.353074e-04 -6.234897e-01
    outer loop
      vertex   1.192891e+01 -3.622792e+01 1.051339e+02
      vertex   1.202120e+01 -4.272792e+01 1.052563e+02
      vertex   1.142169e+01 -4.272792e+01 1.045045e+02
    endloop
  endfacet
  facet normal 7.756174e-01 5.965066e-04 -6.312031e-01
    outer loop
      vertex   1.192891e+01 -3.622792e+01 1.051339e+02
      vertex   1.142169e+01 -4.272792e+01 1.045045e+02
      vertex   1.132789e+01 -3.622792e+01 1.043954e+02
    endloop
  endfacet
  facet normal 7.402779e-01 -6.034111e-04 -6.723008e-01
    outer loop
      vertex   1.132789e+01 -3.622792e+01 1.043954e+02
      vertex   1.142169e+01 -4.272792e+01 1.045045e+02
      vertex   1.077524e+01 -4.272792e+01 1.037927e+02
    endloop
  endfacet
  facet normal 7.340064e-01 5.641611e-04 -6.791423e-01
    outer loop
      vertex   1.132789e+01 -3.622792e+01 1.043954e+02
      vertex   1.077524e+01 -4.272792e+01 1.037927e+02
      vertex   1.068121e+01 -3.622792e+01 1.036965e+02
    endloop
  endfacet
  facet normal 6.956824e-01 -5.706164e-04 -7.183492e-01
    outer loop
      vertex   1.068121e+01 -3.622792e+01 1.036965e+02
      vertex   1.077524e+01 -4.272792e+01 1.037927e+02
      vertex   1.008451e+01 -4.272792e+01 1.031238e+02
    endloop
  endfacet
  facet normal 6.894377e-01 5.309173e-04 -7.243448e-01
    outer loop
      vertex   1.068121e+01 -3.622792e+01 1.036965e+02
      vertex   1.008451e+01 -4.272792e+01 1.031238e+02
      vertex   9.991499e+00 -3.622792e+01 1.030400e+02
    endloop
  endfacet
  facet normal 6.482283e-01 -5.369234e-04 -7.614458e-01
    outer loop
      vertex   9.991499e+00 -3.622792e+01 1.030400e+02
      vertex   1.008451e+01 -4.272792e+01 1.031238e+02
      vertex   9.352347e+00 -4.272792e+01 1.025004e+02
    endloop
  endfacet
  facet normal 6.420907e-01 4.967752e-04 -7.666285e-01
    outer loop
      vertex   9.991499e+00 -3.622792e+01 1.030400e+02
      vertex   9.352347e+00 -4.272792e+01 1.025004e+02
      vertex   9.261521e+00 -3.622792e+01 1.024286e+02
    endloop
  endfacet
  facet normal 5.981105e-01 -5.023321e-04 -8.014135e-01
    outer loop
      vertex   9.261521e+00 -3.622792e+01 1.024286e+02
      vertex   9.352347e+00 -4.272792e+01 1.025004e+02
      vertex   8.581750e+00 -4.272792e+01 1.019253e+02
    endloop
  endfacet
  facet normal 5.921564e-01 4.617347e-04 -8.058229e-01
    outer loop
      vertex   9.261521e+00 -3.622792e+01 1.024286e+02
      vertex   8.581750e+00 -4.272792e+01 1.019253e+02
      vertex   8.494223e+00 -3.622792e+01 1.018647e+02
    endloop
  endfacet
  facet normal 5.455348e-01 -4.668425e-04 -8.380880e-01
    outer loop
      vertex   8.494223e+00 -3.622792e+01 1.018647e+02
      vertex   8.581750e+00 -4.272792e+01 1.019253e+02
      vertex   7.775889e+00 -4.272792e+01 1.014008e+02
    endloop
  endfacet
  facet normal 5.398359e-01 4.257960e-04 -8.417702e-01
    outer loop
      vertex   8.494223e+00 -3.622792e+01 1.018647e+02
      vertex   7.775889e+00 -4.272792e+01 1.014008e+02
      vertex   7.692696e+00 -3.622792e+01 1.013507e+02
    endloop
  endfacet
  facet normal 4.907175e-01 -4.304546e-04 -8.713186e-01
    outer loop
      vertex   7.692696e+00 -3.622792e+01 1.013507e+02
      vertex   7.775889e+00 -4.272792e+01 1.014008e+02
      vertex   6.938074e+00 -4.272792e+01 1.009289e+02
    endloop
  endfacet
  facet normal 4.853400e-01 3.889589e-04 -8.743254e-01
    outer loop
      vertex   7.692696e+00 -3.622792e+01 1.013507e+02
      vertex   6.938074e+00 -4.272792e+01 1.009289e+02
      vertex   6.860170e+00 -3.622792e+01 1.008886e+02
    endloop
  endfacet
  facet normal 4.338837e-01 -3.931685e-04 -9.009688e-01
    outer loop
      vertex   6.860170e+00 -3.622792e+01 1.008886e+02
      vertex   6.938074e+00 -4.272792e+01 1.009289e+02
      vertex   6.071750e+00 -4.272792e+01 1.005117e+02
    endloop
  endfacet
  facet normal 4.288884e-01 3.512237e-04 -9.033574e-01
    outer loop
      vertex   6.860170e+00 -3.622792e+01 1.008886e+02
      vertex   6.071750e+00 -4.272792e+01 1.005117e+02
      vertex   6.000000e+00 -3.622792e+01 1.004802e+02
    endloop
  endfacet
  facet normal 4.023930e-01 0.000000e+00 -9.154670e-01
    outer loop
      vertex   6.000000e+00 -3.622792e+01 1.004802e+02
      vertex   6.071750e+00 -4.272792e+01 1.005117e+02
      vertex   6.000000e+00 -4.072792e+01 1.004802e+02
    endloop
  endfacet
  facet normal 3.752668e-01 -1.153698e-03 -9.269161e-01
    outer loop
      vertex   6.000000e+00 -4.072792e+01 1.004802e+02
      vertex   6.071750e+00 -4.272792e+01 1.005117e+02
      vertex   5.180476e+00 -4.272792e+01 1.001509e+02
    endloop
  endfacet
  facet normal 3.707919e-01 9.762061e-04 -9.287155e-01
    outer loop
      vertex   6.000000e+00 -4.072792e+01 1.004802e+02
      vertex   5.180476e+00 -4.272792e+01 1.001509e+02
      vertex   5.118188e+00 -4.072792e+01 1.001281e+02
    endloop
  endfacet
  facet normal 3.151081e-01 -9.895277e-04 -9.490553e-01
    outer loop
      vertex   5.118188e+00 -4.072792e+01 1.001281e+02
      vertex   5.180476e+00 -4.272792e+01 1.001509e+02
      vertex   4.267914e+00 -4.272792e+01 9.984790e+01
    endloop
  endfacet
  facet normal 3.112911e-01 8.096139e-04 -9.503143e-01
    outer loop
      vertex   5.118188e+00 -4.072792e+01 1.001281e+02
      vertex   4.267914e+00 -4.272792e+01 9.984790e+01
      vertex   4.215869e+00 -4.072792e+01 9.983256e+01
    endloop
  endfacet
  facet normal 2.536545e-01 -8.205132e-04 -9.672945e-01
    outer loop
      vertex   4.215869e+00 -4.072792e+01 9.983256e+01
      vertex   4.267914e+00 -4.272792e+01 9.984790e+01
      vertex   3.337814e+00 -4.272792e+01 9.960400e+01
    endloop
  endfacet
  facet normal 2.505430e-01 6.381772e-04 -9.681053e-01
    outer loop
      vertex   4.215869e+00 -4.072792e+01 9.983256e+01
      vertex   3.337814e+00 -4.272792e+01 9.960400e+01
      vertex   3.296657e+00 -4.072792e+01 9.959467e+01
    endloop
  endfacet
  facet normal 1.911586e-01 -6.466543e-04 -9.815590e-01
    outer loop
      vertex   3.296657e+00 -4.072792e+01 9.959467e+01
      vertex   3.337814e+00 -4.272792e+01 9.960400e+01
      vertex   2.393998e+00 -4.272792e+01 9.942020e+01
    endloop
  endfacet
  facet normal 1.887910e-01 4.618960e-04 -9.820172e-01
    outer loop
      vertex   3.296657e+00 -4.072792e+01 9.959467e+01
      vertex   2.393998e+00 -4.272792e+01 9.942020e+01
      vertex   2.364236e+00 -4.072792e+01 9.941541e+01
    endloop
  endfacet
  facet normal 1.278771e-01 -4.679511e-04 -9.917899e-01
    outer loop
      vertex   2.364236e+00 -4.072792e+01 9.941541e+01
      vertex   2.393998e+00 -4.272792e+01 9.942020e+01
      vertex   1.440345e+00 -4.272792e+01 9.929724e+01
    endloop
  endfacet
  facet normal 1.262825e-01 2.807707e-04 -9.919943e-01
    outer loop
      vertex   2.364236e+00 -4.072792e+01 9.941541e+01
      vertex   1.440345e+00 -4.272792e+01 9.929724e+01
      vertex   1.422341e+00 -4.072792e+01 9.929551e+01
    endloop
  endfacet
  facet normal 6.407022e-02 -2.844037e-04 -9.979454e-01
    outer loop
      vertex   1.422341e+00 -4.072792e+01 9.929551e+01
      vertex   1.440345e+00 -4.272792e+01 9.929724e+01
      vertex   4.807737e-01 -4.272792e+01 9.923563e+01
    endloop
  endfacet
  facet normal 6.326800e-02 9.480123e-05 -9.979966e-01
    outer loop
      vertex   1.422341e+00 -4.072792e+01 9.929551e+01
      vertex   4.807737e-01 -4.272792e+01 9.923563e+01
      vertex   4.747478e-01 -4.072792e+01 9.923544e+01
    endloop
  endfacet
  facet normal -0.000000e+00 -9.601221e-05 -1.000000e+00
    outer loop
      vertex   4.747478e-01 -4.072792e+01 9.923544e+01
      vertex   4.807737e-01 -4.272792e+01 9.923563e+01
      vertex   -4.747478e-01 -4.072792e+01 9.923544e+01
    endloop
  endfacet
  facet normal 0.000000e+00 -9.601221e-05 -1.000000e+00
    outer loop
      vertex   -4.747478e-01 -4.072792e+01 9.923544e+01
      vertex   4.807737e-01 -4.272792e+01 9.923563e+01
      vertex   -4.807737e-01 -4.272792e+01 9.923563e+01
    endloop
  endfacet
  facet normal -6.326800e-02 9.480123e-05 -9.979966e-01
    outer loop
      vertex   -4.747478e-01 -4.072792e+01 9.923544e+01
      vertex   -4.807737e-01 -4.272792e+01 9.923563e+01
      vertex   -1.422341e+00 -4.072792e+01 9.929551e+01
    endloop
  endfacet
  facet normal -6.407022e-02 -2.844037e-04 -9.979454e-01
    outer loop
      vertex   -1.422341e+00 -4.072792e+01 9.929551e+01
      vertex   -4.807737e-01 -4.272792e+01 9.923563e+01
      vertex   -1.440345e+00 -4.272792e+01 9.929724e+01
    endloop
  endfacet
  facet normal -1.262825e-01 2.807707e-04 -9.919943e-01
    outer loop
      vertex   -1.422341e+00 -4.072792e+01 9.929551e+01
      vertex   -1.440345e+00 -4.272792e+01 9.929724e+01
      vertex   -2.364236e+00 -4.072792e+01 9.941541e+01
    endloop
  endfacet
  facet normal -1.278771e-01 -4.679511e-04 -9.917899e-01
    outer loop
      vertex   -2.364236e+00 -4.072792e+01 9.941541e+01
      vertex   -1.440345e+00 -4.272792e+01 9.929724e+01
      vertex   -2.393998e+00 -4.272792e+01 9.942020e+01
    endloop
  endfacet
  facet normal -1.887910e-01 4.618960e-04 -9.820172e-01
    outer loop
      vertex   -2.364236e+00 -4.072792e+01 9.941541e+01
      vertex   -2.393998e+00 -4.272792e+01 9.942020e+01
      vertex   -3.296657e+00 -4.072792e+01 9.959467e+01
    endloop
  endfacet
  facet normal -1.911586e-01 -6.466543e-04 -9.815590e-01
    outer loop
      vertex   -3.296657e+00 -4.072792e+01 9.959467e+01
      vertex   -2.393998e+00 -4.272792e+01 9.942020e+01
      vertex   -3.337814e+00 -4.272792e+01 9.960400e+01
    endloop
  endfacet
  facet normal -2.505430e-01 6.381772e-04 -9.681053e-01
    outer loop
      vertex   -3.296657e+00 -4.072792e+01 9.959467e+01
      vertex   -3.337814e+00 -4.272792e+01 9.960400e+01
      vertex   -4.215869e+00 -4.072792e+01 9.983256e+01
    endloop
  endfacet
  facet normal -2.536545e-01 -8.205132e-04 -9.672945e-01
    outer loop
      vertex   -4.215869e+00 -4.072792e+01 9.983256e+01
      vertex   -3.337814e+00 -4.272792e+01 9.960400e+01
      vertex   -4.267914e+00 -4.272792e+01 9.984790e+01
    endloop
  endfacet
  facet normal -3.112911e-01 8.096139e-04 -9.503143e-01
    outer loop
      vertex   -4.215869e+00 -4.072792e+01 9.983256e+01
      vertex   -4.267914e+00 -4.272792e+01 9.984790e+01
      vertex   -5.118188e+00 -4.072792e+01 1.001281e+02
    endloop
  endfacet
  facet normal -3.151081e-01 -9.895277e-04 -9.490553e-01
    outer loop
      vertex   -5.118188e+00 -4.072792e+01 1.001281e+02
      vertex   -4.267914e+00 -4.272792e+01 9.984790e+01
      vertex   -5.180476e+00 -4.272792e+01 1.001509e+02
    endloop
  endfacet
  facet normal -3.707919e-01 9.762061e-04 -9.287155e-01
    outer loop
      vertex   -5.118188e+00 -4.072792e+01 1.001281e+02
      vertex   -5.180476e+00 -4.272792e+01 1.001509e+02
      vertex   -6.000000e+00 -4.072792e+01 1.004802e+02
    endloop
  endfacet
  facet normal -3.752668e-01 -1.153698e-03 -9.269161e-01
    outer loop
      vertex   -6.000000e+00 -4.072792e+01 1.004802e+02
      vertex   -5.180476e+00 -4.272792e+01 1.001509e+02
      vertex   -6.071750e+00 -4.272792e+01 1.005117e+02
    endloop
  endfacet
  facet normal -0.000000e+00 1.000000e+00 0.000000e+00
    outer loop
      vertex   2.219313e+00 -3.987792e+01 9.637034e+01
      vertex   4.650000e+00 -3.987792e+01 9.972792e+01
      vertex   2.250000e+00 -3.987792e+01 9.600000e+01
    endloop
  endfacet
  facet normal -0.000000e+00 1.000000e+00 0.000000e+00
    outer loop
      vertex   2.250000e+00 -3.987792e+01 9.600000e+01
      vertex   4.650000e+00 -3.987792e+01 9.972792e+01
      vertex   4.650000e+00 -3.987792e+01 9.172792e+01
    endloop
  endfacet
  facet normal 0.000000e+00 1.000000e+00 0.000000e+00
    outer loop
      vertex   2.250000e+00 -3.987792e+01 9.600000e+01
      vertex   4.650000e+00 -3.987792e+01 9.172792e+01
      vertex   2.219313e+00 -3.987792e+01 9.562966e+01
    endloop
  endfacet
  facet normal 0.000000e+00 1.000000e+00 0.000000e+00
    outer loop
      vertex   2.219313e+00 -3.987792e+01 9.562966e+01
      vertex   4.650000e+00 -3.987792e+01 9.172792e+01
      vertex   2.128089e+00 -3.987792e+01 9.526943e+01
    endloop
  endfacet
  facet normal 0.000000e+00 1.000000e+00 0.000000e+00
    outer loop
      vertex   2.128089e+00 -3.987792e+01 9.526943e+01
      vertex   4.650000e+00 -3.987792e+01 9.172792e+01
      vertex   1.978816e+00 -3.987792e+01 9.492912e+01
    endloop
  endfacet
  facet normal 0.000000e+00 1.000000e+00 0.000000e+00
    outer loop
      vertex   1.978816e+00 -3.987792e+01 9.492912e+01
      vertex   4.650000e+00 -3.987792e+01 9.172792e+01
      vertex   1.775566e+00 -3.987792e+01 9.461802e+01
    endloop
  endfacet
  facet normal 0.000000e+00 1.000000e+00 0.000000e+00
    outer loop
      vertex   1.775566e+00 -3.987792e+01 9.461802e+01
      vertex   4.650000e+00 -3.987792e+01 9.172792e+01
      vertex   1.523884e+00 -3.987792e+01 9.434462e+01
    endloop
  endfacet
  facet normal 0.000000e+00 1.000000e+00 0.000000e+00
    outer loop
      vertex   1.523884e+00 -3.987792e+01 9.434462e+01
      vertex   4.650000e+00 -3.987792e+01 9.172792e+01
      vertex   1.230633e+00 -3.987792e+01 9.411638e+01
    endloop
  endfacet
  facet normal 0.000000e+00 1.000000e+00 0.000000e+00
    outer loop
      vertex   1.230633e+00 -3.987792e+01 9.411638e+01
      vertex   4.650000e+00 -3.987792e+01 9.172792e+01
      vertex   9.038147e-01 -3.987792e+01 9.393951e+01
    endloop
  endfacet
  facet normal 0.000000e+00 1.000000e+00 0.000000e+00
    outer loop
      vertex   9.038147e-01 -3.987792e+01 9.393951e+01
      vertex   4.650000e+00 -3.987792e+01 9.172792e+01
      vertex   5.523423e-01 -3.987792e+01 9.381885e+01
    endloop
  endfacet
  facet normal 0.000000e+00 1.000000e+00 0.000000e+00
    outer loop
      vertex   5.523423e-01 -3.987792e+01 9.381885e+01
      vertex   4.650000e+00 -3.987792e+01 9.172792e+01
      vertex   1.858035e-01 -3.987792e+01 9.375769e+01
    endloop
  endfacet
  facet normal -7.640244e-16 1.000000e+00 -1.680370e-15
    outer loop
      vertex   1.858035e-01 -3.987792e+01 9.375769e+01
      vertex   4.650000e+00 -3.987792e+01 9.172792e+01
      vertex   -4.650000e+00 -3.987792e+01 9.172792e+01
    endloop
  endfacet
  facet normal 0.000000e+00 1.000000e+00 -3.500617e-15
    outer loop
      vertex   1.858035e-01 -3.987792e+01 9.375769e+01
      vertex   -4.650000e+00 -3.987792e+01 9.172792e+01
      vertex   -1.858035e-01 -3.987792e+01 9.375769e+01
    endloop
  endfacet
  facet normal -4.273194e-16 1.000000e+00 -2.560785e-15
    outer loop
      vertex   -1.858035e-01 -3.987792e+01 9.375769e+01
      vertex   -4.650000e+00 -3.987792e+01 9.172792e+01
      vertex   -5.523423e-01 -3.987792e+01 9.381885e+01
    endloop
  endfacet
  facet normal -6.974088e-16 1.000000e+00 -2.031482e-15
    outer loop
      vertex   -5.523423e-01 -3.987792e+01 9.381885e+01
      vertex   -4.650000e+00 -3.987792e+01 9.172792e+01
      vertex   -9.038147e-01 -3.987792e+01 9.393951e+01
    endloop
  endfacet
  facet normal -9.071324e-16 1.000000e+00 -1.676234e-15
    outer loop
      vertex   -9.038147e-01 -3.987792e+01 9.393951e+01
      vertex   -4.650000e+00 -3.987792e+01 9.172792e+01
      vertex   -1.230633e+00 -3.987792e+01 9.411638e+01
    endloop
  endfacet
  facet normal -1.095155e-15 1.000000e+00 -1.407056e-15
    outer loop
      vertex   -1.230633e+00 -3.987792e+01 9.411638e+01
      vertex   -4.650000e+00 -3.987792e+01 9.172792e+01
      vertex   -1.523884e+00 -3.987792e+01 9.434462e+01
    endloop
  endfacet
  facet normal -1.283736e-15 1.000000e+00 -1.181762e-15
    outer loop
      vertex   -1.523884e+00 -3.987792e+01 9.434462e+01
      vertex   -4.650000e+00 -3.987792e+01 9.172792e+01
      vertex   -1.775566e+00 -3.987792e+01 9.461802e+01
    endloop
  endfacet
  facet normal -1.491912e-15 1.000000e+00 -9.747149e-16
    outer loop
      vertex   -1.775566e+00 -3.987792e+01 9.461802e+01
      vertex   -4.650000e+00 -3.987792e+01 9.172792e+01
      vertex   -1.978816e+00 -3.987792e+01 9.492912e+01
    endloop
  endfacet
  facet normal -1.743509e-15 1.000000e+00 -7.647741e-16
    outer loop
      vertex   -1.978816e+00 -3.987792e+01 9.492912e+01
      vertex   -4.650000e+00 -3.987792e+01 9.172792e+01
      vertex   -2.128089e+00 -3.987792e+01 9.526943e+01
    endloop
  endfacet
  facet normal -2.078375e-15 1.000000e+00 -5.263160e-16
    outer loop
      vertex   -2.128089e+00 -3.987792e+01 9.526943e+01
      vertex   -4.650000e+00 -3.987792e+01 9.172792e+01
      vertex   -2.219313e+00 -3.987792e+01 9.562966e+01
    endloop
  endfacet
  facet normal -2.580044e-15 1.000000e+00 -2.137885e-16
    outer loop
      vertex   -2.219313e+00 -3.987792e+01 9.562966e+01
      vertex   -4.650000e+00 -3.987792e+01 9.172792e+01
      vertex   -2.250000e+00 -3.987792e+01 9.600000e+01
    endloop
  endfacet
  facet normal -1.379608e-15 1.000000e+00 -8.881784e-16
    outer loop
      vertex   -2.250000e+00 -3.987792e+01 9.600000e+01
      vertex   -4.650000e+00 -3.987792e+01 9.172792e+01
      vertex   -4.650000e+00 -3.987792e+01 9.972792e+01
    endloop
  endfacet
  facet normal 0.000000e+00 1.000000e+00 -0.000000e+00
    outer loop
      vertex   -2.250000e+00 -3.987792e+01 9.600000e+01
      vertex   -4.650000e+00 -3.987792e+01 9.972792e+01
      vertex   -2.219313e+00 -3.987792e+01 9.637034e+01
    endloop
  endfacet
  facet normal 0.000000e+00 1.000000e+00 -0.000000e+00
    outer loop
      vertex   -2.219313e+00 -3.987792e+01 9.637034e+01
      vertex   -4.650000e+00 -3.987792e+01 9.972792e+01
      vertex   -2.128089e+00 -3.987792e+01 9.673058e+01
    endloop
  endfacet
  facet normal 0.000000e+00 1.000000e+00 -0.000000e+00
    outer loop
      vertex   -2.128089e+00 -3.987792e+01 9.673058e+01
      vertex   -4.650000e+00 -3.987792e+01 9.972792e+01
      vertex   -1.978816e+00 -3.987792e+01 9.707088e+01
    endloop
  endfacet
  facet normal 0.000000e+00 1.000000e+00 -0.000000e+00
    outer loop
      vertex   -1.978816e+00 -3.987792e+01 9.707088e+01
      vertex   -4.650000e+00 -3.987792e+01 9.972792e+01
      vertex   -1.775566e+00 -3.987792e+01 9.738198e+01
    endloop
  endfacet
  facet normal 0.000000e+00 1.000000e+00 -0.000000e+00
    outer loop
      vertex   -1.775566e+00 -3.987792e+01 9.738198e+01
      vertex   -4.650000e+00 -3.987792e+01 9.972792e+01
      vertex   -1.523884e+00 -3.987792e+01 9.765538e+01
    endloop
  endfacet
  facet normal 0.000000e+00 1.000000e+00 -0.000000e+00
    outer loop
      vertex   -1.523884e+00 -3.987792e+01 9.765538e+01
      vertex   -4.650000e+00 -3.987792e+01 9.972792e+01
      vertex   -1.230633e+00 -3.987792e+01 9.788363e+01
    endloop
  endfacet
  facet normal 0.000000e+00 1.000000e+00 -0.000000e+00
    outer loop
      vertex   -1.230633e+00 -3.987792e+01 9.788363e+01
      vertex   -4.650000e+00 -3.987792e+01 9.972792e+01
      vertex   -9.038147e-01 -3.987792e+01 9.806049e+01
    endloop
  endfacet
  facet normal 0.000000e+00 1.000000e+00 -0.000000e+00
    outer loop
      vertex   -9.038147e-01 -3.987792e+01 9.806049e+01
      vertex   -4.650000e+00 -3.987792e+01 9.972792e+01
      vertex   -5.523423e-01 -3.987792e+01 9.818115e+01
    endloop
  endfacet
  facet normal 0.000000e+00 1.000000e+00 -0.000000e+00
    outer loop
      vertex   -5.523423e-01 -3.987792e+01 9.818115e+01
      vertex   -4.650000e+00 -3.987792e+01 9.972792e+01
      vertex   -1.858035e-01 -3.987792e+01 9.824232e+01
    endloop
  endfacet
  facet normal 0.000000e+00 1.000000e+00 -0.000000e+00
    outer loop
      vertex   -1.858035e-01 -3.987792e+01 9.824232e+01
      vertex   -4.650000e+00 -3.987792e+01 9.972792e+01
      vertex   1.858035e-01 -3.987792e+01 9.824232e+01
    endloop
  endfacet
  facet normal 0.000000e+00 1.000000e+00 -0.000000e+00
    outer loop
      vertex   1.858035e-01 -3.987792e+01 9.824232e+01
      vertex   -4.650000e+00 -3.987792e+01 9.972792e+01
      vertex   4.650000e+00 -3.987792e+01 9.972792e+01
    endloop
  endfacet
  facet normal -0.000000e+00 1.000000e+00 0.000000e+00
    outer loop
      vertex   1.858035e-01 -3.987792e+01 9.824232e+01
      vertex   4.650000e+00 -3.987792e+01 9.972792e+01
      vertex   5.523423e-01 -3.987792e+01 9.818115e+01
    endloop
  endfacet
  facet normal -0.000000e+00 1.000000e+00 0.000000e+00
    outer loop
      vertex   5.523423e-01 -3.987792e+01 9.818115e+01
      vertex   4.650000e+00 -3.987792e+01 9.972792e+01
      vertex   9.038147e-01 -3.987792e+01 9.806049e+01
    endloop
  endfacet
  facet normal -0.000000e+00 1.000000e+00 0.000000e+00
    outer loop
      vertex   9.038147e-01 -3.987792e+01 9.806049e+01
      vertex   4.650000e+00 -3.987792e+01 9.972792e+01
      vertex   1.230633e+00 -3.987792e+01 9.788363e+01
    endloop
  endfacet
  facet normal -0.000000e+00 1.000000e+00 0.000000e+00
    outer loop
      vertex   1.230633e+00 -3.987792e+01 9.788363e+01
      vertex   4.650000e+00 -3.987792e+01 9.972792e+01
      vertex   1.523884e+00 -3.987792e+01 9.765538e+01
    endloop
  endfacet
  facet normal -0.000000e+00 1.000000e+00 0.000000e+00
    outer loop
      vertex   1.523884e+00 -3.987792e+01 9.765538e+01
      vertex   4.650000e+00 -3.987792e+01 9.972792e+01
      vertex   1.775566e+00 -3.987792e+01 9.738198e+01
    endloop
  endfacet
  facet normal -0.000000e+00 1.000000e+00 0.000000e+00
    outer loop
      vertex   1.775566e+00 -3.987792e+01 9.738198e+01
      vertex   4.650000e+00 -3.987792e+01 9.972792e+01
      vertex   1.978816e+00 -3.987792e+01 9.707088e+01
    endloop
  endfacet
  facet normal -0.000000e+00 1.000000e+00 0.000000e+00
    outer loop
      vertex   1.978816e+00 -3.987792e+01 9.707088e+01
      vertex   4.650000e+00 -3.987792e+01 9.972792e+01
      vertex   2.128089e+00 -3.987792e+01 9.673058e+01
    endloop
  endfacet
  facet normal -0.000000e+00 1.000000e+00 0.000000e+00
    outer loop
      vertex   2.128089e+00 -3.987792e+01 9.673058e+01
      vertex   4.650000e+00 -3.987792e+01 9.972792e+01
      vertex   2.219313e+00 -3.987792e+01 9.637034e+01
    endloop
  endfacet
  facet normal 0.000000e+00 0.000000e+00 -1.000000e+00
    outer loop
      vertex   -4.650000e+00 -3.987792e+01 9.972792e+01
      vertex   -4.650000e+00 -3.557792e+01 9.972792e+01
      vertex   4.650000e+00 -3.987792e+01 9.972792e+01
    endloop
  endfacet
  facet normal 0.000000e+00 0.000000e+00 -1.000000e+00
    outer loop
      vertex   4.650000e+00 -3.987792e+01 9.972792e+01
      vertex   -4.650000e+00 -3.557792e+01 9.972792e+01
      vertex   4.650000e+00 -3.557792e+01 9.972792e+01
    endloop
  endfacet
  facet normal 0.000000e+00 -1.000000e+00 0.000000e+00
    outer loop
      vertex   2.219313e+00 -3.557792e+01 9.562966e+01
      vertex   4.650000e+00 -3.557792e+01 9.172792e+01
      vertex   2.250000e+00 -3.557792e+01 9.600000e+01
    endloop
  endfacet
  facet normal 0.000000e+00 -1.000000e+00 0.000000e+00
    outer loop
      vertex   2.250000e+00 -3.557792e+01 9.600000e+01
      vertex   4.650000e+00 -3.557792e+01 9.172792e+01
      vertex   4.650000e+00 -3.557792e+01 9.972792e+01
    endloop
  endfacet
  facet normal 0.000000e+00 -1.000000e+00 0.000000e+00
    outer loop
      vertex   2.250000e+00 -3.557792e+01 9.600000e+01
      vertex   4.650000e+00 -3.557792e+01 9.972792e+01
      vertex   2.219313e+00 -3.557792e+01 9.637034e+01
    endloop
  endfacet
  facet normal 0.000000e+00 -1.000000e+00 0.000000e+00
    outer loop
      vertex   2.219313e+00 -3.557792e+01 9.637034e+01
      vertex   4.650000e+00 -3.557792e+01 9.972792e+01
      vertex   2.128089e+00 -3.557792e+01 9.673058e+01
    endloop
  endfacet
  facet normal 0.000000e+00 -1.000000e+00 0.000000e+00
    outer loop
      vertex   2.128089e+00 -3.557792e+01 9.673058e+01
      vertex   4.650000e+00 -3.557792e+01 9.972792e+01
      vertex   1.978816e+00 -3.557792e+01 9.707088e+01
    endloop
  endfacet
  facet normal 0.000000e+00 -1.000000e+00 0.000000e+00
    outer loop
      vertex   1.978816e+00 -3.557792e+01 9.707088e+01
      vertex   4.650000e+00 -3.557792e+01 9.972792e+01
      vertex   1.775566e+00 -3.557792e+01 9.738198e+01
    endloop
  endfacet
  facet normal 0.000000e+00 -1.000000e+00 0.000000e+00
    outer loop
      vertex   1.775566e+00 -3.557792e+01 9.738198e+01
      vertex   4.650000e+00 -3.557792e+01 9.972792e+01
      vertex   1.523884e+00 -3.557792e+01 9.765538e+01
    endloop
  endfacet
  facet normal 0.000000e+00 -1.000000e+00 0.000000e+00
    outer loop
      vertex   1.523884e+00 -3.557792e+01 9.765538e+01
      vertex   4.650000e+00 -3.557792e+01 9.972792e+01
      vertex   1.230633e+00 -3.557792e+01 9.788363e+01
    endloop
  endfacet
  facet normal 0.000000e+00 -1.000000e+00 0.000000e+00
    outer loop
      vertex   1.230633e+00 -3.557792e+01 9.788363e+01
      vertex   4.650000e+00 -3.557792e+01 9.972792e+01
      vertex   9.038147e-01 -3.557792e+01 9.806049e+01
    endloop
  endfacet
  facet normal 0.000000e+00 -1.000000e+00 0.000000e+00
    outer loop
      vertex   9.038147e-01 -3.557792e+01 9.806049e+01
      vertex   4.650000e+00 -3.557792e+01 9.972792e+01
      vertex   5.523423e-01 -3.557792e+01 9.818115e+01
    endloop
  endfacet
  facet normal 0.000000e+00 -1.000000e+00 0.000000e+00
    outer loop
      vertex   5.523423e-01 -3.557792e+01 9.818115e+01
      vertex   4.650000e+00 -3.557792e+01 9.972792e+01
      vertex   1.858035e-01 -3.557792e+01 9.824232e+01
    endloop
  endfacet
  facet normal 0.000000e+00 -1.000000e+00 0.000000e+00
    outer loop
      vertex   1.858035e-01 -3.557792e+01 9.824232e+01
      vertex   4.650000e+00 -3.557792e+01 9.972792e+01
      vertex   -4.650000e+00 -3.557792e+01 9.972792e+01
    endloop
  endfacet
  facet normal 0.000000e+00 -1.000000e+00 0.000000e+00
    outer loop
      vertex   1.858035e-01 -3.557792e+01 9.824232e+01
      vertex   -4.650000e+00 -3.557792e+01 9.972792e+01
      vertex   -1.858035e-01 -3.557792e+01 9.824232e+01
    endloop
  endfacet
  facet normal -0.000000e+00 -1.000000e+00 0.000000e+00
    outer loop
      vertex   -1.858035e-01 -3.557792e+01 9.824232e+01
      vertex   -4.650000e+00 -3.557792e+01 9.972792e+01
      vertex   -5.523423e-01 -3.557792e+01 9.818115e+01
    endloop
  endfacet
  facet normal -0.000000e+00 -1.000000e+00 0.000000e+00
    outer loop
      vertex   -5.523423e-01 -3.557792e+01 9.818115e+01
      vertex   -4.650000e+00 -3.557792e+01 9.972792e+01
      vertex   -9.038147e-01 -3.557792e+01 9.806049e+01
    endloop
  endfacet
  facet normal -0.000000e+00 -1.000000e+00 0.000000e+00
    outer loop
      vertex   -9.038147e-01 -3.557792e+01 9.806049e+01
      vertex   -4.650000e+00 -3.557792e+01 9.972792e+01
      vertex   -1.230633e+00 -3.557792e+01 9.788363e+01
    endloop
  endfacet
  facet normal -0.000000e+00 -1.000000e+00 0.000000e+00
    outer loop
      vertex   -1.230633e+00 -3.557792e+01 9.788363e+01
      vertex   -4.650000e+00 -3.557792e+01 9.972792e+01
      vertex   -1.523884e+00 -3.557792e+01 9.765538e+01
    endloop
  endfacet
  facet normal -0.000000e+00 -1.000000e+00 0.000000e+00
    outer loop
      vertex   -1.523884e+00 -3.557792e+01 9.765538e+01
      vertex   -4.650000e+00 -3.557792e+01 9.972792e+01
      vertex   -1.775566e+00 -3.557792e+01 9.738198e+01
    endloop
  endfacet
  facet normal -0.000000e+00 -1.000000e+00 0.000000e+00
    outer loop
      vertex   -1.775566e+00 -3.557792e+01 9.738198e+01
      vertex   -4.650000e+00 -3.557792e+01 9.972792e+01
      vertex   -1.978816e+00 -3.557792e+01 9.707088e+01
    endloop
  endfacet
  facet normal -0.000000e+00 -1.000000e+00 0.000000e+00
    outer loop
      vertex   -1.978816e+00 -3.557792e+01 9.707088e+01
      vertex   -4.650000e+00 -3.557792e+01 9.972792e+01
      vertex   -2.128089e+00 -3.557792e+01 9.673058e+01
    endloop
  endfacet
  facet normal -0.000000e+00 -1.000000e+00 0.000000e+00
    outer loop
      vertex   -2.128089e+00 -3.557792e+01 9.673058e+01
      vertex   -4.650000e+00 -3.557792e+01 9.972792e+01
      vertex   -2.219313e+00 -3.557792e+01 9.637034e+01
    endloop
  endfacet
  facet normal -0.000000e+00 -1.000000e+00 0.000000e+00
    outer loop
      vertex   -2.219313e+00 -3.557792e+01 9.637034e+01
      vertex   -4.650000e+00 -3.557792e+01 9.972792e+01
      vertex   -2.250000e+00 -3.557792e+01 9.600000e+01
    endloop
  endfacet
  facet normal -0.000000e+00 -1.000000e+00 0.000000e+00
    outer loop
      vertex   -2.250000e+00 -3.557792e+01 9.600000e+01
      vertex   -4.650000e+00 -3.557792e+01 9.972792e+01
      vertex   -4.650000e+00 -3.557792e+01 9.172792e+01
    endloop
  endfacet
  facet normal 0.000000e+00 -1.000000e+00 -0.000000e+00
    outer loop
      vertex   -2.250000e+00 -3.557792e+01 9.600000e+01
      vertex   -4.650000e+00 -3.557792e+01 9.172792e+01
      vertex   -2.219313e+00 -3.557792e+01 9.562966e+01
    endloop
  endfacet
  facet normal 0.000000e+00 -1.000000e+00 -0.000000e+00
    outer loop
      vertex   -2.219313e+00 -3.557792e+01 9.562966e+01
      vertex   -4.650000e+00 -3.557792e+01 9.172792e+01
      vertex   -2.128089e+00 -3.557792e+01 9.526943e+01
    endloop
  endfacet
  facet normal 0.000000e+00 -1.000000e+00 -0.000000e+00
    outer loop
      vertex   -2.128089e+00 -3.557792e+01 9.526943e+01
      vertex   -4.650000e+00 -3.557792e+01 9.172792e+01
      vertex   -1.978816e+00 -3.557792e+01 9.492912e+01
    endloop
  endfacet
  facet normal 0.000000e+00 -1.000000e+00 -0.000000e+00
    outer loop
      vertex   -1.978816e+00 -3.557792e+01 9.492912e+01
      vertex   -4.650000e+00 -3.557792e+01 9.172792e+01
      vertex   -1.775566e+00 -3.557792e+01 9.461802e+01
    endloop
  endfacet
  facet normal 0.000000e+00 -1.000000e+00 -0.000000e+00
    outer loop
      vertex   -1.775566e+00 -3.557792e+01 9.461802e+01
      vertex   -4.650000e+00 -3.557792e+01 9.172792e+01
      vertex   -1.523884e+00 -3.557792e+01 9.434462e+01
    endloop
  endfacet
  facet normal 0.000000e+00 -1.000000e+00 -0.000000e+00
    outer loop
      vertex   -1.523884e+00 -3.557792e+01 9.434462e+01
      vertex   -4.650000e+00 -3.557792e+01 9.172792e+01
      vertex   -1.230633e+00 -3.557792e+01 9.411638e+01
    endloop
  endfacet
  facet normal 0.000000e+00 -1.000000e+00 -0.000000e+00
    outer loop
      vertex   -1.230633e+00 -3.557792e+01 9.411638e+01
      vertex   -4.650000e+00 -3.557792e+01 9.172792e+01
      vertex   -9.038147e-01 -3.557792e+01 9.393951e+01
    endloop
  endfacet
  facet normal 0.000000e+00 -1.000000e+00 -0.000000e+00
    outer loop
      vertex   -9.038147e-01 -3.557792e+01 9.393951e+01
      vertex   -4.650000e+00 -3.557792e+01 9.172792e+01
      vertex   -5.523423e-01 -3.557792e+01 9.381885e+01
    endloop
  endfacet
  facet normal 0.000000e+00 -1.000000e+00 -0.000000e+00
    outer loop
      vertex   -5.523423e-01 -3.557792e+01 9.381885e+01
      vertex   -4.650000e+00 -3.557792e+01 9.172792e+01
      vertex   -1.858035e-01 -3.557792e+01 9.375769e+01
    endloop
  endfacet
  facet normal 0.000000e+00 -1.000000e+00 -0.000000e+00
    outer loop
      vertex   -1.858035e-01 -3.557792e+01 9.375769e+01
      vertex   -4.650000e+00 -3.557792e+01 9.172792e+01
      vertex   1.858035e-01 -3.557792e+01 9.375769e+01
    endloop
  endfacet
  facet normal 0.000000e+00 -1.000000e+00 -0.000000e+00
    outer loop
      vertex   1.858035e-01 -3.557792e+01 9.375769e+01
      vertex   -4.650000e+00 -3.557792e+01 9.172792e+01
      vertex   4.650000e+00 -3.557792e+01 9.172792e+01
    endloop
  endfacet
  facet normal 0.000000e+00 -1.000000e+00 0.000000e+00
    outer loop
      vertex   1.858035e-01 -3.557792e+01 9.375769e+01
      vertex   4.650000e+00 -3.557792e+01 9.172792e+01
      vertex   5.523423e-01 -3.557792e+01 9.381885e+01
    endloop
  endfacet
  facet normal 0.000000e+00 -1.000000e+00 0.000000e+00
    outer loop
      vertex   5.523423e-01 -3.557792e+01 9.381885e+01
      vertex   4.650000e+00 -3.557792e+01 9.172792e+01
      vertex   9.038147e-01 -3.557792e+01 9.393951e+01
    endloop
  endfacet
  facet normal 0.000000e+00 -1.000000e+00 0.000000e+00
    outer loop
      vertex   9.038147e-01 -3.557792e+01 9.393951e+01
      vertex   4.650000e+00 -3.557792e+01 9.172792e+01
      vertex   1.230633e+00 -3.557792e+01 9.411638e+01
    endloop
  endfacet
  facet normal 0.000000e+00 -1.000000e+00 0.000000e+00
    outer loop
      vertex   1.230633e+00 -3.557792e+01 9.411638e+01
      vertex   4.650000e+00 -3.557792e+01 9.172792e+01
      vertex   1.523884e+00 -3.557792e+01 9.434462e+01
    endloop
  endfacet
  facet normal 0.000000e+00 -1.000000e+00 0.000000e+00
    outer loop
      vertex   1.523884e+00 -3.557792e+01 9.434462e+01
      vertex   4.650000e+00 -3.557792e+01 9.172792e+01
      vertex   1.775566e+00 -3.557792e+01 9.461802e+01
    endloop
  endfacet
  facet normal 0.000000e+00 -1.000000e+00 0.000000e+00
    outer loop
      vertex   1.775566e+00 -3.557792e+01 9.461802e+01
      vertex   4.650000e+00 -3.557792e+01 9.172792e+01
      vertex   1.978816e+00 -3.557792e+01 9.492912e+01
    endloop
  endfacet
  facet normal 0.000000e+00 -1.000000e+00 0.000000e+00
    outer loop
      vertex   1.978816e+00 -3.557792e+01 9.492912e+01
      vertex   4.650000e+00 -3.557792e+01 9.172792e+01
      vertex   2.128089e+00 -3.557792e+01 9.526943e+01
    endloop
  endfacet
  facet normal 0.000000e+00 -1.000000e+00 0.000000e+00
    outer loop
      vertex   2.128089e+00 -3.557792e+01 9.526943e+01
      vertex   4.650000e+00 -3.557792e+01 9.172792e+01
      vertex   2.219313e+00 -3.557792e+01 9.562966e+01
    endloop
  endfacet
  facet normal 1.000000e+00 0.000000e+00 0.000000e+00
    outer loop
      vertex   -4.650000e+00 -3.987792e+01 9.172792e+01
      vertex   -4.650000e+00 -3.557792e+01 9.172792e+01
      vertex   -4.650000e+00 -3.987792e+01 9.972792e+01
    endloop
  endfacet
  facet normal 1.000000e+00 -0.000000e+00 0.000000e+00
    outer loop
      vertex   -4.650000e+00 -3.987792e+01 9.972792e+01
      vertex   -4.650000e+00 -3.557792e+01 9.172792e+01
      vertex   -4.650000e+00 -3.557792e+01 9.972792e+01
    endloop
  endfacet
  facet normal -1.000000e+00 0.000000e+00 0.000000e+00
    outer loop
      vertex   4.650000e+00 -3.987792e+01 9.172792e+01
      vertex   4.650000e+00 -3.987792e+01 9.972792e+01
      vertex   4.650000e+00 -3.557792e+01 9.172792e+01
    endloop
  endfacet
  facet normal -1.000000e+00 0.000000e+00 0.000000e+00
    outer loop
      vertex   4.650000e+00 -3.557792e+01 9.172792e+01
      vertex   4.650000e+00 -3.987792e+01 9.972792e+01
      vertex   4.650000e+00 -3.557792e+01 9.972792e+01
    endloop
  endfacet
  facet normal -9.965845e-01 0.000000e+00 8.257935e-02
    outer loop
      vertex   2.219313e+00 -3.472792e+01 9.562966e+01
      vertex   2.219313e+00 -3.557792e+01 9.562966e+01
      vertex   2.250000e+00 -3.472792e+01 9.600000e+01
    endloop
  endfacet
  facet normal -9.965845e-01 0.000000e+00 8.257935e-02
    outer loop
      vertex   2.250000e+00 -3.472792e+01 9.600000e+01
      vertex   2.219313e+00 -3.557792e+01 9.562966e+01
      vertex   2.250000e+00 -3.557792e+01 9.600000e+01
    endloop
  endfacet
  facet normal -9.965845e-01 -0.000000e+00 -8.257935e-02
    outer loop
      vertex   2.250000e+00 -3.472792e+01 9.600000e+01
      vertex   2.250000e+00 -3.557792e+01 9.600000e+01
      vertex   2.219313e+00 -3.472792e+01 9.637034e+01
    endloop
  endfacet
  facet normal -9.965845e-01 -0.000000e+00 -8.257935e-02
    outer loop
      vertex   2.219313e+00 -3.472792e+01 9.637034e+01
      vertex   2.250000e+00 -3.557792e+01 9.600000e+01
      vertex   2.219313e+00 -3.557792e+01 9.637034e+01
    endloop
  endfacet
  facet normal -9.694003e-01 -0.000000e+00 -2.454855e-01
    outer loop
      vertex   2.219313e+00 -3.472792e+01 9.637034e+01
      vertex   2.219313e+00 -3.557792e+01 9.637034e+01
      vertex   2.128089e+00 -3.472792e+01 9.673058e+01
    endloop
  endfacet
  facet normal -9.694003e-01 -0.000000e+00 -2.454855e-01
    outer loop
      vertex   2.128089e+00 -3.472792e+01 9.673058e+01
      vertex   2.219313e+00 -3.557792e+01 9.637034e+01
      vertex   2.128089e+00 -3.557792e+01 9.673058e+01
    endloop
  endfacet
  facet normal -9.157733e-01 -0.000000e+00 -4.016954e-01
    outer loop
      vertex   2.128089e+00 -3.472792e+01 9.673058e+01
      vertex   2.128089e+00 -3.557792e+01 9.673058e+01
      vertex   1.978816e+00 -3.472792e+01 9.707088e+01
    endloop
  endfacet
  facet normal -9.157733e-01 -0.000000e+00 -4.016954e-01
    outer loop
      vertex   1.978816e+00 -3.472792e+01 9.707088e+01
      vertex   2.128089e+00 -3.557792e+01 9.673058e+01
      vertex   1.978816e+00 -3.557792e+01 9.707088e+01
    endloop
  endfacet
  facet normal -8.371665e-01 -0.000000e+00 -5.469482e-01
    outer loop
      vertex   1.978816e+00 -3.472792e+01 9.707088e+01
      vertex   1.978816e+00 -3.557792e+01 9.707088e+01
      vertex   1.775566e+00 -3.472792e+01 9.738198e+01
    endloop
  endfacet
  facet normal -8.371665e-01 -0.000000e+00 -5.469482e-01
    outer loop
      vertex   1.775566e+00 -3.472792e+01 9.738198e+01
      vertex   1.978816e+00 -3.557792e+01 9.707088e+01
      vertex   1.775566e+00 -3.557792e+01 9.738198e+01
    endloop
  endfacet
  facet normal -7.357239e-01 -0.000000e+00 -6.772816e-01
    outer loop
      vertex   1.775566e+00 -3.472792e+01 9.738198e+01
      vertex   1.775566e+00 -3.557792e+01 9.738198e+01
      vertex   1.523884e+00 -3.472792e+01 9.765538e+01
    endloop
  endfacet
  facet normal -7.357239e-01 -0.000000e+00 -6.772816e-01
    outer loop
      vertex   1.523884e+00 -3.472792e+01 9.765538e+01
      vertex   1.775566e+00 -3.557792e+01 9.738198e+01
      vertex   1.523884e+00 -3.557792e+01 9.765538e+01
    endloop
  endfacet
  facet normal -6.142127e-01 -0.000000e+00 -7.891405e-01
    outer loop
      vertex   1.523884e+00 -3.472792e+01 9.765538e+01
      vertex   1.523884e+00 -3.557792e+01 9.765538e+01
      vertex   1.230633e+00 -3.472792e+01 9.788363e+01
    endloop
  endfacet
  facet normal -6.142127e-01 -0.000000e+00 -7.891405e-01
    outer loop
      vertex   1.230633e+00 -3.472792e+01 9.788363e+01
      vertex   1.523884e+00 -3.557792e+01 9.765538e+01
      vertex   1.230633e+00 -3.557792e+01 9.788363e+01
    endloop
  endfacet
  facet normal -4.759474e-01 -0.000000e+00 -8.794738e-01
    outer loop
      vertex   1.230633e+00 -3.472792e+01 9.788363e+01
      vertex   1.230633e+00 -3.557792e+01 9.788363e+01
      vertex   9.038147e-01 -3.472792e+01 9.806049e+01
    endloop
  endfacet
  facet normal -4.759474e-01 -0.000000e+00 -8.794738e-01
    outer loop
      vertex   9.038147e-01 -3.472792e+01 9.806049e+01
      vertex   1.230633e+00 -3.557792e+01 9.788363e+01
      vertex   9.038147e-01 -3.557792e+01 9.806049e+01
    endloop
  endfacet
  facet normal -3.246995e-01 -0.000000e+00 -9.458172e-01
    outer loop
      vertex   9.038147e-01 -3.472792e+01 9.806049e+01
      vertex   9.038147e-01 -3.557792e+01 9.806049e+01
      vertex   5.523423e-01 -3.472792e+01 9.818115e+01
    endloop
  endfacet
  facet normal -3.246995e-01 -0.000000e+00 -9.458172e-01
    outer loop
      vertex   5.523423e-01 -3.472792e+01 9.818115e+01
      vertex   9.038147e-01 -3.557792e+01 9.806049e+01
      vertex   5.523423e-01 -3.557792e+01 9.818115e+01
    endloop
  endfacet
  facet normal -1.645946e-01 -0.000000e+00 -9.863613e-01
    outer loop
      vertex   5.523423e-01 -3.472792e+01 9.818115e+01
      vertex   5.523423e-01 -3.557792e+01 9.818115e+01
      vertex   1.858035e-01 -3.472792e+01 9.824232e+01
    endloop
  endfacet
  facet normal -1.645946e-01 -0.000000e+00 -9.863613e-01
    outer loop
      vertex   1.858035e-01 -3.472792e+01 9.824232e+01
      vertex   5.523423e-01 -3.557792e+01 9.818115e+01
      vertex   1.858035e-01 -3.557792e+01 9.824232e+01
    endloop
  endfacet
  facet normal -0.000000e+00 -0.000000e+00 -1.000000e+00
    outer loop
      vertex   1.858035e-01 -3.472792e+01 9.824232e+01
      vertex   1.858035e-01 -3.557792e+01 9.824232e+01
      vertex   -1.858035e-01 -3.472792e+01 9.824232e+01
    endloop
  endfacet
  facet normal 0.000000e+00 0.000000e+00 -1.000000e+00
    outer loop
      vertex   -1.858035e-01 -3.472792e+01 9.824232e+01
      vertex   1.858035e-01 -3.557792e+01 9.824232e+01
      vertex   -1.858035e-01 -3.557792e+01 9.824232e+01
    endloop
  endfacet
  facet normal 1.645946e-01 0.000000e+00 -9.863613e-01
    outer loop
      vertex   -1.858035e-01 -3.472792e+01 9.824232e+01
      vertex   -1.858035e-01 -3.557792e+01 9.824232e+01
      vertex   -5.523423e-01 -3.472792e+01 9.818115e+01
    endloop
  endfacet
  facet normal 1.645946e-01 0.000000e+00 -9.863613e-01
    outer loop
      vertex   -5.523423e-01 -3.472792e+01 9.818115e+01
      vertex   -1.858035e-01 -3.557792e+01 9.824232e+01
      vertex   -5.523423e-01 -3.557792e+01 9.818115e+01
    endloop
  endfacet
  facet normal 3.246995e-01 0.000000e+00 -9.458172e-01
    outer loop
      vertex   -5.523423e-01 -3.472792e+01 9.818115e+01
      vertex   -5.523423e-01 -3.557792e+01 9.818115e+01
      vertex   -9.038147e-01 -3.472792e+01 9.806049e+01
    endloop
  endfacet
  facet normal 3.246995e-01 0.000000e+00 -9.458172e-01
    outer loop
      vertex   -9.038147e-01 -3.472792e+01 9.806049e+01
      vertex   -5.523423e-01 -3.557792e+01 9.818115e+01
      vertex   -9.038147e-01 -3.557792e+01 9.806049e+01
    endloop
  endfacet
  facet normal 4.759474e-01 0.000000e+00 -8.794738e-01
    outer loop
      vertex   -9.038147e-01 -3.472792e+01 9.806049e+01
      vertex   -9.038147e-01 -3.557792e+01 9.806049e+01
      vertex   -1.230633e+00 -3.472792e+01 9.788363e+01
    endloop
  endfacet
  facet normal 4.759474e-01 0.000000e+00 -8.794738e-01
    outer loop
      vertex   -1.230633e+00 -3.472792e+01 9.788363e+01
      vertex   -9.038147e-01 -3.557792e+01 9.806049e+01
      vertex   -1.230633e+00 -3.557792e+01 9.788363e+01
    endloop
  endfacet
  facet normal 6.142127e-01 0.000000e+00 -7.891405e-01
    outer loop
      vertex   -1.230633e+00 -3.472792e+01 9.788363e+01
      vertex   -1.230633e+00 -3.557792e+01 9.788363e+01
      vertex   -1.523884e+00 -3.472792e+01 9.765538e+01
    endloop
  endfacet
  facet normal 6.142127e-01 0.000000e+00 -7.891405e-01
    outer loop
      vertex   -1.523884e+00 -3.472792e+01 9.765538e+01
      vertex   -1.230633e+00 -3.557792e+01 9.788363e+01
      vertex   -1.523884e+00 -3.557792e+01 9.765538e+01
    endloop
  endfacet
  facet normal 7.357239e-01 0.000000e+00 -6.772816e-01
    outer loop
      vertex   -1.523884e+00 -3.472792e+01 9.765538e+01
      vertex   -1.523884e+00 -3.557792e+01 9.765538e+01
      vertex   -1.775566e+00 -3.472792e+01 9.738198e+01
    endloop
  endfacet
  facet normal 7.357239e-01 0.000000e+00 -6.772816e-01
    outer loop
      vertex   -1.775566e+00 -3.472792e+01 9.738198e+01
      vertex   -1.523884e+00 -3.557792e+01 9.765538e+01
      vertex   -1.775566e+00 -3.557792e+01 9.738198e+01
    endloop
  endfacet
  facet normal 8.371665e-01 0.000000e+00 -5.469482e-01
    outer loop
      vertex   -1.775566e+00 -3.472792e+01 9.738198e+01
      vertex   -1.775566e+00 -3.557792e+01 9.738198e+01
      vertex   -1.978816e+00 -3.472792e+01 9.707088e+01
    endloop
  endfacet
  facet normal 8.371665e-01 0.000000e+00 -5.469482e-01
    outer loop
      vertex   -1.978816e+00 -3.472792e+01 9.707088e+01
      vertex   -1.775566e+00 -3.557792e+01 9.738198e+01
      vertex   -1.978816e+00 -3.557792e+01 9.707088e+01
    endloop
  endfacet
  facet normal 9.157733e-01 0.000000e+00 -4.016954e-01
    outer loop
      vertex   -1.978816e+00 -3.472792e+01 9.707088e+01
      vertex   -1.978816e+00 -3.557792e+01 9.707088e+01
      vertex   -2.128089e+00 -3.472792e+01 9.673058e+01
    endloop
  endfacet
  facet normal 9.157733e-01 0.000000e+00 -4.016954e-01
    outer loop
      vertex   -2.128089e+00 -3.472792e+01 9.673058e+01
      vertex   -1.978816e+00 -3.557792e+01 9.707088e+01
      vertex   -2.128089e+00 -3.557792e+01 9.673058e+01
    endloop
  endfacet
  facet normal 9.694003e-01 0.000000e+00 -2.454855e-01
    outer loop
      vertex   -2.128089e+00 -3.472792e+01 9.673058e+01
      vertex   -2.128089e+00 -3.557792e+01 9.673058e+01
      vertex   -2.219313e+00 -3.472792e+01 9.637034e+01
    endloop
  endfacet
  facet normal 9.694003e-01 0.000000e+00 -2.454855e-01
    outer loop
      vertex   -2.219313e+00 -3.472792e+01 9.637034e+01
      vertex   -2.128089e+00 -3.557792e+01 9.673058e+01
      vertex   -2.219313e+00 -3.557792e+01 9.637034e+01
    endloop
  endfacet
  facet normal 9.965845e-01 0.000000e+00 -8.257935e-02
    outer loop
      vertex   -2.219313e+00 -3.472792e+01 9.637034e+01
      vertex   -2.219313e+00 -3.557792e+01 9.637034e+01
      vertex   -2.250000e+00 -3.472792e+01 9.600000e+01
    endloop
  endfacet
  facet normal 9.965845e-01 0.000000e+00 -8.257935e-02
    outer loop
      vertex   -2.250000e+00 -3.472792e+01 9.600000e+01
      vertex   -2.219313e+00 -3.557792e+01 9.637034e+01
      vertex   -2.250000e+00 -3.557792e+01 9.600000e+01
    endloop
  endfacet
  facet normal 9.965845e-01 0.000000e+00 8.257935e-02
    outer loop
      vertex   -2.250000e+00 -3.472792e+01 9.600000e+01
      vertex   -2.250000e+00 -3.557792e+01 9.600000e+01
      vertex   -2.219313e+00 -3.472792e+01 9.562966e+01
    endloop
  endfacet
  facet normal 9.965845e-01 0.000000e+00 8.257935e-02
    outer loop
      vertex   -2.219313e+00 -3.472792e+01 9.562966e+01
      vertex   -2.250000e+00 -3.557792e+01 9.600000e+01
      vertex   -2.219313e+00 -3.557792e+01 9.562966e+01
    endloop
  endfacet
  facet normal 9.694003e-01 0.000000e+00 2.454855e-01
    outer loop
      vertex   -2.219313e+00 -3.472792e+01 9.562966e+01
      vertex   -2.219313e+00 -3.557792e+01 9.562966e+01
      vertex   -2.128089e+00 -3.472792e+01 9.526943e+01
    endloop
  endfacet
  facet normal 9.694003e-01 0.000000e+00 2.454855e-01
    outer loop
      vertex   -2.128089e+00 -3.472792e+01 9.526943e+01
      vertex   -2.219313e+00 -3.557792e+01 9.562966e+01
      vertex   -2.128089e+00 -3.557792e+01 9.526943e+01
    endloop
  endfacet
  facet normal 9.157733e-01 0.000000e+00 4.016954e-01
    outer loop
      vertex   -2.128089e+00 -3.472792e+01 9.526943e+01
      vertex   -2.128089e+00 -3.557792e+01 9.526943e+01
      vertex   -1.978816e+00 -3.472792e+01 9.492912e+01
    endloop
  endfacet
  facet normal 9.157733e-01 0.000000e+00 4.016954e-01
    outer loop
      vertex   -1.978816e+00 -3.472792e+01 9.492912e+01
      vertex   -2.128089e+00 -3.557792e+01 9.526943e+01
      vertex   -1.978816e+00 -3.557792e+01 9.492912e+01
    endloop
  endfacet
  facet normal 8.371665e-01 0.000000e+00 5.469482e-01
    outer loop
      vertex   -1.978816e+00 -3.472792e+01 9.492912e+01
      vertex   -1.978816e+00 -3.557792e+01 9.492912e+01
      vertex   -1.775566e+00 -3.472792e+01 9.461802e+01
    endloop
  endfacet
  facet normal 8.371665e-01 0.000000e+00 5.469482e-01
    outer loop
      vertex   -1.775566e+00 -3.472792e+01 9.461802e+01
      vertex   -1.978816e+00 -3.557792e+01 9.492912e+01
      vertex   -1.775566e+00 -3.557792e+01 9.461802e+01
    endloop
  endfacet
  facet normal 7.357239e-01 0.000000e+00 6.772816e-01
    outer loop
      vertex   -1.775566e+00 -3.472792e+01 9.461802e+01
      vertex   -1.775566e+00 -3.557792e+01 9.461802e+01
      vertex   -1.523884e+00 -3.472792e+01 9.434462e+01
    endloop
  endfacet
  facet normal 7.357239e-01 0.000000e+00 6.772816e-01
    outer loop
      vertex   -1.523884e+00 -3.472792e+01 9.434462e+01
      vertex   -1.775566e+00 -3.557792e+01 9.461802e+01
      vertex   -1.523884e+00 -3.557792e+01 9.434462e+01
    endloop
  endfacet
  facet normal 6.142127e-01 0.000000e+00 7.891405e-01
    outer loop
      vertex   -1.523884e+00 -3.472792e+01 9.434462e+01
      vertex   -1.523884e+00 -3.557792e+01 9.434462e+01
      vertex   -1.230633e+00 -3.472792e+01 9.411638e+01
    endloop
  endfacet
  facet normal 6.142127e-01 0.000000e+00 7.891405e-01
    outer loop
      vertex   -1.230633e+00 -3.472792e+01 9.411638e+01
      vertex   -1.523884e+00 -3.557792e+01 9.434462e+01
      vertex   -1.230633e+00 -3.557792e+01 9.411638e+01
    endloop
  endfacet
  facet normal 4.759474e-01 0.000000e+00 8.794738e-01
    outer loop
      vertex   -1.230633e+00 -3.472792e+01 9.411638e+01
      vertex   -1.230633e+00 -3.557792e+01 9.411638e+01
      vertex   -9.038147e-01 -3.472792e+01 9.393951e+01
    endloop
  endfacet
  facet normal 4.759474e-01 0.000000e+00 8.794738e-01
    outer loop
      vertex   -9.038147e-01 -3.472792e+01 9.393951e+01
      vertex   -1.230633e+00 -3.557792e+01 9.411638e+01
      vertex   -9.038147e-01 -3.557792e+01 9.393951e+01
    endloop
  endfacet
  facet normal 3.246995e-01 0.000000e+00 9.458172e-01
    outer loop
      vertex   -9.038147e-01 -3.472792e+01 9.393951e+01
      vertex   -9.038147e-01 -3.557792e+01 9.393951e+01
      vertex   -5.523423e-01 -3.472792e+01 9.381885e+01
    endloop
  endfacet
  facet normal 3.246995e-01 0.000000e+00 9.458172e-01
    outer loop
      vertex   -5.523423e-01 -3.472792e+01 9.381885e+01
      vertex   -9.038147e-01 -3.557792e+01 9.393951e+01
      vertex   -5.523423e-01 -3.557792e+01 9.381885e+01
    endloop
  endfacet
  facet normal 1.645946e-01 0.000000e+00 9.863613e-01
    outer loop
      vertex   -5.523423e-01 -3.472792e+01 9.381885e+01
      vertex   -5.523423e-01 -3.557792e+01 9.381885e+01
      vertex   -1.858035e-01 -3.472792e+01 9.375769e+01
    endloop
  endfacet
  facet normal 1.645946e-01 0.000000e+00 9.863613e-01
    outer loop
      vertex   -1.858035e-01 -3.472792e+01 9.375769e+01
      vertex   -5.523423e-01 -3.557792e+01 9.381885e+01
      vertex   -1.858035e-01 -3.557792e+01 9.375769e+01
    endloop
  endfacet
  facet normal -0.000000e+00 0.000000e+00 1.000000e+00
    outer loop
      vertex   -1.858035e-01 -3.472792e+01 9.375769e+01
      vertex   -1.858035e-01 -3.557792e+01 9.375769e+01
      vertex   1.858035e-01 -3.472792e+01 9.375769e+01
    endloop
  endfacet
  facet normal 0.000000e+00 0.000000e+00 1.000000e+00
    outer loop
      vertex   1.858035e-01 -3.472792e+01 9.375769e+01
      vertex   -1.858035e-01 -3.557792e+01 9.375769e+01
      vertex   1.858035e-01 -3.557792e+01 9.375769e+01
    endloop
  endfacet
  facet normal -1.645946e-01 0.000000e+00 9.863613e-01
    outer loop
      vertex   1.858035e-01 -3.472792e+01 9.375769e+01
      vertex   1.858035e-01 -3.557792e+01 9.375769e+01
      vertex   5.523423e-01 -3.472792e+01 9.381885e+01
    endloop
  endfacet
  facet normal -1.645946e-01 0.000000e+00 9.863613e-01
    outer loop
      vertex   5.523423e-01 -3.472792e+01 9.381885e+01
      vertex   1.858035e-01 -3.557792e+01 9.375769e+01
      vertex   5.523423e-01 -3.557792e+01 9.381885e+01
    endloop
  endfacet
  facet normal -3.246995e-01 0.000000e+00 9.458172e-01
    outer loop
      vertex   5.523423e-01 -3.472792e+01 9.381885e+01
      vertex   5.523423e-01 -3.557792e+01 9.381885e+01
      vertex   9.038147e-01 -3.472792e+01 9.393951e+01
    endloop
  endfacet
  facet normal -3.246995e-01 0.000000e+00 9.458172e-01
    outer loop
      vertex   9.038147e-01 -3.472792e+01 9.393951e+01
      vertex   5.523423e-01 -3.557792e+01 9.381885e+01
      vertex   9.038147e-01 -3.557792e+01 9.393951e+01
    endloop
  endfacet
  facet normal -4.759474e-01 0.000000e+00 8.794738e-01
    outer loop
      vertex   9.038147e-01 -3.472792e+01 9.393951e+01
      vertex   9.038147e-01 -3.557792e+01 9.393951e+01
      vertex   1.230633e+00 -3.472792e+01 9.411638e+01
    endloop
  endfacet
  facet normal -4.759474e-01 0.000000e+00 8.794738e-01
    outer loop
      vertex   1.230633e+00 -3.472792e+01 9.411638e+01
      vertex   9.038147e-01 -3.557792e+01 9.393951e+01
      vertex   1.230633e+00 -3.557792e+01 9.411638e+01
    endloop
  endfacet
  facet normal -6.142127e-01 0.000000e+00 7.891405e-01
    outer loop
      vertex   1.230633e+00 -3.472792e+01 9.411638e+01
      vertex   1.230633e+00 -3.557792e+01 9.411638e+01
      vertex   1.523884e+00 -3.472792e+01 9.434462e+01
    endloop
  endfacet
  facet normal -6.142127e-01 0.000000e+00 7.891405e-01
    outer loop
      vertex   1.523884e+00 -3.472792e+01 9.434462e+01
      vertex   1.230633e+00 -3.557792e+01 9.411638e+01
      vertex   1.523884e+00 -3.557792e+01 9.434462e+01
    endloop
  endfacet
  facet normal -7.357239e-01 0.000000e+00 6.772816e-01
    outer loop
      vertex   1.523884e+00 -3.472792e+01 9.434462e+01
      vertex   1.523884e+00 -3.557792e+01 9.434462e+01
      vertex   1.775566e+00 -3.472792e+01 9.461802e+01
    endloop
  endfacet
  facet normal -7.357239e-01 0.000000e+00 6.772816e-01
    outer loop
      vertex   1.775566e+00 -3.472792e+01 9.461802e+01
      vertex   1.523884e+00 -3.557792e+01 9.434462e+01
      vertex   1.775566e+00 -3.557792e+01 9.461802e+01
    endloop
  endfacet
  facet normal -8.371665e-01 0.000000e+00 5.469482e-01
    outer loop
      vertex   1.775566e+00 -3.472792e+01 9.461802e+01
      vertex   1.775566e+00 -3.557792e+01 9.461802e+01
      vertex   1.978816e+00 -3.472792e+01 9.492912e+01
    endloop
  endfacet
  facet normal -8.371665e-01 0.000000e+00 5.469482e-01
    outer loop
      vertex   1.978816e+00 -3.472792e+01 9.492912e+01
      vertex   1.775566e+00 -3.557792e+01 9.461802e+01
      vertex   1.978816e+00 -3.557792e+01 9.492912e+01
    endloop
  endfacet
  facet normal -9.157733e-01 0.000000e+00 4.016954e-01
    outer loop
      vertex   1.978816e+00 -3.472792e+01 9.492912e+01
      vertex   1.978816e+00 -3.557792e+01 9.492912e+01
      vertex   2.128089e+00 -3.472792e+01 9.526943e+01
    endloop
  endfacet
  facet normal -9.157733e-01 0.000000e+00 4.016954e-01
    outer loop
      vertex   2.128089e+00 -3.472792e+01 9.526943e+01
      vertex   1.978816e+00 -3.557792e+01 9.492912e+01
      vertex   2.128089e+00 -3.557792e+01 9.526943e+01
    endloop
  endfacet
  facet normal -9.694003e-01 0.000000e+00 2.454855e-01
    outer loop
      vertex   2.128089e+00 -3.472792e+01 9.526943e+01
      vertex   2.128089e+00 -3.557792e+01 9.526943e+01
      vertex   2.219313e+00 -3.472792e+01 9.562966e+01
    endloop
  endfacet
  facet normal -9.694003e-01 0.000000e+00 2.454855e-01
    outer loop
      vertex   2.219313e+00 -3.472792e+01 9.562966e+01
      vertex   2.128089e+00 -3.557792e+01 9.526943e+01
      vertex   2.219313e+00 -3.557792e+01 9.562966e+01
    endloop
  endfacet
  facet normal -9.965845e-01 0.000000e+00 8.257935e-02
    outer loop
      vertex   2.219313e+00 -3.987792e+01 9.562966e+01
      vertex   2.219313e+00 -4.072792e+01 9.562966e+01
      vertex   2.250000e+00 -3.987792e+01 9.600000e+01
    endloop
  endfacet
  facet normal -9.965845e-01 0.000000e+00 8.257935e-02
    outer loop
      vertex   2.250000e+00 -3.987792e+01 9.600000e+01
      vertex   2.219313e+00 -4.072792e+01 9.562966e+01
      vertex   2.250000e+00 -4.072792e+01 9.600000e+01
    endloop
  endfacet
  facet normal -9.965845e-01 -0.000000e+00 -8.257935e-02
    outer loop
      vertex   2.250000e+00 -3.987792e+01 9.600000e+01
      vertex   2.250000e+00 -4.072792e+01 9.600000e+01
      vertex   2.219313e+00 -3.987792e+01 9.637034e+01
    endloop
  endfacet
  facet normal -9.965845e-01 -0.000000e+00 -8.257935e-02
    outer loop
      vertex   2.219313e+00 -3.987792e+01 9.637034e+01
      vertex   2.250000e+00 -4.072792e+01 9.600000e+01
      vertex   2.219313e+00 -4.072792e+01 9.637034e+01
    endloop
  endfacet
  facet normal -9.694003e-01 -0.000000e+00 -2.454855e-01
    outer loop
      vertex   2.219313e+00 -3.987792e+01 9.637034e+01
      vertex   2.219313e+00 -4.072792e+01 9.637034e+01
      vertex   2.128089e+00 -3.987792e+01 9.673058e+01
    endloop
  endfacet
  facet normal -9.694003e-01 -0.000000e+00 -2.454855e-01
    outer loop
      vertex   2.128089e+00 -3.987792e+01 9.673058e+01
      vertex   2.219313e+00 -4.072792e+01 9.637034e+01
      vertex   2.128089e+00 -4.072792e+01 9.673058e+01
    endloop
  endfacet
  facet normal -9.157733e-01 -0.000000e+00 -4.016954e-01
    outer loop
      vertex   2.128089e+00 -3.987792e+01 9.673058e+01
      vertex   2.128089e+00 -4.072792e+01 9.673058e+01
      vertex   1.978816e+00 -3.987792e+01 9.707088e+01
    endloop
  endfacet
  facet normal -9.157733e-01 -0.000000e+00 -4.016954e-01
    outer loop
      vertex   1.978816e+00 -3.987792e+01 9.707088e+01
      vertex   2.128089e+00 -4.072792e+01 9.673058e+01
      vertex   1.978816e+00 -4.072792e+01 9.707088e+01
    endloop
  endfacet
  facet normal -8.371665e-01 -0.000000e+00 -5.469482e-01
    outer loop
      vertex   1.978816e+00 -3.987792e+01 9.707088e+01
      vertex   1.978816e+00 -4.072792e+01 9.707088e+01
      vertex   1.775566e+00 -3.987792e+01 9.738198e+01
    endloop
  endfacet
  facet normal -8.371665e-01 -0.000000e+00 -5.469482e-01
    outer loop
      vertex   1.775566e+00 -3.987792e+01 9.738198e+01
      vertex   1.978816e+00 -4.072792e+01 9.707088e+01
      vertex   1.775566e+00 -4.072792e+01 9.738198e+01
    endloop
  endfacet
  facet normal -7.357239e-01 -0.000000e+00 -6.772816e-01
    outer loop
      vertex   1.775566e+00 -3.987792e+01 9.738198e+01
      vertex   1.775566e+00 -4.072792e+01 9.738198e+01
      vertex   1.523884e+00 -3.987792e+01 9.765538e+01
    endloop
  endfacet
  facet normal -7.357239e-01 -0.000000e+00 -6.772816e-01
    outer loop
      vertex   1.523884e+00 -3.987792e+01 9.765538e+01
      vertex   1.775566e+00 -4.072792e+01 9.738198e+01
      vertex   1.523884e+00 -4.072792e+01 9.765538e+01
    endloop
  endfacet
  facet normal -6.142127e-01 -0.000000e+00 -7.891405e-01
    outer loop
      vertex   1.523884e+00 -3.987792e+01 9.765538e+01
      vertex   1.523884e+00 -4.072792e+01 9.765538e+01
      vertex   1.230633e+00 -3.987792e+01 9.788363e+01
    endloop
  endfacet
  facet normal -6.142127e-01 -0.000000e+00 -7.891405e-01
    outer loop
      vertex   1.230633e+00 -3.987792e+01 9.788363e+01
      vertex   1.523884e+00 -4.072792e+01 9.765538e+01
      vertex   1.230633e+00 -4.072792e+01 9.788363e+01
    endloop
  endfacet
  facet normal -4.759474e-01 -0.000000e+00 -8.794738e-01
    outer loop
      vertex   1.230633e+00 -3.987792e+01 9.788363e+01
      vertex   1.230633e+00 -4.072792e+01 9.788363e+01
      vertex   9.038147e-01 -3.987792e+01 9.806049e+01
    endloop
  endfacet
  facet normal -4.759474e-01 -0.000000e+00 -8.794738e-01
    outer loop
      vertex   9.038147e-01 -3.987792e+01 9.806049e+01
      vertex   1.230633e+00 -4.072792e+01 9.788363e+01
      vertex   9.038147e-01 -4.072792e+01 9.806049e+01
    endloop
  endfacet
  facet normal -3.246995e-01 -0.000000e+00 -9.458172e-01
    outer loop
      vertex   9.038147e-01 -3.987792e+01 9.806049e+01
      vertex   9.038147e-01 -4.072792e+01 9.806049e+01
      vertex   5.523423e-01 -3.987792e+01 9.818115e+01
    endloop
  endfacet
  facet normal -3.246995e-01 -0.000000e+00 -9.458172e-01
    outer loop
      vertex   5.523423e-01 -3.987792e+01 9.818115e+01
      vertex   9.038147e-01 -4.072792e+01 9.806049e+01
      vertex   5.523423e-01 -4.072792e+01 9.818115e+01
    endloop
  endfacet
  facet normal -1.645946e-01 -0.000000e+00 -9.863613e-01
    outer loop
      vertex   5.523423e-01 -3.987792e+01 9.818115e+01
      vertex   5.523423e-01 -4.072792e+01 9.818115e+01
      vertex   1.858035e-01 -3.987792e+01 9.824232e+01
    endloop
  endfacet
  facet normal -1.645946e-01 -0.000000e+00 -9.863613e-01
    outer loop
      vertex   1.858035e-01 -3.987792e+01 9.824232e+01
      vertex   5.523423e-01 -4.072792e+01 9.818115e+01
      vertex   1.858035e-01 -4.072792e+01 9.824232e+01
    endloop
  endfacet
  facet normal -0.000000e+00 -0.000000e+00 -1.000000e+00
    outer loop
      vertex   1.858035e-01 -3.987792e+01 9.824232e+01
      vertex   1.858035e-01 -4.072792e+01 9.824232e+01
      vertex   -1.858035e-01 -3.987792e+01 9.824232e+01
    endloop
  endfacet
  facet normal 0.000000e+00 0.000000e+00 -1.000000e+00
    outer loop
      vertex   -1.858035e-01 -3.987792e+01 9.824232e+01
      vertex   1.858035e-01 -4.072792e+01 9.824232e+01
      vertex   -1.858035e-01 -4.072792e+01 9.824232e+01
    endloop
  endfacet
  facet normal 1.645946e-01 0.000000e+00 -9.863613e-01
    outer loop
      vertex   -1.858035e-01 -3.987792e+01 9.824232e+01
      vertex   -1.858035e-01 -4.072792e+01 9.824232e+01
      vertex   -5.523423e-01 -3.987792e+01 9.818115e+01
    endloop
  endfacet
  facet normal 1.645946e-01 0.000000e+00 -9.863613e-01
    outer loop
      vertex   -5.523423e-01 -3.987792e+01 9.818115e+01
      vertex   -1.858035e-01 -4.072792e+01 9.824232e+01
      vertex   -5.523423e-01 -4.072792e+01 9.818115e+01
    endloop
  endfacet
  facet normal 3.246995e-01 0.000000e+00 -9.458172e-01
    outer loop
      vertex   -5.523423e-01 -3.987792e+01 9.818115e+01
      vertex   -5.523423e-01 -4.072792e+01 9.818115e+01
      vertex   -9.038147e-01 -3.987792e+01 9.806049e+01
    endloop
  endfacet
  facet normal 3.246995e-01 0.000000e+00 -9.458172e-01
    outer loop
      vertex   -9.038147e-01 -3.987792e+01 9.806049e+01
      vertex   -5.523423e-01 -4.072792e+01 9.818115e+01
      vertex   -9.038147e-01 -4.072792e+01 9.806049e+01
    endloop
  endfacet
  facet normal 4.759474e-01 0.000000e+00 -8.794738e-01
    outer loop
      vertex   -9.038147e-01 -3.987792e+01 9.806049e+01
      vertex   -9.038147e-01 -4.072792e+01 9.806049e+01
      vertex   -1.230633e+00 -3.987792e+01 9.788363e+01
    endloop
  endfacet
  facet normal 4.759474e-01 0.000000e+00 -8.794738e-01
    outer loop
      vertex   -1.230633e+00 -3.987792e+01 9.788363e+01
      vertex   -9.038147e-01 -4.072792e+01 9.806049e+01
      vertex   -1.230633e+00 -4.072792e+01 9.788363e+01
    endloop
  endfacet
  facet normal 6.142127e-01 0.000000e+00 -7.891405e-01
    outer loop
      vertex   -1.230633e+00 -3.987792e+01 9.788363e+01
      vertex   -1.230633e+00 -4.072792e+01 9.788363e+01
      vertex   -1.523884e+00 -3.987792e+01 9.765538e+01
    endloop
  endfacet
  facet normal 6.142127e-01 0.000000e+00 -7.891405e-01
    outer loop
      vertex   -1.523884e+00 -3.987792e+01 9.765538e+01
      vertex   -1.230633e+00 -4.072792e+01 9.788363e+01
      vertex   -1.523884e+00 -4.072792e+01 9.765538e+01
    endloop
  endfacet
  facet normal 7.357239e-01 0.000000e+00 -6.772816e-01
    outer loop
      vertex   -1.523884e+00 -3.987792e+01 9.765538e+01
      vertex   -1.523884e+00 -4.072792e+01 9.765538e+01
      vertex   -1.775566e+00 -3.987792e+01 9.738198e+01
    endloop
  endfacet
  facet normal 7.357239e-01 0.000000e+00 -6.772816e-01
    outer loop
      vertex   -1.775566e+00 -3.987792e+01 9.738198e+01
      vertex   -1.523884e+00 -4.072792e+01 9.765538e+01
      vertex   -1.775566e+00 -4.072792e+01 9.738198e+01
    endloop
  endfacet
  facet normal 8.371665e-01 0.000000e+00 -5.469482e-01
    outer loop
      vertex   -1.775566e+00 -3.987792e+01 9.738198e+01
      vertex   -1.775566e+00 -4.072792e+01 9.738198e+01
      vertex   -1.978816e+00 -3.987792e+01 9.707088e+01
    endloop
  endfacet
  facet normal 8.371665e-01 0.000000e+00 -5.469482e-01
    outer loop
      vertex   -1.978816e+00 -3.987792e+01 9.707088e+01
      vertex   -1.775566e+00 -4.072792e+01 9.738198e+01
      vertex   -1.978816e+00 -4.072792e+01 9.707088e+01
    endloop
  endfacet
  facet normal 9.157733e-01 0.000000e+00 -4.016954e-01
    outer loop
      vertex   -1.978816e+00 -3.987792e+01 9.707088e+01
      vertex   -1.978816e+00 -4.072792e+01 9.707088e+01
      vertex   -2.128089e+00 -3.987792e+01 9.673058e+01
    endloop
  endfacet
  facet normal 9.157733e-01 0.000000e+00 -4.016954e-01
    outer loop
      vertex   -2.128089e+00 -3.987792e+01 9.673058e+01
      vertex   -1.978816e+00 -4.072792e+01 9.707088e+01
      vertex   -2.128089e+00 -4.072792e+01 9.673058e+01
    endloop
  endfacet
  facet normal 9.694003e-01 0.000000e+00 -2.454855e-01
    outer loop
      vertex   -2.128089e+00 -3.987792e+01 9.673058e+01
      vertex   -2.128089e+00 -4.072792e+01 9.673058e+01
      vertex   -2.219313e+00 -3.987792e+01 9.637034e+01
    endloop
  endfacet
  facet normal 9.694003e-01 0.000000e+00 -2.454855e-01
    outer loop
      vertex   -2.219313e+00 -3.987792e+01 9.637034e+01
      vertex   -2.128089e+00 -4.072792e+01 9.673058e+01
      vertex   -2.219313e+00 -4.072792e+01 9.637034e+01
    endloop
  endfacet
  facet normal 9.965845e-01 0.000000e+00 -8.257935e-02
    outer loop
      vertex   -2.219313e+00 -3.987792e+01 9.637034e+01
      vertex   -2.219313e+00 -4.072792e+01 9.637034e+01
      vertex   -2.250000e+00 -3.987792e+01 9.600000e+01
    endloop
  endfacet
  facet normal 9.965845e-01 0.000000e+00 -8.257935e-02
    outer loop
      vertex   -2.250000e+00 -3.987792e+01 9.600000e+01
      vertex   -2.219313e+00 -4.072792e+01 9.637034e+01
      vertex   -2.250000e+00 -4.072792e+01 9.600000e+01
    endloop
  endfacet
  facet normal 9.965845e-01 0.000000e+00 8.257935e-02
    outer loop
      vertex   -2.250000e+00 -3.987792e+01 9.600000e+01
      vertex   -2.250000e+00 -4.072792e+01 9.600000e+01
      vertex   -2.219313e+00 -3.987792e+01 9.562966e+01
    endloop
  endfacet
  facet normal 9.965845e-01 0.000000e+00 8.257935e-02
    outer loop
      vertex   -2.219313e+00 -3.987792e+01 9.562966e+01
      vertex   -2.250000e+00 -4.072792e+01 9.600000e+01
      vertex   -2.219313e+00 -4.072792e+01 9.562966e+01
    endloop
  endfacet
  facet normal 9.694003e-01 0.000000e+00 2.454855e-01
    outer loop
      vertex   -2.219313e+00 -3.987792e+01 9.562966e+01
      vertex   -2.219313e+00 -4.072792e+01 9.562966e+01
      vertex   -2.128089e+00 -3.987792e+01 9.526943e+01
    endloop
  endfacet
  facet normal 9.694003e-01 0.000000e+00 2.454855e-01
    outer loop
      vertex   -2.128089e+00 -3.987792e+01 9.526943e+01
      vertex   -2.219313e+00 -4.072792e+01 9.562966e+01
      vertex   -2.128089e+00 -4.072792e+01 9.526943e+01
    endloop
  endfacet
  facet normal 9.157733e-01 0.000000e+00 4.016954e-01
    outer loop
      vertex   -2.128089e+00 -3.987792e+01 9.526943e+01
      vertex   -2.128089e+00 -4.072792e+01 9.526943e+01
      vertex   -1.978816e+00 -3.987792e+01 9.492912e+01
    endloop
  endfacet
  facet normal 9.157733e-01 0.000000e+00 4.016954e-01
    outer loop
      vertex   -1.978816e+00 -3.987792e+01 9.492912e+01
      vertex   -2.128089e+00 -4.072792e+01 9.526943e+01
      vertex   -1.978816e+00 -4.072792e+01 9.492912e+01
    endloop
  endfacet
  facet normal 8.371665e-01 0.000000e+00 5.469482e-01
    outer loop
      vertex   -1.978816e+00 -3.987792e+01 9.492912e+01
      vertex   -1.978816e+00 -4.072792e+01 9.492912e+01
      vertex   -1.775566e+00 -3.987792e+01 9.461802e+01
    endloop
  endfacet
  facet normal 8.371665e-01 0.000000e+00 5.469482e-01
    outer loop
      vertex   -1.775566e+00 -3.987792e+01 9.461802e+01
      vertex   -1.978816e+00 -4.072792e+01 9.492912e+01
      vertex   -1.775566e+00 -4.072792e+01 9.461802e+01
    endloop
  endfacet
  facet normal 7.357239e-01 0.000000e+00 6.772816e-01
    outer loop
      vertex   -1.775566e+00 -3.987792e+01 9.461802e+01
      vertex   -1.775566e+00 -4.072792e+01 9.461802e+01
      vertex   -1.523884e+00 -3.987792e+01 9.434462e+01
    endloop
  endfacet
  facet normal 7.357239e-01 0.000000e+00 6.772816e-01
    outer loop
      vertex   -1.523884e+00 -3.987792e+01 9.434462e+01
      vertex   -1.775566e+00 -4.072792e+01 9.461802e+01
      vertex   -1.523884e+00 -4.072792e+01 9.434462e+01
    endloop
  endfacet
  facet normal 6.142127e-01 0.000000e+00 7.891405e-01
    outer loop
      vertex   -1.523884e+00 -3.987792e+01 9.434462e+01
      vertex   -1.523884e+00 -4.072792e+01 9.434462e+01
      vertex   -1.230633e+00 -3.987792e+01 9.411638e+01
    endloop
  endfacet
  facet normal 6.142127e-01 0.000000e+00 7.891405e-01
    outer loop
      vertex   -1.230633e+00 -3.987792e+01 9.411638e+01
      vertex   -1.523884e+00 -4.072792e+01 9.434462e+01
      vertex   -1.230633e+00 -4.072792e+01 9.411638e+01
    endloop
  endfacet
  facet normal 4.759474e-01 0.000000e+00 8.794738e-01
    outer loop
      vertex   -1.230633e+00 -3.987792e+01 9.411638e+01
      vertex   -1.230633e+00 -4.072792e+01 9.411638e+01
      vertex   -9.038147e-01 -3.987792e+01 9.393951e+01
    endloop
  endfacet
  facet normal 4.759474e-01 0.000000e+00 8.794738e-01
    outer loop
      vertex   -9.038147e-01 -3.987792e+01 9.393951e+01
      vertex   -1.230633e+00 -4.072792e+01 9.411638e+01
      vertex   -9.038147e-01 -4.072792e+01 9.393951e+01
    endloop
  endfacet
  facet normal 3.246995e-01 0.000000e+00 9.458172e-01
    outer loop
      vertex   -9.038147e-01 -3.987792e+01 9.393951e+01
      vertex   -9.038147e-01 -4.072792e+01 9.393951e+01
      vertex   -5.523423e-01 -3.987792e+01 9.381885e+01
    endloop
  endfacet
  facet normal 3.246995e-01 0.000000e+00 9.458172e-01
    outer loop
      vertex   -5.523423e-01 -3.987792e+01 9.381885e+01
      vertex   -9.038147e-01 -4.072792e+01 9.393951e+01
      vertex   -5.523423e-01 -4.072792e+01 9.381885e+01
    endloop
  endfacet
  facet normal 1.645946e-01 0.000000e+00 9.863613e-01
    outer loop
      vertex   -5.523423e-01 -3.987792e+01 9.381885e+01
      vertex   -5.523423e-01 -4.072792e+01 9.381885e+01
      vertex   -1.858035e-01 -3.987792e+01 9.375769e+01
    endloop
  endfacet
  facet normal 1.645946e-01 0.000000e+00 9.863613e-01
    outer loop
      vertex   -1.858035e-01 -3.987792e+01 9.375769e+01
      vertex   -5.523423e-01 -4.072792e+01 9.381885e+01
      vertex   -1.858035e-01 -4.072792e+01 9.375769e+01
    endloop
  endfacet
  facet normal -0.000000e+00 0.000000e+00 1.000000e+00
    outer loop
      vertex   -1.858035e-01 -3.987792e+01 9.375769e+01
      vertex   -1.858035e-01 -4.072792e+01 9.375769e+01
      vertex   1.858035e-01 -3.987792e+01 9.375769e+01
    endloop
  endfacet
  facet normal 0.000000e+00 0.000000e+00 1.000000e+00
    outer loop
      vertex   1.858035e-01 -3.987792e+01 9.375769e+01
      vertex   -1.858035e-01 -4.072792e+01 9.375769e+01
      vertex   1.858035e-01 -4.072792e+01 9.375769e+01
    endloop
  endfacet
  facet normal -1.645946e-01 0.000000e+00 9.863613e-01
    outer loop
      vertex   1.858035e-01 -3.987792e+01 9.375769e+01
      vertex   1.858035e-01 -4.072792e+01 9.375769e+01
      vertex   5.523423e-01 -3.987792e+01 9.381885e+01
    endloop
  endfacet
  facet normal -1.645946e-01 0.000000e+00 9.863613e-01
    outer loop
      vertex   5.523423e-01 -3.987792e+01 9.381885e+01
      vertex   1.858035e-01 -4.072792e+01 9.375769e+01
      vertex   5.523423e-01 -4.072792e+01 9.381885e+01
    endloop
  endfacet
  facet normal -3.246995e-01 0.000000e+00 9.458172e-01
    outer loop
      vertex   5.523423e-01 -3.987792e+01 9.381885e+01
      vertex   5.523423e-01 -4.072792e+01 9.381885e+01
      vertex   9.038147e-01 -3.987792e+01 9.393951e+01
    endloop
  endfacet
  facet normal -3.246995e-01 0.000000e+00 9.458172e-01
    outer loop
      vertex   9.038147e-01 -3.987792e+01 9.393951e+01
      vertex   5.523423e-01 -4.072792e+01 9.381885e+01
      vertex   9.038147e-01 -4.072792e+01 9.393951e+01
    endloop
  endfacet
  facet normal -4.759474e-01 0.000000e+00 8.794738e-01
    outer loop
      vertex   9.038147e-01 -3.987792e+01 9.393951e+01
      vertex   9.038147e-01 -4.072792e+01 9.393951e+01
      vertex   1.230633e+00 -3.987792e+01 9.411638e+01
    endloop
  endfacet
  facet normal -4.759474e-01 0.000000e+00 8.794738e-01
    outer loop
      vertex   1.230633e+00 -3.987792e+01 9.411638e+01
      vertex   9.038147e-01 -4.072792e+01 9.393951e+01
      vertex   1.230633e+00 -4.072792e+01 9.411638e+01
    endloop
  endfacet
  facet normal -6.142127e-01 0.000000e+00 7.891405e-01
    outer loop
      vertex   1.230633e+00 -3.987792e+01 9.411638e+01
      vertex   1.230633e+00 -4.072792e+01 9.411638e+01
      vertex   1.523884e+00 -3.987792e+01 9.434462e+01
    endloop
  endfacet
  facet normal -6.142127e-01 0.000000e+00 7.891405e-01
    outer loop
      vertex   1.523884e+00 -3.987792e+01 9.434462e+01
      vertex   1.230633e+00 -4.072792e+01 9.411638e+01
      vertex   1.523884e+00 -4.072792e+01 9.434462e+01
    endloop
  endfacet
  facet normal -7.357239e-01 0.000000e+00 6.772816e-01
    outer loop
      vertex   1.523884e+00 -3.987792e+01 9.434462e+01
      vertex   1.523884e+00 -4.072792e+01 9.434462e+01
      vertex   1.775566e+00 -3.987792e+01 9.461802e+01
    endloop
  endfacet
  facet normal -7.357239e-01 0.000000e+00 6.772816e-01
    outer loop
      vertex   1.775566e+00 -3.987792e+01 9.461802e+01
      vertex   1.523884e+00 -4.072792e+01 9.434462e+01
      vertex   1.775566e+00 -4.072792e+01 9.461802e+01
    endloop
  endfacet
  facet normal -8.371665e-01 0.000000e+00 5.469482e-01
    outer loop
      vertex   1.775566e+00 -3.987792e+01 9.461802e+01
      vertex   1.775566e+00 -4.072792e+01 9.461802e+01
      vertex   1.978816e+00 -3.987792e+01 9.492912e+01
    endloop
  endfacet
  facet normal -8.371665e-01 0.000000e+00 5.469482e-01
    outer loop
      vertex   1.978816e+00 -3.987792e+01 9.492912e+01
      vertex   1.775566e+00 -4.072792e+01 9.461802e+01
      vertex   1.978816e+00 -4.072792e+01 9.492912e+01
    endloop
  endfacet
  facet normal -9.157733e-01 0.000000e+00 4.016954e-01
    outer loop
      vertex   1.978816e+00 -3.987792e+01 9.492912e+01
      vertex   1.978816e+00 -4.072792e+01 9.492912e+01
      vertex   2.128089e+00 -3.987792e+01 9.526943e+01
    endloop
  endfacet
  facet normal -9.157733e-01 0.000000e+00 4.016954e-01
    outer loop
      vertex   2.128089e+00 -3.987792e+01 9.526943e+01
      vertex   1.978816e+00 -4.072792e+01 9.492912e+01
      vertex   2.128089e+00 -4.072792e+01 9.526943e+01
    endloop
  endfacet
  facet normal -9.694003e-01 0.000000e+00 2.454855e-01
    outer loop
      vertex   2.128089e+00 -3.987792e+01 9.526943e+01
      vertex   2.128089e+00 -4.072792e+01 9.526943e+01
      vertex   2.219313e+00 -3.987792e+01 9.562966e+01
    endloop
  endfacet
  facet normal -9.694003e-01 0.000000e+00 2.454855e-01
    outer loop
      vertex   2.219313e+00 -3.987792e+01 9.562966e+01
      vertex   2.128089e+00 -4.072792e+01 9.526943e+01
      vertex   2.219313e+00 -4.072792e+01 9.562966e+01
    endloop
  endfacet
  facet normal -0.000000e+00 0.000000e+00 -1.000000e+00
    outer loop
      vertex   6.000000e+00 -3.522792e+01 9.172792e+01
      vertex   -4.650000e+00 -3.557792e+01 9.172792e+01
      vertex   -6.000000e+00 -3.522792e+01 9.172792e+01
    endloop
  endfacet
  facet normal 0.000000e+00 0.000000e+00 -1.000000e+00
    outer loop
      vertex   -6.000000e+00 -3.522792e+01 9.172792e+01
      vertex   -4.650000e+00 -3.557792e+01 9.172792e+01
      vertex   -4.650000e+00 -3.987792e+01 9.172792e+01
    endloop
  endfacet
  facet normal 0.000000e+00 0.000000e+00 -1.000000e+00
    outer loop
      vertex   -6.000000e+00 -3.522792e+01 9.172792e+01
      vertex   -4.650000e+00 -3.987792e+01 9.172792e+01
      vertex   -6.000000e+00 -4.072792e+01 9.172792e+01
    endloop
  endfacet
  facet normal 0.000000e+00 0.000000e+00 -1.000000e+00
    outer loop
      vertex   -6.000000e+00 -4.072792e+01 9.172792e+01
      vertex   -4.650000e+00 -3.987792e+01 9.172792e+01
      vertex   4.650000e+00 -3.987792e+01 9.172792e+01
    endloop
  endfacet
  facet normal 0.000000e+00 0.000000e+00 -1.000000e+00
    outer loop
      vertex   -6.000000e+00 -4.072792e+01 9.172792e+01
      vertex   4.650000e+00 -3.987792e+01 9.172792e+01
      vertex   6.000000e+00 -4.072792e+01 9.172792e+01
    endloop
  endfacet
  facet normal 0.000000e+00 0.000000e+00 -1.000000e+00
    outer loop
      vertex   6.000000e+00 -4.072792e+01 9.172792e+01
      vertex   4.650000e+00 -3.987792e+01 9.172792e+01
      vertex   6.000000e+00 -3.522792e+01 9.172792e+01
    endloop
  endfacet
  facet normal 0.000000e+00 0.000000e+00 -1.000000e+00
    outer loop
      vertex   6.000000e+00 -3.522792e+01 9.172792e+01
      vertex   4.650000e+00 -3.987792e+01 9.172792e+01
      vertex   4.650000e+00 -3.557792e+01 9.172792e+01
    endloop
  endfacet
  facet normal 0.000000e+00 0.000000e+00 -1.000000e+00
    outer loop
      vertex   6.000000e+00 -3.522792e+01 9.172792e+01
      vertex   4.650000e+00 -3.557792e+01 9.172792e+01
      vertex   -4.650000e+00 -3.557792e+01 9.172792e+01
    endloop
  endfacet
  facet normal -1.000000e+00 0.000000e+00 -0.000000e+00
    outer loop
      vertex   -6.000000e+00 -3.522792e+01 1.008980e+02
      vertex   -6.000000e+00 -3.522792e+01 9.172792e+01
      vertex   -6.000000e+00 -3.544604e+01 1.007219e+02
    endloop
  endfacet
  facet normal -1.000000e+00 0.000000e+00 -0.000000e+00
    outer loop
      vertex   -6.000000e+00 -3.544604e+01 1.007219e+02
      vertex   -6.000000e+00 -3.522792e+01 9.172792e+01
      vertex   -6.000000e+00 -3.568733e+01 1.005903e+02
    endloop
  endfacet
  facet normal -1.000000e+00 0.000000e+00 -0.000000e+00
    outer loop
      vertex   -6.000000e+00 -3.568733e+01 1.005903e+02
      vertex   -6.000000e+00 -3.522792e+01 9.172792e+01
      vertex   -6.000000e+00 -3.595315e+01 1.005097e+02
    endloop
  endfacet
  facet normal -1.000000e+00 0.000000e+00 -0.000000e+00
    outer loop
      vertex   -6.000000e+00 -3.595315e+01 1.005097e+02
      vertex   -6.000000e+00 -3.522792e+01 9.172792e+01
      vertex   -6.000000e+00 -3.622792e+01 1.004802e+02
    endloop
  endfacet
  facet normal -1.000000e+00 0.000000e+00 -0.000000e+00
    outer loop
      vertex   -6.000000e+00 -3.622792e+01 1.004802e+02
      vertex   -6.000000e+00 -3.522792e+01 9.172792e+01
      vertex   -6.000000e+00 -4.072792e+01 9.172792e+01
    endloop
  endfacet
  facet normal -1.000000e+00 -0.000000e+00 0.000000e+00
    outer loop
      vertex   -6.000000e+00 -3.622792e+01 1.004802e+02
      vertex   -6.000000e+00 -4.072792e+01 9.172792e+01
      vertex   -6.000000e+00 -4.072792e+01 1.004802e+02
    endloop
  endfacet
  facet normal 1.000000e+00 0.000000e+00 0.000000e+00
    outer loop
      vertex   6.000000e+00 -3.522792e+01 1.008980e+02
      vertex   6.000000e+00 -3.544604e+01 1.007219e+02
      vertex   6.000000e+00 -3.522792e+01 9.172792e+01
    endloop
  endfacet
  facet normal 1.000000e+00 0.000000e+00 0.000000e+00
    outer loop
      vertex   6.000000e+00 -3.522792e+01 9.172792e+01
      vertex   6.000000e+00 -3.544604e+01 1.007219e+02
      vertex   6.000000e+00 -3.568733e+01 1.005903e+02
    endloop
  endfacet
  facet normal 1.000000e+00 0.000000e+00 0.000000e+00
    outer loop
      vertex   6.000000e+00 -3.522792e+01 9.172792e+01
      vertex   6.000000e+00 -3.568733e+01 1.005903e+02
      vertex   6.000000e+00 -3.595315e+01 1.005097e+02
    endloop
  endfacet
  facet normal 1.000000e+00 0.000000e+00 0.000000e+00
    outer loop
      vertex   6.000000e+00 -3.595315e+01 1.005097e+02
      vertex   6.000000e+00 -3.622792e+01 1.004802e+02
      vertex   6.000000e+00 -3.522792e+01 9.172792e+01
    endloop
  endfacet
  facet normal 1.000000e+00 0.000000e+00 0.000000e+00
    outer loop
      vertex   6.000000e+00 -3.522792e+01 9.172792e+01
      vertex   6.000000e+00 -3.622792e+01 1.004802e+02
      vertex   6.000000e+00 -4.072792e+01 9.172792e+01
    endloop
  endfacet
  facet normal 1.000000e+00 0.000000e+00 0.000000e+00
    outer loop
      vertex   6.000000e+00 -4.072792e+01 9.172792e+01
      vertex   6.000000e+00 -3.622792e+01 1.004802e+02
      vertex   6.000000e+00 -4.072792e+01 1.004802e+02
    endloop
  endfacet
  facet normal 0.000000e+00 -1.000000e+00 0.000000e+00
    outer loop
      vertex   2.219313e+00 -4.072792e+01 9.562966e+01
      vertex   6.000000e+00 -4.072792e+01 9.172792e+01
      vertex   2.250000e+00 -4.072792e+01 9.600000e+01
    endloop
  endfacet
  facet normal 0.000000e+00 -1.000000e+00 0.000000e+00
    outer loop
      vertex   2.250000e+00 -4.072792e+01 9.600000e+01
      vertex   6.000000e+00 -4.072792e+01 9.172792e+01
      vertex   6.000000e+00 -4.072792e+01 1.004802e+02
    endloop
  endfacet
  facet normal 0.000000e+00 -1.000000e+00 0.000000e+00
    outer loop
      vertex   2.250000e+00 -4.072792e+01 9.600000e+01
      vertex   6.000000e+00 -4.072792e+01 1.004802e+02
      vertex   5.118188e+00 -4.072792e+01 1.001281e+02
    endloop
  endfacet
  facet normal 0.000000e+00 -1.000000e+00 -0.000000e+00
    outer loop
      vertex   2.219313e+00 -4.072792e+01 9.562966e+01
      vertex   2.128089e+00 -4.072792e+01 9.526943e+01
      vertex   6.000000e+00 -4.072792e+01 9.172792e+01
    endloop
  endfacet
  facet normal 0.000000e+00 -1.000000e+00 0.000000e+00
    outer loop
      vertex   6.000000e+00 -4.072792e+01 9.172792e+01
      vertex   2.128089e+00 -4.072792e+01 9.526943e+01
      vertex   1.978816e+00 -4.072792e+01 9.492912e+01
    endloop
  endfacet
  facet normal 0.000000e+00 -1.000000e+00 0.000000e+00
    outer loop
      vertex   6.000000e+00 -4.072792e+01 9.172792e+01
      vertex   1.978816e+00 -4.072792e+01 9.492912e+01
      vertex   1.775566e+00 -4.072792e+01 9.461802e+01
    endloop
  endfacet
  facet normal 0.000000e+00 -1.000000e+00 -0.000000e+00
    outer loop
      vertex   1.775566e+00 -4.072792e+01 9.461802e+01
      vertex   1.523884e+00 -4.072792e+01 9.434462e+01
      vertex   6.000000e+00 -4.072792e+01 9.172792e+01
    endloop
  endfacet
  facet normal 0.000000e+00 -1.000000e+00 0.000000e+00
    outer loop
      vertex   6.000000e+00 -4.072792e+01 9.172792e+01
      vertex   1.523884e+00 -4.072792e+01 9.434462e+01
      vertex   1.230633e+00 -4.072792e+01 9.411638e+01
    endloop
  endfacet
  facet normal 0.000000e+00 -1.000000e+00 0.000000e+00
    outer loop
      vertex   6.000000e+00 -4.072792e+01 9.172792e+01
      vertex   1.230633e+00 -4.072792e+01 9.411638e+01
      vertex   9.038147e-01 -4.072792e+01 9.393951e+01
    endloop
  endfacet
  facet normal 0.000000e+00 -1.000000e+00 -0.000000e+00
    outer loop
      vertex   9.038147e-01 -4.072792e+01 9.393951e+01
      vertex   5.523423e-01 -4.072792e+01 9.381885e+01
      vertex   6.000000e+00 -4.072792e+01 9.172792e+01
    endloop
  endfacet
  facet normal 0.000000e+00 -1.000000e+00 0.000000e+00
    outer loop
      vertex   6.000000e+00 -4.072792e+01 9.172792e+01
      vertex   5.523423e-01 -4.072792e+01 9.381885e+01
      vertex   1.858035e-01 -4.072792e+01 9.375769e+01
    endloop
  endfacet
  facet normal 0.000000e+00 -1.000000e+00 0.000000e+00
    outer loop
      vertex   6.000000e+00 -4.072792e+01 9.172792e+01
      vertex   1.858035e-01 -4.072792e+01 9.375769e+01
      vertex   -1.858035e-01 -4.072792e+01 9.375769e+01
    endloop
  endfacet
  facet normal 0.000000e+00 -1.000000e+00 0.000000e+00
    outer loop
      vertex   6.000000e+00 -4.072792e+01 9.172792e+01
      vertex   -1.858035e-01 -4.072792e+01 9.375769e+01
      vertex   -6.000000e+00 -4.072792e+01 9.172792e+01
    endloop
  endfacet
  facet normal 0.000000e+00 -1.000000e+00 0.000000e+00
    outer loop
      vertex   -6.000000e+00 -4.072792e+01 9.172792e+01
      vertex   -1.858035e-01 -4.072792e+01 9.375769e+01
      vertex   -5.523423e-01 -4.072792e+01 9.381885e+01
    endloop
  endfacet
  facet normal 0.000000e+00 -1.000000e+00 0.000000e+00
    outer loop
      vertex   -6.000000e+00 -4.072792e+01 9.172792e+01
      vertex   -5.523423e-01 -4.072792e+01 9.381885e+01
      vertex   -9.038147e-01 -4.072792e+01 9.393951e+01
    endloop
  endfacet
  facet normal -0.000000e+00 -1.000000e+00 0.000000e+00
    outer loop
      vertex   -9.038147e-01 -4.072792e+01 9.393951e+01
      vertex   -1.230633e+00 -4.072792e+01 9.411638e+01
      vertex   -6.000000e+00 -4.072792e+01 9.172792e+01
    endloop
  endfacet
  facet normal 0.000000e+00 -1.000000e+00 0.000000e+00
    outer loop
      vertex   -6.000000e+00 -4.072792e+01 9.172792e+01
      vertex   -1.230633e+00 -4.072792e+01 9.411638e+01
      vertex   -1.523884e+00 -4.072792e+01 9.434462e+01
    endloop
  endfacet
  facet normal 0.000000e+00 -1.000000e+00 0.000000e+00
    outer loop
      vertex   -6.000000e+00 -4.072792e+01 9.172792e+01
      vertex   -1.523884e+00 -4.072792e+01 9.434462e+01
      vertex   -1.775566e+00 -4.072792e+01 9.461802e+01
    endloop
  endfacet
  facet normal -0.000000e+00 -1.000000e+00 0.000000e+00
    outer loop
      vertex   -1.775566e+00 -4.072792e+01 9.461802e+01
      vertex   -1.978816e+00 -4.072792e+01 9.492912e+01
      vertex   -6.000000e+00 -4.072792e+01 9.172792e+01
    endloop
  endfacet
  facet normal 0.000000e+00 -1.000000e+00 0.000000e+00
    outer loop
      vertex   -6.000000e+00 -4.072792e+01 9.172792e+01
      vertex   -1.978816e+00 -4.072792e+01 9.492912e+01
      vertex   -2.128089e+00 -4.072792e+01 9.526943e+01
    endloop
  endfacet
  facet normal 0.000000e+00 -1.000000e+00 0.000000e+00
    outer loop
      vertex   -6.000000e+00 -4.072792e+01 9.172792e+01
      vertex   -2.128089e+00 -4.072792e+01 9.526943e+01
      vertex   -2.219313e+00 -4.072792e+01 9.562966e+01
    endloop
  endfacet
  facet normal -0.000000e+00 -1.000000e+00 0.000000e+00
    outer loop
      vertex   -2.219313e+00 -4.072792e+01 9.562966e+01
      vertex   -2.250000e+00 -4.072792e+01 9.600000e+01
      vertex   -6.000000e+00 -4.072792e+01 9.172792e+01
    endloop
  endfacet
  facet normal 0.000000e+00 -1.000000e+00 0.000000e+00
    outer loop
      vertex   -6.000000e+00 -4.072792e+01 9.172792e+01
      vertex   -2.250000e+00 -4.072792e+01 9.600000e+01
      vertex   -6.000000e+00 -4.072792e+01 1.004802e+02
    endloop
  endfacet
  facet normal 0.000000e+00 -1.000000e+00 0.000000e+00
    outer loop
      vertex   -6.000000e+00 -4.072792e+01 1.004802e+02
      vertex   -2.250000e+00 -4.072792e+01 9.600000e+01
      vertex   -5.118188e+00 -4.072792e+01 1.001281e+02
    endloop
  endfacet
  facet normal 0.000000e+00 -1.000000e+00 0.000000e+00
    outer loop
      vertex   -5.118188e+00 -4.072792e+01 1.001281e+02
      vertex   -2.250000e+00 -4.072792e+01 9.600000e+01
      vertex   -2.219313e+00 -4.072792e+01 9.637034e+01
    endloop
  endfacet
  facet normal 0.000000e+00 -1.000000e+00 0.000000e+00
    outer loop
      vertex   -5.118188e+00 -4.072792e+01 1.001281e+02
      vertex   -2.219313e+00 -4.072792e+01 9.637034e+01
      vertex   -2.128089e+00 -4.072792e+01 9.673058e+01
    endloop
  endfacet
  facet normal 0.000000e+00 -1.000000e+00 0.000000e+00
    outer loop
      vertex   -5.118188e+00 -4.072792e+01 1.001281e+02
      vertex   -2.128089e+00 -4.072792e+01 9.673058e+01
      vertex   -4.215869e+00 -4.072792e+01 9.983256e+01
    endloop
  endfacet
  facet normal 0.000000e+00 -1.000000e+00 0.000000e+00
    outer loop
      vertex   -4.215869e+00 -4.072792e+01 9.983256e+01
      vertex   -2.128089e+00 -4.072792e+01 9.673058e+01
      vertex   -1.978816e+00 -4.072792e+01 9.707088e+01
    endloop
  endfacet
  facet normal 0.000000e+00 -1.000000e+00 0.000000e+00
    outer loop
      vertex   -4.215869e+00 -4.072792e+01 9.983256e+01
      vertex   -1.978816e+00 -4.072792e+01 9.707088e+01
      vertex   -3.296657e+00 -4.072792e+01 9.959467e+01
    endloop
  endfacet
  facet normal 0.000000e+00 -1.000000e+00 0.000000e+00
    outer loop
      vertex   -3.296657e+00 -4.072792e+01 9.959467e+01
      vertex   -1.978816e+00 -4.072792e+01 9.707088e+01
      vertex   -1.775566e+00 -4.072792e+01 9.738198e+01
    endloop
  endfacet
  facet normal 0.000000e+00 -1.000000e+00 0.000000e+00
    outer loop
      vertex   -3.296657e+00 -4.072792e+01 9.959467e+01
      vertex   -1.775566e+00 -4.072792e+01 9.738198e+01
      vertex   -2.364236e+00 -4.072792e+01 9.941541e+01
    endloop
  endfacet
  facet normal 0.000000e+00 -1.000000e+00 0.000000e+00
    outer loop
      vertex   -2.364236e+00 -4.072792e+01 9.941541e+01
      vertex   -1.775566e+00 -4.072792e+01 9.738198e+01
      vertex   -1.523884e+00 -4.072792e+01 9.765538e+01
    endloop
  endfacet
  facet normal 0.000000e+00 -1.000000e+00 0.000000e+00
    outer loop
      vertex   -2.364236e+00 -4.072792e+01 9.941541e+01
      vertex   -1.523884e+00 -4.072792e+01 9.765538e+01
      vertex   -1.230633e+00 -4.072792e+01 9.788363e+01
    endloop
  endfacet
  facet normal 0.000000e+00 -1.000000e+00 0.000000e+00
    outer loop
      vertex   -2.364236e+00 -4.072792e+01 9.941541e+01
      vertex   -1.230633e+00 -4.072792e+01 9.788363e+01
      vertex   -1.422341e+00 -4.072792e+01 9.929551e+01
    endloop
  endfacet
  facet normal 0.000000e+00 -1.000000e+00 0.000000e+00
    outer loop
      vertex   -1.422341e+00 -4.072792e+01 9.929551e+01
      vertex   -1.230633e+00 -4.072792e+01 9.788363e+01
      vertex   -9.038147e-01 -4.072792e+01 9.806049e+01
    endloop
  endfacet
  facet normal 0.000000e+00 -1.000000e+00 0.000000e+00
    outer loop
      vertex   -1.422341e+00 -4.072792e+01 9.929551e+01
      vertex   -9.038147e-01 -4.072792e+01 9.806049e+01
      vertex   -5.523423e-01 -4.072792e+01 9.818115e+01
    endloop
  endfacet
  facet normal 0.000000e+00 -1.000000e+00 0.000000e+00
    outer loop
      vertex   -1.422341e+00 -4.072792e+01 9.929551e+01
      vertex   -5.523423e-01 -4.072792e+01 9.818115e+01
      vertex   -4.747478e-01 -4.072792e+01 9.923544e+01
    endloop
  endfacet
  facet normal 0.000000e+00 -1.000000e+00 -0.000000e+00
    outer loop
      vertex   -4.747478e-01 -4.072792e+01 9.923544e+01
      vertex   -5.523423e-01 -4.072792e+01 9.818115e+01
      vertex   -1.858035e-01 -4.072792e+01 9.824232e+01
    endloop
  endfacet
  facet normal 0.000000e+00 -1.000000e+00 0.000000e+00
    outer loop
      vertex   -4.747478e-01 -4.072792e+01 9.923544e+01
      vertex   -1.858035e-01 -4.072792e+01 9.824232e+01
      vertex   1.858035e-01 -4.072792e+01 9.824232e+01
    endloop
  endfacet
  facet normal 0.000000e+00 -1.000000e+00 0.000000e+00
    outer loop
      vertex   -4.747478e-01 -4.072792e+01 9.923544e+01
      vertex   1.858035e-01 -4.072792e+01 9.824232e+01
      vertex   4.747478e-01 -4.072792e+01 9.923544e+01
    endloop
  endfacet
  facet normal 0.000000e+00 -1.000000e+00 -0.000000e+00
    outer loop
      vertex   4.747478e-01 -4.072792e+01 9.923544e+01
      vertex   1.858035e-01 -4.072792e+01 9.824232e+01
      vertex   5.523423e-01 -4.072792e+01 9.818115e+01
    endloop
  endfacet
  facet normal 0.000000e+00 -1.000000e+00 0.000000e+00
    outer loop
      vertex   4.747478e-01 -4.072792e+01 9.923544e+01
      vertex   5.523423e-01 -4.072792e+01 9.818115e+01
      vertex   1.422341e+00 -4.072792e+01 9.929551e+01
    endloop
  endfacet
  facet normal 0.000000e+00 -1.000000e+00 0.000000e+00
    outer loop
      vertex   1.422341e+00 -4.072792e+01 9.929551e+01
      vertex   5.523423e-01 -4.072792e+01 9.818115e+01
      vertex   9.038147e-01 -4.072792e+01 9.806049e+01
    endloop
  endfacet
  facet normal 0.000000e+00 -1.000000e+00 0.000000e+00
    outer loop
      vertex   1.422341e+00 -4.072792e+01 9.929551e+01
      vertex   9.038147e-01 -4.072792e+01 9.806049e+01
      vertex   1.230633e+00 -4.072792e+01 9.788363e+01
    endloop
  endfacet
  facet normal 0.000000e+00 -1.000000e+00 -0.000000e+00
    outer loop
      vertex   1.422341e+00 -4.072792e+01 9.929551e+01
      vertex   1.230633e+00 -4.072792e+01 9.788363e+01
      vertex   2.364236e+00 -4.072792e+01 9.941541e+01
    endloop
  endfacet
  facet normal 0.000000e+00 -1.000000e+00 0.000000e+00
    outer loop
      vertex   2.364236e+00 -4.072792e+01 9.941541e+01
      vertex   1.230633e+00 -4.072792e+01 9.788363e+01
      vertex   1.523884e+00 -4.072792e+01 9.765538e+01
    endloop
  endfacet
  facet normal 0.000000e+00 -1.000000e+00 0.000000e+00
    outer loop
      vertex   2.364236e+00 -4.072792e+01 9.941541e+01
      vertex   1.523884e+00 -4.072792e+01 9.765538e+01
      vertex   1.775566e+00 -4.072792e+01 9.738198e+01
    endloop
  endfacet
  facet normal 0.000000e+00 -1.000000e+00 -0.000000e+00
    outer loop
      vertex   2.364236e+00 -4.072792e+01 9.941541e+01
      vertex   1.775566e+00 -4.072792e+01 9.738198e+01
      vertex   3.296657e+00 -4.072792e+01 9.959467e+01
    endloop
  endfacet
  facet normal 0.000000e+00 -1.000000e+00 0.000000e+00
    outer loop
      vertex   3.296657e+00 -4.072792e+01 9.959467e+01
      vertex   1.775566e+00 -4.072792e+01 9.738198e+01
      vertex   1.978816e+00 -4.072792e+01 9.707088e+01
    endloop
  endfacet
  facet normal 0.000000e+00 -1.000000e+00 -0.000000e+00
    outer loop
      vertex   3.296657e+00 -4.072792e+01 9.959467e+01
      vertex   1.978816e+00 -4.072792e+01 9.707088e+01
      vertex   4.215869e+00 -4.072792e+01 9.983256e+01
    endloop
  endfacet
  facet normal 0.000000e+00 -1.000000e+00 0.000000e+00
    outer loop
      vertex   4.215869e+00 -4.072792e+01 9.983256e+01
      vertex   1.978816e+00 -4.072792e+01 9.707088e+01
      vertex   2.128089e+00 -4.072792e+01 9.673058e+01
    endloop
  endfacet
  facet normal 0.000000e+00 -1.000000e+00 -0.000000e+00
    outer loop
      vertex   4.215869e+00 -4.072792e+01 9.983256e+01
      vertex   2.128089e+00 -4.072792e+01 9.673058e+01
      vertex   5.118188e+00 -4.072792e+01 1.001281e+02
    endloop
  endfacet
  facet normal 0.000000e+00 -1.000000e+00 0.000000e+00
    outer loop
      vertex   5.118188e+00 -4.072792e+01 1.001281e+02
      vertex   2.128089e+00 -4.072792e+01 9.673058e+01
      vertex   2.219313e+00 -4.072792e+01 9.637034e+01
    endloop
  endfacet
  facet normal 0.000000e+00 -1.000000e+00 0.000000e+00
    outer loop
      vertex   5.118188e+00 -4.072792e+01 1.001281e+02
      vertex   2.219313e+00 -4.072792e+01 9.637034e+01
      vertex   2.250000e+00 -4.072792e+01 9.600000e+01
    endloop
  endfacet
  facet normal -0.000000e+00 -1.000000e+00 -0.000000e+00
    outer loop
      vertex   1.126985e+01 -3.622792e+01 1.150528e+02
      vertex   -1.126985e+01 -3.622792e+01 1.150528e+02
      vertex   1.130000e+01 -3.622792e+01 1.142279e+02
    endloop
  endfacet
  facet normal 0.000000e+00 -1.000000e+00 0.000000e+00
    outer loop
      vertex   1.130000e+01 -3.622792e+01 1.142279e+02
      vertex   -1.126985e+01 -3.622792e+01 1.150528e+02
      vertex   -1.130000e+01 -3.622792e+01 1.142279e+02
    endloop
  endfacet
  facet normal -0.000000e+00 -1.000000e+00 0.000000e+00
    outer loop
      vertex   1.130000e+01 -3.622792e+01 1.142279e+02
      vertex   -1.130000e+01 -3.622792e+01 1.142279e+02
      vertex   1.126985e+01 -3.622792e+01 1.134031e+02
    endloop
  endfacet
  facet normal 0.000000e+00 -1.000000e+00 0.000000e+00
    outer loop
      vertex   1.126985e+01 -3.622792e+01 1.134031e+02
      vertex   -1.130000e+01 -3.622792e+01 1.142279e+02
      vertex   -1.126985e+01 -3.622792e+01 1.134031e+02
    endloop
  endfacet
  facet normal -0.000000e+00 -1.000000e+00 0.000000e+00
    outer loop
      vertex   1.126985e+01 -3.622792e+01 1.134031e+02
      vertex   -1.126985e+01 -3.622792e+01 1.134031e+02
      vertex   1.117958e+01 -3.622792e+01 1.125826e+02
    endloop
  endfacet
  facet normal 0.000000e+00 -1.000000e+00 0.000000e+00
    outer loop
      vertex   1.117958e+01 -3.622792e+01 1.125826e+02
      vertex   -1.126985e+01 -3.622792e+01 1.134031e+02
      vertex   -1.117958e+01 -3.622792e+01 1.125826e+02
    endloop
  endfacet
  facet normal -0.000000e+00 -1.000000e+00 0.000000e+00
    outer loop
      vertex   1.117958e+01 -3.622792e+01 1.125826e+02
      vertex   -1.117958e+01 -3.622792e+01 1.125826e+02
      vertex   1.102966e+01 -3.622792e+01 1.117710e+02
    endloop
  endfacet
  facet normal -0.000000e+00 -1.000000e+00 0.000000e+00
    outer loop
      vertex   1.102966e+01 -3.622792e+01 1.117710e+02
      vertex   -1.117958e+01 -3.622792e+01 1.125826e+02
      vertex   -1.102966e+01 -3.622792e+01 1.117710e+02
    endloop
  endfacet
  facet normal 0.000000e+00 -1.000000e+00 0.000000e+00
    outer loop
      vertex   1.102966e+01 -3.622792e+01 1.117710e+02
      vertex   -1.102966e+01 -3.622792e+01 1.117710e+02
      vertex   1.082089e+01 -3.622792e+01 1.109724e+02
    endloop
  endfacet
  facet normal 0.000000e+00 -1.000000e+00 0.000000e+00
    outer loop
      vertex   1.082089e+01 -3.622792e+01 1.109724e+02
      vertex   -1.102966e+01 -3.622792e+01 1.117710e+02
      vertex   -1.082089e+01 -3.622792e+01 1.109724e+02
    endloop
  endfacet
  facet normal -0.000000e+00 -1.000000e+00 0.000000e+00
    outer loop
      vertex   1.082089e+01 -3.622792e+01 1.109724e+02
      vertex   -1.082089e+01 -3.622792e+01 1.109724e+02
      vertex   1.055438e+01 -3.622792e+01 1.101912e+02
    endloop
  endfacet
  facet normal 0.000000e+00 -1.000000e+00 0.000000e+00
    outer loop
      vertex   1.055438e+01 -3.622792e+01 1.101912e+02
      vertex   -1.082089e+01 -3.622792e+01 1.109724e+02
      vertex   -1.055438e+01 -3.622792e+01 1.101912e+02
    endloop
  endfacet
  facet normal -0.000000e+00 -1.000000e+00 0.000000e+00
    outer loop
      vertex   1.055438e+01 -3.622792e+01 1.101912e+02
      vertex   -1.055438e+01 -3.622792e+01 1.101912e+02
      vertex   1.023157e+01 -3.622792e+01 1.094316e+02
    endloop
  endfacet
  facet normal -0.000000e+00 -1.000000e+00 0.000000e+00
    outer loop
      vertex   1.023157e+01 -3.622792e+01 1.094316e+02
      vertex   -1.055438e+01 -3.622792e+01 1.101912e+02
      vertex   -1.023157e+01 -3.622792e+01 1.094316e+02
    endloop
  endfacet
  facet normal 0.000000e+00 -1.000000e+00 0.000000e+00
    outer loop
      vertex   1.023157e+01 -3.622792e+01 1.094316e+02
      vertex   -1.023157e+01 -3.622792e+01 1.094316e+02
      vertex   9.854158e+00 -3.622792e+01 1.086975e+02
    endloop
  endfacet
  facet normal 0.000000e+00 -1.000000e+00 0.000000e+00
    outer loop
      vertex   9.854158e+00 -3.622792e+01 1.086975e+02
      vertex   -1.023157e+01 -3.622792e+01 1.094316e+02
      vertex   -9.854158e+00 -3.622792e+01 1.086975e+02
    endloop
  endfacet
  facet normal -0.000000e+00 -1.000000e+00 0.000000e+00
    outer loop
      vertex   9.854158e+00 -3.622792e+01 1.086975e+02
      vertex   -9.854158e+00 -3.622792e+01 1.086975e+02
      vertex   9.424175e+00 -3.622792e+01 1.079929e+02
    endloop
  endfacet
  facet normal -0.000000e+00 -1.000000e+00 0.000000e+00
    outer loop
      vertex   9.424175e+00 -3.622792e+01 1.079929e+02
      vertex   -9.854158e+00 -3.622792e+01 1.086975e+02
      vertex   -9.424175e+00 -3.622792e+01 1.079929e+02
    endloop
  endfacet
  facet normal 0.000000e+00 -1.000000e+00 0.000000e+00
    outer loop
      vertex   9.424175e+00 -3.622792e+01 1.079929e+02
      vertex   -9.424175e+00 -3.622792e+01 1.079929e+02
      vertex   8.943910e+00 -3.622792e+01 1.073217e+02
    endloop
  endfacet
  facet normal 0.000000e+00 -1.000000e+00 0.000000e+00
    outer loop
      vertex   8.943910e+00 -3.622792e+01 1.073217e+02
      vertex   -9.424175e+00 -3.622792e+01 1.079929e+02
      vertex   -8.943910e+00 -3.622792e+01 1.073217e+02
    endloop
  endfacet
  facet normal -0.000000e+00 -1.000000e+00 0.000000e+00
    outer loop
      vertex   8.943910e+00 -3.622792e+01 1.073217e+02
      vertex   -8.943910e+00 -3.622792e+01 1.073217e+02
      vertex   8.415926e+00 -3.622792e+01 1.066872e+02
    endloop
  endfacet
  facet normal 0.000000e+00 -1.000000e+00 0.000000e+00
    outer loop
      vertex   8.415926e+00 -3.622792e+01 1.066872e+02
      vertex   -8.943910e+00 -3.622792e+01 1.073217e+02
      vertex   -8.415926e+00 -3.622792e+01 1.066872e+02
    endloop
  endfacet
  facet normal -0.000000e+00 -1.000000e+00 0.000000e+00
    outer loop
      vertex   8.415926e+00 -3.622792e+01 1.066872e+02
      vertex   -8.415926e+00 -3.622792e+01 1.066872e+02
      vertex   7.843038e+00 -3.622792e+01 1.060930e+02
    endloop
  endfacet
  facet normal 0.000000e+00 -1.000000e+00 0.000000e+00
    outer loop
      vertex   7.843038e+00 -3.622792e+01 1.060930e+02
      vertex   -8.415926e+00 -3.622792e+01 1.066872e+02
      vertex   -7.843038e+00 -3.622792e+01 1.060930e+02
    endloop
  endfacet
  facet normal -0.000000e+00 -1.000000e+00 0.000000e+00
    outer loop
      vertex   7.843038e+00 -3.622792e+01 1.060930e+02
      vertex   -7.843038e+00 -3.622792e+01 1.060930e+02
      vertex   7.228305e+00 -3.622792e+01 1.055422e+02
    endloop
  endfacet
  facet normal 0.000000e+00 -1.000000e+00 0.000000e+00
    outer loop
      vertex   7.228305e+00 -3.622792e+01 1.055422e+02
      vertex   -7.843038e+00 -3.622792e+01 1.060930e+02
      vertex   -7.228305e+00 -3.622792e+01 1.055422e+02
    endloop
  endfacet
  facet normal -0.000000e+00 -1.000000e+00 0.000000e+00
    outer loop
      vertex   7.228305e+00 -3.622792e+01 1.055422e+02
      vertex   -7.228305e+00 -3.622792e+01 1.055422e+02
      vertex   6.575006e+00 -3.622792e+01 1.050377e+02
    endloop
  endfacet
  facet normal 0.000000e+00 -1.000000e+00 0.000000e+00
    outer loop
      vertex   6.575006e+00 -3.622792e+01 1.050377e+02
      vertex   -7.228305e+00 -3.622792e+01 1.055422e+02
      vertex   -6.575006e+00 -3.622792e+01 1.050377e+02
    endloop
  endfacet
  facet normal -0.000000e+00 -1.000000e+00 0.000000e+00
    outer loop
      vertex   6.575006e+00 -3.622792e+01 1.050377e+02
      vertex   -6.575006e+00 -3.622792e+01 1.050377e+02
      vertex   5.886626e+00 -3.622792e+01 1.045823e+02
    endloop
  endfacet
  facet normal 0.000000e+00 -1.000000e+00 0.000000e+00
    outer loop
      vertex   5.886626e+00 -3.622792e+01 1.045823e+02
      vertex   -6.575006e+00 -3.622792e+01 1.050377e+02
      vertex   -5.886626e+00 -3.622792e+01 1.045823e+02
    endloop
  endfacet
  facet normal -0.000000e+00 -1.000000e+00 0.000000e+00
    outer loop
      vertex   5.886626e+00 -3.622792e+01 1.045823e+02
      vertex   -5.886626e+00 -3.622792e+01 1.045823e+02
      vertex   5.166838e+00 -3.622792e+01 1.041784e+02
    endloop
  endfacet
  facet normal 0.000000e+00 -1.000000e+00 0.000000e+00
    outer loop
      vertex   5.166838e+00 -3.622792e+01 1.041784e+02
      vertex   -5.886626e+00 -3.622792e+01 1.045823e+02
      vertex   -5.166838e+00 -3.622792e+01 1.041784e+02
    endloop
  endfacet
  facet normal -0.000000e+00 -1.000000e+00 0.000000e+00
    outer loop
      vertex   5.166838e+00 -3.622792e+01 1.041784e+02
      vertex   -5.166838e+00 -3.622792e+01 1.041784e+02
      vertex   4.419483e+00 -3.622792e+01 1.038280e+02
    endloop
  endfacet
  facet normal 0.000000e+00 -1.000000e+00 0.000000e+00
    outer loop
      vertex   4.419483e+00 -3.622792e+01 1.038280e+02
      vertex   -5.166838e+00 -3.622792e+01 1.041784e+02
      vertex   -4.419483e+00 -3.622792e+01 1.038280e+02
    endloop
  endfacet
  facet normal -0.000000e+00 -1.000000e+00 0.000000e+00
    outer loop
      vertex   4.419483e+00 -3.622792e+01 1.038280e+02
      vertex   -4.419483e+00 -3.622792e+01 1.038280e+02
      vertex   3.648549e+00 -3.622792e+01 1.035332e+02
    endloop
  endfacet
  facet normal 0.000000e+00 -1.000000e+00 0.000000e+00
    outer loop
      vertex   3.648549e+00 -3.622792e+01 1.035332e+02
      vertex   -4.419483e+00 -3.622792e+01 1.038280e+02
      vertex   -3.648549e+00 -3.622792e+01 1.035332e+02
    endloop
  endfacet
  facet normal -0.000000e+00 -1.000000e+00 0.000000e+00
    outer loop
      vertex   3.648549e+00 -3.622792e+01 1.035332e+02
      vertex   -3.648549e+00 -3.622792e+01 1.035332e+02
      vertex   2.858147e+00 -3.622792e+01 1.032954e+02
    endloop
  endfacet
  facet normal 0.000000e+00 -1.000000e+00 0.000000e+00
    outer loop
      vertex   2.858147e+00 -3.622792e+01 1.032954e+02
      vertex   -3.648549e+00 -3.622792e+01 1.035332e+02
      vertex   -2.858147e+00 -3.622792e+01 1.032954e+02
    endloop
  endfacet
  facet normal -0.000000e+00 -1.000000e+00 0.000000e+00
    outer loop
      vertex   2.858147e+00 -3.622792e+01 1.032954e+02
      vertex   -2.858147e+00 -3.622792e+01 1.032954e+02
      vertex   2.052496e+00 -3.622792e+01 1.031159e+02
    endloop
  endfacet
  facet normal -0.000000e+00 -1.000000e+00 0.000000e+00
    outer loop
      vertex   2.052496e+00 -3.622792e+01 1.031159e+02
      vertex   -2.858147e+00 -3.622792e+01 1.032954e+02
      vertex   -2.052496e+00 -3.622792e+01 1.031159e+02
    endloop
  endfacet
  facet normal 0.000000e+00 -1.000000e+00 0.000000e+00
    outer loop
      vertex   2.052496e+00 -3.622792e+01 1.031159e+02
      vertex   -2.052496e+00 -3.622792e+01 1.031159e+02
      vertex   1.235895e+00 -3.622792e+01 1.029957e+02
    endloop
  endfacet
  facet normal 0.000000e+00 -1.000000e+00 0.000000e+00
    outer loop
      vertex   1.235895e+00 -3.622792e+01 1.029957e+02
      vertex   -2.052496e+00 -3.622792e+01 1.031159e+02
      vertex   -1.235895e+00 -3.622792e+01 1.029957e+02
    endloop
  endfacet
  facet normal -0.000000e+00 -1.000000e+00 0.000000e+00
    outer loop
      vertex   1.235895e+00 -3.622792e+01 1.029957e+02
      vertex   -1.235895e+00 -3.622792e+01 1.029957e+02
      vertex   4.126989e-01 -3.622792e+01 1.029355e+02
    endloop
  endfacet
  facet normal 0.000000e+00 -1.000000e+00 0.000000e+00
    outer loop
      vertex   4.126989e-01 -3.622792e+01 1.029355e+02
      vertex   -1.235895e+00 -3.622792e+01 1.029957e+02
      vertex   -4.126989e-01 -3.622792e+01 1.029355e+02
    endloop
  endfacet
  facet normal 0.000000e+00 -1.000000e+00 0.000000e+00
    outer loop
      vertex   -1.126985e+01 -3.622792e+01 1.150528e+02
      vertex   1.126985e+01 -3.622792e+01 1.150528e+02
      vertex   -1.117958e+01 -3.622792e+01 1.158732e+02
    endloop
  endfacet
  facet normal 0.000000e+00 -1.000000e+00 0.000000e+00
    outer loop
      vertex   -1.117958e+01 -3.622792e+01 1.158732e+02
      vertex   1.126985e+01 -3.622792e+01 1.150528e+02
      vertex   1.117958e+01 -3.622792e+01 1.158732e+02
    endloop
  endfacet
  facet normal 0.000000e+00 -1.000000e+00 0.000000e+00
    outer loop
      vertex   -1.117958e+01 -3.622792e+01 1.158732e+02
      vertex   1.117958e+01 -3.622792e+01 1.158732e+02
      vertex   -1.102966e+01 -3.622792e+01 1.166849e+02
    endloop
  endfacet
  facet normal 0.000000e+00 -1.000000e+00 0.000000e+00
    outer loop
      vertex   -1.102966e+01 -3.622792e+01 1.166849e+02
      vertex   1.117958e+01 -3.622792e+01 1.158732e+02
      vertex   1.102966e+01 -3.622792e+01 1.166849e+02
    endloop
  endfacet
  facet normal 0.000000e+00 -1.000000e+00 0.000000e+00
    outer loop
      vertex   -1.102966e+01 -3.622792e+01 1.166849e+02
      vertex   1.102966e+01 -3.622792e+01 1.166849e+02
      vertex   -1.082089e+01 -3.622792e+01 1.174834e+02
    endloop
  endfacet
  facet normal 0.000000e+00 -1.000000e+00 0.000000e+00
    outer loop
      vertex   -1.082089e+01 -3.622792e+01 1.174834e+02
      vertex   1.102966e+01 -3.622792e+01 1.166849e+02
      vertex   1.082089e+01 -3.622792e+01 1.174834e+02
    endloop
  endfacet
  facet normal 0.000000e+00 -1.000000e+00 0.000000e+00
    outer loop
      vertex   -1.082089e+01 -3.622792e+01 1.174834e+02
      vertex   1.082089e+01 -3.622792e+01 1.174834e+02
      vertex   -1.055438e+01 -3.622792e+01 1.182646e+02
    endloop
  endfacet
  facet normal 0.000000e+00 -1.000000e+00 0.000000e+00
    outer loop
      vertex   -1.055438e+01 -3.622792e+01 1.182646e+02
      vertex   1.082089e+01 -3.622792e+01 1.174834e+02
      vertex   1.055438e+01 -3.622792e+01 1.182646e+02
    endloop
  endfacet
  facet normal 0.000000e+00 -1.000000e+00 0.000000e+00
    outer loop
      vertex   -1.055438e+01 -3.622792e+01 1.182646e+02
      vertex   1.055438e+01 -3.622792e+01 1.182646e+02
      vertex   -1.023157e+01 -3.622792e+01 1.190243e+02
    endloop
  endfacet
  facet normal 0.000000e+00 -1.000000e+00 0.000000e+00
    outer loop
      vertex   -1.023157e+01 -3.622792e+01 1.190243e+02
      vertex   1.055438e+01 -3.622792e+01 1.182646e+02
      vertex   1.023157e+01 -3.622792e+01 1.190243e+02
    endloop
  endfacet
  facet normal 0.000000e+00 -1.000000e+00 0.000000e+00
    outer loop
      vertex   -1.023157e+01 -3.622792e+01 1.190243e+02
      vertex   1.023157e+01 -3.622792e+01 1.190243e+02
      vertex   -9.854158e+00 -3.622792e+01 1.197583e+02
    endloop
  endfacet
  facet normal 0.000000e+00 -1.000000e+00 0.000000e+00
    outer loop
      vertex   -9.854158e+00 -3.622792e+01 1.197583e+02
      vertex   1.023157e+01 -3.622792e+01 1.190243e+02
      vertex   9.854158e+00 -3.622792e+01 1.197583e+02
    endloop
  endfacet
  facet normal 0.000000e+00 -1.000000e+00 0.000000e+00
    outer loop
      vertex   -9.854158e+00 -3.622792e+01 1.197583e+02
      vertex   9.854158e+00 -3.622792e+01 1.197583e+02
      vertex   -9.424175e+00 -3.622792e+01 1.204629e+02
    endloop
  endfacet
  facet normal 0.000000e+00 -1.000000e+00 0.000000e+00
    outer loop
      vertex   -9.424175e+00 -3.622792e+01 1.204629e+02
      vertex   9.854158e+00 -3.622792e+01 1.197583e+02
      vertex   9.424175e+00 -3.622792e+01 1.204629e+02
    endloop
  endfacet
  facet normal 0.000000e+00 -1.000000e+00 0.000000e+00
    outer loop
      vertex   -9.424175e+00 -3.622792e+01 1.204629e+02
      vertex   9.424175e+00 -3.622792e+01 1.204629e+02
      vertex   -8.943910e+00 -3.622792e+01 1.211342e+02
    endloop
  endfacet
  facet normal 0.000000e+00 -1.000000e+00 0.000000e+00
    outer loop
      vertex   -8.943910e+00 -3.622792e+01 1.211342e+02
      vertex   9.424175e+00 -3.622792e+01 1.204629e+02
      vertex   8.943910e+00 -3.622792e+01 1.211342e+02
    endloop
  endfacet
  facet normal 0.000000e+00 -1.000000e+00 0.000000e+00
    outer loop
      vertex   -8.943910e+00 -3.622792e+01 1.211342e+02
      vertex   8.943910e+00 -3.622792e+01 1.211342e+02
      vertex   -8.415926e+00 -3.622792e+01 1.217686e+02
    endloop
  endfacet
  facet normal 0.000000e+00 -1.000000e+00 0.000000e+00
    outer loop
      vertex   -8.415926e+00 -3.622792e+01 1.217686e+02
      vertex   8.943910e+00 -3.622792e+01 1.211342e+02
      vertex   8.415926e+00 -3.622792e+01 1.217686e+02
    endloop
  endfacet
  facet normal 0.000000e+00 -1.000000e+00 0.000000e+00
    outer loop
      vertex   -8.415926e+00 -3.622792e+01 1.217686e+02
      vertex   8.415926e+00 -3.622792e+01 1.217686e+02
      vertex   -7.843038e+00 -3.622792e+01 1.223628e+02
    endloop
  endfacet
  facet normal 0.000000e+00 -1.000000e+00 0.000000e+00
    outer loop
      vertex   -7.843038e+00 -3.622792e+01 1.223628e+02
      vertex   8.415926e+00 -3.622792e+01 1.217686e+02
      vertex   7.843038e+00 -3.622792e+01 1.223628e+02
    endloop
  endfacet
  facet normal 0.000000e+00 -1.000000e+00 0.000000e+00
    outer loop
      vertex   -7.843038e+00 -3.622792e+01 1.223628e+02
      vertex   7.843038e+00 -3.622792e+01 1.223628e+02
      vertex   -7.228305e+00 -3.622792e+01 1.229136e+02
    endloop
  endfacet
  facet normal 0.000000e+00 -1.000000e+00 0.000000e+00
    outer loop
      vertex   -7.228305e+00 -3.622792e+01 1.229136e+02
      vertex   7.843038e+00 -3.622792e+01 1.223628e+02
      vertex   7.228305e+00 -3.622792e+01 1.229136e+02
    endloop
  endfacet
  facet normal 0.000000e+00 -1.000000e+00 0.000000e+00
    outer loop
      vertex   -7.228305e+00 -3.622792e+01 1.229136e+02
      vertex   7.228305e+00 -3.622792e+01 1.229136e+02
      vertex   -6.575006e+00 -3.622792e+01 1.234181e+02
    endloop
  endfacet
  facet normal 0.000000e+00 -1.000000e+00 0.000000e+00
    outer loop
      vertex   -6.575006e+00 -3.622792e+01 1.234181e+02
      vertex   7.228305e+00 -3.622792e+01 1.229136e+02
      vertex   6.575006e+00 -3.622792e+01 1.234181e+02
    endloop
  endfacet
  facet normal 0.000000e+00 -1.000000e+00 0.000000e+00
    outer loop
      vertex   -6.575006e+00 -3.622792e+01 1.234181e+02
      vertex   6.575006e+00 -3.622792e+01 1.234181e+02
      vertex   -5.886626e+00 -3.622792e+01 1.238735e+02
    endloop
  endfacet
  facet normal 0.000000e+00 -1.000000e+00 0.000000e+00
    outer loop
      vertex   -5.886626e+00 -3.622792e+01 1.238735e+02
      vertex   6.575006e+00 -3.622792e+01 1.234181e+02
      vertex   5.886626e+00 -3.622792e+01 1.238735e+02
    endloop
  endfacet
  facet normal 0.000000e+00 -1.000000e+00 0.000000e+00
    outer loop
      vertex   -5.886626e+00 -3.622792e+01 1.238735e+02
      vertex   5.886626e+00 -3.622792e+01 1.238735e+02
      vertex   -5.166838e+00 -3.622792e+01 1.242775e+02
    endloop
  endfacet
  facet normal 0.000000e+00 -1.000000e+00 0.000000e+00
    outer loop
      vertex   -5.166838e+00 -3.622792e+01 1.242775e+02
      vertex   5.886626e+00 -3.622792e+01 1.238735e+02
      vertex   5.166838e+00 -3.622792e+01 1.242775e+02
    endloop
  endfacet
  facet normal 0.000000e+00 -1.000000e+00 0.000000e+00
    outer loop
      vertex   -5.166838e+00 -3.622792e+01 1.242775e+02
      vertex   5.166838e+00 -3.622792e+01 1.242775e+02
      vertex   -4.419483e+00 -3.622792e+01 1.246278e+02
    endloop
  endfacet
  facet normal 0.000000e+00 -1.000000e+00 0.000000e+00
    outer loop
      vertex   -4.419483e+00 -3.622792e+01 1.246278e+02
      vertex   5.166838e+00 -3.622792e+01 1.242775e+02
      vertex   4.419483e+00 -3.622792e+01 1.246278e+02
    endloop
  endfacet
  facet normal 0.000000e+00 -1.000000e+00 0.000000e+00
    outer loop
      vertex   -4.419483e+00 -3.622792e+01 1.246278e+02
      vertex   4.419483e+00 -3.622792e+01 1.246278e+02
      vertex   -3.648549e+00 -3.622792e+01 1.249227e+02
    endloop
  endfacet
  facet normal 0.000000e+00 -1.000000e+00 0.000000e+00
    outer loop
      vertex   -3.648549e+00 -3.622792e+01 1.249227e+02
      vertex   4.419483e+00 -3.622792e+01 1.246278e+02
      vertex   3.648549e+00 -3.622792e+01 1.249227e+02
    endloop
  endfacet
  facet normal 0.000000e+00 -1.000000e+00 0.000000e+00
    outer loop
      vertex   -3.648549e+00 -3.622792e+01 1.249227e+02
      vertex   3.648549e+00 -3.622792e+01 1.249227e+02
      vertex   -2.858147e+00 -3.622792e+01 1.251605e+02
    endloop
  endfacet
  facet normal 0.000000e+00 -1.000000e+00 0.000000e+00
    outer loop
      vertex   -2.858147e+00 -3.622792e+01 1.251605e+02
      vertex   3.648549e+00 -3.622792e+01 1.249227e+02
      vertex   2.858147e+00 -3.622792e+01 1.251605e+02
    endloop
  endfacet
  facet normal 0.000000e+00 -1.000000e+00 0.000000e+00
    outer loop
      vertex   -2.858147e+00 -3.622792e+01 1.251605e+02
      vertex   2.858147e+00 -3.622792e+01 1.251605e+02
      vertex   -2.052496e+00 -3.622792e+01 1.253400e+02
    endloop
  endfacet
  facet normal 0.000000e+00 -1.000000e+00 0.000000e+00
    outer loop
      vertex   -2.052496e+00 -3.622792e+01 1.253400e+02
      vertex   2.858147e+00 -3.622792e+01 1.251605e+02
      vertex   2.052496e+00 -3.622792e+01 1.253400e+02
    endloop
  endfacet
  facet normal 0.000000e+00 -1.000000e+00 0.000000e+00
    outer loop
      vertex   -2.052496e+00 -3.622792e+01 1.253400e+02
      vertex   2.052496e+00 -3.622792e+01 1.253400e+02
      vertex   -1.235895e+00 -3.622792e+01 1.254601e+02
    endloop
  endfacet
  facet normal 0.000000e+00 -1.000000e+00 0.000000e+00
    outer loop
      vertex   -1.235895e+00 -3.622792e+01 1.254601e+02
      vertex   2.052496e+00 -3.622792e+01 1.253400e+02
      vertex   1.235895e+00 -3.622792e+01 1.254601e+02
    endloop
  endfacet
  facet normal 0.000000e+00 -1.000000e+00 0.000000e+00
    outer loop
      vertex   -1.235895e+00 -3.622792e+01 1.254601e+02
      vertex   1.235895e+00 -3.622792e+01 1.254601e+02
      vertex   -4.126989e-01 -3.622792e+01 1.255204e+02
    endloop
  endfacet
  facet normal 0.000000e+00 -1.000000e+00 0.000000e+00
    outer loop
      vertex   -4.126989e-01 -3.622792e+01 1.255204e+02
      vertex   1.235895e+00 -3.622792e+01 1.254601e+02
      vertex   4.126989e-01 -3.622792e+01 1.255204e+02
    endloop
  endfacet
  facet normal -9.993328e-01 0.000000e+00 3.652202e-02
    outer loop
      vertex   1.126985e+01 -3.622792e+01 1.134031e+02
      vertex   1.126985e+01 -4.272792e+01 1.134031e+02
      vertex   1.130000e+01 -3.622792e+01 1.142279e+02
    endloop
  endfacet
  facet normal -9.993328e-01 0.000000e+00 3.652202e-02
    outer loop
      vertex   1.130000e+01 -3.622792e+01 1.142279e+02
      vertex   1.126985e+01 -4.272792e+01 1.134031e+02
      vertex   1.130000e+01 -4.272792e+01 1.142279e+02
    endloop
  endfacet
  facet normal -9.993328e-01 -0.000000e+00 -3.652202e-02
    outer loop
      vertex   1.130000e+01 -3.622792e+01 1.142279e+02
      vertex   1.130000e+01 -4.272792e+01 1.142279e+02
      vertex   1.126985e+01 -3.622792e+01 1.150528e+02
    endloop
  endfacet
  facet normal -9.993328e-01 -0.000000e+00 -3.652202e-02
    outer loop
      vertex   1.126985e+01 -3.622792e+01 1.150528e+02
      vertex   1.130000e+01 -4.272792e+01 1.142279e+02
      vertex   1.126985e+01 -4.272792e+01 1.150528e+02
    endloop
  endfacet
  facet normal -9.940010e-01 -0.000000e+00 -1.093712e-01
    outer loop
      vertex   1.126985e+01 -3.622792e+01 1.150528e+02
      vertex   1.126985e+01 -4.272792e+01 1.150528e+02
      vertex   1.117958e+01 -4.272792e+01 1.158732e+02
    endloop
  endfacet
  facet normal -9.940010e-01 0.000000e+00 1.093712e-01
    outer loop
      vertex   1.126985e+01 -3.622792e+01 1.134031e+02
      vertex   1.117958e+01 -3.622792e+01 1.125826e+02
      vertex   1.126985e+01 -4.272792e+01 1.134031e+02
    endloop
  endfacet
  facet normal -9.940010e-01 0.000000e+00 1.093712e-01
    outer loop
      vertex   1.126985e+01 -4.272792e+01 1.134031e+02
      vertex   1.117958e+01 -3.622792e+01 1.125826e+02
      vertex   1.117958e+01 -4.272792e+01 1.125826e+02
    endloop
  endfacet
  facet normal -9.833657e-01 0.000000e+00 1.816369e-01
    outer loop
      vertex   1.117958e+01 -4.272792e+01 1.125826e+02
      vertex   1.117958e+01 -3.622792e+01 1.125826e+02
      vertex   1.102966e+01 -3.622792e+01 1.117710e+02
    endloop
  endfacet
  facet normal -9.833657e-01 0.000000e+00 1.816369e-01
    outer loop
      vertex   1.117958e+01 -4.272792e+01 1.125826e+02
      vertex   1.102966e+01 -3.622792e+01 1.117710e+02
      vertex   1.102966e+01 -4.272792e+01 1.117710e+02
    endloop
  endfacet
  facet normal -9.674837e-01 0.000000e+00 2.529334e-01
    outer loop
      vertex   1.102966e+01 -4.272792e+01 1.117710e+02
      vertex   1.102966e+01 -3.622792e+01 1.117710e+02
      vertex   1.082089e+01 -3.622792e+01 1.109724e+02
    endloop
  endfacet
  facet normal -9.674837e-01 0.000000e+00 2.529334e-01
    outer loop
      vertex   1.102966e+01 -4.272792e+01 1.117710e+02
      vertex   1.082089e+01 -3.622792e+01 1.109724e+02
      vertex   1.082089e+01 -4.272792e+01 1.109724e+02
    endloop
  endfacet
  facet normal -9.464398e-01 0.000000e+00 3.228804e-01
    outer loop
      vertex   1.082089e+01 -4.272792e+01 1.109724e+02
      vertex   1.082089e+01 -3.622792e+01 1.109724e+02
      vertex   1.055438e+01 -3.622792e+01 1.101912e+02
    endloop
  endfacet
  facet normal -9.464398e-01 0.000000e+00 3.228804e-01
    outer loop
      vertex   1.082089e+01 -4.272792e+01 1.109724e+02
      vertex   1.055438e+01 -3.622792e+01 1.101912e+02
      vertex   1.055438e+01 -4.272792e+01 1.101912e+02
    endloop
  endfacet
  facet normal -9.203462e-01 0.000000e+00 3.911047e-01
    outer loop
      vertex   1.055438e+01 -4.272792e+01 1.101912e+02
      vertex   1.055438e+01 -3.622792e+01 1.101912e+02
      vertex   1.023157e+01 -3.622792e+01 1.094316e+02
    endloop
  endfacet
  facet normal -9.203462e-01 0.000000e+00 3.911047e-01
    outer loop
      vertex   1.055438e+01 -4.272792e+01 1.101912e+02
      vertex   1.023157e+01 -3.622792e+01 1.094316e+02
      vertex   1.023157e+01 -4.272792e+01 1.094316e+02
    endloop
  endfacet
  facet normal -8.893421e-01 0.000000e+00 4.572423e-01
    outer loop
      vertex   1.023157e+01 -4.272792e+01 1.094316e+02
      vertex   1.023157e+01 -3.622792e+01 1.094316e+02
      vertex   9.854158e+00 -3.622792e+01 1.086975e+02
    endloop
  endfacet
  facet normal -8.893421e-01 0.000000e+00 4.572423e-01
    outer loop
      vertex   1.023157e+01 -4.272792e+01 1.094316e+02
      vertex   9.854158e+00 -3.622792e+01 1.086975e+02
      vertex   9.854158e+00 -4.272792e+01 1.086975e+02
    endloop
  endfacet
  facet normal -8.535931e-01 0.000000e+00 5.209403e-01
    outer loop
      vertex   9.854158e+00 -4.272792e+01 1.086975e+02
      vertex   9.854158e+00 -3.622792e+01 1.086975e+02
      vertex   9.424175e+00 -3.622792e+01 1.079929e+02
    endloop
  endfacet
  facet normal -8.535931e-01 0.000000e+00 5.209403e-01
    outer loop
      vertex   9.854158e+00 -4.272792e+01 1.086975e+02
      vertex   9.424175e+00 -3.622792e+01 1.079929e+02
      vertex   9.424175e+00 -4.272792e+01 1.079929e+02
    endloop
  endfacet
  facet normal -8.132897e-01 0.000000e+00 5.818589e-01
    outer loop
      vertex   9.424175e+00 -4.272792e+01 1.079929e+02
      vertex   9.424175e+00 -3.622792e+01 1.079929e+02
      vertex   8.943910e+00 -3.622792e+01 1.073217e+02
    endloop
  endfacet
  facet normal -8.132897e-01 0.000000e+00 5.818589e-01
    outer loop
      vertex   9.424175e+00 -4.272792e+01 1.079929e+02
      vertex   8.943910e+00 -3.622792e+01 1.073217e+02
      vertex   8.943910e+00 -4.272792e+01 1.073217e+02
    endloop
  endfacet
  facet normal -7.686471e-01 0.000000e+00 6.396730e-01
    outer loop
      vertex   8.943910e+00 -4.272792e+01 1.073217e+02
      vertex   8.943910e+00 -3.622792e+01 1.073217e+02
      vertex   8.415926e+00 -3.622792e+01 1.066872e+02
    endloop
  endfacet
  facet normal -7.686471e-01 0.000000e+00 6.396730e-01
    outer loop
      vertex   8.943910e+00 -4.272792e+01 1.073217e+02
      vertex   8.415926e+00 -3.622792e+01 1.066872e+02
      vertex   8.415926e+00 -4.272792e+01 1.066872e+02
    endloop
  endfacet
  facet normal -7.199035e-01 0.000000e+00 6.940742e-01
    outer loop
      vertex   8.415926e+00 -4.272792e+01 1.066872e+02
      vertex   8.415926e+00 -3.622792e+01 1.066872e+02
      vertex   7.843038e+00 -3.622792e+01 1.060930e+02
    endloop
  endfacet
  facet normal -7.199035e-01 0.000000e+00 6.940742e-01
    outer loop
      vertex   8.415926e+00 -4.272792e+01 1.066872e+02
      vertex   7.843038e+00 -3.622792e+01 1.060930e+02
      vertex   7.843038e+00 -4.272792e+01 1.060930e+02
    endloop
  endfacet
  facet normal -6.673188e-01 0.000000e+00 7.447722e-01
    outer loop
      vertex   7.843038e+00 -4.272792e+01 1.060930e+02
      vertex   7.843038e+00 -3.622792e+01 1.060930e+02
      vertex   7.228305e+00 -3.622792e+01 1.055422e+02
    endloop
  endfacet
  facet normal -6.673188e-01 0.000000e+00 7.447722e-01
    outer loop
      vertex   7.843038e+00 -4.272792e+01 1.060930e+02
      vertex   7.228305e+00 -3.622792e+01 1.055422e+02
      vertex   7.228305e+00 -4.272792e+01 1.055422e+02
    endloop
  endfacet
  facet normal -6.111737e-01 0.000000e+00 7.914965e-01
    outer loop
      vertex   7.228305e+00 -4.272792e+01 1.055422e+02
      vertex   7.228305e+00 -3.622792e+01 1.055422e+02
      vertex   6.575006e+00 -3.622792e+01 1.050377e+02
    endloop
  endfacet
  facet normal -6.111737e-01 0.000000e+00 7.914965e-01
    outer loop
      vertex   7.228305e+00 -4.272792e+01 1.055422e+02
      vertex   6.575006e+00 -3.622792e+01 1.050377e+02
      vertex   6.575006e+00 -4.272792e+01 1.050377e+02
    endloop
  endfacet
  facet normal -5.517677e-01 0.000000e+00 8.339978e-01
    outer loop
      vertex   6.575006e+00 -4.272792e+01 1.050377e+02
      vertex   6.575006e+00 -3.622792e+01 1.050377e+02
      vertex   5.886626e+00 -3.622792e+01 1.045823e+02
    endloop
  endfacet
  facet normal -5.517677e-01 0.000000e+00 8.339978e-01
    outer loop
      vertex   6.575006e+00 -4.272792e+01 1.050377e+02
      vertex   5.886626e+00 -3.622792e+01 1.045823e+02
      vertex   5.886626e+00 -4.272792e+01 1.045823e+02
    endloop
  endfacet
  facet normal -4.894178e-01 0.000000e+00 8.720494e-01
    outer loop
      vertex   5.886626e+00 -4.272792e+01 1.045823e+02
      vertex   5.886626e+00 -3.622792e+01 1.045823e+02
      vertex   5.166838e+00 -3.622792e+01 1.041784e+02
    endloop
  endfacet
  facet normal -4.894178e-01 0.000000e+00 8.720494e-01
    outer loop
      vertex   5.886626e+00 -4.272792e+01 1.045823e+02
      vertex   5.166838e+00 -3.622792e+01 1.041784e+02
      vertex   5.166838e+00 -4.272792e+01 1.041784e+02
    endloop
  endfacet
  facet normal -4.244567e-01 0.000000e+00 9.054482e-01
    outer loop
      vertex   5.166838e+00 -4.272792e+01 1.041784e+02
      vertex   5.166838e+00 -3.622792e+01 1.041784e+02
      vertex   4.419483e+00 -3.622792e+01 1.038280e+02
    endloop
  endfacet
  facet normal -4.244567e-01 0.000000e+00 9.054482e-01
    outer loop
      vertex   5.166838e+00 -4.272792e+01 1.041784e+02
      vertex   4.419483e+00 -3.622792e+01 1.038280e+02
      vertex   4.419483e+00 -4.272792e+01 1.038280e+02
    endloop
  endfacet
  facet normal -3.572309e-01 0.000000e+00 9.340161e-01
    outer loop
      vertex   4.419483e+00 -4.272792e+01 1.038280e+02
      vertex   4.419483e+00 -3.622792e+01 1.038280e+02
      vertex   3.648549e+00 -3.622792e+01 1.035332e+02
    endloop
  endfacet
  facet normal -3.572309e-01 0.000000e+00 9.340161e-01
    outer loop
      vertex   4.419483e+00 -4.272792e+01 1.038280e+02
      vertex   3.648549e+00 -3.622792e+01 1.035332e+02
      vertex   3.648549e+00 -4.272792e+01 1.035332e+02
    endloop
  endfacet
  facet normal -2.880991e-01 0.000000e+00 9.576006e-01
    outer loop
      vertex   3.648549e+00 -4.272792e+01 1.035332e+02
      vertex   3.648549e+00 -3.622792e+01 1.035332e+02
      vertex   2.858147e+00 -3.622792e+01 1.032954e+02
    endloop
  endfacet
  facet normal -2.880991e-01 0.000000e+00 9.576006e-01
    outer loop
      vertex   3.648549e+00 -4.272792e+01 1.035332e+02
      vertex   2.858147e+00 -3.622792e+01 1.032954e+02
      vertex   2.858147e+00 -4.272792e+01 1.032954e+02
    endloop
  endfacet
  facet normal -2.174302e-01 0.000000e+00 9.760759e-01
    outer loop
      vertex   2.858147e+00 -4.272792e+01 1.032954e+02
      vertex   2.858147e+00 -3.622792e+01 1.032954e+02
      vertex   2.052496e+00 -3.622792e+01 1.031159e+02
    endloop
  endfacet
  facet normal -2.174302e-01 0.000000e+00 9.760759e-01
    outer loop
      vertex   2.858147e+00 -4.272792e+01 1.032954e+02
      vertex   2.052496e+00 -3.622792e+01 1.031159e+02
      vertex   2.052496e+00 -4.272792e+01 1.031159e+02
    endloop
  endfacet
  facet normal -1.456012e-01 0.000000e+00 9.893434e-01
    outer loop
      vertex   2.052496e+00 -4.272792e+01 1.031159e+02
      vertex   2.052496e+00 -3.622792e+01 1.031159e+02
      vertex   1.235895e+00 -3.622792e+01 1.029957e+02
    endloop
  endfacet
  facet normal -1.456012e-01 0.000000e+00 9.893434e-01
    outer loop
      vertex   2.052496e+00 -4.272792e+01 1.031159e+02
      vertex   1.235895e+00 -3.622792e+01 1.029957e+02
      vertex   1.235895e+00 -4.272792e+01 1.029957e+02
    endloop
  endfacet
  facet normal -7.299531e-02 0.000000e+00 9.973323e-01
    outer loop
      vertex   1.235895e+00 -4.272792e+01 1.029957e+02
      vertex   1.235895e+00 -3.622792e+01 1.029957e+02
      vertex   4.126989e-01 -3.622792e+01 1.029355e+02
    endloop
  endfacet
  facet normal -7.299531e-02 0.000000e+00 9.973323e-01
    outer loop
      vertex   1.235895e+00 -4.272792e+01 1.029957e+02
      vertex   4.126989e-01 -3.622792e+01 1.029355e+02
      vertex   4.126989e-01 -4.272792e+01 1.029355e+02
    endloop
  endfacet
  facet normal 0.000000e+00 -0.000000e+00 1.000000e+00
    outer loop
      vertex   4.126989e-01 -4.272792e+01 1.029355e+02
      vertex   4.126989e-01 -3.622792e+01 1.029355e+02
      vertex   -4.126989e-01 -3.622792e+01 1.029355e+02
    endloop
  endfacet
  facet normal 0.000000e+00 0.000000e+00 1.000000e+00
    outer loop
      vertex   4.126989e-01 -4.272792e+01 1.029355e+02
      vertex   -4.126989e-01 -3.622792e+01 1.029355e+02
      vertex   -4.126989e-01 -4.272792e+01 1.029355e+02
    endloop
  endfacet
  facet normal 7.299531e-02 -0.000000e+00 9.973323e-01
    outer loop
      vertex   -4.126989e-01 -4.272792e+01 1.029355e+02
      vertex   -4.126989e-01 -3.622792e+01 1.029355e+02
      vertex   -1.235895e+00 -3.622792e+01 1.029957e+02
    endloop
  endfacet
  facet normal 7.299531e-02 0.000000e+00 9.973323e-01
    outer loop
      vertex   -4.126989e-01 -4.272792e+01 1.029355e+02
      vertex   -1.235895e+00 -3.622792e+01 1.029957e+02
      vertex   -1.235895e+00 -4.272792e+01 1.029957e+02
    endloop
  endfacet
  facet normal 1.456012e-01 -0.000000e+00 9.893434e-01
    outer loop
      vertex   -1.235895e+00 -4.272792e+01 1.029957e+02
      vertex   -1.235895e+00 -3.622792e+01 1.029957e+02
      vertex   -2.052496e+00 -3.622792e+01 1.031159e+02
    endloop
  endfacet
  facet normal 1.456012e-01 0.000000e+00 9.893434e-01
    outer loop
      vertex   -1.235895e+00 -4.272792e+01 1.029957e+02
      vertex   -2.052496e+00 -3.622792e+01 1.031159e+02
      vertex   -2.052496e+00 -4.272792e+01 1.031159e+02
    endloop
  endfacet
  facet normal 2.174302e-01 -0.000000e+00 9.760759e-01
    outer loop
      vertex   -2.052496e+00 -4.272792e+01 1.031159e+02
      vertex   -2.052496e+00 -3.622792e+01 1.031159e+02
      vertex   -2.858147e+00 -3.622792e+01 1.032954e+02
    endloop
  endfacet
  facet normal 2.174302e-01 0.000000e+00 9.760759e-01
    outer loop
      vertex   -2.052496e+00 -4.272792e+01 1.031159e+02
      vertex   -2.858147e+00 -3.622792e+01 1.032954e+02
      vertex   -2.858147e+00 -4.272792e+01 1.032954e+02
    endloop
  endfacet
  facet normal 2.880991e-01 -0.000000e+00 9.576006e-01
    outer loop
      vertex   -2.858147e+00 -4.272792e+01 1.032954e+02
      vertex   -2.858147e+00 -3.622792e+01 1.032954e+02
      vertex   -3.648549e+00 -3.622792e+01 1.035332e+02
    endloop
  endfacet
  facet normal 2.880991e-01 0.000000e+00 9.576006e-01
    outer loop
      vertex   -2.858147e+00 -4.272792e+01 1.032954e+02
      vertex   -3.648549e+00 -3.622792e+01 1.035332e+02
      vertex   -3.648549e+00 -4.272792e+01 1.035332e+02
    endloop
  endfacet
  facet normal 3.572309e-01 -0.000000e+00 9.340161e-01
    outer loop
      vertex   -3.648549e+00 -4.272792e+01 1.035332e+02
      vertex   -3.648549e+00 -3.622792e+01 1.035332e+02
      vertex   -4.419483e+00 -3.622792e+01 1.038280e+02
    endloop
  endfacet
  facet normal 3.572309e-01 0.000000e+00 9.340161e-01
    outer loop
      vertex   -3.648549e+00 -4.272792e+01 1.035332e+02
      vertex   -4.419483e+00 -3.622792e+01 1.038280e+02
      vertex   -4.419483e+00 -4.272792e+01 1.038280e+02
    endloop
  endfacet
  facet normal 4.244567e-01 -0.000000e+00 9.054482e-01
    outer loop
      vertex   -4.419483e+00 -4.272792e+01 1.038280e+02
      vertex   -4.419483e+00 -3.622792e+01 1.038280e+02
      vertex   -5.166838e+00 -3.622792e+01 1.041784e+02
    endloop
  endfacet
  facet normal 4.244567e-01 0.000000e+00 9.054482e-01
    outer loop
      vertex   -4.419483e+00 -4.272792e+01 1.038280e+02
      vertex   -5.166838e+00 -3.622792e+01 1.041784e+02
      vertex   -5.166838e+00 -4.272792e+01 1.041784e+02
    endloop
  endfacet
  facet normal 4.894178e-01 -0.000000e+00 8.720494e-01
    outer loop
      vertex   -5.166838e+00 -4.272792e+01 1.041784e+02
      vertex   -5.166838e+00 -3.622792e+01 1.041784e+02
      vertex   -5.886626e+00 -3.622792e+01 1.045823e+02
    endloop
  endfacet
  facet normal 4.894178e-01 0.000000e+00 8.720494e-01
    outer loop
      vertex   -5.166838e+00 -4.272792e+01 1.041784e+02
      vertex   -5.886626e+00 -3.622792e+01 1.045823e+02
      vertex   -5.886626e+00 -4.272792e+01 1.045823e+02
    endloop
  endfacet
  facet normal 5.517677e-01 -0.000000e+00 8.339978e-01
    outer loop
      vertex   -5.886626e+00 -4.272792e+01 1.045823e+02
      vertex   -5.886626e+00 -3.622792e+01 1.045823e+02
      vertex   -6.575006e+00 -3.622792e+01 1.050377e+02
    endloop
  endfacet
  facet normal 5.517677e-01 0.000000e+00 8.339978e-01
    outer loop
      vertex   -5.886626e+00 -4.272792e+01 1.045823e+02
      vertex   -6.575006e+00 -3.622792e+01 1.050377e+02
      vertex   -6.575006e+00 -4.272792e+01 1.050377e+02
    endloop
  endfacet
  facet normal 6.111737e-01 -0.000000e+00 7.914965e-01
    outer loop
      vertex   -6.575006e+00 -4.272792e+01 1.050377e+02
      vertex   -6.575006e+00 -3.622792e+01 1.050377e+02
      vertex   -7.228305e+00 -3.622792e+01 1.055422e+02
    endloop
  endfacet
  facet normal 6.111737e-01 0.000000e+00 7.914965e-01
    outer loop
      vertex   -6.575006e+00 -4.272792e+01 1.050377e+02
      vertex   -7.228305e+00 -3.622792e+01 1.055422e+02
      vertex   -7.228305e+00 -4.272792e+01 1.055422e+02
    endloop
  endfacet
  facet normal 6.673188e-01 -0.000000e+00 7.447722e-01
    outer loop
      vertex   -7.228305e+00 -4.272792e+01 1.055422e+02
      vertex   -7.228305e+00 -3.622792e+01 1.055422e+02
      vertex   -7.843038e+00 -3.622792e+01 1.060930e+02
    endloop
  endfacet
  facet normal 6.673188e-01 0.000000e+00 7.447722e-01
    outer loop
      vertex   -7.228305e+00 -4.272792e+01 1.055422e+02
      vertex   -7.843038e+00 -3.622792e+01 1.060930e+02
      vertex   -7.843038e+00 -4.272792e+01 1.060930e+02
    endloop
  endfacet
  facet normal 7.199035e-01 -0.000000e+00 6.940742e-01
    outer loop
      vertex   -7.843038e+00 -4.272792e+01 1.060930e+02
      vertex   -7.843038e+00 -3.622792e+01 1.060930e+02
      vertex   -8.415926e+00 -3.622792e+01 1.066872e+02
    endloop
  endfacet
  facet normal 7.199035e-01 0.000000e+00 6.940742e-01
    outer loop
      vertex   -7.843038e+00 -4.272792e+01 1.060930e+02
      vertex   -8.415926e+00 -3.622792e+01 1.066872e+02
      vertex   -8.415926e+00 -4.272792e+01 1.066872e+02
    endloop
  endfacet
  facet normal 7.686471e-01 -0.000000e+00 6.396730e-01
    outer loop
      vertex   -8.415926e+00 -4.272792e+01 1.066872e+02
      vertex   -8.415926e+00 -3.622792e+01 1.066872e+02
      vertex   -8.943910e+00 -3.622792e+01 1.073217e+02
    endloop
  endfacet
  facet normal 7.686471e-01 0.000000e+00 6.396730e-01
    outer loop
      vertex   -8.415926e+00 -4.272792e+01 1.066872e+02
      vertex   -8.943910e+00 -3.622792e+01 1.073217e+02
      vertex   -8.943910e+00 -4.272792e+01 1.073217e+02
    endloop
  endfacet
  facet normal 8.132897e-01 -0.000000e+00 5.818589e-01
    outer loop
      vertex   -8.943910e+00 -4.272792e+01 1.073217e+02
      vertex   -8.943910e+00 -3.622792e+01 1.073217e+02
      vertex   -9.424175e+00 -3.622792e+01 1.079929e+02
    endloop
  endfacet
  facet normal 8.132897e-01 0.000000e+00 5.818589e-01
    outer loop
      vertex   -8.943910e+00 -4.272792e+01 1.073217e+02
      vertex   -9.424175e+00 -3.622792e+01 1.079929e+02
      vertex   -9.424175e+00 -4.272792e+01 1.079929e+02
    endloop
  endfacet
  facet normal 8.535931e-01 -0.000000e+00 5.209403e-01
    outer loop
      vertex   -9.424175e+00 -4.272792e+01 1.079929e+02
      vertex   -9.424175e+00 -3.622792e+01 1.079929e+02
      vertex   -9.854158e+00 -3.622792e+01 1.086975e+02
    endloop
  endfacet
  facet normal 8.535931e-01 0.000000e+00 5.209403e-01
    outer loop
      vertex   -9.424175e+00 -4.272792e+01 1.079929e+02
      vertex   -9.854158e+00 -3.622792e+01 1.086975e+02
      vertex   -9.854158e+00 -4.272792e+01 1.086975e+02
    endloop
  endfacet
  facet normal 8.893421e-01 -0.000000e+00 4.572423e-01
    outer loop
      vertex   -9.854158e+00 -4.272792e+01 1.086975e+02
      vertex   -9.854158e+00 -3.622792e+01 1.086975e+02
      vertex   -1.023157e+01 -3.622792e+01 1.094316e+02
    endloop
  endfacet
  facet normal 8.893421e-01 0.000000e+00 4.572423e-01
    outer loop
      vertex   -9.854158e+00 -4.272792e+01 1.086975e+02
      vertex   -1.023157e+01 -3.622792e+01 1.094316e+02
      vertex   -1.023157e+01 -4.272792e+01 1.094316e+02
    endloop
  endfacet
  facet normal 9.203462e-01 -0.000000e+00 3.911047e-01
    outer loop
      vertex   -1.023157e+01 -4.272792e+01 1.094316e+02
      vertex   -1.023157e+01 -3.622792e+01 1.094316e+02
      vertex   -1.055438e+01 -3.622792e+01 1.101912e+02
    endloop
  endfacet
  facet normal 9.203462e-01 0.000000e+00 3.911047e-01
    outer loop
      vertex   -1.023157e+01 -4.272792e+01 1.094316e+02
      vertex   -1.055438e+01 -3.622792e+01 1.101912e+02
      vertex   -1.055438e+01 -4.272792e+01 1.101912e+02
    endloop
  endfacet
  facet normal 9.464398e-01 -0.000000e+00 3.228804e-01
    outer loop
      vertex   -1.055438e+01 -4.272792e+01 1.101912e+02
      vertex   -1.055438e+01 -3.622792e+01 1.101912e+02
      vertex   -1.082089e+01 -3.622792e+01 1.109724e+02
    endloop
  endfacet
  facet normal 9.464398e-01 0.000000e+00 3.228804e-01
    outer loop
      vertex   -1.055438e+01 -4.272792e+01 1.101912e+02
      vertex   -1.082089e+01 -3.622792e+01 1.109724e+02
      vertex   -1.082089e+01 -4.272792e+01 1.109724e+02
    endloop
  endfacet
  facet normal 9.674837e-01 -0.000000e+00 2.529334e-01
    outer loop
      vertex   -1.082089e+01 -4.272792e+01 1.109724e+02
      vertex   -1.082089e+01 -3.622792e+01 1.109724e+02
      vertex   -1.102966e+01 -3.622792e+01 1.117710e+02
    endloop
  endfacet
  facet normal 9.674837e-01 0.000000e+00 2.529334e-01
    outer loop
      vertex   -1.082089e+01 -4.272792e+01 1.109724e+02
      vertex   -1.102966e+01 -3.622792e+01 1.117710e+02
      vertex   -1.102966e+01 -4.272792e+01 1.117710e+02
    endloop
  endfacet
  facet normal 9.833657e-01 -0.000000e+00 1.816369e-01
    outer loop
      vertex   -1.102966e+01 -4.272792e+01 1.117710e+02
      vertex   -1.102966e+01 -3.622792e+01 1.117710e+02
      vertex   -1.117958e+01 -3.622792e+01 1.125826e+02
    endloop
  endfacet
  facet normal 9.833657e-01 0.000000e+00 1.816369e-01
    outer loop
      vertex   -1.102966e+01 -4.272792e+01 1.117710e+02
      vertex   -1.117958e+01 -3.622792e+01 1.125826e+02
      vertex   -1.117958e+01 -4.272792e+01 1.125826e+02
    endloop
  endfacet
  facet normal 9.940010e-01 -0.000000e+00 1.093712e-01
    outer loop
      vertex   -1.117958e+01 -4.272792e+01 1.125826e+02
      vertex   -1.117958e+01 -3.622792e+01 1.125826e+02
      vertex   -1.126985e+01 -3.622792e+01 1.134031e+02
    endloop
  endfacet
  facet normal 9.940010e-01 0.000000e+00 1.093712e-01
    outer loop
      vertex   -1.117958e+01 -4.272792e+01 1.125826e+02
      vertex   -1.126985e+01 -3.622792e+01 1.134031e+02
      vertex   -1.126985e+01 -4.272792e+01 1.134031e+02
    endloop
  endfacet
  facet normal 9.993328e-01 -0.000000e+00 3.652202e-02
    outer loop
      vertex   -1.126985e+01 -4.272792e+01 1.134031e+02
      vertex   -1.126985e+01 -3.622792e+01 1.134031e+02
      vertex   -1.130000e+01 -3.622792e+01 1.142279e+02
    endloop
  endfacet
  facet normal 9.993328e-01 0.000000e+00 3.652202e-02
    outer loop
      vertex   -1.126985e+01 -4.272792e+01 1.134031e+02
      vertex   -1.130000e+01 -3.622792e+01 1.142279e+02
      vertex   -1.130000e+01 -4.272792e+01 1.142279e+02
    endloop
  endfacet
  facet normal 9.993328e-01 0.000000e+00 -3.652202e-02
    outer loop
      vertex   -1.130000e+01 -4.272792e+01 1.142279e+02
      vertex   -1.130000e+01 -3.622792e+01 1.142279e+02
      vertex   -1.126985e+01 -3.622792e+01 1.150528e+02
    endloop
  endfacet
  facet normal 9.993328e-01 0.000000e+00 -3.652202e-02
    outer loop
      vertex   -1.130000e+01 -4.272792e+01 1.142279e+02
      vertex   -1.126985e+01 -3.622792e+01 1.150528e+02
      vertex   -1.126985e+01 -4.272792e+01 1.150528e+02
    endloop
  endfacet
  facet normal 9.940010e-01 0.000000e+00 -1.093712e-01
    outer loop
      vertex   -1.126985e+01 -4.272792e+01 1.150528e+02
      vertex   -1.126985e+01 -3.622792e+01 1.150528e+02
      vertex   -1.117958e+01 -3.622792e+01 1.158732e+02
    endloop
  endfacet
  facet normal 9.940010e-01 0.000000e+00 -1.093712e-01
    outer loop
      vertex   -1.126985e+01 -4.272792e+01 1.150528e+02
      vertex   -1.117958e+01 -3.622792e+01 1.158732e+02
      vertex   -1.117958e+01 -4.272792e+01 1.158732e+02
    endloop
  endfacet
  facet normal 9.833657e-01 0.000000e+00 -1.816369e-01
    outer loop
      vertex   -1.117958e+01 -4.272792e+01 1.158732e+02
      vertex   -1.117958e+01 -3.622792e+01 1.158732e+02
      vertex   -1.102966e+01 -3.622792e+01 1.166849e+02
    endloop
  endfacet
  facet normal 9.833657e-01 0.000000e+00 -1.816369e-01
    outer loop
      vertex   -1.117958e+01 -4.272792e+01 1.158732e+02
      vertex   -1.102966e+01 -3.622792e+01 1.166849e+02
      vertex   -1.102966e+01 -4.272792e+01 1.166849e+02
    endloop
  endfacet
  facet normal 9.674837e-01 0.000000e+00 -2.529334e-01
    outer loop
      vertex   -1.102966e+01 -4.272792e+01 1.166849e+02
      vertex   -1.102966e+01 -3.622792e+01 1.166849e+02
      vertex   -1.082089e+01 -3.622792e+01 1.174834e+02
    endloop
  endfacet
  facet normal 9.674837e-01 0.000000e+00 -2.529334e-01
    outer loop
      vertex   -1.102966e+01 -4.272792e+01 1.166849e+02
      vertex   -1.082089e+01 -3.622792e+01 1.174834e+02
      vertex   -1.082089e+01 -4.272792e+01 1.174834e+02
    endloop
  endfacet
  facet normal 9.464398e-01 0.000000e+00 -3.228804e-01
    outer loop
      vertex   -1.082089e+01 -4.272792e+01 1.174834e+02
      vertex   -1.082089e+01 -3.622792e+01 1.174834e+02
      vertex   -1.055438e+01 -3.622792e+01 1.182646e+02
    endloop
  endfacet
  facet normal 9.464398e-01 0.000000e+00 -3.228804e-01
    outer loop
      vertex   -1.082089e+01 -4.272792e+01 1.174834e+02
      vertex   -1.055438e+01 -3.622792e+01 1.182646e+02
      vertex   -1.055438e+01 -4.272792e+01 1.182646e+02
    endloop
  endfacet
  facet normal 9.203462e-01 0.000000e+00 -3.911047e-01
    outer loop
      vertex   -1.055438e+01 -4.272792e+01 1.182646e+02
      vertex   -1.055438e+01 -3.622792e+01 1.182646e+02
      vertex   -1.023157e+01 -3.622792e+01 1.190243e+02
    endloop
  endfacet
  facet normal 9.203462e-01 0.000000e+00 -3.911047e-01
    outer loop
      vertex   -1.055438e+01 -4.272792e+01 1.182646e+02
      vertex   -1.023157e+01 -3.622792e+01 1.190243e+02
      vertex   -1.023157e+01 -4.272792e+01 1.190243e+02
    endloop
  endfacet
  facet normal 8.893421e-01 0.000000e+00 -4.572423e-01
    outer loop
      vertex   -1.023157e+01 -4.272792e+01 1.190243e+02
      vertex   -1.023157e+01 -3.622792e+01 1.190243e+02
      vertex   -9.854158e+00 -3.622792e+01 1.197583e+02
    endloop
  endfacet
  facet normal 8.893421e-01 0.000000e+00 -4.572423e-01
    outer loop
      vertex   -1.023157e+01 -4.272792e+01 1.190243e+02
      vertex   -9.854158e+00 -3.622792e+01 1.197583e+02
      vertex   -9.854158e+00 -4.272792e+01 1.197583e+02
    endloop
  endfacet
  facet normal 8.535931e-01 0.000000e+00 -5.209403e-01
    outer loop
      vertex   -9.854158e+00 -4.272792e+01 1.197583e+02
      vertex   -9.854158e+00 -3.622792e+01 1.197583e+02
      vertex   -9.424175e+00 -3.622792e+01 1.204629e+02
    endloop
  endfacet
  facet normal 8.535931e-01 0.000000e+00 -5.209403e-01
    outer loop
      vertex   -9.854158e+00 -4.272792e+01 1.197583e+02
      vertex   -9.424175e+00 -3.622792e+01 1.204629e+02
      vertex   -9.424175e+00 -4.272792e+01 1.204629e+02
    endloop
  endfacet
  facet normal 8.132897e-01 0.000000e+00 -5.818589e-01
    outer loop
      vertex   -9.424175e+00 -4.272792e+01 1.204629e+02
      vertex   -9.424175e+00 -3.622792e+01 1.204629e+02
      vertex   -8.943910e+00 -3.622792e+01 1.211342e+02
    endloop
  endfacet
  facet normal 8.132897e-01 0.000000e+00 -5.818589e-01
    outer loop
      vertex   -9.424175e+00 -4.272792e+01 1.204629e+02
      vertex   -8.943910e+00 -3.622792e+01 1.211342e+02
      vertex   -8.943910e+00 -4.272792e+01 1.211342e+02
    endloop
  endfacet
  facet normal 7.686471e-01 0.000000e+00 -6.396730e-01
    outer loop
      vertex   -8.943910e+00 -4.272792e+01 1.211342e+02
      vertex   -8.943910e+00 -3.622792e+01 1.211342e+02
      vertex   -8.415926e+00 -3.622792e+01 1.217686e+02
    endloop
  endfacet
  facet normal 7.686471e-01 0.000000e+00 -6.396730e-01
    outer loop
      vertex   -8.943910e+00 -4.272792e+01 1.211342e+02
      vertex   -8.415926e+00 -3.622792e+01 1.217686e+02
      vertex   -8.415926e+00 -4.272792e+01 1.217686e+02
    endloop
  endfacet
  facet normal 7.199035e-01 0.000000e+00 -6.940742e-01
    outer loop
      vertex   -8.415926e+00 -4.272792e+01 1.217686e+02
      vertex   -8.415926e+00 -3.622792e+01 1.217686e+02
      vertex   -7.843038e+00 -3.622792e+01 1.223628e+02
    endloop
  endfacet
  facet normal 7.199035e-01 0.000000e+00 -6.940742e-01
    outer loop
      vertex   -8.415926e+00 -4.272792e+01 1.217686e+02
      vertex   -7.843038e+00 -3.622792e+01 1.223628e+02
      vertex   -7.843038e+00 -4.272792e+01 1.223628e+02
    endloop
  endfacet
  facet normal 6.673188e-01 0.000000e+00 -7.447722e-01
    outer loop
      vertex   -7.843038e+00 -4.272792e+01 1.223628e+02
      vertex   -7.843038e+00 -3.622792e+01 1.223628e+02
      vertex   -7.228305e+00 -3.622792e+01 1.229136e+02
    endloop
  endfacet
  facet normal 6.673188e-01 0.000000e+00 -7.447722e-01
    outer loop
      vertex   -7.843038e+00 -4.272792e+01 1.223628e+02
      vertex   -7.228305e+00 -3.622792e+01 1.229136e+02
      vertex   -7.228305e+00 -4.272792e+01 1.229136e+02
    endloop
  endfacet
  facet normal 6.111737e-01 0.000000e+00 -7.914965e-01
    outer loop
      vertex   -7.228305e+00 -4.272792e+01 1.229136e+02
      vertex   -7.228305e+00 -3.622792e+01 1.229136e+02
      vertex   -6.575006e+00 -3.622792e+01 1.234181e+02
    endloop
  endfacet
  facet normal 6.111737e-01 0.000000e+00 -7.914965e-01
    outer loop
      vertex   -7.228305e+00 -4.272792e+01 1.229136e+02
      vertex   -6.575006e+00 -3.622792e+01 1.234181e+02
      vertex   -6.575006e+00 -4.272792e+01 1.234181e+02
    endloop
  endfacet
  facet normal 5.517677e-01 0.000000e+00 -8.339978e-01
    outer loop
      vertex   -6.575006e+00 -4.272792e+01 1.234181e+02
      vertex   -6.575006e+00 -3.622792e+01 1.234181e+02
      vertex   -5.886626e+00 -3.622792e+01 1.238735e+02
    endloop
  endfacet
  facet normal 5.517677e-01 0.000000e+00 -8.339978e-01
    outer loop
      vertex   -6.575006e+00 -4.272792e+01 1.234181e+02
      vertex   -5.886626e+00 -3.622792e+01 1.238735e+02
      vertex   -5.886626e+00 -4.272792e+01 1.238735e+02
    endloop
  endfacet
  facet normal 4.894178e-01 0.000000e+00 -8.720494e-01
    outer loop
      vertex   -5.886626e+00 -4.272792e+01 1.238735e+02
      vertex   -5.886626e+00 -3.622792e+01 1.238735e+02
      vertex   -5.166838e+00 -3.622792e+01 1.242775e+02
    endloop
  endfacet
  facet normal 4.894178e-01 0.000000e+00 -8.720494e-01
    outer loop
      vertex   -5.886626e+00 -4.272792e+01 1.238735e+02
      vertex   -5.166838e+00 -3.622792e+01 1.242775e+02
      vertex   -5.166838e+00 -4.272792e+01 1.242775e+02
    endloop
  endfacet
  facet normal 4.244567e-01 0.000000e+00 -9.054482e-01
    outer loop
      vertex   -5.166838e+00 -4.272792e+01 1.242775e+02
      vertex   -5.166838e+00 -3.622792e+01 1.242775e+02
      vertex   -4.419483e+00 -3.622792e+01 1.246278e+02
    endloop
  endfacet
  facet normal 4.244567e-01 0.000000e+00 -9.054482e-01
    outer loop
      vertex   -5.166838e+00 -4.272792e+01 1.242775e+02
      vertex   -4.419483e+00 -3.622792e+01 1.246278e+02
      vertex   -4.419483e+00 -4.272792e+01 1.246278e+02
    endloop
  endfacet
  facet normal 3.572309e-01 0.000000e+00 -9.340161e-01
    outer loop
      vertex   -4.419483e+00 -4.272792e+01 1.246278e+02
      vertex   -4.419483e+00 -3.622792e+01 1.246278e+02
      vertex   -3.648549e+00 -3.622792e+01 1.249227e+02
    endloop
  endfacet
  facet normal 3.572309e-01 0.000000e+00 -9.340161e-01
    outer loop
      vertex   -4.419483e+00 -4.272792e+01 1.246278e+02
      vertex   -3.648549e+00 -3.622792e+01 1.249227e+02
      vertex   -3.648549e+00 -4.272792e+01 1.249227e+02
    endloop
  endfacet
  facet normal 2.880991e-01 0.000000e+00 -9.576006e-01
    outer loop
      vertex   -3.648549e+00 -4.272792e+01 1.249227e+02
      vertex   -3.648549e+00 -3.622792e+01 1.249227e+02
      vertex   -2.858147e+00 -3.622792e+01 1.251605e+02
    endloop
  endfacet
  facet normal 2.880991e-01 0.000000e+00 -9.576006e-01
    outer loop
      vertex   -3.648549e+00 -4.272792e+01 1.249227e+02
      vertex   -2.858147e+00 -3.622792e+01 1.251605e+02
      vertex   -2.858147e+00 -4.272792e+01 1.251605e+02
    endloop
  endfacet
  facet normal 2.174302e-01 0.000000e+00 -9.760759e-01
    outer loop
      vertex   -2.858147e+00 -4.272792e+01 1.251605e+02
      vertex   -2.858147e+00 -3.622792e+01 1.251605e+02
      vertex   -2.052496e+00 -3.622792e+01 1.253400e+02
    endloop
  endfacet
  facet normal 2.174302e-01 0.000000e+00 -9.760759e-01
    outer loop
      vertex   -2.858147e+00 -4.272792e+01 1.251605e+02
      vertex   -2.052496e+00 -3.622792e+01 1.253400e+02
      vertex   -2.052496e+00 -4.272792e+01 1.253400e+02
    endloop
  endfacet
  facet normal 1.456012e-01 0.000000e+00 -9.893434e-01
    outer loop
      vertex   -2.052496e+00 -4.272792e+01 1.253400e+02
      vertex   -2.052496e+00 -3.622792e+01 1.253400e+02
      vertex   -1.235895e+00 -3.622792e+01 1.254601e+02
    endloop
  endfacet
  facet normal 1.456012e-01 0.000000e+00 -9.893434e-01
    outer loop
      vertex   -2.052496e+00 -4.272792e+01 1.253400e+02
      vertex   -1.235895e+00 -3.622792e+01 1.254601e+02
      vertex   -1.235895e+00 -4.272792e+01 1.254601e+02
    endloop
  endfacet
  facet normal 7.299531e-02 0.000000e+00 -9.973323e-01
    outer loop
      vertex   -1.235895e+00 -4.272792e+01 1.254601e+02
      vertex   -1.235895e+00 -3.622792e+01 1.254601e+02
      vertex   -4.126989e-01 -3.622792e+01 1.255204e+02
    endloop
  endfacet
  facet normal 7.299531e-02 0.000000e+00 -9.973323e-01
    outer loop
      vertex   -1.235895e+00 -4.272792e+01 1.254601e+02
      vertex   -4.126989e-01 -3.622792e+01 1.255204e+02
      vertex   -4.126989e-01 -4.272792e+01 1.255204e+02
    endloop
  endfacet
  facet normal 0.000000e+00 0.000000e+00 -1.000000e+00
    outer loop
      vertex   -4.126989e-01 -4.272792e+01 1.255204e+02
      vertex   -4.126989e-01 -3.622792e+01 1.255204e+02
      vertex   4.126989e-01 -3.622792e+01 1.255204e+02
    endloop
  endfacet
  facet normal 0.000000e+00 0.000000e+00 -1.000000e+00
    outer loop
      vertex   -4.126989e-01 -4.272792e+01 1.255204e+02
      vertex   4.126989e-01 -3.622792e+01 1.255204e+02
      vertex   4.126989e-01 -4.272792e+01 1.255204e+02
    endloop
  endfacet
  facet normal -7.299531e-02 0.000000e+00 -9.973323e-01
    outer loop
      vertex   4.126989e-01 -4.272792e+01 1.255204e+02
      vertex   4.126989e-01 -3.622792e+01 1.255204e+02
      vertex   1.235895e+00 -3.622792e+01 1.254601e+02
    endloop
  endfacet
  facet normal -7.299531e-02 0.000000e+00 -9.973323e-01
    outer loop
      vertex   4.126989e-01 -4.272792e+01 1.255204e+02
      vertex   1.235895e+00 -3.622792e+01 1.254601e+02
      vertex   1.235895e+00 -4.272792e+01 1.254601e+02
    endloop
  endfacet
  facet normal -1.456012e-01 0.000000e+00 -9.893434e-01
    outer loop
      vertex   1.235895e+00 -4.272792e+01 1.254601e+02
      vertex   1.235895e+00 -3.622792e+01 1.254601e+02
      vertex   2.052496e+00 -3.622792e+01 1.253400e+02
    endloop
  endfacet
  facet normal -1.456012e-01 0.000000e+00 -9.893434e-01
    outer loop
      vertex   1.235895e+00 -4.272792e+01 1.254601e+02
      vertex   2.052496e+00 -3.622792e+01 1.253400e+02
      vertex   2.052496e+00 -4.272792e+01 1.253400e+02
    endloop
  endfacet
  facet normal -2.174302e-01 0.000000e+00 -9.760759e-01
    outer loop
      vertex   2.052496e+00 -4.272792e+01 1.253400e+02
      vertex   2.052496e+00 -3.622792e+01 1.253400e+02
      vertex   2.858147e+00 -3.622792e+01 1.251605e+02
    endloop
  endfacet
  facet normal -2.174302e-01 0.000000e+00 -9.760759e-01
    outer loop
      vertex   2.052496e+00 -4.272792e+01 1.253400e+02
      vertex   2.858147e+00 -3.622792e+01 1.251605e+02
      vertex   2.858147e+00 -4.272792e+01 1.251605e+02
    endloop
  endfacet
  facet normal -2.880991e-01 0.000000e+00 -9.576006e-01
    outer loop
      vertex   2.858147e+00 -4.272792e+01 1.251605e+02
      vertex   2.858147e+00 -3.622792e+01 1.251605e+02
      vertex   3.648549e+00 -3.622792e+01 1.249227e+02
    endloop
  endfacet
  facet normal -2.880991e-01 0.000000e+00 -9.576006e-01
    outer loop
      vertex   2.858147e+00 -4.272792e+01 1.251605e+02
      vertex   3.648549e+00 -3.622792e+01 1.249227e+02
      vertex   3.648549e+00 -4.272792e+01 1.249227e+02
    endloop
  endfacet
  facet normal -3.572309e-01 0.000000e+00 -9.340161e-01
    outer loop
      vertex   3.648549e+00 -4.272792e+01 1.249227e+02
      vertex   3.648549e+00 -3.622792e+01 1.249227e+02
      vertex   4.419483e+00 -3.622792e+01 1.246278e+02
    endloop
  endfacet
  facet normal -3.572309e-01 0.000000e+00 -9.340161e-01
    outer loop
      vertex   3.648549e+00 -4.272792e+01 1.249227e+02
      vertex   4.419483e+00 -3.622792e+01 1.246278e+02
      vertex   4.419483e+00 -4.272792e+01 1.246278e+02
    endloop
  endfacet
  facet normal -4.244567e-01 0.000000e+00 -9.054482e-01
    outer loop
      vertex   4.419483e+00 -4.272792e+01 1.246278e+02
      vertex   4.419483e+00 -3.622792e+01 1.246278e+02
      vertex   5.166838e+00 -3.622792e+01 1.242775e+02
    endloop
  endfacet
  facet normal -4.244567e-01 0.000000e+00 -9.054482e-01
    outer loop
      vertex   4.419483e+00 -4.272792e+01 1.246278e+02
      vertex   5.166838e+00 -3.622792e+01 1.242775e+02
      vertex   5.166838e+00 -4.272792e+01 1.242775e+02
    endloop
  endfacet
  facet normal -4.894178e-01 0.000000e+00 -8.720494e-01
    outer loop
      vertex   5.166838e+00 -4.272792e+01 1.242775e+02
      vertex   5.166838e+00 -3.622792e+01 1.242775e+02
      vertex   5.886626e+00 -3.622792e+01 1.238735e+02
    endloop
  endfacet
  facet normal -4.894178e-01 0.000000e+00 -8.720494e-01
    outer loop
      vertex   5.166838e+00 -4.272792e+01 1.242775e+02
      vertex   5.886626e+00 -3.622792e+01 1.238735e+02
      vertex   5.886626e+00 -4.272792e+01 1.238735e+02
    endloop
  endfacet
  facet normal -5.517677e-01 0.000000e+00 -8.339978e-01
    outer loop
      vertex   5.886626e+00 -4.272792e+01 1.238735e+02
      vertex   5.886626e+00 -3.622792e+01 1.238735e+02
      vertex   6.575006e+00 -3.622792e+01 1.234181e+02
    endloop
  endfacet
  facet normal -5.517677e-01 0.000000e+00 -8.339978e-01
    outer loop
      vertex   5.886626e+00 -4.272792e+01 1.238735e+02
      vertex   6.575006e+00 -3.622792e+01 1.234181e+02
      vertex   6.575006e+00 -4.272792e+01 1.234181e+02
    endloop
  endfacet
  facet normal -6.111737e-01 0.000000e+00 -7.914965e-01
    outer loop
      vertex   6.575006e+00 -4.272792e+01 1.234181e+02
      vertex   6.575006e+00 -3.622792e+01 1.234181e+02
      vertex   7.228305e+00 -3.622792e+01 1.229136e+02
    endloop
  endfacet
  facet normal -6.111737e-01 0.000000e+00 -7.914965e-01
    outer loop
      vertex   6.575006e+00 -4.272792e+01 1.234181e+02
      vertex   7.228305e+00 -3.622792e+01 1.229136e+02
      vertex   7.228305e+00 -4.272792e+01 1.229136e+02
    endloop
  endfacet
  facet normal -6.673188e-01 0.000000e+00 -7.447722e-01
    outer loop
      vertex   7.228305e+00 -4.272792e+01 1.229136e+02
      vertex   7.228305e+00 -3.622792e+01 1.229136e+02
      vertex   7.843038e+00 -3.622792e+01 1.223628e+02
    endloop
  endfacet
  facet normal -6.673188e-01 0.000000e+00 -7.447722e-01
    outer loop
      vertex   7.228305e+00 -4.272792e+01 1.229136e+02
      vertex   7.843038e+00 -3.622792e+01 1.223628e+02
      vertex   7.843038e+00 -4.272792e+01 1.223628e+02
    endloop
  endfacet
  facet normal -7.199035e-01 0.000000e+00 -6.940742e-01
    outer loop
      vertex   7.843038e+00 -4.272792e+01 1.223628e+02
      vertex   7.843038e+00 -3.622792e+01 1.223628e+02
      vertex   8.415926e+00 -3.622792e+01 1.217686e+02
    endloop
  endfacet
  facet normal -7.199035e-01 0.000000e+00 -6.940742e-01
    outer loop
      vertex   7.843038e+00 -4.272792e+01 1.223628e+02
      vertex   8.415926e+00 -3.622792e+01 1.217686e+02
      vertex   8.415926e+00 -4.272792e+01 1.217686e+02
    endloop
  endfacet
  facet normal -7.686471e-01 0.000000e+00 -6.396730e-01
    outer loop
      vertex   8.415926e+00 -4.272792e+01 1.217686e+02
      vertex   8.415926e+00 -3.622792e+01 1.217686e+02
      vertex   8.943910e+00 -3.622792e+01 1.211342e+02
    endloop
  endfacet
  facet normal -7.686471e-01 0.000000e+00 -6.396730e-01
    outer loop
      vertex   8.415926e+00 -4.272792e+01 1.217686e+02
      vertex   8.943910e+00 -3.622792e+01 1.211342e+02
      vertex   8.943910e+00 -4.272792e+01 1.211342e+02
    endloop
  endfacet
  facet normal -8.132897e-01 0.000000e+00 -5.818589e-01
    outer loop
      vertex   8.943910e+00 -4.272792e+01 1.211342e+02
      vertex   8.943910e+00 -3.622792e+01 1.211342e+02
      vertex   9.424175e+00 -3.622792e+01 1.204629e+02
    endloop
  endfacet
  facet normal -8.132897e-01 0.000000e+00 -5.818589e-01
    outer loop
      vertex   8.943910e+00 -4.272792e+01 1.211342e+02
      vertex   9.424175e+00 -3.622792e+01 1.204629e+02
      vertex   9.424175e+00 -4.272792e+01 1.204629e+02
    endloop
  endfacet
  facet normal -8.535931e-01 0.000000e+00 -5.209403e-01
    outer loop
      vertex   9.424175e+00 -4.272792e+01 1.204629e+02
      vertex   9.424175e+00 -3.622792e+01 1.204629e+02
      vertex   9.854158e+00 -3.622792e+01 1.197583e+02
    endloop
  endfacet
  facet normal -8.535931e-01 0.000000e+00 -5.209403e-01
    outer loop
      vertex   9.424175e+00 -4.272792e+01 1.204629e+02
      vertex   9.854158e+00 -3.622792e+01 1.197583e+02
      vertex   9.854158e+00 -4.272792e+01 1.197583e+02
    endloop
  endfacet
  facet normal -8.893421e-01 0.000000e+00 -4.572423e-01
    outer loop
      vertex   9.854158e+00 -4.272792e+01 1.197583e+02
      vertex   9.854158e+00 -3.622792e+01 1.197583e+02
      vertex   1.023157e+01 -3.622792e+01 1.190243e+02
    endloop
  endfacet
  facet normal -8.893421e-01 0.000000e+00 -4.572423e-01
    outer loop
      vertex   9.854158e+00 -4.272792e+01 1.197583e+02
      vertex   1.023157e+01 -3.622792e+01 1.190243e+02
      vertex   1.023157e+01 -4.272792e+01 1.190243e+02
    endloop
  endfacet
  facet normal -9.203462e-01 0.000000e+00 -3.911047e-01
    outer loop
      vertex   1.023157e+01 -4.272792e+01 1.190243e+02
      vertex   1.023157e+01 -3.622792e+01 1.190243e+02
      vertex   1.055438e+01 -3.622792e+01 1.182646e+02
    endloop
  endfacet
  facet normal -9.203462e-01 0.000000e+00 -3.911047e-01
    outer loop
      vertex   1.023157e+01 -4.272792e+01 1.190243e+02
      vertex   1.055438e+01 -3.622792e+01 1.182646e+02
      vertex   1.055438e+01 -4.272792e+01 1.182646e+02
    endloop
  endfacet
  facet normal -9.464398e-01 0.000000e+00 -3.228804e-01
    outer loop
      vertex   1.055438e+01 -4.272792e+01 1.182646e+02
      vertex   1.055438e+01 -3.622792e+01 1.182646e+02
      vertex   1.082089e+01 -3.622792e+01 1.174834e+02
    endloop
  endfacet
  facet normal -9.464398e-01 0.000000e+00 -3.228804e-01
    outer loop
      vertex   1.055438e+01 -4.272792e+01 1.182646e+02
      vertex   1.082089e+01 -3.622792e+01 1.174834e+02
      vertex   1.082089e+01 -4.272792e+01 1.174834e+02
    endloop
  endfacet
  facet normal -9.674837e-01 0.000000e+00 -2.529334e-01
    outer loop
      vertex   1.082089e+01 -4.272792e+01 1.174834e+02
      vertex   1.082089e+01 -3.622792e+01 1.174834e+02
      vertex   1.102966e+01 -3.622792e+01 1.166849e+02
    endloop
  endfacet
  facet normal -9.674837e-01 0.000000e+00 -2.529334e-01
    outer loop
      vertex   1.082089e+01 -4.272792e+01 1.174834e+02
      vertex   1.102966e+01 -3.622792e+01 1.166849e+02
      vertex   1.102966e+01 -4.272792e+01 1.166849e+02
    endloop
  endfacet
  facet normal -9.833657e-01 0.000000e+00 -1.816369e-01
    outer loop
      vertex   1.102966e+01 -4.272792e+01 1.166849e+02
      vertex   1.102966e+01 -3.622792e+01 1.166849e+02
      vertex   1.117958e+01 -3.622792e+01 1.158732e+02
    endloop
  endfacet
  facet normal -9.833657e-01 0.000000e+00 -1.816369e-01
    outer loop
      vertex   1.102966e+01 -4.272792e+01 1.166849e+02
      vertex   1.117958e+01 -3.622792e+01 1.158732e+02
      vertex   1.117958e+01 -4.272792e+01 1.158732e+02
    endloop
  endfacet
  facet normal -9.940010e-01 0.000000e+00 -1.093712e-01
    outer loop
      vertex   1.117958e+01 -4.272792e+01 1.158732e+02
      vertex   1.117958e+01 -3.622792e+01 1.158732e+02
      vertex   1.126985e+01 -3.622792e+01 1.150528e+02
    endloop
  endfacet
  facet normal 0.000000e+00 -1.000000e+00 0.000000e+00
    outer loop
      vertex   1.126985e+01 -4.272792e+01 1.134031e+02
      vertex   1.496918e+01 -4.272792e+01 1.132669e+02
      vertex   1.130000e+01 -4.272792e+01 1.142279e+02
    endloop
  endfacet
  facet normal 0.000000e+00 -1.000000e+00 0.000000e+00
    outer loop
      vertex   1.130000e+01 -4.272792e+01 1.142279e+02
      vertex   1.496918e+01 -4.272792e+01 1.132669e+02
      vertex   1.500000e+01 -4.272792e+01 1.142279e+02
    endloop
  endfacet
  facet normal 0.000000e+00 -1.000000e+00 0.000000e+00
    outer loop
      vertex   1.130000e+01 -4.272792e+01 1.142279e+02
      vertex   1.500000e+01 -4.272792e+01 1.142279e+02
      vertex   1.496918e+01 -4.272792e+01 1.151890e+02
    endloop
  endfacet
  facet normal -0.000000e+00 -1.000000e+00 0.000000e+00
    outer loop
      vertex   1.496918e+01 -4.272792e+01 1.132669e+02
      vertex   1.126985e+01 -4.272792e+01 1.134031e+02
      vertex   1.487685e+01 -4.272792e+01 1.123098e+02
    endloop
  endfacet
  facet normal 0.000000e+00 -1.000000e+00 0.000000e+00
    outer loop
      vertex   1.487685e+01 -4.272792e+01 1.123098e+02
      vertex   1.126985e+01 -4.272792e+01 1.134031e+02
      vertex   1.117958e+01 -4.272792e+01 1.125826e+02
    endloop
  endfacet
  facet normal -0.000000e+00 -1.000000e+00 0.000000e+00
    outer loop
      vertex   1.487685e+01 -4.272792e+01 1.123098e+02
      vertex   1.117958e+01 -4.272792e+01 1.125826e+02
      vertex   1.472339e+01 -4.272792e+01 1.113605e+02
    endloop
  endfacet
  facet normal 0.000000e+00 -1.000000e+00 0.000000e+00
    outer loop
      vertex   1.472339e+01 -4.272792e+01 1.113605e+02
      vertex   1.117958e+01 -4.272792e+01 1.125826e+02
      vertex   1.102966e+01 -4.272792e+01 1.117710e+02
    endloop
  endfacet
  facet normal -0.000000e+00 -1.000000e+00 0.000000e+00
    outer loop
      vertex   1.472339e+01 -4.272792e+01 1.113605e+02
      vertex   1.102966e+01 -4.272792e+01 1.117710e+02
      vertex   1.450942e+01 -4.272792e+01 1.104231e+02
    endloop
  endfacet
  facet normal 0.000000e+00 -1.000000e+00 0.000000e+00
    outer loop
      vertex   1.450942e+01 -4.272792e+01 1.104231e+02
      vertex   1.102966e+01 -4.272792e+01 1.117710e+02
      vertex   1.082089e+01 -4.272792e+01 1.109724e+02
    endloop
  endfacet
  facet normal -0.000000e+00 -1.000000e+00 0.000000e+00
    outer loop
      vertex   1.450942e+01 -4.272792e+01 1.104231e+02
      vertex   1.082089e+01 -4.272792e+01 1.109724e+02
      vertex   1.423584e+01 -4.272792e+01 1.095013e+02
    endloop
  endfacet
  facet normal 0.000000e+00 -1.000000e+00 0.000000e+00
    outer loop
      vertex   1.423584e+01 -4.272792e+01 1.095013e+02
      vertex   1.082089e+01 -4.272792e+01 1.109724e+02
      vertex   1.055438e+01 -4.272792e+01 1.101912e+02
    endloop
  endfacet
  facet normal -0.000000e+00 -1.000000e+00 0.000000e+00
    outer loop
      vertex   1.423584e+01 -4.272792e+01 1.095013e+02
      vertex   1.055438e+01 -4.272792e+01 1.101912e+02
      vertex   1.390375e+01 -4.272792e+01 1.085989e+02
    endloop
  endfacet
  facet normal 0.000000e+00 -1.000000e+00 0.000000e+00
    outer loop
      vertex   1.390375e+01 -4.272792e+01 1.085989e+02
      vertex   1.055438e+01 -4.272792e+01 1.101912e+02
      vertex   1.023157e+01 -4.272792e+01 1.094316e+02
    endloop
  endfacet
  facet normal -0.000000e+00 -1.000000e+00 0.000000e+00
    outer loop
      vertex   1.390375e+01 -4.272792e+01 1.085989e+02
      vertex   1.023157e+01 -4.272792e+01 1.094316e+02
      vertex   1.351453e+01 -4.272792e+01 1.077197e+02
    endloop
  endfacet
  facet normal 0.000000e+00 -1.000000e+00 0.000000e+00
    outer loop
      vertex   1.351453e+01 -4.272792e+01 1.077197e+02
      vertex   1.023157e+01 -4.272792e+01 1.094316e+02
      vertex   9.854158e+00 -4.272792e+01 1.086975e+02
    endloop
  endfacet
  facet normal -0.000000e+00 -1.000000e+00 0.000000e+00
    outer loop
      vertex   1.351453e+01 -4.272792e+01 1.077197e+02
      vertex   9.854158e+00 -4.272792e+01 1.086975e+02
      vertex   1.306978e+01 -4.272792e+01 1.068672e+02
    endloop
  endfacet
  facet normal -0.000000e+00 -1.000000e+00 0.000000e+00
    outer loop
      vertex   1.306978e+01 -4.272792e+01 1.068672e+02
      vertex   9.854158e+00 -4.272792e+01 1.086975e+02
      vertex   1.257132e+01 -4.272792e+01 1.060449e+02
    endloop
  endfacet
  facet normal 0.000000e+00 -1.000000e+00 0.000000e+00
    outer loop
      vertex   1.257132e+01 -4.272792e+01 1.060449e+02
      vertex   9.854158e+00 -4.272792e+01 1.086975e+02
      vertex   9.424175e+00 -4.272792e+01 1.079929e+02
    endloop
  endfacet
  facet normal -0.000000e+00 -1.000000e+00 0.000000e+00
    outer loop
      vertex   1.257132e+01 -4.272792e+01 1.060449e+02
      vertex   9.424175e+00 -4.272792e+01 1.079929e+02
      vertex   1.202120e+01 -4.272792e+01 1.052563e+02
    endloop
  endfacet
  facet normal 0.000000e+00 -1.000000e+00 0.000000e+00
    outer loop
      vertex   1.202120e+01 -4.272792e+01 1.052563e+02
      vertex   9.424175e+00 -4.272792e+01 1.079929e+02
      vertex   8.943910e+00 -4.272792e+01 1.073217e+02
    endloop
  endfacet
  facet normal -0.000000e+00 -1.000000e+00 0.000000e+00
    outer loop
      vertex   1.202120e+01 -4.272792e+01 1.052563e+02
      vertex   8.943910e+00 -4.272792e+01 1.073217e+02
      vertex   1.142169e+01 -4.272792e+01 1.045045e+02
    endloop
  endfacet
  facet normal 0.000000e+00 -1.000000e+00 0.000000e+00
    outer loop
      vertex   1.142169e+01 -4.272792e+01 1.045045e+02
      vertex   8.943910e+00 -4.272792e+01 1.073217e+02
      vertex   8.415926e+00 -4.272792e+01 1.066872e+02
    endloop
  endfacet
  facet normal -0.000000e+00 -1.000000e+00 0.000000e+00
    outer loop
      vertex   1.142169e+01 -4.272792e+01 1.045045e+02
      vertex   8.415926e+00 -4.272792e+01 1.066872e+02
      vertex   1.077524e+01 -4.272792e+01 1.037927e+02
    endloop
  endfacet
  facet normal 0.000000e+00 -1.000000e+00 0.000000e+00
    outer loop
      vertex   1.077524e+01 -4.272792e+01 1.037927e+02
      vertex   8.415926e+00 -4.272792e+01 1.066872e+02
      vertex   7.843038e+00 -4.272792e+01 1.060930e+02
    endloop
  endfacet
  facet normal -0.000000e+00 -1.000000e+00 0.000000e+00
    outer loop
      vertex   1.077524e+01 -4.272792e+01 1.037927e+02
      vertex   7.843038e+00 -4.272792e+01 1.060930e+02
      vertex   1.008451e+01 -4.272792e+01 1.031238e+02
    endloop
  endfacet
  facet normal 0.000000e+00 -1.000000e+00 0.000000e+00
    outer loop
      vertex   1.008451e+01 -4.272792e+01 1.031238e+02
      vertex   7.843038e+00 -4.272792e+01 1.060930e+02
      vertex   7.228305e+00 -4.272792e+01 1.055422e+02
    endloop
  endfacet
  facet normal -0.000000e+00 -1.000000e+00 0.000000e+00
    outer loop
      vertex   1.008451e+01 -4.272792e+01 1.031238e+02
      vertex   7.228305e+00 -4.272792e+01 1.055422e+02
      vertex   9.352347e+00 -4.272792e+01 1.025004e+02
    endloop
  endfacet
  facet normal 0.000000e+00 -1.000000e+00 0.000000e+00
    outer loop
      vertex   9.352347e+00 -4.272792e+01 1.025004e+02
      vertex   7.228305e+00 -4.272792e+01 1.055422e+02
      vertex   6.575006e+00 -4.272792e+01 1.050377e+02
    endloop
  endfacet
  facet normal -0.000000e+00 -1.000000e+00 0.000000e+00
    outer loop
      vertex   9.352347e+00 -4.272792e+01 1.025004e+02
      vertex   6.575006e+00 -4.272792e+01 1.050377e+02
      vertex   8.581750e+00 -4.272792e+01 1.019253e+02
    endloop
  endfacet
  facet normal 0.000000e+00 -1.000000e+00 0.000000e+00
    outer loop
      vertex   8.581750e+00 -4.272792e+01 1.019253e+02
      vertex   6.575006e+00 -4.272792e+01 1.050377e+02
      vertex   5.886626e+00 -4.272792e+01 1.045823e+02
    endloop
  endfacet
  facet normal -0.000000e+00 -1.000000e+00 0.000000e+00
    outer loop
      vertex   8.581750e+00 -4.272792e+01 1.019253e+02
      vertex   5.886626e+00 -4.272792e+01 1.045823e+02
      vertex   7.775889e+00 -4.272792e+01 1.014008e+02
    endloop
  endfacet
  facet normal -0.000000e+00 -1.000000e+00 0.000000e+00
    outer loop
      vertex   7.775889e+00 -4.272792e+01 1.014008e+02
      vertex   5.886626e+00 -4.272792e+01 1.045823e+02
      vertex   6.938074e+00 -4.272792e+01 1.009289e+02
    endloop
  endfacet
  facet normal 0.000000e+00 -1.000000e+00 0.000000e+00
    outer loop
      vertex   6.938074e+00 -4.272792e+01 1.009289e+02
      vertex   5.886626e+00 -4.272792e+01 1.045823e+02
      vertex   5.166838e+00 -4.272792e+01 1.041784e+02
    endloop
  endfacet
  facet normal -0.000000e+00 -1.000000e+00 0.000000e+00
    outer loop
      vertex   6.938074e+00 -4.272792e+01 1.009289e+02
      vertex   5.166838e+00 -4.272792e+01 1.041784e+02
      vertex   6.071750e+00 -4.272792e+01 1.005117e+02
    endloop
  endfacet
  facet normal 0.000000e+00 -1.000000e+00 0.000000e+00
    outer loop
      vertex   6.071750e+00 -4.272792e+01 1.005117e+02
      vertex   5.166838e+00 -4.272792e+01 1.041784e+02
      vertex   4.419483e+00 -4.272792e+01 1.038280e+02
    endloop
  endfacet
  facet normal -0.000000e+00 -1.000000e+00 0.000000e+00
    outer loop
      vertex   6.071750e+00 -4.272792e+01 1.005117e+02
      vertex   4.419483e+00 -4.272792e+01 1.038280e+02
      vertex   5.180476e+00 -4.272792e+01 1.001509e+02
    endloop
  endfacet
  facet normal 0.000000e+00 -1.000000e+00 0.000000e+00
    outer loop
      vertex   5.180476e+00 -4.272792e+01 1.001509e+02
      vertex   4.419483e+00 -4.272792e+01 1.038280e+02
      vertex   3.648549e+00 -4.272792e+01 1.035332e+02
    endloop
  endfacet
  facet normal -0.000000e+00 -1.000000e+00 0.000000e+00
    outer loop
      vertex   5.180476e+00 -4.272792e+01 1.001509e+02
      vertex   3.648549e+00 -4.272792e+01 1.035332e+02
      vertex   4.267914e+00 -4.272792e+01 9.984790e+01
    endloop
  endfacet
  facet normal 0.000000e+00 -1.000000e+00 0.000000e+00
    outer loop
      vertex   4.267914e+00 -4.272792e+01 9.984790e+01
      vertex   3.648549e+00 -4.272792e+01 1.035332e+02
      vertex   2.858147e+00 -4.272792e+01 1.032954e+02
    endloop
  endfacet
  facet normal -0.000000e+00 -1.000000e+00 0.000000e+00
    outer loop
      vertex   4.267914e+00 -4.272792e+01 9.984790e+01
      vertex   2.858147e+00 -4.272792e+01 1.032954e+02
      vertex   3.337814e+00 -4.272792e+01 9.960400e+01
    endloop
  endfacet
  facet normal 0.000000e+00 -1.000000e+00 0.000000e+00
    outer loop
      vertex   3.337814e+00 -4.272792e+01 9.960400e+01
      vertex   2.858147e+00 -4.272792e+01 1.032954e+02
      vertex   2.052496e+00 -4.272792e+01 1.031159e+02
    endloop
  endfacet
  facet normal -0.000000e+00 -1.000000e+00 0.000000e+00
    outer loop
      vertex   3.337814e+00 -4.272792e+01 9.960400e+01
      vertex   2.052496e+00 -4.272792e+01 1.031159e+02
      vertex   2.393998e+00 -4.272792e+01 9.942020e+01
    endloop
  endfacet
  facet normal 0.000000e+00 -1.000000e+00 0.000000e+00
    outer loop
      vertex   2.393998e+00 -4.272792e+01 9.942020e+01
      vertex   2.052496e+00 -4.272792e+01 1.031159e+02
      vertex   1.235895e+00 -4.272792e+01 1.029957e+02
    endloop
  endfacet
  facet normal -0.000000e+00 -1.000000e+00 0.000000e+00
    outer loop
      vertex   2.393998e+00 -4.272792e+01 9.942020e+01
      vertex   1.235895e+00 -4.272792e+01 1.029957e+02
      vertex   1.440345e+00 -4.272792e+01 9.929724e+01
    endloop
  endfacet
  facet normal 0.000000e+00 -1.000000e+00 0.000000e+00
    outer loop
      vertex   1.440345e+00 -4.272792e+01 9.929724e+01
      vertex   1.235895e+00 -4.272792e+01 1.029957e+02
      vertex   4.126989e-01 -4.272792e+01 1.029355e+02
    endloop
  endfacet
  facet normal -0.000000e+00 -1.000000e+00 0.000000e+00
    outer loop
      vertex   1.440345e+00 -4.272792e+01 9.929724e+01
      vertex   4.126989e-01 -4.272792e+01 1.029355e+02
      vertex   4.807737e-01 -4.272792e+01 9.923563e+01
    endloop
  endfacet
  facet normal 0.000000e+00 -1.000000e+00 0.000000e+00
    outer loop
      vertex   4.807737e-01 -4.272792e+01 9.923563e+01
      vertex   4.126989e-01 -4.272792e+01 1.029355e+02
      vertex   -4.126989e-01 -4.272792e+01 1.029355e+02
    endloop
  endfacet
  facet normal 0.000000e+00 -1.000000e+00 0.000000e+00
    outer loop
      vertex   4.807737e-01 -4.272792e+01 9.923563e+01
      vertex   -4.126989e-01 -4.272792e+01 1.029355e+02
      vertex   -4.807737e-01 -4.272792e+01 9.923563e+01
    endloop
  endfacet
  facet normal 0.000000e+00 -1.000000e+00 0.000000e+00
    outer loop
      vertex   -4.807737e-01 -4.272792e+01 9.923563e+01
      vertex   -4.126989e-01 -4.272792e+01 1.029355e+02
      vertex   -1.440345e+00 -4.272792e+01 9.929724e+01
    endloop
  endfacet
  facet normal 0.000000e+00 -1.000000e+00 0.000000e+00
    outer loop
      vertex   -1.440345e+00 -4.272792e+01 9.929724e+01
      vertex   -4.126989e-01 -4.272792e+01 1.029355e+02
      vertex   -1.235895e+00 -4.272792e+01 1.029957e+02
    endloop
  endfacet
  facet normal 0.000000e+00 -1.000000e+00 0.000000e+00
    outer loop
      vertex   -1.440345e+00 -4.272792e+01 9.929724e+01
      vertex   -1.235895e+00 -4.272792e+01 1.029957e+02
      vertex   -2.393998e+00 -4.272792e+01 9.942020e+01
    endloop
  endfacet
  facet normal 0.000000e+00 -1.000000e+00 0.000000e+00
    outer loop
      vertex   -2.393998e+00 -4.272792e+01 9.942020e+01
      vertex   -1.235895e+00 -4.272792e+01 1.029957e+02
      vertex   -2.052496e+00 -4.272792e+01 1.031159e+02
    endloop
  endfacet
  facet normal 0.000000e+00 -1.000000e+00 0.000000e+00
    outer loop
      vertex   -2.393998e+00 -4.272792e+01 9.942020e+01
      vertex   -2.052496e+00 -4.272792e+01 1.031159e+02
      vertex   -3.337814e+00 -4.272792e+01 9.960400e+01
    endloop
  endfacet
  facet normal 0.000000e+00 -1.000000e+00 0.000000e+00
    outer loop
      vertex   -3.337814e+00 -4.272792e+01 9.960400e+01
      vertex   -2.052496e+00 -4.272792e+01 1.031159e+02
      vertex   -2.858147e+00 -4.272792e+01 1.032954e+02
    endloop
  endfacet
  facet normal 0.000000e+00 -1.000000e+00 0.000000e+00
    outer loop
      vertex   -3.337814e+00 -4.272792e+01 9.960400e+01
      vertex   -2.858147e+00 -4.272792e+01 1.032954e+02
      vertex   -4.267914e+00 -4.272792e+01 9.984790e+01
    endloop
  endfacet
  facet normal 0.000000e+00 -1.000000e+00 0.000000e+00
    outer loop
      vertex   -4.267914e+00 -4.272792e+01 9.984790e+01
      vertex   -2.858147e+00 -4.272792e+01 1.032954e+02
      vertex   -3.648549e+00 -4.272792e+01 1.035332e+02
    endloop
  endfacet
  facet normal 0.000000e+00 -1.000000e+00 0.000000e+00
    outer loop
      vertex   -4.267914e+00 -4.272792e+01 9.984790e+01
      vertex   -3.648549e+00 -4.272792e+01 1.035332e+02
      vertex   -5.180476e+00 -4.272792e+01 1.001509e+02
    endloop
  endfacet
  facet normal 0.000000e+00 -1.000000e+00 0.000000e+00
    outer loop
      vertex   -5.180476e+00 -4.272792e+01 1.001509e+02
      vertex   -3.648549e+00 -4.272792e+01 1.035332e+02
      vertex   -4.419483e+00 -4.272792e+01 1.038280e+02
    endloop
  endfacet
  facet normal 0.000000e+00 -1.000000e+00 0.000000e+00
    outer loop
      vertex   -5.180476e+00 -4.272792e+01 1.001509e+02
      vertex   -4.419483e+00 -4.272792e+01 1.038280e+02
      vertex   -6.071750e+00 -4.272792e+01 1.005117e+02
    endloop
  endfacet
  facet normal 0.000000e+00 -1.000000e+00 0.000000e+00
    outer loop
      vertex   -6.071750e+00 -4.272792e+01 1.005117e+02
      vertex   -4.419483e+00 -4.272792e+01 1.038280e+02
      vertex   -5.166838e+00 -4.272792e+01 1.041784e+02
    endloop
  endfacet
  facet normal 0.000000e+00 -1.000000e+00 0.000000e+00
    outer loop
      vertex   -6.071750e+00 -4.272792e+01 1.005117e+02
      vertex   -5.166838e+00 -4.272792e+01 1.041784e+02
      vertex   -6.938074e+00 -4.272792e+01 1.009289e+02
    endloop
  endfacet
  facet normal 0.000000e+00 -1.000000e+00 0.000000e+00
    outer loop
      vertex   -6.938074e+00 -4.272792e+01 1.009289e+02
      vertex   -5.166838e+00 -4.272792e+01 1.041784e+02
      vertex   -5.886626e+00 -4.272792e+01 1.045823e+02
    endloop
  endfacet
  facet normal 0.000000e+00 -1.000000e+00 0.000000e+00
    outer loop
      vertex   -6.938074e+00 -4.272792e+01 1.009289e+02
      vertex   -5.886626e+00 -4.272792e+01 1.045823e+02
      vertex   -7.775889e+00 -4.272792e+01 1.014008e+02
    endloop
  endfacet
  facet normal 0.000000e+00 -1.000000e+00 0.000000e+00
    outer loop
      vertex   -7.775889e+00 -4.272792e+01 1.014008e+02
      vertex   -5.886626e+00 -4.272792e+01 1.045823e+02
      vertex   -8.581750e+00 -4.272792e+01 1.019253e+02
    endloop
  endfacet
  facet normal 0.000000e+00 -1.000000e+00 0.000000e+00
    outer loop
      vertex   -8.581750e+00 -4.272792e+01 1.019253e+02
      vertex   -5.886626e+00 -4.272792e+01 1.045823e+02
      vertex   -6.575006e+00 -4.272792e+01 1.050377e+02
    endloop
  endfacet
  facet normal 0.000000e+00 -1.000000e+00 0.000000e+00
    outer loop
      vertex   -8.581750e+00 -4.272792e+01 1.019253e+02
      vertex   -6.575006e+00 -4.272792e+01 1.050377e+02
      vertex   -9.352347e+00 -4.272792e+01 1.025004e+02
    endloop
  endfacet
  facet normal 0.000000e+00 -1.000000e+00 0.000000e+00
    outer loop
      vertex   -9.352347e+00 -4.272792e+01 1.025004e+02
      vertex   -6.575006e+00 -4.272792e+01 1.050377e+02
      vertex   -7.228305e+00 -4.272792e+01 1.055422e+02
    endloop
  endfacet
  facet normal 0.000000e+00 -1.000000e+00 0.000000e+00
    outer loop
      vertex   -9.352347e+00 -4.272792e+01 1.025004e+02
      vertex   -7.228305e+00 -4.272792e+01 1.055422e+02
      vertex   -1.008451e+01 -4.272792e+01 1.031238e+02
    endloop
  endfacet
  facet normal 0.000000e+00 -1.000000e+00 0.000000e+00
    outer loop
      vertex   -1.008451e+01 -4.272792e+01 1.031238e+02
      vertex   -7.228305e+00 -4.272792e+01 1.055422e+02
      vertex   -7.843038e+00 -4.272792e+01 1.060930e+02
    endloop
  endfacet
  facet normal 0.000000e+00 -1.000000e+00 0.000000e+00
    outer loop
      vertex   -1.008451e+01 -4.272792e+01 1.031238e+02
      vertex   -7.843038e+00 -4.272792e+01 1.060930e+02
      vertex   -1.077524e+01 -4.272792e+01 1.037927e+02
    endloop
  endfacet
  facet normal 0.000000e+00 -1.000000e+00 0.000000e+00
    outer loop
      vertex   -1.077524e+01 -4.272792e+01 1.037927e+02
      vertex   -7.843038e+00 -4.272792e+01 1.060930e+02
      vertex   -8.415926e+00 -4.272792e+01 1.066872e+02
    endloop
  endfacet
  facet normal 0.000000e+00 -1.000000e+00 0.000000e+00
    outer loop
      vertex   -1.077524e+01 -4.272792e+01 1.037927e+02
      vertex   -8.415926e+00 -4.272792e+01 1.066872e+02
      vertex   -1.142169e+01 -4.272792e+01 1.045045e+02
    endloop
  endfacet
  facet normal 0.000000e+00 -1.000000e+00 0.000000e+00
    outer loop
      vertex   -1.142169e+01 -4.272792e+01 1.045045e+02
      vertex   -8.415926e+00 -4.272792e+01 1.066872e+02
      vertex   -8.943910e+00 -4.272792e+01 1.073217e+02
    endloop
  endfacet
  facet normal 0.000000e+00 -1.000000e+00 0.000000e+00
    outer loop
      vertex   -1.142169e+01 -4.272792e+01 1.045045e+02
      vertex   -8.943910e+00 -4.272792e+01 1.073217e+02
      vertex   -1.202120e+01 -4.272792e+01 1.052563e+02
    endloop
  endfacet
  facet normal 0.000000e+00 -1.000000e+00 0.000000e+00
    outer loop
      vertex   -1.202120e+01 -4.272792e+01 1.052563e+02
      vertex   -8.943910e+00 -4.272792e+01 1.073217e+02
      vertex   -9.424175e+00 -4.272792e+01 1.079929e+02
    endloop
  endfacet
  facet normal 0.000000e+00 -1.000000e+00 0.000000e+00
    outer loop
      vertex   -1.202120e+01 -4.272792e+01 1.052563e+02
      vertex   -9.424175e+00 -4.272792e+01 1.079929e+02
      vertex   -1.257132e+01 -4.272792e+01 1.060449e+02
    endloop
  endfacet
  facet normal 0.000000e+00 -1.000000e+00 0.000000e+00
    outer loop
      vertex   -1.257132e+01 -4.272792e+01 1.060449e+02
      vertex   -9.424175e+00 -4.272792e+01 1.079929e+02
      vertex   -9.854158e+00 -4.272792e+01 1.086975e+02
    endloop
  endfacet
  facet normal 0.000000e+00 -1.000000e+00 0.000000e+00
    outer loop
      vertex   -1.257132e+01 -4.272792e+01 1.060449e+02
      vertex   -9.854158e+00 -4.272792e+01 1.086975e+02
      vertex   -1.306978e+01 -4.272792e+01 1.068672e+02
    endloop
  endfacet
  facet normal 0.000000e+00 -1.000000e+00 0.000000e+00
    outer loop
      vertex   -1.306978e+01 -4.272792e+01 1.068672e+02
      vertex   -9.854158e+00 -4.272792e+01 1.086975e+02
      vertex   -1.351453e+01 -4.272792e+01 1.077197e+02
    endloop
  endfacet
  facet normal 0.000000e+00 -1.000000e+00 0.000000e+00
    outer loop
      vertex   -1.351453e+01 -4.272792e+01 1.077197e+02
      vertex   -9.854158e+00 -4.272792e+01 1.086975e+02
      vertex   -1.023157e+01 -4.272792e+01 1.094316e+02
    endloop
  endfacet
  facet normal 0.000000e+00 -1.000000e+00 0.000000e+00
    outer loop
      vertex   -1.351453e+01 -4.272792e+01 1.077197e+02
      vertex   -1.023157e+01 -4.272792e+01 1.094316e+02
      vertex   -1.390375e+01 -4.272792e+01 1.085989e+02
    endloop
  endfacet
  facet normal 0.000000e+00 -1.000000e+00 0.000000e+00
    outer loop
      vertex   -1.390375e+01 -4.272792e+01 1.085989e+02
      vertex   -1.023157e+01 -4.272792e+01 1.094316e+02
      vertex   -1.055438e+01 -4.272792e+01 1.101912e+02
    endloop
  endfacet
  facet normal 0.000000e+00 -1.000000e+00 0.000000e+00
    outer loop
      vertex   -1.390375e+01 -4.272792e+01 1.085989e+02
      vertex   -1.055438e+01 -4.272792e+01 1.101912e+02
      vertex   -1.423584e+01 -4.272792e+01 1.095013e+02
    endloop
  endfacet
  facet normal 0.000000e+00 -1.000000e+00 0.000000e+00
    outer loop
      vertex   -1.423584e+01 -4.272792e+01 1.095013e+02
      vertex   -1.055438e+01 -4.272792e+01 1.101912e+02
      vertex   -1.082089e+01 -4.272792e+01 1.109724e+02
    endloop
  endfacet
  facet normal 0.000000e+00 -1.000000e+00 0.000000e+00
    outer loop
      vertex   -1.423584e+01 -4.272792e+01 1.095013e+02
      vertex   -1.082089e+01 -4.272792e+01 1.109724e+02
      vertex   -1.450942e+01 -4.272792e+01 1.104231e+02
    endloop
  endfacet
  facet normal 0.000000e+00 -1.000000e+00 0.000000e+00
    outer loop
      vertex   -1.450942e+01 -4.272792e+01 1.104231e+02
      vertex   -1.082089e+01 -4.272792e+01 1.109724e+02
      vertex   -1.102966e+01 -4.272792e+01 1.117710e+02
    endloop
  endfacet
  facet normal 0.000000e+00 -1.000000e+00 0.000000e+00
    outer loop
      vertex   -1.450942e+01 -4.272792e+01 1.104231e+02
      vertex   -1.102966e+01 -4.272792e+01 1.117710e+02
      vertex   -1.472339e+01 -4.272792e+01 1.113605e+02
    endloop
  endfacet
  facet normal 0.000000e+00 -1.000000e+00 0.000000e+00
    outer loop
      vertex   -1.472339e+01 -4.272792e+01 1.113605e+02
      vertex   -1.102966e+01 -4.272792e+01 1.117710e+02
      vertex   -1.117958e+01 -4.272792e+01 1.125826e+02
    endloop
  endfacet
  facet normal 0.000000e+00 -1.000000e+00 0.000000e+00
    outer loop
      vertex   -1.472339e+01 -4.272792e+01 1.113605e+02
      vertex   -1.117958e+01 -4.272792e+01 1.125826e+02
      vertex   -1.487685e+01 -4.272792e+01 1.123098e+02
    endloop
  endfacet
  facet normal 0.000000e+00 -1.000000e+00 0.000000e+00
    outer loop
      vertex   -1.487685e+01 -4.272792e+01 1.123098e+02
      vertex   -1.117958e+01 -4.272792e+01 1.125826e+02
      vertex   -1.126985e+01 -4.272792e+01 1.134031e+02
    endloop
  endfacet
  facet normal 0.000000e+00 -1.000000e+00 0.000000e+00
    outer loop
      vertex   -1.487685e+01 -4.272792e+01 1.123098e+02
      vertex   -1.126985e+01 -4.272792e+01 1.134031e+02
      vertex   -1.496918e+01 -4.272792e+01 1.132669e+02
    endloop
  endfacet
  facet normal 0.000000e+00 -1.000000e+00 0.000000e+00
    outer loop
      vertex   -1.496918e+01 -4.272792e+01 1.132669e+02
      vertex   -1.126985e+01 -4.272792e+01 1.134031e+02
      vertex   -1.130000e+01 -4.272792e+01 1.142279e+02
    endloop
  endfacet
  facet normal 0.000000e+00 -1.000000e+00 0.000000e+00
    outer loop
      vertex   -1.496918e+01 -4.272792e+01 1.132669e+02
      vertex   -1.130000e+01 -4.272792e+01 1.142279e+02
      vertex   -1.500000e+01 -4.272792e+01 1.142279e+02
    endloop
  endfacet
  facet normal 0.000000e+00 -1.000000e+00 0.000000e+00
    outer loop
      vertex   -1.500000e+01 -4.272792e+01 1.142279e+02
      vertex   -1.130000e+01 -4.272792e+01 1.142279e+02
      vertex   -1.496918e+01 -4.272792e+01 1.151890e+02
    endloop
  endfacet
  facet normal 0.000000e+00 -1.000000e+00 0.000000e+00
    outer loop
      vertex   -1.496918e+01 -4.272792e+01 1.151890e+02
      vertex   -1.130000e+01 -4.272792e+01 1.142279e+02
      vertex   -1.126985e+01 -4.272792e+01 1.150528e+02
    endloop
  endfacet
  facet normal 0.000000e+00 -1.000000e+00 0.000000e+00
    outer loop
      vertex   -1.496918e+01 -4.272792e+01 1.151890e+02
      vertex   -1.126985e+01 -4.272792e+01 1.150528e+02
      vertex   -1.487685e+01 -4.272792e+01 1.161461e+02
    endloop
  endfacet
  facet normal 0.000000e+00 -1.000000e+00 0.000000e+00
    outer loop
      vertex   -1.487685e+01 -4.272792e+01 1.161461e+02
      vertex   -1.126985e+01 -4.272792e+01 1.150528e+02
      vertex   -1.117958e+01 -4.272792e+01 1.158732e+02
    endloop
  endfacet
  facet normal 0.000000e+00 -1.000000e+00 0.000000e+00
    outer loop
      vertex   -1.487685e+01 -4.272792e+01 1.161461e+02
      vertex   -1.117958e+01 -4.272792e+01 1.158732e+02
      vertex   -1.472339e+01 -4.272792e+01 1.170953e+02
    endloop
  endfacet
  facet normal 0.000000e+00 -1.000000e+00 0.000000e+00
    outer loop
      vertex   -1.472339e+01 -4.272792e+01 1.170953e+02
      vertex   -1.117958e+01 -4.272792e+01 1.158732e+02
      vertex   -1.102966e+01 -4.272792e+01 1.166849e+02
    endloop
  endfacet
  facet normal 0.000000e+00 -1.000000e+00 0.000000e+00
    outer loop
      vertex   -1.472339e+01 -4.272792e+01 1.170953e+02
      vertex   -1.102966e+01 -4.272792e+01 1.166849e+02
      vertex   -1.450942e+01 -4.272792e+01 1.180327e+02
    endloop
  endfacet
  facet normal 0.000000e+00 -1.000000e+00 0.000000e+00
    outer loop
      vertex   -1.450942e+01 -4.272792e+01 1.180327e+02
      vertex   -1.102966e+01 -4.272792e+01 1.166849e+02
      vertex   -1.082089e+01 -4.272792e+01 1.174834e+02
    endloop
  endfacet
  facet normal 0.000000e+00 -1.000000e+00 0.000000e+00
    outer loop
      vertex   -1.450942e+01 -4.272792e+01 1.180327e+02
      vertex   -1.082089e+01 -4.272792e+01 1.174834e+02
      vertex   -1.423584e+01 -4.272792e+01 1.189545e+02
    endloop
  endfacet
  facet normal 0.000000e+00 -1.000000e+00 0.000000e+00
    outer loop
      vertex   -1.423584e+01 -4.272792e+01 1.189545e+02
      vertex   -1.082089e+01 -4.272792e+01 1.174834e+02
      vertex   -1.055438e+01 -4.272792e+01 1.182646e+02
    endloop
  endfacet
  facet normal 0.000000e+00 -1.000000e+00 0.000000e+00
    outer loop
      vertex   -1.423584e+01 -4.272792e+01 1.189545e+02
      vertex   -1.055438e+01 -4.272792e+01 1.182646e+02
      vertex   -1.390375e+01 -4.272792e+01 1.198569e+02
    endloop
  endfacet
  facet normal 0.000000e+00 -1.000000e+00 0.000000e+00
    outer loop
      vertex   -1.390375e+01 -4.272792e+01 1.198569e+02
      vertex   -1.055438e+01 -4.272792e+01 1.182646e+02
      vertex   -1.023157e+01 -4.272792e+01 1.190243e+02
    endloop
  endfacet
  facet normal 0.000000e+00 -1.000000e+00 0.000000e+00
    outer loop
      vertex   -1.390375e+01 -4.272792e+01 1.198569e+02
      vertex   -1.023157e+01 -4.272792e+01 1.190243e+02
      vertex   -1.351453e+01 -4.272792e+01 1.207362e+02
    endloop
  endfacet
  facet normal 0.000000e+00 -1.000000e+00 0.000000e+00
    outer loop
      vertex   -1.351453e+01 -4.272792e+01 1.207362e+02
      vertex   -1.023157e+01 -4.272792e+01 1.190243e+02
      vertex   -9.854158e+00 -4.272792e+01 1.197583e+02
    endloop
  endfacet
  facet normal 0.000000e+00 -1.000000e+00 0.000000e+00
    outer loop
      vertex   -1.351453e+01 -4.272792e+01 1.207362e+02
      vertex   -9.854158e+00 -4.272792e+01 1.197583e+02
      vertex   -1.306978e+01 -4.272792e+01 1.215887e+02
    endloop
  endfacet
  facet normal 0.000000e+00 -1.000000e+00 0.000000e+00
    outer loop
      vertex   -1.306978e+01 -4.272792e+01 1.215887e+02
      vertex   -9.854158e+00 -4.272792e+01 1.197583e+02
      vertex   -1.257132e+01 -4.272792e+01 1.224109e+02
    endloop
  endfacet
  facet normal 0.000000e+00 -1.000000e+00 0.000000e+00
    outer loop
      vertex   -1.257132e+01 -4.272792e+01 1.224109e+02
      vertex   -9.854158e+00 -4.272792e+01 1.197583e+02
      vertex   -9.424175e+00 -4.272792e+01 1.204629e+02
    endloop
  endfacet
  facet normal 0.000000e+00 -1.000000e+00 0.000000e+00
    outer loop
      vertex   -1.257132e+01 -4.272792e+01 1.224109e+02
      vertex   -9.424175e+00 -4.272792e+01 1.204629e+02
      vertex   -1.202120e+01 -4.272792e+01 1.231996e+02
    endloop
  endfacet
  facet normal 0.000000e+00 -1.000000e+00 0.000000e+00
    outer loop
      vertex   -1.202120e+01 -4.272792e+01 1.231996e+02
      vertex   -9.424175e+00 -4.272792e+01 1.204629e+02
      vertex   -8.943910e+00 -4.272792e+01 1.211342e+02
    endloop
  endfacet
  facet normal 0.000000e+00 -1.000000e+00 0.000000e+00
    outer loop
      vertex   -1.202120e+01 -4.272792e+01 1.231996e+02
      vertex   -8.943910e+00 -4.272792e+01 1.211342e+02
      vertex   -1.142169e+01 -4.272792e+01 1.239513e+02
    endloop
  endfacet
  facet normal 0.000000e+00 -1.000000e+00 0.000000e+00
    outer loop
      vertex   -1.142169e+01 -4.272792e+01 1.239513e+02
      vertex   -8.943910e+00 -4.272792e+01 1.211342e+02
      vertex   -8.415926e+00 -4.272792e+01 1.217686e+02
    endloop
  endfacet
  facet normal 0.000000e+00 -1.000000e+00 0.000000e+00
    outer loop
      vertex   -1.142169e+01 -4.272792e+01 1.239513e+02
      vertex   -8.415926e+00 -4.272792e+01 1.217686e+02
      vertex   -1.077524e+01 -4.272792e+01 1.246632e+02
    endloop
  endfacet
  facet normal 0.000000e+00 -1.000000e+00 0.000000e+00
    outer loop
      vertex   -1.077524e+01 -4.272792e+01 1.246632e+02
      vertex   -8.415926e+00 -4.272792e+01 1.217686e+02
      vertex   -7.843038e+00 -4.272792e+01 1.223628e+02
    endloop
  endfacet
  facet normal 0.000000e+00 -1.000000e+00 0.000000e+00
    outer loop
      vertex   -1.077524e+01 -4.272792e+01 1.246632e+02
      vertex   -7.843038e+00 -4.272792e+01 1.223628e+02
      vertex   -1.008451e+01 -4.272792e+01 1.253321e+02
    endloop
  endfacet
  facet normal 0.000000e+00 -1.000000e+00 0.000000e+00
    outer loop
      vertex   -1.008451e+01 -4.272792e+01 1.253321e+02
      vertex   -7.843038e+00 -4.272792e+01 1.223628e+02
      vertex   -7.228305e+00 -4.272792e+01 1.229136e+02
    endloop
  endfacet
  facet normal 0.000000e+00 -1.000000e+00 0.000000e+00
    outer loop
      vertex   -1.008451e+01 -4.272792e+01 1.253321e+02
      vertex   -7.228305e+00 -4.272792e+01 1.229136e+02
      vertex   -9.352347e+00 -4.272792e+01 1.259554e+02
    endloop
  endfacet
  facet normal 0.000000e+00 -1.000000e+00 0.000000e+00
    outer loop
      vertex   -9.352347e+00 -4.272792e+01 1.259554e+02
      vertex   -7.228305e+00 -4.272792e+01 1.229136e+02
      vertex   -6.575006e+00 -4.272792e+01 1.234181e+02
    endloop
  endfacet
  facet normal 0.000000e+00 -1.000000e+00 0.000000e+00
    outer loop
      vertex   -9.352347e+00 -4.272792e+01 1.259554e+02
      vertex   -6.575006e+00 -4.272792e+01 1.234181e+02
      vertex   -8.581750e+00 -4.272792e+01 1.265305e+02
    endloop
  endfacet
  facet normal 0.000000e+00 -1.000000e+00 0.000000e+00
    outer loop
      vertex   -8.581750e+00 -4.272792e+01 1.265305e+02
      vertex   -6.575006e+00 -4.272792e+01 1.234181e+02
      vertex   -5.886626e+00 -4.272792e+01 1.238735e+02
    endloop
  endfacet
  facet normal 0.000000e+00 -1.000000e+00 0.000000e+00
    outer loop
      vertex   -8.581750e+00 -4.272792e+01 1.265305e+02
      vertex   -5.886626e+00 -4.272792e+01 1.238735e+02
      vertex   -7.775889e+00 -4.272792e+01 1.270551e+02
    endloop
  endfacet
  facet normal 0.000000e+00 -1.000000e+00 0.000000e+00
    outer loop
      vertex   -7.775889e+00 -4.272792e+01 1.270551e+02
      vertex   -5.886626e+00 -4.272792e+01 1.238735e+02
      vertex   -6.938074e+00 -4.272792e+01 1.275269e+02
    endloop
  endfacet
  facet normal 0.000000e+00 -1.000000e+00 0.000000e+00
    outer loop
      vertex   -6.938074e+00 -4.272792e+01 1.275269e+02
      vertex   -5.886626e+00 -4.272792e+01 1.238735e+02
      vertex   -5.166838e+00 -4.272792e+01 1.242775e+02
    endloop
  endfacet
  facet normal 0.000000e+00 -1.000000e+00 0.000000e+00
    outer loop
      vertex   -6.938074e+00 -4.272792e+01 1.275269e+02
      vertex   -5.166838e+00 -4.272792e+01 1.242775e+02
      vertex   -6.071750e+00 -4.272792e+01 1.279441e+02
    endloop
  endfacet
  facet normal 0.000000e+00 -1.000000e+00 0.000000e+00
    outer loop
      vertex   -6.071750e+00 -4.272792e+01 1.279441e+02
      vertex   -5.166838e+00 -4.272792e+01 1.242775e+02
      vertex   -4.419483e+00 -4.272792e+01 1.246278e+02
    endloop
  endfacet
  facet normal 0.000000e+00 -1.000000e+00 0.000000e+00
    outer loop
      vertex   -6.071750e+00 -4.272792e+01 1.279441e+02
      vertex   -4.419483e+00 -4.272792e+01 1.246278e+02
      vertex   -5.180476e+00 -4.272792e+01 1.283049e+02
    endloop
  endfacet
  facet normal 0.000000e+00 -1.000000e+00 0.000000e+00
    outer loop
      vertex   -5.180476e+00 -4.272792e+01 1.283049e+02
      vertex   -4.419483e+00 -4.272792e+01 1.246278e+02
      vertex   -3.648549e+00 -4.272792e+01 1.249227e+02
    endloop
  endfacet
  facet normal 0.000000e+00 -1.000000e+00 0.000000e+00
    outer loop
      vertex   -5.180476e+00 -4.272792e+01 1.283049e+02
      vertex   -3.648549e+00 -4.272792e+01 1.249227e+02
      vertex   -4.267914e+00 -4.272792e+01 1.286079e+02
    endloop
  endfacet
  facet normal 0.000000e+00 -1.000000e+00 0.000000e+00
    outer loop
      vertex   -4.267914e+00 -4.272792e+01 1.286079e+02
      vertex   -3.648549e+00 -4.272792e+01 1.249227e+02
      vertex   -2.858147e+00 -4.272792e+01 1.251605e+02
    endloop
  endfacet
  facet normal 0.000000e+00 -1.000000e+00 0.000000e+00
    outer loop
      vertex   -4.267914e+00 -4.272792e+01 1.286079e+02
      vertex   -2.858147e+00 -4.272792e+01 1.251605e+02
      vertex   -3.337814e+00 -4.272792e+01 1.288518e+02
    endloop
  endfacet
  facet normal 0.000000e+00 -1.000000e+00 0.000000e+00
    outer loop
      vertex   -3.337814e+00 -4.272792e+01 1.288518e+02
      vertex   -2.858147e+00 -4.272792e+01 1.251605e+02
      vertex   -2.052496e+00 -4.272792e+01 1.253400e+02
    endloop
  endfacet
  facet normal 0.000000e+00 -1.000000e+00 0.000000e+00
    outer loop
      vertex   -3.337814e+00 -4.272792e+01 1.288518e+02
      vertex   -2.052496e+00 -4.272792e+01 1.253400e+02
      vertex   -2.393998e+00 -4.272792e+01 1.290356e+02
    endloop
  endfacet
  facet normal 0.000000e+00 -1.000000e+00 0.000000e+00
    outer loop
      vertex   -2.393998e+00 -4.272792e+01 1.290356e+02
      vertex   -2.052496e+00 -4.272792e+01 1.253400e+02
      vertex   -1.235895e+00 -4.272792e+01 1.254601e+02
    endloop
  endfacet
  facet normal 0.000000e+00 -1.000000e+00 0.000000e+00
    outer loop
      vertex   -2.393998e+00 -4.272792e+01 1.290356e+02
      vertex   -1.235895e+00 -4.272792e+01 1.254601e+02
      vertex   -1.440345e+00 -4.272792e+01 1.291586e+02
    endloop
  endfacet
  facet normal 0.000000e+00 -1.000000e+00 0.000000e+00
    outer loop
      vertex   -1.440345e+00 -4.272792e+01 1.291586e+02
      vertex   -1.235895e+00 -4.272792e+01 1.254601e+02
      vertex   -4.126989e-01 -4.272792e+01 1.255204e+02
    endloop
  endfacet
  facet normal 0.000000e+00 -1.000000e+00 0.000000e+00
    outer loop
      vertex   -1.440345e+00 -4.272792e+01 1.291586e+02
      vertex   -4.126989e-01 -4.272792e+01 1.255204e+02
      vertex   -4.807737e-01 -4.272792e+01 1.292202e+02
    endloop
  endfacet
  facet normal 0.000000e+00 -1.000000e+00 0.000000e+00
    outer loop
      vertex   -4.807737e-01 -4.272792e+01 1.292202e+02
      vertex   -4.126989e-01 -4.272792e+01 1.255204e+02
      vertex   4.126989e-01 -4.272792e+01 1.255204e+02
    endloop
  endfacet
  facet normal 0.000000e+00 -1.000000e+00 0.000000e+00
    outer loop
      vertex   -4.807737e-01 -4.272792e+01 1.292202e+02
      vertex   4.126989e-01 -4.272792e+01 1.255204e+02
      vertex   4.807737e-01 -4.272792e+01 1.292202e+02
    endloop
  endfacet
  facet normal 0.000000e+00 -1.000000e+00 -0.000000e+00
    outer loop
      vertex   4.807737e-01 -4.272792e+01 1.292202e+02
      vertex   4.126989e-01 -4.272792e+01 1.255204e+02
      vertex   1.440345e+00 -4.272792e+01 1.291586e+02
    endloop
  endfacet
  facet normal 0.000000e+00 -1.000000e+00 0.000000e+00
    outer loop
      vertex   1.440345e+00 -4.272792e+01 1.291586e+02
      vertex   4.126989e-01 -4.272792e+01 1.255204e+02
      vertex   1.235895e+00 -4.272792e+01 1.254601e+02
    endloop
  endfacet
  facet normal 0.000000e+00 -1.000000e+00 -0.000000e+00
    outer loop
      vertex   1.440345e+00 -4.272792e+01 1.291586e+02
      vertex   1.235895e+00 -4.272792e+01 1.254601e+02
      vertex   2.393998e+00 -4.272792e+01 1.290356e+02
    endloop
  endfacet
  facet normal 0.000000e+00 -1.000000e+00 0.000000e+00
    outer loop
      vertex   2.393998e+00 -4.272792e+01 1.290356e+02
      vertex   1.235895e+00 -4.272792e+01 1.254601e+02
      vertex   2.052496e+00 -4.272792e+01 1.253400e+02
    endloop
  endfacet
  facet normal 0.000000e+00 -1.000000e+00 -0.000000e+00
    outer loop
      vertex   2.393998e+00 -4.272792e+01 1.290356e+02
      vertex   2.052496e+00 -4.272792e+01 1.253400e+02
      vertex   3.337814e+00 -4.272792e+01 1.288518e+02
    endloop
  endfacet
  facet normal 0.000000e+00 -1.000000e+00 0.000000e+00
    outer loop
      vertex   3.337814e+00 -4.272792e+01 1.288518e+02
      vertex   2.052496e+00 -4.272792e+01 1.253400e+02
      vertex   2.858147e+00 -4.272792e+01 1.251605e+02
    endloop
  endfacet
  facet normal 0.000000e+00 -1.000000e+00 -0.000000e+00
    outer loop
      vertex   3.337814e+00 -4.272792e+01 1.288518e+02
      vertex   2.858147e+00 -4.272792e+01 1.251605e+02
      vertex   4.267914e+00 -4.272792e+01 1.286079e+02
    endloop
  endfacet
  facet normal 0.000000e+00 -1.000000e+00 0.000000e+00
    outer loop
      vertex   4.267914e+00 -4.272792e+01 1.286079e+02
      vertex   2.858147e+00 -4.272792e+01 1.251605e+02
      vertex   3.648549e+00 -4.272792e+01 1.249227e+02
    endloop
  endfacet
  facet normal 0.000000e+00 -1.000000e+00 -0.000000e+00
    outer loop
      vertex   4.267914e+00 -4.272792e+01 1.286079e+02
      vertex   3.648549e+00 -4.272792e+01 1.249227e+02
      vertex   5.180476e+00 -4.272792e+01 1.283049e+02
    endloop
  endfacet
  facet normal 0.000000e+00 -1.000000e+00 0.000000e+00
    outer loop
      vertex   5.180476e+00 -4.272792e+01 1.283049e+02
      vertex   3.648549e+00 -4.272792e+01 1.249227e+02
      vertex   4.419483e+00 -4.272792e+01 1.246278e+02
    endloop
  endfacet
  facet normal 0.000000e+00 -1.000000e+00 -0.000000e+00
    outer loop
      vertex   5.180476e+00 -4.272792e+01 1.283049e+02
      vertex   4.419483e+00 -4.272792e+01 1.246278e+02
      vertex   6.071750e+00 -4.272792e+01 1.279441e+02
    endloop
  endfacet
  facet normal 0.000000e+00 -1.000000e+00 0.000000e+00
    outer loop
      vertex   6.071750e+00 -4.272792e+01 1.279441e+02
      vertex   4.419483e+00 -4.272792e+01 1.246278e+02
      vertex   5.166838e+00 -4.272792e+01 1.242775e+02
    endloop
  endfacet
  facet normal 0.000000e+00 -1.000000e+00 -0.000000e+00
    outer loop
      vertex   6.071750e+00 -4.272792e+01 1.279441e+02
      vertex   5.166838e+00 -4.272792e+01 1.242775e+02
      vertex   6.938074e+00 -4.272792e+01 1.275269e+02
    endloop
  endfacet
  facet normal 0.000000e+00 -1.000000e+00 0.000000e+00
    outer loop
      vertex   6.938074e+00 -4.272792e+01 1.275269e+02
      vertex   5.166838e+00 -4.272792e+01 1.242775e+02
      vertex   5.886626e+00 -4.272792e+01 1.238735e+02
    endloop
  endfacet
  facet normal 0.000000e+00 -1.000000e+00 -0.000000e+00
    outer loop
      vertex   6.938074e+00 -4.272792e+01 1.275269e+02
      vertex   5.886626e+00 -4.272792e+01 1.238735e+02
      vertex   7.775889e+00 -4.272792e+01 1.270551e+02
    endloop
  endfacet
  facet normal 0.000000e+00 -1.000000e+00 -0.000000e+00
    outer loop
      vertex   7.775889e+00 -4.272792e+01 1.270551e+02
      vertex   5.886626e+00 -4.272792e+01 1.238735e+02
      vertex   8.581750e+00 -4.272792e+01 1.265305e+02
    endloop
  endfacet
  facet normal 0.000000e+00 -1.000000e+00 0.000000e+00
    outer loop
      vertex   8.581750e+00 -4.272792e+01 1.265305e+02
      vertex   5.886626e+00 -4.272792e+01 1.238735e+02
      vertex   6.575006e+00 -4.272792e+01 1.234181e+02
    endloop
  endfacet
  facet normal 0.000000e+00 -1.000000e+00 -0.000000e+00
    outer loop
      vertex   8.581750e+00 -4.272792e+01 1.265305e+02
      vertex   6.575006e+00 -4.272792e+01 1.234181e+02
      vertex   9.352347e+00 -4.272792e+01 1.259554e+02
    endloop
  endfacet
  facet normal 0.000000e+00 -1.000000e+00 0.000000e+00
    outer loop
      vertex   9.352347e+00 -4.272792e+01 1.259554e+02
      vertex   6.575006e+00 -4.272792e+01 1.234181e+02
      vertex   7.228305e+00 -4.272792e+01 1.229136e+02
    endloop
  endfacet
  facet normal 0.000000e+00 -1.000000e+00 -0.000000e+00
    outer loop
      vertex   9.352347e+00 -4.272792e+01 1.259554e+02
      vertex   7.228305e+00 -4.272792e+01 1.229136e+02
      vertex   1.008451e+01 -4.272792e+01 1.253321e+02
    endloop
  endfacet
  facet normal 0.000000e+00 -1.000000e+00 0.000000e+00
    outer loop
      vertex   1.008451e+01 -4.272792e+01 1.253321e+02
      vertex   7.228305e+00 -4.272792e+01 1.229136e+02
      vertex   7.843038e+00 -4.272792e+01 1.223628e+02
    endloop
  endfacet
  facet normal 0.000000e+00 -1.000000e+00 -0.000000e+00
    outer loop
      vertex   1.008451e+01 -4.272792e+01 1.253321e+02
      vertex   7.843038e+00 -4.272792e+01 1.223628e+02
      vertex   1.077524e+01 -4.272792e+01 1.246632e+02
    endloop
  endfacet
  facet normal 0.000000e+00 -1.000000e+00 0.000000e+00
    outer loop
      vertex   1.077524e+01 -4.272792e+01 1.246632e+02
      vertex   7.843038e+00 -4.272792e+01 1.223628e+02
      vertex   8.415926e+00 -4.272792e+01 1.217686e+02
    endloop
  endfacet
  facet normal 0.000000e+00 -1.000000e+00 -0.000000e+00
    outer loop
      vertex   1.077524e+01 -4.272792e+01 1.246632e+02
      vertex   8.415926e+00 -4.272792e+01 1.217686e+02
      vertex   1.142169e+01 -4.272792e+01 1.239513e+02
    endloop
  endfacet
  facet normal 0.000000e+00 -1.000000e+00 0.000000e+00
    outer loop
      vertex   1.142169e+01 -4.272792e+01 1.239513e+02
      vertex   8.415926e+00 -4.272792e+01 1.217686e+02
      vertex   8.943910e+00 -4.272792e+01 1.211342e+02
    endloop
  endfacet
  facet normal 0.000000e+00 -1.000000e+00 -0.000000e+00
    outer loop
      vertex   1.142169e+01 -4.272792e+01 1.239513e+02
      vertex   8.943910e+00 -4.272792e+01 1.211342e+02
      vertex   1.202120e+01 -4.272792e+01 1.231996e+02
    endloop
  endfacet
  facet normal 0.000000e+00 -1.000000e+00 0.000000e+00
    outer loop
      vertex   1.202120e+01 -4.272792e+01 1.231996e+02
      vertex   8.943910e+00 -4.272792e+01 1.211342e+02
      vertex   9.424175e+00 -4.272792e+01 1.204629e+02
    endloop
  endfacet
  facet normal 0.000000e+00 -1.000000e+00 -0.000000e+00
    outer loop
      vertex   1.202120e+01 -4.272792e+01 1.231996e+02
      vertex   9.424175e+00 -4.272792e+01 1.204629e+02
      vertex   1.257132e+01 -4.272792e+01 1.224109e+02
    endloop
  endfacet
  facet normal 0.000000e+00 -1.000000e+00 0.000000e+00
    outer loop
      vertex   1.257132e+01 -4.272792e+01 1.224109e+02
      vertex   9.424175e+00 -4.272792e+01 1.204629e+02
      vertex   9.854158e+00 -4.272792e+01 1.197583e+02
    endloop
  endfacet
  facet normal 0.000000e+00 -1.000000e+00 -0.000000e+00
    outer loop
      vertex   1.257132e+01 -4.272792e+01 1.224109e+02
      vertex   9.854158e+00 -4.272792e+01 1.197583e+02
      vertex   1.306978e+01 -4.272792e+01 1.215887e+02
    endloop
  endfacet
  facet normal 0.000000e+00 -1.000000e+00 -0.000000e+00
    outer loop
      vertex   1.306978e+01 -4.272792e+01 1.215887e+02
      vertex   9.854158e+00 -4.272792e+01 1.197583e+02
      vertex   1.351453e+01 -4.272792e+01 1.207362e+02
    endloop
  endfacet
  facet normal 0.000000e+00 -1.000000e+00 0.000000e+00
    outer loop
      vertex   1.351453e+01 -4.272792e+01 1.207362e+02
      vertex   9.854158e+00 -4.272792e+01 1.197583e+02
      vertex   1.023157e+01 -4.272792e+01 1.190243e+02
    endloop
  endfacet
  facet normal 0.000000e+00 -1.000000e+00 -0.000000e+00
    outer loop
      vertex   1.351453e+01 -4.272792e+01 1.207362e+02
      vertex   1.023157e+01 -4.272792e+01 1.190243e+02
      vertex   1.390375e+01 -4.272792e+01 1.198569e+02
    endloop
  endfacet
  facet normal 0.000000e+00 -1.000000e+00 0.000000e+00
    outer loop
      vertex   1.390375e+01 -4.272792e+01 1.198569e+02
      vertex   1.023157e+01 -4.272792e+01 1.190243e+02
      vertex   1.055438e+01 -4.272792e+01 1.182646e+02
    endloop
  endfacet
  facet normal 0.000000e+00 -1.000000e+00 -0.000000e+00
    outer loop
      vertex   1.390375e+01 -4.272792e+01 1.198569e+02
      vertex   1.055438e+01 -4.272792e+01 1.182646e+02
      vertex   1.423584e+01 -4.272792e+01 1.189545e+02
    endloop
  endfacet
  facet normal 0.000000e+00 -1.000000e+00 0.000000e+00
    outer loop
      vertex   1.423584e+01 -4.272792e+01 1.189545e+02
      vertex   1.055438e+01 -4.272792e+01 1.182646e+02
      vertex   1.082089e+01 -4.272792e+01 1.174834e+02
    endloop
  endfacet
  facet normal 0.000000e+00 -1.000000e+00 -0.000000e+00
    outer loop
      vertex   1.423584e+01 -4.272792e+01 1.189545e+02
      vertex   1.082089e+01 -4.272792e+01 1.174834e+02
      vertex   1.450942e+01 -4.272792e+01 1.180327e+02
    endloop
  endfacet
  facet normal 0.000000e+00 -1.000000e+00 0.000000e+00
    outer loop
      vertex   1.450942e+01 -4.272792e+01 1.180327e+02
      vertex   1.082089e+01 -4.272792e+01 1.174834e+02
      vertex   1.102966e+01 -4.272792e+01 1.166849e+02
    endloop
  endfacet
  facet normal 0.000000e+00 -1.000000e+00 -0.000000e+00
    outer loop
      vertex   1.450942e+01 -4.272792e+01 1.180327e+02
      vertex   1.102966e+01 -4.272792e+01 1.166849e+02
      vertex   1.472339e+01 -4.272792e+01 1.170953e+02
    endloop
  endfacet
  facet normal 0.000000e+00 -1.000000e+00 0.000000e+00
    outer loop
      vertex   1.472339e+01 -4.272792e+01 1.170953e+02
      vertex   1.102966e+01 -4.272792e+01 1.166849e+02
      vertex   1.117958e+01 -4.272792e+01 1.158732e+02
    endloop
  endfacet
  facet normal 0.000000e+00 -1.000000e+00 -0.000000e+00
    outer loop
      vertex   1.472339e+01 -4.272792e+01 1.170953e+02
      vertex   1.117958e+01 -4.272792e+01 1.158732e+02
      vertex   1.487685e+01 -4.272792e+01 1.161461e+02
    endloop
  endfacet
  facet normal 0.000000e+00 -1.000000e+00 0.000000e+00
    outer loop
      vertex   1.487685e+01 -4.272792e+01 1.161461e+02
      vertex   1.117958e+01 -4.272792e+01 1.158732e+02
      vertex   1.126985e+01 -4.272792e+01 1.150528e+02
    endloop
  endfacet
  facet normal 0.000000e+00 -1.000000e+00 -0.000000e+00
    outer loop
      vertex   1.487685e+01 -4.272792e+01 1.161461e+02
      vertex   1.126985e+01 -4.272792e+01 1.150528e+02
      vertex   1.496918e+01 -4.272792e+01 1.151890e+02
    endloop
  endfacet
  facet normal 0.000000e+00 -1.000000e+00 0.000000e+00
    outer loop
      vertex   1.496918e+01 -4.272792e+01 1.151890e+02
      vertex   1.126985e+01 -4.272792e+01 1.150528e+02
      vertex   1.130000e+01 -4.272792e+01 1.142279e+02
    endloop
  endfacet
endsolid
