solid ASCII
  facet normal 0.000000e+00 0.000000e+00 1.000000e+00
    outer loop
      vertex   3.658674e+00 5.514564e-01 8.400000e+01
      vertex   -3.658674e+00 5.514564e-01 8.400000e+01
      vertex   3.700000e+00 4.531193e-16 8.400000e+01
    endloop
  endfacet
  facet normal 0.000000e+00 0.000000e+00 1.000000e+00
    outer loop
      vertex   3.700000e+00 4.531193e-16 8.400000e+01
      vertex   -3.658674e+00 5.514564e-01 8.400000e+01
      vertex   -3.700000e+00 0.000000e+00 8.400000e+01
    endloop
  endfacet
  facet normal 0.000000e+00 0.000000e+00 1.000000e+00
    outer loop
      vertex   3.700000e+00 4.531193e-16 8.400000e+01
      vertex   -3.700000e+00 0.000000e+00 8.400000e+01
      vertex   3.658674e+00 -5.514564e-01 8.400000e+01
    endloop
  endfacet
  facet normal 0.000000e+00 0.000000e+00 1.000000e+00
    outer loop
      vertex   3.658674e+00 -5.514564e-01 8.400000e+01
      vertex   -3.700000e+00 0.000000e+00 8.400000e+01
      vertex   -3.658674e+00 -5.514564e-01 8.400000e+01
    endloop
  endfacet
  facet normal 0.000000e+00 0.000000e+00 1.000000e+00
    outer loop
      vertex   3.658674e+00 -5.514564e-01 8.400000e+01
      vertex   -3.658674e+00 -5.514564e-01 8.400000e+01
      vertex   3.535619e+00 -1.090594e+00 8.400000e+01
    endloop
  endfacet
  facet normal 0.000000e+00 0.000000e+00 1.000000e+00
    outer loop
      vertex   3.535619e+00 -1.090594e+00 8.400000e+01
      vertex   -3.658674e+00 -5.514564e-01 8.400000e+01
      vertex   -3.535619e+00 -1.090594e+00 8.400000e+01
    endloop
  endfacet
  facet normal 0.000000e+00 0.000000e+00 1.000000e+00
    outer loop
      vertex   3.535619e+00 -1.090594e+00 8.400000e+01
      vertex   -3.535619e+00 -1.090594e+00 8.400000e+01
      vertex   3.333585e+00 -1.605370e+00 8.400000e+01
    endloop
  endfacet
  facet normal 0.000000e+00 0.000000e+00 1.000000e+00
    outer loop
      vertex   3.333585e+00 -1.605370e+00 8.400000e+01
      vertex   -3.535619e+00 -1.090594e+00 8.400000e+01
      vertex   -3.333585e+00 -1.605370e+00 8.400000e+01
    endloop
  endfacet
  facet normal 0.000000e+00 0.000000e+00 1.000000e+00
    outer loop
      vertex   3.333585e+00 -1.605370e+00 8.400000e+01
      vertex   -3.333585e+00 -1.605370e+00 8.400000e+01
      vertex   3.057083e+00 -2.084284e+00 8.400000e+01
    endloop
  endfacet
  facet normal 0.000000e+00 0.000000e+00 1.000000e+00
    outer loop
      vertex   3.057083e+00 -2.084284e+00 8.400000e+01
      vertex   -3.333585e+00 -1.605370e+00 8.400000e+01
      vertex   -3.057083e+00 -2.084284e+00 8.400000e+01
    endloop
  endfacet
  facet normal 0.000000e+00 0.000000e+00 1.000000e+00
    outer loop
      vertex   3.057083e+00 -2.084284e+00 8.400000e+01
      vertex   -3.057083e+00 -2.084284e+00 8.400000e+01
      vertex   2.712292e+00 -2.516639e+00 8.400000e+01
    endloop
  endfacet
  facet normal 0.000000e+00 0.000000e+00 1.000000e+00
    outer loop
      vertex   2.712292e+00 -2.516639e+00 8.400000e+01
      vertex   -3.057083e+00 -2.084284e+00 8.400000e+01
      vertex   -2.712292e+00 -2.516639e+00 8.400000e+01
    endloop
  endfacet
  facet normal 0.000000e+00 0.000000e+00 1.000000e+00
    outer loop
      vertex   2.712292e+00 -2.516639e+00 8.400000e+01
      vertex   -2.712292e+00 -2.516639e+00 8.400000e+01
      vertex   2.306912e+00 -2.892776e+00 8.400000e+01
    endloop
  endfacet
  facet normal 0.000000e+00 0.000000e+00 1.000000e+00
    outer loop
      vertex   2.306912e+00 -2.892776e+00 8.400000e+01
      vertex   -2.712292e+00 -2.516639e+00 8.400000e+01
      vertex   -2.306912e+00 -2.892776e+00 8.400000e+01
    endloop
  endfacet
  facet normal 0.000000e+00 0.000000e+00 1.000000e+00
    outer loop
      vertex   2.306912e+00 -2.892776e+00 8.400000e+01
      vertex   -2.306912e+00 -2.892776e+00 8.400000e+01
      vertex   1.850000e+00 -3.204294e+00 8.400000e+01
    endloop
  endfacet
  facet normal 0.000000e+00 0.000000e+00 1.000000e+00
    outer loop
      vertex   1.850000e+00 -3.204294e+00 8.400000e+01
      vertex   -2.306912e+00 -2.892776e+00 8.400000e+01
      vertex   -1.850000e+00 -3.204294e+00 8.400000e+01
    endloop
  endfacet
  facet normal 0.000000e+00 0.000000e+00 1.000000e+00
    outer loop
      vertex   1.850000e+00 -3.204294e+00 8.400000e+01
      vertex   -1.850000e+00 -3.204294e+00 8.400000e+01
      vertex   1.351762e+00 -3.444233e+00 8.400000e+01
    endloop
  endfacet
  facet normal 0.000000e+00 0.000000e+00 1.000000e+00
    outer loop
      vertex   1.351762e+00 -3.444233e+00 8.400000e+01
      vertex   -1.850000e+00 -3.204294e+00 8.400000e+01
      vertex   -1.351762e+00 -3.444233e+00 8.400000e+01
    endloop
  endfacet
  facet normal 0.000000e+00 0.000000e+00 1.000000e+00
    outer loop
      vertex   1.351762e+00 -3.444233e+00 8.400000e+01
      vertex   -1.351762e+00 -3.444233e+00 8.400000e+01
      vertex   8.233275e-01 -3.607233e+00 8.400000e+01
    endloop
  endfacet
  facet normal 0.000000e+00 0.000000e+00 1.000000e+00
    outer loop
      vertex   8.233275e-01 -3.607233e+00 8.400000e+01
      vertex   -1.351762e+00 -3.444233e+00 8.400000e+01
      vertex   -8.233275e-01 -3.607233e+00 8.400000e+01
    endloop
  endfacet
  facet normal 0.000000e+00 0.000000e+00 1.000000e+00
    outer loop
      vertex   8.233275e-01 -3.607233e+00 8.400000e+01
      vertex   -8.233275e-01 -3.607233e+00 8.400000e+01
      vertex   2.765013e-01 -3.689654e+00 8.400000e+01
    endloop
  endfacet
  facet normal 0.000000e+00 0.000000e+00 1.000000e+00
    outer loop
      vertex   2.765013e-01 -3.689654e+00 8.400000e+01
      vertex   -8.233275e-01 -3.607233e+00 8.400000e+01
      vertex   -2.765013e-01 -3.689654e+00 8.400000e+01
    endloop
  endfacet
  facet normal 0.000000e+00 0.000000e+00 1.000000e+00
    outer loop
      vertex   -3.658674e+00 5.514564e-01 8.400000e+01
      vertex   3.658674e+00 5.514564e-01 8.400000e+01
      vertex   -3.535619e+00 1.090594e+00 8.400000e+01
    endloop
  endfacet
  facet normal -0.000000e+00 0.000000e+00 1.000000e+00
    outer loop
      vertex   -3.535619e+00 1.090594e+00 8.400000e+01
      vertex   3.658674e+00 5.514564e-01 8.400000e+01
      vertex   3.535619e+00 1.090594e+00 8.400000e+01
    endloop
  endfacet
  facet normal 0.000000e+00 0.000000e+00 1.000000e+00
    outer loop
      vertex   -3.535619e+00 1.090594e+00 8.400000e+01
      vertex   3.535619e+00 1.090594e+00 8.400000e+01
      vertex   -3.333585e+00 1.605370e+00 8.400000e+01
    endloop
  endfacet
  facet normal -0.000000e+00 0.000000e+00 1.000000e+00
    outer loop
      vertex   -3.333585e+00 1.605370e+00 8.400000e+01
      vertex   3.535619e+00 1.090594e+00 8.400000e+01
      vertex   3.333585e+00 1.605370e+00 8.400000e+01
    endloop
  endfacet
  facet normal 0.000000e+00 0.000000e+00 1.000000e+00
    outer loop
      vertex   -3.333585e+00 1.605370e+00 8.400000e+01
      vertex   3.333585e+00 1.605370e+00 8.400000e+01
      vertex   -3.057083e+00 2.084284e+00 8.400000e+01
    endloop
  endfacet
  facet normal -0.000000e+00 0.000000e+00 1.000000e+00
    outer loop
      vertex   -3.057083e+00 2.084284e+00 8.400000e+01
      vertex   3.333585e+00 1.605370e+00 8.400000e+01
      vertex   3.057083e+00 2.084284e+00 8.400000e+01
    endloop
  endfacet
  facet normal 0.000000e+00 0.000000e+00 1.000000e+00
    outer loop
      vertex   -3.057083e+00 2.084284e+00 8.400000e+01
      vertex   3.057083e+00 2.084284e+00 8.400000e+01
      vertex   -2.712292e+00 2.516639e+00 8.400000e+01
    endloop
  endfacet
  facet normal -0.000000e+00 0.000000e+00 1.000000e+00
    outer loop
      vertex   -2.712292e+00 2.516639e+00 8.400000e+01
      vertex   3.057083e+00 2.084284e+00 8.400000e+01
      vertex   2.712292e+00 2.516639e+00 8.400000e+01
    endloop
  endfacet
  facet normal 0.000000e+00 0.000000e+00 1.000000e+00
    outer loop
      vertex   -2.712292e+00 2.516639e+00 8.400000e+01
      vertex   2.712292e+00 2.516639e+00 8.400000e+01
      vertex   -2.306912e+00 2.892776e+00 8.400000e+01
    endloop
  endfacet
  facet normal -0.000000e+00 0.000000e+00 1.000000e+00
    outer loop
      vertex   -2.306912e+00 2.892776e+00 8.400000e+01
      vertex   2.712292e+00 2.516639e+00 8.400000e+01
      vertex   2.306912e+00 2.892776e+00 8.400000e+01
    endloop
  endfacet
  facet normal 0.000000e+00 0.000000e+00 1.000000e+00
    outer loop
      vertex   -2.306912e+00 2.892776e+00 8.400000e+01
      vertex   2.306912e+00 2.892776e+00 8.400000e+01
      vertex   -1.850000e+00 3.204294e+00 8.400000e+01
    endloop
  endfacet
  facet normal -0.000000e+00 0.000000e+00 1.000000e+00
    outer loop
      vertex   -1.850000e+00 3.204294e+00 8.400000e+01
      vertex   2.306912e+00 2.892776e+00 8.400000e+01
      vertex   1.850000e+00 3.204294e+00 8.400000e+01
    endloop
  endfacet
  facet normal 0.000000e+00 0.000000e+00 1.000000e+00
    outer loop
      vertex   -1.850000e+00 3.204294e+00 8.400000e+01
      vertex   1.850000e+00 3.204294e+00 8.400000e+01
      vertex   -1.351762e+00 3.444233e+00 8.400000e+01
    endloop
  endfacet
  facet normal -0.000000e+00 0.000000e+00 1.000000e+00
    outer loop
      vertex   -1.351762e+00 3.444233e+00 8.400000e+01
      vertex   1.850000e+00 3.204294e+00 8.400000e+01
      vertex   1.351762e+00 3.444233e+00 8.400000e+01
    endloop
  endfacet
  facet normal 0.000000e+00 0.000000e+00 1.000000e+00
    outer loop
      vertex   -1.351762e+00 3.444233e+00 8.400000e+01
      vertex   1.351762e+00 3.444233e+00 8.400000e+01
      vertex   -8.233275e-01 3.607233e+00 8.400000e+01
    endloop
  endfacet
  facet normal -0.000000e+00 0.000000e+00 1.000000e+00
    outer loop
      vertex   -8.233275e-01 3.607233e+00 8.400000e+01
      vertex   1.351762e+00 3.444233e+00 8.400000e+01
      vertex   8.233275e-01 3.607233e+00 8.400000e+01
    endloop
  endfacet
  facet normal 0.000000e+00 0.000000e+00 1.000000e+00
    outer loop
      vertex   -8.233275e-01 3.607233e+00 8.400000e+01
      vertex   8.233275e-01 3.607233e+00 8.400000e+01
      vertex   -2.765013e-01 3.689654e+00 8.400000e+01
    endloop
  endfacet
  facet normal -0.000000e+00 0.000000e+00 1.000000e+00
    outer loop
      vertex   -2.765013e-01 3.689654e+00 8.400000e+01
      vertex   8.233275e-01 3.607233e+00 8.400000e+01
      vertex   2.765013e-01 3.689654e+00 8.400000e+01
    endloop
  endfacet
  facet normal 9.972038e-01 -7.473009e-02 2.074177e-17
    outer loop
      vertex   3.658674e+00 -5.514564e-01 8.400000e+01
      vertex   3.658674e+00 -5.514564e-01 7.800000e+01
      vertex   3.700000e+00 4.531193e-16 8.400000e+01
    endloop
  endfacet
  facet normal 9.972038e-01 -7.473009e-02 0.000000e+00
    outer loop
      vertex   3.700000e+00 4.531193e-16 8.400000e+01
      vertex   3.658674e+00 -5.514564e-01 7.800000e+01
      vertex   3.700000e+00 4.531193e-16 7.800000e+01
    endloop
  endfacet
  facet normal 9.972038e-01 7.473009e-02 0.000000e+00
    outer loop
      vertex   3.700000e+00 4.531193e-16 8.400000e+01
      vertex   3.700000e+00 4.531193e-16 7.800000e+01
      vertex   3.658674e+00 5.514564e-01 8.400000e+01
    endloop
  endfacet
  facet normal 9.972038e-01 7.473009e-02 -2.074177e-17
    outer loop
      vertex   3.658674e+00 5.514564e-01 8.400000e+01
      vertex   3.700000e+00 4.531193e-16 7.800000e+01
      vertex   3.658674e+00 5.514564e-01 7.800000e+01
    endloop
  endfacet
  facet normal 9.749279e-01 2.225209e-01 -6.176197e-17
    outer loop
      vertex   3.658674e+00 5.514564e-01 8.400000e+01
      vertex   3.658674e+00 5.514564e-01 7.800000e+01
      vertex   3.535619e+00 1.090594e+00 8.400000e+01
    endloop
  endfacet
  facet normal 9.749279e-01 2.225209e-01 -4.940957e-17
    outer loop
      vertex   3.535619e+00 1.090594e+00 8.400000e+01
      vertex   3.658674e+00 5.514564e-01 7.800000e+01
      vertex   3.535619e+00 1.090594e+00 7.800000e+01
    endloop
  endfacet
  facet normal 9.308737e-01 3.653410e-01 -8.112200e-17
    outer loop
      vertex   3.535619e+00 1.090594e+00 8.400000e+01
      vertex   3.535619e+00 1.090594e+00 7.800000e+01
      vertex   3.333585e+00 1.605370e+00 8.400000e+01
    endloop
  endfacet
  facet normal 9.308737e-01 3.653410e-01 0.000000e+00
    outer loop
      vertex   3.333585e+00 1.605370e+00 8.400000e+01
      vertex   3.535619e+00 1.090594e+00 7.800000e+01
      vertex   3.333585e+00 1.605370e+00 7.800000e+01
    endloop
  endfacet
  facet normal 8.660254e-01 5.000000e-01 0.000000e+00
    outer loop
      vertex   3.333585e+00 1.605370e+00 8.400000e+01
      vertex   3.333585e+00 1.605370e+00 7.800000e+01
      vertex   3.057083e+00 2.084284e+00 8.400000e+01
    endloop
  endfacet
  facet normal 8.660254e-01 5.000000e-01 1.717521e-17
    outer loop
      vertex   3.057083e+00 2.084284e+00 8.400000e+01
      vertex   3.333585e+00 1.605370e+00 7.800000e+01
      vertex   3.057083e+00 2.084284e+00 7.800000e+01
    endloop
  endfacet
  facet normal 7.818315e-01 6.234898e-01 -2.270824e-17
    outer loop
      vertex   3.057083e+00 2.084284e+00 8.400000e+01
      vertex   3.057083e+00 2.084284e+00 7.800000e+01
      vertex   2.712292e+00 2.516639e+00 8.400000e+01
    endloop
  endfacet
  facet normal 7.818315e-01 6.234898e-01 1.743325e-16
    outer loop
      vertex   2.712292e+00 2.516639e+00 8.400000e+01
      vertex   3.057083e+00 2.084284e+00 7.800000e+01
      vertex   2.712292e+00 2.516639e+00 7.800000e+01
    endloop
  endfacet
  facet normal 6.801727e-01 7.330519e-01 8.111658e-17
    outer loop
      vertex   2.712292e+00 2.516639e+00 8.400000e+01
      vertex   2.712292e+00 2.516639e+00 7.800000e+01
      vertex   2.306912e+00 2.892776e+00 8.400000e+01
    endloop
  endfacet
  facet normal 6.801727e-01 7.330519e-01 0.000000e+00
    outer loop
      vertex   2.306912e+00 2.892776e+00 8.400000e+01
      vertex   2.712292e+00 2.516639e+00 7.800000e+01
      vertex   2.306912e+00 2.892776e+00 7.800000e+01
    endloop
  endfacet
  facet normal 5.633201e-01 8.262388e-01 0.000000e+00
    outer loop
      vertex   2.306912e+00 2.892776e+00 8.400000e+01
      vertex   2.306912e+00 2.892776e+00 7.800000e+01
      vertex   1.850000e+00 3.204294e+00 8.400000e+01
    endloop
  endfacet
  facet normal 5.633201e-01 8.262388e-01 1.459292e-16
    outer loop
      vertex   1.850000e+00 3.204294e+00 8.400000e+01
      vertex   2.306912e+00 2.892776e+00 7.800000e+01
      vertex   1.850000e+00 3.204294e+00 7.800000e+01
    endloop
  endfacet
  facet normal 4.338837e-01 9.009689e-01 1.123985e-16
    outer loop
      vertex   1.850000e+00 3.204294e+00 8.400000e+01
      vertex   1.850000e+00 3.204294e+00 7.800000e+01
      vertex   1.351762e+00 3.444233e+00 8.400000e+01
    endloop
  endfacet
  facet normal 4.338837e-01 9.009689e-01 4.325598e-17
    outer loop
      vertex   1.351762e+00 3.444233e+00 8.400000e+01
      vertex   1.850000e+00 3.204294e+00 7.800000e+01
      vertex   1.351762e+00 3.444233e+00 7.800000e+01
    endloop
  endfacet
  facet normal 2.947552e-01 9.555728e-01 -2.146373e-17
    outer loop
      vertex   1.351762e+00 3.444233e+00 8.400000e+01
      vertex   1.351762e+00 3.444233e+00 7.800000e+01
      vertex   8.233275e-01 3.607233e+00 8.400000e+01
    endloop
  endfacet
  facet normal 2.947552e-01 9.555728e-01 0.000000e+00
    outer loop
      vertex   8.233275e-01 3.607233e+00 8.400000e+01
      vertex   1.351762e+00 3.444233e+00 7.800000e+01
      vertex   8.233275e-01 3.607233e+00 7.800000e+01
    endloop
  endfacet
  facet normal 1.490423e-01 9.888308e-01 0.000000e+00
    outer loop
      vertex   8.233275e-01 3.607233e+00 8.400000e+01
      vertex   8.233275e-01 3.607233e+00 7.800000e+01
      vertex   2.765013e-01 3.689654e+00 8.400000e+01
    endloop
  endfacet
  facet normal 1.490423e-01 9.888308e-01 3.998862e-17
    outer loop
      vertex   2.765013e-01 3.689654e+00 8.400000e+01
      vertex   8.233275e-01 3.607233e+00 7.800000e+01
      vertex   2.765013e-01 3.689654e+00 7.800000e+01
    endloop
  endfacet
  facet normal 0.000000e+00 1.000000e+00 0.000000e+00
    outer loop
      vertex   2.765013e-01 3.689654e+00 8.400000e+01
      vertex   2.765013e-01 3.689654e+00 7.800000e+01
      vertex   -2.765013e-01 3.689654e+00 8.400000e+01
    endloop
  endfacet
  facet normal 0.000000e+00 1.000000e+00 0.000000e+00
    outer loop
      vertex   -2.765013e-01 3.689654e+00 8.400000e+01
      vertex   2.765013e-01 3.689654e+00 7.800000e+01
      vertex   -2.765013e-01 3.689654e+00 7.800000e+01
    endloop
  endfacet
  facet normal -1.490423e-01 9.888308e-01 -6.067239e-17
    outer loop
      vertex   -2.765013e-01 3.689654e+00 8.400000e+01
      vertex   -2.765013e-01 3.689654e+00 7.800000e+01
      vertex   -8.233275e-01 3.607233e+00 8.400000e+01
    endloop
  endfacet
  facet normal -1.490423e-01 9.888308e-01 0.000000e+00
    outer loop
      vertex   -8.233275e-01 3.607233e+00 8.400000e+01
      vertex   -2.765013e-01 3.689654e+00 7.800000e+01
      vertex   -8.233275e-01 3.607233e+00 7.800000e+01
    endloop
  endfacet
  facet normal -2.947552e-01 9.555728e-01 0.000000e+00
    outer loop
      vertex   -8.233275e-01 3.607233e+00 8.400000e+01
      vertex   -8.233275e-01 3.607233e+00 7.800000e+01
      vertex   -1.351762e+00 3.444233e+00 8.400000e+01
    endloop
  endfacet
  facet normal -2.947552e-01 9.555728e-01 6.509626e-17
    outer loop
      vertex   -1.351762e+00 3.444233e+00 8.400000e+01
      vertex   -8.233275e-01 3.607233e+00 7.800000e+01
      vertex   -1.351762e+00 3.444233e+00 7.800000e+01
    endloop
  endfacet
  facet normal -4.338837e-01 9.009689e-01 2.097172e-17
    outer loop
      vertex   -1.351762e+00 3.444233e+00 8.400000e+01
      vertex   -1.351762e+00 3.444233e+00 7.800000e+01
      vertex   -1.850000e+00 3.204294e+00 8.400000e+01
    endloop
  endfacet
  facet normal -4.338837e-01 9.009689e-01 4.194343e-17
    outer loop
      vertex   -1.850000e+00 3.204294e+00 8.400000e+01
      vertex   -1.351762e+00 3.444233e+00 7.800000e+01
      vertex   -1.850000e+00 3.204294e+00 7.800000e+01
    endloop
  endfacet
  facet normal -5.633201e-01 8.262388e-01 -4.724260e-17
    outer loop
      vertex   -1.850000e+00 3.204294e+00 8.400000e+01
      vertex   -1.850000e+00 3.204294e+00 7.800000e+01
      vertex   -2.306912e+00 2.892776e+00 8.400000e+01
    endloop
  endfacet
  facet normal -5.633201e-01 8.262388e-01 0.000000e+00
    outer loop
      vertex   -2.306912e+00 2.892776e+00 8.400000e+01
      vertex   -1.850000e+00 3.204294e+00 7.800000e+01
      vertex   -2.306912e+00 2.892776e+00 7.800000e+01
    endloop
  endfacet
  facet normal -6.801727e-01 7.330519e-01 0.000000e+00
    outer loop
      vertex   -2.306912e+00 2.892776e+00 8.400000e+01
      vertex   -2.306912e+00 2.892776e+00 7.800000e+01
      vertex   -2.712292e+00 2.516639e+00 8.400000e+01
    endloop
  endfacet
  facet normal -6.801727e-01 7.330519e-01 1.174153e-17
    outer loop
      vertex   -2.712292e+00 2.516639e+00 8.400000e+01
      vertex   -2.306912e+00 2.892776e+00 7.800000e+01
      vertex   -2.712292e+00 2.516639e+00 7.800000e+01
    endloop
  endfacet
  facet normal -7.818315e-01 6.234898e-01 -3.515892e-17
    outer loop
      vertex   -2.712292e+00 2.516639e+00 8.400000e+01
      vertex   -2.712292e+00 2.516639e+00 7.800000e+01
      vertex   -3.057083e+00 2.084284e+00 8.400000e+01
    endloop
  endfacet
  facet normal -7.818315e-01 6.234898e-01 8.057539e-17
    outer loop
      vertex   -3.057083e+00 2.084284e+00 8.400000e+01
      vertex   -2.712292e+00 2.516639e+00 7.800000e+01
      vertex   -3.057083e+00 2.084284e+00 7.800000e+01
    endloop
  endfacet
  facet normal -8.660254e-01 5.000000e-01 4.692355e-17
    outer loop
      vertex   -3.057083e+00 2.084284e+00 8.400000e+01
      vertex   -3.057083e+00 2.084284e+00 7.800000e+01
      vertex   -3.333585e+00 1.605370e+00 8.400000e+01
    endloop
  endfacet
  facet normal -8.660254e-01 5.000000e-01 0.000000e+00
    outer loop
      vertex   -3.333585e+00 1.605370e+00 8.400000e+01
      vertex   -3.057083e+00 2.084284e+00 7.800000e+01
      vertex   -3.333585e+00 1.605370e+00 7.800000e+01
    endloop
  endfacet
  facet normal -9.308737e-01 3.653410e-01 0.000000e+00
    outer loop
      vertex   -3.333585e+00 1.605370e+00 8.400000e+01
      vertex   -3.333585e+00 1.605370e+00 7.800000e+01
      vertex   -3.535619e+00 1.090594e+00 8.400000e+01
    endloop
  endfacet
  facet normal -9.308737e-01 3.653410e-01 2.574384e-17
    outer loop
      vertex   -3.535619e+00 1.090594e+00 8.400000e+01
      vertex   -3.333585e+00 1.605370e+00 7.800000e+01
      vertex   -3.535619e+00 1.090594e+00 7.800000e+01
    endloop
  endfacet
  facet normal -9.749279e-01 2.225209e-01 -1.451466e-17
    outer loop
      vertex   -3.535619e+00 1.090594e+00 8.400000e+01
      vertex   -3.535619e+00 1.090594e+00 7.800000e+01
      vertex   -3.658674e+00 5.514564e-01 8.400000e+01
    endloop
  endfacet
  facet normal -9.749279e-01 2.225209e-01 6.176197e-17
    outer loop
      vertex   -3.658674e+00 5.514564e-01 8.400000e+01
      vertex   -3.535619e+00 1.090594e+00 7.800000e+01
      vertex   -3.658674e+00 5.514564e-01 7.800000e+01
    endloop
  endfacet
  facet normal -9.972038e-01 7.473009e-02 2.074177e-17
    outer loop
      vertex   -3.658674e+00 5.514564e-01 8.400000e+01
      vertex   -3.658674e+00 5.514564e-01 7.800000e+01
      vertex   -3.700000e+00 0.000000e+00 8.400000e+01
    endloop
  endfacet
  facet normal -9.972038e-01 7.473009e-02 0.000000e+00
    outer loop
      vertex   -3.700000e+00 0.000000e+00 8.400000e+01
      vertex   -3.658674e+00 5.514564e-01 7.800000e+01
      vertex   -3.700000e+00 0.000000e+00 7.800000e+01
    endloop
  endfacet
  facet normal -9.972038e-01 -7.473009e-02 -0.000000e+00
    outer loop
      vertex   -3.700000e+00 0.000000e+00 8.400000e+01
      vertex   -3.700000e+00 0.000000e+00 7.800000e+01
      vertex   -3.658674e+00 -5.514564e-01 8.400000e+01
    endloop
  endfacet
  facet normal -9.972038e-01 -7.473009e-02 -2.074177e-17
    outer loop
      vertex   -3.658674e+00 -5.514564e-01 8.400000e+01
      vertex   -3.700000e+00 0.000000e+00 7.800000e+01
      vertex   -3.658674e+00 -5.514564e-01 7.800000e+01
    endloop
  endfacet
  facet normal -9.749279e-01 -2.225209e-01 -6.176197e-17
    outer loop
      vertex   -3.658674e+00 -5.514564e-01 8.400000e+01
      vertex   -3.658674e+00 -5.514564e-01 7.800000e+01
      vertex   -3.535619e+00 -1.090594e+00 8.400000e+01
    endloop
  endfacet
  facet normal -9.749279e-01 -2.225209e-01 1.451466e-17
    outer loop
      vertex   -3.535619e+00 -1.090594e+00 8.400000e+01
      vertex   -3.658674e+00 -5.514564e-01 7.800000e+01
      vertex   -3.535619e+00 -1.090594e+00 7.800000e+01
    endloop
  endfacet
  facet normal -9.308737e-01 -3.653410e-01 -2.574384e-17
    outer loop
      vertex   -3.535619e+00 -1.090594e+00 8.400000e+01
      vertex   -3.535619e+00 -1.090594e+00 7.800000e+01
      vertex   -3.333585e+00 -1.605370e+00 8.400000e+01
    endloop
  endfacet
  facet normal -9.308737e-01 -3.653410e-01 -0.000000e+00
    outer loop
      vertex   -3.333585e+00 -1.605370e+00 8.400000e+01
      vertex   -3.535619e+00 -1.090594e+00 7.800000e+01
      vertex   -3.333585e+00 -1.605370e+00 7.800000e+01
    endloop
  endfacet
  facet normal -8.660254e-01 -5.000000e-01 -0.000000e+00
    outer loop
      vertex   -3.333585e+00 -1.605370e+00 8.400000e+01
      vertex   -3.333585e+00 -1.605370e+00 7.800000e+01
      vertex   -3.057083e+00 -2.084284e+00 8.400000e+01
    endloop
  endfacet
  facet normal -8.660254e-01 -5.000000e-01 -4.692355e-17
    outer loop
      vertex   -3.057083e+00 -2.084284e+00 8.400000e+01
      vertex   -3.333585e+00 -1.605370e+00 7.800000e+01
      vertex   -3.057083e+00 -2.084284e+00 7.800000e+01
    endloop
  endfacet
  facet normal -7.818315e-01 -6.234898e-01 -8.057539e-17
    outer loop
      vertex   -3.057083e+00 -2.084284e+00 8.400000e+01
      vertex   -3.057083e+00 -2.084284e+00 7.800000e+01
      vertex   -2.712292e+00 -2.516639e+00 8.400000e+01
    endloop
  endfacet
  facet normal -7.818315e-01 -6.234898e-01 3.515892e-17
    outer loop
      vertex   -2.712292e+00 -2.516639e+00 8.400000e+01
      vertex   -3.057083e+00 -2.084284e+00 7.800000e+01
      vertex   -2.712292e+00 -2.516639e+00 7.800000e+01
    endloop
  endfacet
  facet normal -6.801727e-01 -7.330519e-01 -1.174153e-17
    outer loop
      vertex   -2.712292e+00 -2.516639e+00 8.400000e+01
      vertex   -2.712292e+00 -2.516639e+00 7.800000e+01
      vertex   -2.306912e+00 -2.892776e+00 8.400000e+01
    endloop
  endfacet
  facet normal -6.801727e-01 -7.330519e-01 -0.000000e+00
    outer loop
      vertex   -2.306912e+00 -2.892776e+00 8.400000e+01
      vertex   -2.712292e+00 -2.516639e+00 7.800000e+01
      vertex   -2.306912e+00 -2.892776e+00 7.800000e+01
    endloop
  endfacet
  facet normal -5.633201e-01 -8.262388e-01 -0.000000e+00
    outer loop
      vertex   -2.306912e+00 -2.892776e+00 8.400000e+01
      vertex   -2.306912e+00 -2.892776e+00 7.800000e+01
      vertex   -1.850000e+00 -3.204294e+00 8.400000e+01
    endloop
  endfacet
  facet normal -5.633201e-01 -8.262388e-01 4.724260e-17
    outer loop
      vertex   -1.850000e+00 -3.204294e+00 8.400000e+01
      vertex   -2.306912e+00 -2.892776e+00 7.800000e+01
      vertex   -1.850000e+00 -3.204294e+00 7.800000e+01
    endloop
  endfacet
  facet normal -4.338837e-01 -9.009689e-01 -4.194343e-17
    outer loop
      vertex   -1.850000e+00 -3.204294e+00 8.400000e+01
      vertex   -1.850000e+00 -3.204294e+00 7.800000e+01
      vertex   -1.351762e+00 -3.444233e+00 8.400000e+01
    endloop
  endfacet
  facet normal -4.338837e-01 -9.009689e-01 -2.097172e-17
    outer loop
      vertex   -1.351762e+00 -3.444233e+00 8.400000e+01
      vertex   -1.850000e+00 -3.204294e+00 7.800000e+01
      vertex   -1.351762e+00 -3.444233e+00 7.800000e+01
    endloop
  endfacet
  facet normal -2.947552e-01 -9.555728e-01 -6.509626e-17
    outer loop
      vertex   -1.351762e+00 -3.444233e+00 8.400000e+01
      vertex   -1.351762e+00 -3.444233e+00 7.800000e+01
      vertex   -8.233275e-01 -3.607233e+00 8.400000e+01
    endloop
  endfacet
  facet normal -2.947552e-01 -9.555728e-01 -0.000000e+00
    outer loop
      vertex   -8.233275e-01 -3.607233e+00 8.400000e+01
      vertex   -1.351762e+00 -3.444233e+00 7.800000e+01
      vertex   -8.233275e-01 -3.607233e+00 7.800000e+01
    endloop
  endfacet
  facet normal -1.490423e-01 -9.888308e-01 -0.000000e+00
    outer loop
      vertex   -8.233275e-01 -3.607233e+00 8.400000e+01
      vertex   -8.233275e-01 -3.607233e+00 7.800000e+01
      vertex   -2.765013e-01 -3.689654e+00 8.400000e+01
    endloop
  endfacet
  facet normal -1.490423e-01 -9.888308e-01 6.067239e-17
    outer loop
      vertex   -2.765013e-01 -3.689654e+00 8.400000e+01
      vertex   -8.233275e-01 -3.607233e+00 7.800000e+01
      vertex   -2.765013e-01 -3.689654e+00 7.800000e+01
    endloop
  endfacet
  facet normal 0.000000e+00 -1.000000e+00 -0.000000e+00
    outer loop
      vertex   -2.765013e-01 -3.689654e+00 8.400000e+01
      vertex   -2.765013e-01 -3.689654e+00 7.800000e+01
      vertex   2.765013e-01 -3.689654e+00 8.400000e+01
    endloop
  endfacet
  facet normal 0.000000e+00 -1.000000e+00 0.000000e+00
    outer loop
      vertex   2.765013e-01 -3.689654e+00 8.400000e+01
      vertex   -2.765013e-01 -3.689654e+00 7.800000e+01
      vertex   2.765013e-01 -3.689654e+00 7.800000e+01
    endloop
  endfacet
  facet normal 1.490423e-01 -9.888308e-01 -3.998862e-17
    outer loop
      vertex   2.765013e-01 -3.689654e+00 8.400000e+01
      vertex   2.765013e-01 -3.689654e+00 7.800000e+01
      vertex   8.233275e-01 -3.607233e+00 8.400000e+01
    endloop
  endfacet
  facet normal 1.490423e-01 -9.888308e-01 0.000000e+00
    outer loop
      vertex   8.233275e-01 -3.607233e+00 8.400000e+01
      vertex   2.765013e-01 -3.689654e+00 7.800000e+01
      vertex   8.233275e-01 -3.607233e+00 7.800000e+01
    endloop
  endfacet
  facet normal 2.947552e-01 -9.555728e-01 0.000000e+00
    outer loop
      vertex   8.233275e-01 -3.607233e+00 8.400000e+01
      vertex   8.233275e-01 -3.607233e+00 7.800000e+01
      vertex   1.351762e+00 -3.444233e+00 8.400000e+01
    endloop
  endfacet
  facet normal 2.947552e-01 -9.555728e-01 2.146373e-17
    outer loop
      vertex   1.351762e+00 -3.444233e+00 8.400000e+01
      vertex   8.233275e-01 -3.607233e+00 7.800000e+01
      vertex   1.351762e+00 -3.444233e+00 7.800000e+01
    endloop
  endfacet
  facet normal 4.338837e-01 -9.009689e-01 -4.325598e-17
    outer loop
      vertex   1.351762e+00 -3.444233e+00 8.400000e+01
      vertex   1.351762e+00 -3.444233e+00 7.800000e+01
      vertex   1.850000e+00 -3.204294e+00 8.400000e+01
    endloop
  endfacet
  facet normal 4.338837e-01 -9.009689e-01 -1.123985e-16
    outer loop
      vertex   1.850000e+00 -3.204294e+00 8.400000e+01
      vertex   1.351762e+00 -3.444233e+00 7.800000e+01
      vertex   1.850000e+00 -3.204294e+00 7.800000e+01
    endloop
  endfacet
  facet normal 5.633201e-01 -8.262388e-01 -1.459292e-16
    outer loop
      vertex   1.850000e+00 -3.204294e+00 8.400000e+01
      vertex   1.850000e+00 -3.204294e+00 7.800000e+01
      vertex   2.306912e+00 -2.892776e+00 8.400000e+01
    endloop
  endfacet
  facet normal 5.633201e-01 -8.262388e-01 0.000000e+00
    outer loop
      vertex   2.306912e+00 -2.892776e+00 8.400000e+01
      vertex   1.850000e+00 -3.204294e+00 7.800000e+01
      vertex   2.306912e+00 -2.892776e+00 7.800000e+01
    endloop
  endfacet
  facet normal 6.801727e-01 -7.330519e-01 0.000000e+00
    outer loop
      vertex   2.306912e+00 -2.892776e+00 8.400000e+01
      vertex   2.306912e+00 -2.892776e+00 7.800000e+01
      vertex   2.712292e+00 -2.516639e+00 8.400000e+01
    endloop
  endfacet
  facet normal 6.801727e-01 -7.330519e-01 -8.111658e-17
    outer loop
      vertex   2.712292e+00 -2.516639e+00 8.400000e+01
      vertex   2.306912e+00 -2.892776e+00 7.800000e+01
      vertex   2.712292e+00 -2.516639e+00 7.800000e+01
    endloop
  endfacet
  facet normal 7.818315e-01 -6.234898e-01 -1.743325e-16
    outer loop
      vertex   2.712292e+00 -2.516639e+00 8.400000e+01
      vertex   2.712292e+00 -2.516639e+00 7.800000e+01
      vertex   3.057083e+00 -2.084284e+00 8.400000e+01
    endloop
  endfacet
  facet normal 7.818315e-01 -6.234898e-01 2.270824e-17
    outer loop
      vertex   3.057083e+00 -2.084284e+00 8.400000e+01
      vertex   2.712292e+00 -2.516639e+00 7.800000e+01
      vertex   3.057083e+00 -2.084284e+00 7.800000e+01
    endloop
  endfacet
  facet normal 8.660254e-01 -5.000000e-01 -1.717521e-17
    outer loop
      vertex   3.057083e+00 -2.084284e+00 8.400000e+01
      vertex   3.057083e+00 -2.084284e+00 7.800000e+01
      vertex   3.333585e+00 -1.605370e+00 8.400000e+01
    endloop
  endfacet
  facet normal 8.660254e-01 -5.000000e-01 0.000000e+00
    outer loop
      vertex   3.333585e+00 -1.605370e+00 8.400000e+01
      vertex   3.057083e+00 -2.084284e+00 7.800000e+01
      vertex   3.333585e+00 -1.605370e+00 7.800000e+01
    endloop
  endfacet
  facet normal 9.308737e-01 -3.653410e-01 0.000000e+00
    outer loop
      vertex   3.333585e+00 -1.605370e+00 8.400000e+01
      vertex   3.333585e+00 -1.605370e+00 7.800000e+01
      vertex   3.535619e+00 -1.090594e+00 8.400000e+01
    endloop
  endfacet
  facet normal 9.308737e-01 -3.653410e-01 8.112200e-17
    outer loop
      vertex   3.535619e+00 -1.090594e+00 8.400000e+01
      vertex   3.333585e+00 -1.605370e+00 7.800000e+01
      vertex   3.535619e+00 -1.090594e+00 7.800000e+01
    endloop
  endfacet
  facet normal 9.749279e-01 -2.225209e-01 4.940957e-17
    outer loop
      vertex   3.535619e+00 -1.090594e+00 8.400000e+01
      vertex   3.535619e+00 -1.090594e+00 7.800000e+01
      vertex   3.658674e+00 -5.514564e-01 8.400000e+01
    endloop
  endfacet
  facet normal 9.749279e-01 -2.225209e-01 6.176197e-17
    outer loop
      vertex   3.658674e+00 -5.514564e-01 8.400000e+01
      vertex   3.535619e+00 -1.090594e+00 7.800000e+01
      vertex   3.658674e+00 -5.514564e-01 7.800000e+01
    endloop
  endfacet
  facet normal -0.000000e+00 0.000000e+00 1.000000e+00
    outer loop
      vertex   3.658674e+00 -5.514564e-01 7.800000e+01
      vertex   1.165785e+01 -9.922293e-01 7.800000e+01
      vertex   3.700000e+00 4.531193e-16 7.800000e+01
    endloop
  endfacet
  facet normal -0.000000e+00 0.000000e+00 1.000000e+00
    outer loop
      vertex   3.700000e+00 4.531193e-16 7.800000e+01
      vertex   1.165785e+01 -9.922293e-01 7.800000e+01
      vertex   1.170000e+01 1.432837e-15 7.800000e+01
    endloop
  endfacet
  facet normal 0.000000e+00 0.000000e+00 1.000000e+00
    outer loop
      vertex   3.700000e+00 4.531193e-16 7.800000e+01
      vertex   1.170000e+01 1.432837e-15 7.800000e+01
      vertex   1.165785e+01 9.922293e-01 7.800000e+01
    endloop
  endfacet
  facet normal -0.000000e+00 0.000000e+00 1.000000e+00
    outer loop
      vertex   3.535619e+00 -1.090594e+00 7.800000e+01
      vertex   1.132248e+01 -2.948143e+00 7.800000e+01
      vertex   3.658674e+00 -5.514564e-01 7.800000e+01
    endloop
  endfacet
  facet normal 0.000000e+00 0.000000e+00 1.000000e+00
    outer loop
      vertex   3.658674e+00 -5.514564e-01 7.800000e+01
      vertex   1.132248e+01 -2.948143e+00 7.800000e+01
      vertex   1.153171e+01 -1.977310e+00 7.800000e+01
    endloop
  endfacet
  facet normal 0.000000e+00 0.000000e+00 1.000000e+00
    outer loop
      vertex   3.658674e+00 -5.514564e-01 7.800000e+01
      vertex   1.153171e+01 -1.977310e+00 7.800000e+01
      vertex   1.165785e+01 -9.922293e-01 7.800000e+01
    endloop
  endfacet
  facet normal 0.000000e+00 0.000000e+00 1.000000e+00
    outer loop
      vertex   1.132248e+01 -2.948143e+00 7.800000e+01
      vertex   3.535619e+00 -1.090594e+00 7.800000e+01
      vertex   1.103167e+01 -3.897736e+00 7.800000e+01
    endloop
  endfacet
  facet normal 0.000000e+00 0.000000e+00 1.000000e+00
    outer loop
      vertex   1.103167e+01 -3.897736e+00 7.800000e+01
      vertex   3.535619e+00 -1.090594e+00 7.800000e+01
      vertex   3.333585e+00 -1.605370e+00 7.800000e+01
    endloop
  endfacet
  facet normal 0.000000e+00 0.000000e+00 1.000000e+00
    outer loop
      vertex   1.103167e+01 -3.897736e+00 7.800000e+01
      vertex   3.333585e+00 -1.605370e+00 7.800000e+01
      vertex   1.066137e+01 -4.819245e+00 7.800000e+01
    endloop
  endfacet
  facet normal 0.000000e+00 0.000000e+00 1.000000e+00
    outer loop
      vertex   1.066137e+01 -4.819245e+00 7.800000e+01
      vertex   3.333585e+00 -1.605370e+00 7.800000e+01
      vertex   1.021427e+01 -5.706031e+00 7.800000e+01
    endloop
  endfacet
  facet normal 0.000000e+00 0.000000e+00 1.000000e+00
    outer loop
      vertex   1.021427e+01 -5.706031e+00 7.800000e+01
      vertex   3.333585e+00 -1.605370e+00 7.800000e+01
      vertex   3.057083e+00 -2.084284e+00 7.800000e+01
    endloop
  endfacet
  facet normal 0.000000e+00 0.000000e+00 1.000000e+00
    outer loop
      vertex   1.021427e+01 -5.706031e+00 7.800000e+01
      vertex   3.057083e+00 -2.084284e+00 7.800000e+01
      vertex   9.693563e+00 -6.551705e+00 7.800000e+01
    endloop
  endfacet
  facet normal 0.000000e+00 0.000000e+00 1.000000e+00
    outer loop
      vertex   9.693563e+00 -6.551705e+00 7.800000e+01
      vertex   3.057083e+00 -2.084284e+00 7.800000e+01
      vertex   9.103018e+00 -7.350174e+00 7.800000e+01
    endloop
  endfacet
  facet normal 0.000000e+00 0.000000e+00 1.000000e+00
    outer loop
      vertex   9.103018e+00 -7.350174e+00 7.800000e+01
      vertex   3.057083e+00 -2.084284e+00 7.800000e+01
      vertex   2.712292e+00 -2.516639e+00 7.800000e+01
    endloop
  endfacet
  facet normal 0.000000e+00 0.000000e+00 1.000000e+00
    outer loop
      vertex   9.103018e+00 -7.350174e+00 7.800000e+01
      vertex   2.712292e+00 -2.516639e+00 7.800000e+01
      vertex   8.446886e+00 -8.095685e+00 7.800000e+01
    endloop
  endfacet
  facet normal 0.000000e+00 0.000000e+00 1.000000e+00
    outer loop
      vertex   8.446886e+00 -8.095685e+00 7.800000e+01
      vertex   2.712292e+00 -2.516639e+00 7.800000e+01
      vertex   7.729894e+00 -8.782866e+00 7.800000e+01
    endloop
  endfacet
  facet normal 0.000000e+00 0.000000e+00 1.000000e+00
    outer loop
      vertex   7.729894e+00 -8.782866e+00 7.800000e+01
      vertex   2.712292e+00 -2.516639e+00 7.800000e+01
      vertex   2.306912e+00 -2.892776e+00 7.800000e+01
    endloop
  endfacet
  facet normal 0.000000e+00 0.000000e+00 1.000000e+00
    outer loop
      vertex   7.729894e+00 -8.782866e+00 7.800000e+01
      vertex   2.306912e+00 -2.892776e+00 7.800000e+01
      vertex   6.957208e+00 -9.406766e+00 7.800000e+01
    endloop
  endfacet
  facet normal 0.000000e+00 0.000000e+00 1.000000e+00
    outer loop
      vertex   6.957208e+00 -9.406766e+00 7.800000e+01
      vertex   2.306912e+00 -2.892776e+00 7.800000e+01
      vertex   1.850000e+00 -3.204294e+00 7.800000e+01
    endloop
  endfacet
  facet normal 0.000000e+00 0.000000e+00 1.000000e+00
    outer loop
      vertex   6.957208e+00 -9.406766e+00 7.800000e+01
      vertex   1.850000e+00 -3.204294e+00 7.800000e+01
      vertex   6.134395e+00 -9.962891e+00 7.800000e+01
    endloop
  endfacet
  facet normal 0.000000e+00 0.000000e+00 1.000000e+00
    outer loop
      vertex   6.134395e+00 -9.962891e+00 7.800000e+01
      vertex   1.850000e+00 -3.204294e+00 7.800000e+01
      vertex   5.267384e+00 -1.044723e+01 7.800000e+01
    endloop
  endfacet
  facet normal 0.000000e+00 0.000000e+00 1.000000e+00
    outer loop
      vertex   5.267384e+00 -1.044723e+01 7.800000e+01
      vertex   1.850000e+00 -3.204294e+00 7.800000e+01
      vertex   1.351762e+00 -3.444233e+00 7.800000e+01
    endloop
  endfacet
  facet normal 0.000000e+00 0.000000e+00 1.000000e+00
    outer loop
      vertex   5.267384e+00 -1.044723e+01 7.800000e+01
      vertex   1.351762e+00 -3.444233e+00 7.800000e+01
      vertex   4.362421e+00 -1.085630e+01 7.800000e+01
    endloop
  endfacet
  facet normal 0.000000e+00 0.000000e+00 1.000000e+00
    outer loop
      vertex   4.362421e+00 -1.085630e+01 7.800000e+01
      vertex   1.351762e+00 -3.444233e+00 7.800000e+01
      vertex   3.426026e+00 -1.118715e+01 7.800000e+01
    endloop
  endfacet
  facet normal 0.000000e+00 0.000000e+00 1.000000e+00
    outer loop
      vertex   3.426026e+00 -1.118715e+01 7.800000e+01
      vertex   1.351762e+00 -3.444233e+00 7.800000e+01
      vertex   8.233275e-01 -3.607233e+00 7.800000e+01
    endloop
  endfacet
  facet normal 0.000000e+00 0.000000e+00 1.000000e+00
    outer loop
      vertex   3.426026e+00 -1.118715e+01 7.800000e+01
      vertex   8.233275e-01 -3.607233e+00 7.800000e+01
      vertex   2.464947e+00 -1.143740e+01 7.800000e+01
    endloop
  endfacet
  facet normal 0.000000e+00 0.000000e+00 1.000000e+00
    outer loop
      vertex   2.464947e+00 -1.143740e+01 7.800000e+01
      vertex   8.233275e-01 -3.607233e+00 7.800000e+01
      vertex   1.486108e+00 -1.160524e+01 7.800000e+01
    endloop
  endfacet
  facet normal 0.000000e+00 0.000000e+00 1.000000e+00
    outer loop
      vertex   1.486108e+00 -1.160524e+01 7.800000e+01
      vertex   8.233275e-01 -3.607233e+00 7.800000e+01
      vertex   2.765013e-01 -3.689654e+00 7.800000e+01
    endloop
  endfacet
  facet normal 0.000000e+00 0.000000e+00 1.000000e+00
    outer loop
      vertex   1.486108e+00 -1.160524e+01 7.800000e+01
      vertex   2.765013e-01 -3.689654e+00 7.800000e+01
      vertex   4.965621e-01 -1.168946e+01 7.800000e+01
    endloop
  endfacet
  facet normal 0.000000e+00 0.000000e+00 1.000000e+00
    outer loop
      vertex   4.965621e-01 -1.168946e+01 7.800000e+01
      vertex   2.765013e-01 -3.689654e+00 7.800000e+01
      vertex   -2.765013e-01 -3.689654e+00 7.800000e+01
    endloop
  endfacet
  facet normal 0.000000e+00 0.000000e+00 1.000000e+00
    outer loop
      vertex   4.965621e-01 -1.168946e+01 7.800000e+01
      vertex   -2.765013e-01 -3.689654e+00 7.800000e+01
      vertex   -4.965621e-01 -1.168946e+01 7.800000e+01
    endloop
  endfacet
  facet normal 0.000000e+00 -0.000000e+00 1.000000e+00
    outer loop
      vertex   -4.965621e-01 -1.168946e+01 7.800000e+01
      vertex   -2.765013e-01 -3.689654e+00 7.800000e+01
      vertex   -1.486108e+00 -1.160524e+01 7.800000e+01
    endloop
  endfacet
  facet normal 0.000000e+00 0.000000e+00 1.000000e+00
    outer loop
      vertex   -1.486108e+00 -1.160524e+01 7.800000e+01
      vertex   -2.765013e-01 -3.689654e+00 7.800000e+01
      vertex   -8.233275e-01 -3.607233e+00 7.800000e+01
    endloop
  endfacet
  facet normal 0.000000e+00 -0.000000e+00 1.000000e+00
    outer loop
      vertex   -1.486108e+00 -1.160524e+01 7.800000e+01
      vertex   -8.233275e-01 -3.607233e+00 7.800000e+01
      vertex   -2.464947e+00 -1.143740e+01 7.800000e+01
    endloop
  endfacet
  facet normal 0.000000e+00 -0.000000e+00 1.000000e+00
    outer loop
      vertex   -2.464947e+00 -1.143740e+01 7.800000e+01
      vertex   -8.233275e-01 -3.607233e+00 7.800000e+01
      vertex   -3.426026e+00 -1.118715e+01 7.800000e+01
    endloop
  endfacet
  facet normal 0.000000e+00 0.000000e+00 1.000000e+00
    outer loop
      vertex   -3.426026e+00 -1.118715e+01 7.800000e+01
      vertex   -8.233275e-01 -3.607233e+00 7.800000e+01
      vertex   -1.351762e+00 -3.444233e+00 7.800000e+01
    endloop
  endfacet
  facet normal 0.000000e+00 -0.000000e+00 1.000000e+00
    outer loop
      vertex   -3.426026e+00 -1.118715e+01 7.800000e+01
      vertex   -1.351762e+00 -3.444233e+00 7.800000e+01
      vertex   -4.362421e+00 -1.085630e+01 7.800000e+01
    endloop
  endfacet
  facet normal 0.000000e+00 -0.000000e+00 1.000000e+00
    outer loop
      vertex   -4.362421e+00 -1.085630e+01 7.800000e+01
      vertex   -1.351762e+00 -3.444233e+00 7.800000e+01
      vertex   -5.267384e+00 -1.044723e+01 7.800000e+01
    endloop
  endfacet
  facet normal 0.000000e+00 0.000000e+00 1.000000e+00
    outer loop
      vertex   -5.267384e+00 -1.044723e+01 7.800000e+01
      vertex   -1.351762e+00 -3.444233e+00 7.800000e+01
      vertex   -1.850000e+00 -3.204294e+00 7.800000e+01
    endloop
  endfacet
  facet normal 0.000000e+00 -0.000000e+00 1.000000e+00
    outer loop
      vertex   -5.267384e+00 -1.044723e+01 7.800000e+01
      vertex   -1.850000e+00 -3.204294e+00 7.800000e+01
      vertex   -6.134395e+00 -9.962891e+00 7.800000e+01
    endloop
  endfacet
  facet normal 0.000000e+00 -0.000000e+00 1.000000e+00
    outer loop
      vertex   -6.134395e+00 -9.962891e+00 7.800000e+01
      vertex   -1.850000e+00 -3.204294e+00 7.800000e+01
      vertex   -6.957208e+00 -9.406766e+00 7.800000e+01
    endloop
  endfacet
  facet normal 0.000000e+00 0.000000e+00 1.000000e+00
    outer loop
      vertex   -6.957208e+00 -9.406766e+00 7.800000e+01
      vertex   -1.850000e+00 -3.204294e+00 7.800000e+01
      vertex   -2.306912e+00 -2.892776e+00 7.800000e+01
    endloop
  endfacet
  facet normal 0.000000e+00 -0.000000e+00 1.000000e+00
    outer loop
      vertex   -6.957208e+00 -9.406766e+00 7.800000e+01
      vertex   -2.306912e+00 -2.892776e+00 7.800000e+01
      vertex   -7.729894e+00 -8.782866e+00 7.800000e+01
    endloop
  endfacet
  facet normal 0.000000e+00 0.000000e+00 1.000000e+00
    outer loop
      vertex   -7.729894e+00 -8.782866e+00 7.800000e+01
      vertex   -2.306912e+00 -2.892776e+00 7.800000e+01
      vertex   -2.712292e+00 -2.516639e+00 7.800000e+01
    endloop
  endfacet
  facet normal 0.000000e+00 -0.000000e+00 1.000000e+00
    outer loop
      vertex   -7.729894e+00 -8.782866e+00 7.800000e+01
      vertex   -2.712292e+00 -2.516639e+00 7.800000e+01
      vertex   -8.446886e+00 -8.095685e+00 7.800000e+01
    endloop
  endfacet
  facet normal 0.000000e+00 -0.000000e+00 1.000000e+00
    outer loop
      vertex   -8.446886e+00 -8.095685e+00 7.800000e+01
      vertex   -2.712292e+00 -2.516639e+00 7.800000e+01
      vertex   -9.103018e+00 -7.350174e+00 7.800000e+01
    endloop
  endfacet
  facet normal 0.000000e+00 0.000000e+00 1.000000e+00
    outer loop
      vertex   -9.103018e+00 -7.350174e+00 7.800000e+01
      vertex   -2.712292e+00 -2.516639e+00 7.800000e+01
      vertex   -3.057083e+00 -2.084284e+00 7.800000e+01
    endloop
  endfacet
  facet normal 0.000000e+00 -0.000000e+00 1.000000e+00
    outer loop
      vertex   -9.103018e+00 -7.350174e+00 7.800000e+01
      vertex   -3.057083e+00 -2.084284e+00 7.800000e+01
      vertex   -9.693563e+00 -6.551705e+00 7.800000e+01
    endloop
  endfacet
  facet normal 0.000000e+00 -0.000000e+00 1.000000e+00
    outer loop
      vertex   -9.693563e+00 -6.551705e+00 7.800000e+01
      vertex   -3.057083e+00 -2.084284e+00 7.800000e+01
      vertex   -1.021427e+01 -5.706031e+00 7.800000e+01
    endloop
  endfacet
  facet normal 0.000000e+00 0.000000e+00 1.000000e+00
    outer loop
      vertex   -1.021427e+01 -5.706031e+00 7.800000e+01
      vertex   -3.057083e+00 -2.084284e+00 7.800000e+01
      vertex   -3.333585e+00 -1.605370e+00 7.800000e+01
    endloop
  endfacet
  facet normal 0.000000e+00 -0.000000e+00 1.000000e+00
    outer loop
      vertex   -1.021427e+01 -5.706031e+00 7.800000e+01
      vertex   -3.333585e+00 -1.605370e+00 7.800000e+01
      vertex   -1.066137e+01 -4.819245e+00 7.800000e+01
    endloop
  endfacet
  facet normal 0.000000e+00 -0.000000e+00 1.000000e+00
    outer loop
      vertex   -1.066137e+01 -4.819245e+00 7.800000e+01
      vertex   -3.333585e+00 -1.605370e+00 7.800000e+01
      vertex   -1.103167e+01 -3.897736e+00 7.800000e+01
    endloop
  endfacet
  facet normal 0.000000e+00 0.000000e+00 1.000000e+00
    outer loop
      vertex   -1.103167e+01 -3.897736e+00 7.800000e+01
      vertex   -3.333585e+00 -1.605370e+00 7.800000e+01
      vertex   -3.535619e+00 -1.090594e+00 7.800000e+01
    endloop
  endfacet
  facet normal 0.000000e+00 -0.000000e+00 1.000000e+00
    outer loop
      vertex   -1.103167e+01 -3.897736e+00 7.800000e+01
      vertex   -3.535619e+00 -1.090594e+00 7.800000e+01
      vertex   -1.132248e+01 -2.948143e+00 7.800000e+01
    endloop
  endfacet
  facet normal 0.000000e+00 0.000000e+00 1.000000e+00
    outer loop
      vertex   -1.132248e+01 -2.948143e+00 7.800000e+01
      vertex   -3.535619e+00 -1.090594e+00 7.800000e+01
      vertex   -3.658674e+00 -5.514564e-01 7.800000e+01
    endloop
  endfacet
  facet normal 0.000000e+00 -0.000000e+00 1.000000e+00
    outer loop
      vertex   -1.132248e+01 -2.948143e+00 7.800000e+01
      vertex   -3.658674e+00 -5.514564e-01 7.800000e+01
      vertex   -1.153171e+01 -1.977310e+00 7.800000e+01
    endloop
  endfacet
  facet normal 0.000000e+00 -0.000000e+00 1.000000e+00
    outer loop
      vertex   -1.153171e+01 -1.977310e+00 7.800000e+01
      vertex   -3.658674e+00 -5.514564e-01 7.800000e+01
      vertex   -1.165785e+01 -9.922293e-01 7.800000e+01
    endloop
  endfacet
  facet normal 0.000000e+00 0.000000e+00 1.000000e+00
    outer loop
      vertex   -1.165785e+01 -9.922293e-01 7.800000e+01
      vertex   -3.658674e+00 -5.514564e-01 7.800000e+01
      vertex   -3.700000e+00 0.000000e+00 7.800000e+01
    endloop
  endfacet
  facet normal 0.000000e+00 -0.000000e+00 1.000000e+00
    outer loop
      vertex   -1.165785e+01 -9.922293e-01 7.800000e+01
      vertex   -3.700000e+00 0.000000e+00 7.800000e+01
      vertex   -1.170000e+01 0.000000e+00 7.800000e+01
    endloop
  endfacet
  facet normal 0.000000e+00 0.000000e+00 1.000000e+00
    outer loop
      vertex   -1.170000e+01 0.000000e+00 7.800000e+01
      vertex   -3.700000e+00 0.000000e+00 7.800000e+01
      vertex   -1.165785e+01 9.922293e-01 7.800000e+01
    endloop
  endfacet
  facet normal 0.000000e+00 0.000000e+00 1.000000e+00
    outer loop
      vertex   -1.165785e+01 9.922293e-01 7.800000e+01
      vertex   -3.700000e+00 0.000000e+00 7.800000e+01
      vertex   -3.658674e+00 5.514564e-01 7.800000e+01
    endloop
  endfacet
  facet normal -0.000000e+00 0.000000e+00 1.000000e+00
    outer loop
      vertex   -1.165785e+01 9.922293e-01 7.800000e+01
      vertex   -3.658674e+00 5.514564e-01 7.800000e+01
      vertex   -1.153171e+01 1.977310e+00 7.800000e+01
    endloop
  endfacet
  facet normal -0.000000e+00 0.000000e+00 1.000000e+00
    outer loop
      vertex   -1.153171e+01 1.977310e+00 7.800000e+01
      vertex   -3.658674e+00 5.514564e-01 7.800000e+01
      vertex   -1.132248e+01 2.948143e+00 7.800000e+01
    endloop
  endfacet
  facet normal 0.000000e+00 0.000000e+00 1.000000e+00
    outer loop
      vertex   -1.132248e+01 2.948143e+00 7.800000e+01
      vertex   -3.658674e+00 5.514564e-01 7.800000e+01
      vertex   -3.535619e+00 1.090594e+00 7.800000e+01
    endloop
  endfacet
  facet normal -0.000000e+00 0.000000e+00 1.000000e+00
    outer loop
      vertex   -1.132248e+01 2.948143e+00 7.800000e+01
      vertex   -3.535619e+00 1.090594e+00 7.800000e+01
      vertex   -1.103167e+01 3.897736e+00 7.800000e+01
    endloop
  endfacet
  facet normal 0.000000e+00 0.000000e+00 1.000000e+00
    outer loop
      vertex   -1.103167e+01 3.897736e+00 7.800000e+01
      vertex   -3.535619e+00 1.090594e+00 7.800000e+01
      vertex   -3.333585e+00 1.605370e+00 7.800000e+01
    endloop
  endfacet
  facet normal -0.000000e+00 0.000000e+00 1.000000e+00
    outer loop
      vertex   -1.103167e+01 3.897736e+00 7.800000e+01
      vertex   -3.333585e+00 1.605370e+00 7.800000e+01
      vertex   -1.066137e+01 4.819245e+00 7.800000e+01
    endloop
  endfacet
  facet normal -0.000000e+00 0.000000e+00 1.000000e+00
    outer loop
      vertex   -1.066137e+01 4.819245e+00 7.800000e+01
      vertex   -3.333585e+00 1.605370e+00 7.800000e+01
      vertex   -1.021427e+01 5.706031e+00 7.800000e+01
    endloop
  endfacet
  facet normal 0.000000e+00 0.000000e+00 1.000000e+00
    outer loop
      vertex   -1.021427e+01 5.706031e+00 7.800000e+01
      vertex   -3.333585e+00 1.605370e+00 7.800000e+01
      vertex   -3.057083e+00 2.084284e+00 7.800000e+01
    endloop
  endfacet
  facet normal -0.000000e+00 0.000000e+00 1.000000e+00
    outer loop
      vertex   -1.021427e+01 5.706031e+00 7.800000e+01
      vertex   -3.057083e+00 2.084284e+00 7.800000e+01
      vertex   -9.693563e+00 6.551705e+00 7.800000e+01
    endloop
  endfacet
  facet normal -0.000000e+00 0.000000e+00 1.000000e+00
    outer loop
      vertex   -9.693563e+00 6.551705e+00 7.800000e+01
      vertex   -3.057083e+00 2.084284e+00 7.800000e+01
      vertex   -9.103018e+00 7.350174e+00 7.800000e+01
    endloop
  endfacet
  facet normal 0.000000e+00 0.000000e+00 1.000000e+00
    outer loop
      vertex   -9.103018e+00 7.350174e+00 7.800000e+01
      vertex   -3.057083e+00 2.084284e+00 7.800000e+01
      vertex   -2.712292e+00 2.516639e+00 7.800000e+01
    endloop
  endfacet
  facet normal -0.000000e+00 0.000000e+00 1.000000e+00
    outer loop
      vertex   -9.103018e+00 7.350174e+00 7.800000e+01
      vertex   -2.712292e+00 2.516639e+00 7.800000e+01
      vertex   -8.446886e+00 8.095685e+00 7.800000e+01
    endloop
  endfacet
  facet normal -0.000000e+00 0.000000e+00 1.000000e+00
    outer loop
      vertex   -8.446886e+00 8.095685e+00 7.800000e+01
      vertex   -2.712292e+00 2.516639e+00 7.800000e+01
      vertex   -7.729894e+00 8.782866e+00 7.800000e+01
    endloop
  endfacet
  facet normal 0.000000e+00 0.000000e+00 1.000000e+00
    outer loop
      vertex   -7.729894e+00 8.782866e+00 7.800000e+01
      vertex   -2.712292e+00 2.516639e+00 7.800000e+01
      vertex   -2.306912e+00 2.892776e+00 7.800000e+01
    endloop
  endfacet
  facet normal -0.000000e+00 0.000000e+00 1.000000e+00
    outer loop
      vertex   -7.729894e+00 8.782866e+00 7.800000e+01
      vertex   -2.306912e+00 2.892776e+00 7.800000e+01
      vertex   -6.957208e+00 9.406766e+00 7.800000e+01
    endloop
  endfacet
  facet normal 0.000000e+00 0.000000e+00 1.000000e+00
    outer loop
      vertex   -6.957208e+00 9.406766e+00 7.800000e+01
      vertex   -2.306912e+00 2.892776e+00 7.800000e+01
      vertex   -1.850000e+00 3.204294e+00 7.800000e+01
    endloop
  endfacet
  facet normal -0.000000e+00 0.000000e+00 1.000000e+00
    outer loop
      vertex   -6.957208e+00 9.406766e+00 7.800000e+01
      vertex   -1.850000e+00 3.204294e+00 7.800000e+01
      vertex   -6.134395e+00 9.962891e+00 7.800000e+01
    endloop
  endfacet
  facet normal -0.000000e+00 0.000000e+00 1.000000e+00
    outer loop
      vertex   -6.134395e+00 9.962891e+00 7.800000e+01
      vertex   -1.850000e+00 3.204294e+00 7.800000e+01
      vertex   -5.267384e+00 1.044723e+01 7.800000e+01
    endloop
  endfacet
  facet normal 0.000000e+00 0.000000e+00 1.000000e+00
    outer loop
      vertex   -5.267384e+00 1.044723e+01 7.800000e+01
      vertex   -1.850000e+00 3.204294e+00 7.800000e+01
      vertex   -1.351762e+00 3.444233e+00 7.800000e+01
    endloop
  endfacet
  facet normal -0.000000e+00 0.000000e+00 1.000000e+00
    outer loop
      vertex   -5.267384e+00 1.044723e+01 7.800000e+01
      vertex   -1.351762e+00 3.444233e+00 7.800000e+01
      vertex   -4.362421e+00 1.085630e+01 7.800000e+01
    endloop
  endfacet
  facet normal -0.000000e+00 0.000000e+00 1.000000e+00
    outer loop
      vertex   -4.362421e+00 1.085630e+01 7.800000e+01
      vertex   -1.351762e+00 3.444233e+00 7.800000e+01
      vertex   -3.426026e+00 1.118715e+01 7.800000e+01
    endloop
  endfacet
  facet normal 0.000000e+00 0.000000e+00 1.000000e+00
    outer loop
      vertex   -3.426026e+00 1.118715e+01 7.800000e+01
      vertex   -1.351762e+00 3.444233e+00 7.800000e+01
      vertex   -8.233275e-01 3.607233e+00 7.800000e+01
    endloop
  endfacet
  facet normal -0.000000e+00 0.000000e+00 1.000000e+00
    outer loop
      vertex   -3.426026e+00 1.118715e+01 7.800000e+01
      vertex   -8.233275e-01 3.607233e+00 7.800000e+01
      vertex   -2.464947e+00 1.143740e+01 7.800000e+01
    endloop
  endfacet
  facet normal -0.000000e+00 0.000000e+00 1.000000e+00
    outer loop
      vertex   -2.464947e+00 1.143740e+01 7.800000e+01
      vertex   -8.233275e-01 3.607233e+00 7.800000e+01
      vertex   -1.486108e+00 1.160524e+01 7.800000e+01
    endloop
  endfacet
  facet normal 0.000000e+00 0.000000e+00 1.000000e+00
    outer loop
      vertex   -1.486108e+00 1.160524e+01 7.800000e+01
      vertex   -8.233275e-01 3.607233e+00 7.800000e+01
      vertex   -2.765013e-01 3.689654e+00 7.800000e+01
    endloop
  endfacet
  facet normal -0.000000e+00 0.000000e+00 1.000000e+00
    outer loop
      vertex   -1.486108e+00 1.160524e+01 7.800000e+01
      vertex   -2.765013e-01 3.689654e+00 7.800000e+01
      vertex   -4.965621e-01 1.168946e+01 7.800000e+01
    endloop
  endfacet
  facet normal 0.000000e+00 0.000000e+00 1.000000e+00
    outer loop
      vertex   -4.965621e-01 1.168946e+01 7.800000e+01
      vertex   -2.765013e-01 3.689654e+00 7.800000e+01
      vertex   2.765013e-01 3.689654e+00 7.800000e+01
    endloop
  endfacet
  facet normal -0.000000e+00 0.000000e+00 1.000000e+00
    outer loop
      vertex   -4.965621e-01 1.168946e+01 7.800000e+01
      vertex   2.765013e-01 3.689654e+00 7.800000e+01
      vertex   4.965621e-01 1.168946e+01 7.800000e+01
    endloop
  endfacet
  facet normal 0.000000e+00 0.000000e+00 1.000000e+00
    outer loop
      vertex   4.965621e-01 1.168946e+01 7.800000e+01
      vertex   2.765013e-01 3.689654e+00 7.800000e+01
      vertex   1.486108e+00 1.160524e+01 7.800000e+01
    endloop
  endfacet
  facet normal 0.000000e+00 0.000000e+00 1.000000e+00
    outer loop
      vertex   1.486108e+00 1.160524e+01 7.800000e+01
      vertex   2.765013e-01 3.689654e+00 7.800000e+01
      vertex   8.233275e-01 3.607233e+00 7.800000e+01
    endloop
  endfacet
  facet normal 0.000000e+00 0.000000e+00 1.000000e+00
    outer loop
      vertex   1.486108e+00 1.160524e+01 7.800000e+01
      vertex   8.233275e-01 3.607233e+00 7.800000e+01
      vertex   2.464947e+00 1.143740e+01 7.800000e+01
    endloop
  endfacet
  facet normal 0.000000e+00 0.000000e+00 1.000000e+00
    outer loop
      vertex   2.464947e+00 1.143740e+01 7.800000e+01
      vertex   8.233275e-01 3.607233e+00 7.800000e+01
      vertex   3.426026e+00 1.118715e+01 7.800000e+01
    endloop
  endfacet
  facet normal 0.000000e+00 0.000000e+00 1.000000e+00
    outer loop
      vertex   3.426026e+00 1.118715e+01 7.800000e+01
      vertex   8.233275e-01 3.607233e+00 7.800000e+01
      vertex   1.351762e+00 3.444233e+00 7.800000e+01
    endloop
  endfacet
  facet normal 0.000000e+00 0.000000e+00 1.000000e+00
    outer loop
      vertex   3.426026e+00 1.118715e+01 7.800000e+01
      vertex   1.351762e+00 3.444233e+00 7.800000e+01
      vertex   4.362421e+00 1.085630e+01 7.800000e+01
    endloop
  endfacet
  facet normal 0.000000e+00 0.000000e+00 1.000000e+00
    outer loop
      vertex   4.362421e+00 1.085630e+01 7.800000e+01
      vertex   1.351762e+00 3.444233e+00 7.800000e+01
      vertex   5.267384e+00 1.044723e+01 7.800000e+01
    endloop
  endfacet
  facet normal 0.000000e+00 0.000000e+00 1.000000e+00
    outer loop
      vertex   5.267384e+00 1.044723e+01 7.800000e+01
      vertex   1.351762e+00 3.444233e+00 7.800000e+01
      vertex   1.850000e+00 3.204294e+00 7.800000e+01
    endloop
  endfacet
  facet normal 0.000000e+00 0.000000e+00 1.000000e+00
    outer loop
      vertex   5.267384e+00 1.044723e+01 7.800000e+01
      vertex   1.850000e+00 3.204294e+00 7.800000e+01
      vertex   6.134395e+00 9.962891e+00 7.800000e+01
    endloop
  endfacet
  facet normal 0.000000e+00 0.000000e+00 1.000000e+00
    outer loop
      vertex   6.134395e+00 9.962891e+00 7.800000e+01
      vertex   1.850000e+00 3.204294e+00 7.800000e+01
      vertex   6.957208e+00 9.406766e+00 7.800000e+01
    endloop
  endfacet
  facet normal 0.000000e+00 0.000000e+00 1.000000e+00
    outer loop
      vertex   6.957208e+00 9.406766e+00 7.800000e+01
      vertex   1.850000e+00 3.204294e+00 7.800000e+01
      vertex   2.306912e+00 2.892776e+00 7.800000e+01
    endloop
  endfacet
  facet normal 0.000000e+00 0.000000e+00 1.000000e+00
    outer loop
      vertex   6.957208e+00 9.406766e+00 7.800000e+01
      vertex   2.306912e+00 2.892776e+00 7.800000e+01
      vertex   7.729894e+00 8.782866e+00 7.800000e+01
    endloop
  endfacet
  facet normal 0.000000e+00 0.000000e+00 1.000000e+00
    outer loop
      vertex   7.729894e+00 8.782866e+00 7.800000e+01
      vertex   2.306912e+00 2.892776e+00 7.800000e+01
      vertex   2.712292e+00 2.516639e+00 7.800000e+01
    endloop
  endfacet
  facet normal 0.000000e+00 0.000000e+00 1.000000e+00
    outer loop
      vertex   7.729894e+00 8.782866e+00 7.800000e+01
      vertex   2.712292e+00 2.516639e+00 7.800000e+01
      vertex   8.446886e+00 8.095685e+00 7.800000e+01
    endloop
  endfacet
  facet normal 0.000000e+00 0.000000e+00 1.000000e+00
    outer loop
      vertex   8.446886e+00 8.095685e+00 7.800000e+01
      vertex   2.712292e+00 2.516639e+00 7.800000e+01
      vertex   9.103018e+00 7.350174e+00 7.800000e+01
    endloop
  endfacet
  facet normal 0.000000e+00 0.000000e+00 1.000000e+00
    outer loop
      vertex   9.103018e+00 7.350174e+00 7.800000e+01
      vertex   2.712292e+00 2.516639e+00 7.800000e+01
      vertex   3.057083e+00 2.084284e+00 7.800000e+01
    endloop
  endfacet
  facet normal 0.000000e+00 0.000000e+00 1.000000e+00
    outer loop
      vertex   9.103018e+00 7.350174e+00 7.800000e+01
      vertex   3.057083e+00 2.084284e+00 7.800000e+01
      vertex   9.693563e+00 6.551705e+00 7.800000e+01
    endloop
  endfacet
  facet normal 0.000000e+00 0.000000e+00 1.000000e+00
    outer loop
      vertex   9.693563e+00 6.551705e+00 7.800000e+01
      vertex   3.057083e+00 2.084284e+00 7.800000e+01
      vertex   1.021427e+01 5.706031e+00 7.800000e+01
    endloop
  endfacet
  facet normal 0.000000e+00 0.000000e+00 1.000000e+00
    outer loop
      vertex   1.021427e+01 5.706031e+00 7.800000e+01
      vertex   3.057083e+00 2.084284e+00 7.800000e+01
      vertex   3.333585e+00 1.605370e+00 7.800000e+01
    endloop
  endfacet
  facet normal 0.000000e+00 0.000000e+00 1.000000e+00
    outer loop
      vertex   1.021427e+01 5.706031e+00 7.800000e+01
      vertex   3.333585e+00 1.605370e+00 7.800000e+01
      vertex   1.066137e+01 4.819245e+00 7.800000e+01
    endloop
  endfacet
  facet normal 0.000000e+00 0.000000e+00 1.000000e+00
    outer loop
      vertex   1.066137e+01 4.819245e+00 7.800000e+01
      vertex   3.333585e+00 1.605370e+00 7.800000e+01
      vertex   1.103167e+01 3.897736e+00 7.800000e+01
    endloop
  endfacet
  facet normal 0.000000e+00 0.000000e+00 1.000000e+00
    outer loop
      vertex   1.103167e+01 3.897736e+00 7.800000e+01
      vertex   3.333585e+00 1.605370e+00 7.800000e+01
      vertex   3.535619e+00 1.090594e+00 7.800000e+01
    endloop
  endfacet
  facet normal 0.000000e+00 0.000000e+00 1.000000e+00
    outer loop
      vertex   1.103167e+01 3.897736e+00 7.800000e+01
      vertex   3.535619e+00 1.090594e+00 7.800000e+01
      vertex   1.132248e+01 2.948143e+00 7.800000e+01
    endloop
  endfacet
  facet normal 0.000000e+00 0.000000e+00 1.000000e+00
    outer loop
      vertex   1.132248e+01 2.948143e+00 7.800000e+01
      vertex   3.535619e+00 1.090594e+00 7.800000e+01
      vertex   3.658674e+00 5.514564e-01 7.800000e+01
    endloop
  endfacet
  facet normal 0.000000e+00 0.000000e+00 1.000000e+00
    outer loop
      vertex   1.132248e+01 2.948143e+00 7.800000e+01
      vertex   3.658674e+00 5.514564e-01 7.800000e+01
      vertex   1.153171e+01 1.977310e+00 7.800000e+01
    endloop
  endfacet
  facet normal 0.000000e+00 0.000000e+00 1.000000e+00
    outer loop
      vertex   1.153171e+01 1.977310e+00 7.800000e+01
      vertex   3.658674e+00 5.514564e-01 7.800000e+01
      vertex   1.165785e+01 9.922293e-01 7.800000e+01
    endloop
  endfacet
  facet normal 0.000000e+00 0.000000e+00 1.000000e+00
    outer loop
      vertex   1.165785e+01 9.922293e-01 7.800000e+01
      vertex   3.658674e+00 5.514564e-01 7.800000e+01
      vertex   3.700000e+00 4.531193e-16 7.800000e+01
    endloop
  endfacet
  facet normal -9.990990e-01 4.244120e-02 0.000000e+00
    outer loop
      vertex   1.165785e+01 -9.922293e-01 7.800000e+01
      vertex   1.165785e+01 -9.922293e-01 7.900000e+01
      vertex   1.170000e+01 1.432837e-15 7.800000e+01
    endloop
  endfacet
  facet normal -9.990990e-01 4.244120e-02 0.000000e+00
    outer loop
      vertex   1.170000e+01 1.432837e-15 7.800000e+01
      vertex   1.165785e+01 -9.922293e-01 7.900000e+01
      vertex   1.170000e+01 1.432837e-15 7.900000e+01
    endloop
  endfacet
  facet normal -9.990990e-01 -4.244120e-02 0.000000e+00
    outer loop
      vertex   1.170000e+01 1.432837e-15 7.800000e+01
      vertex   1.170000e+01 1.432837e-15 7.900000e+01
      vertex   1.165785e+01 9.922293e-01 7.800000e+01
    endloop
  endfacet
  facet normal -9.990990e-01 -4.244120e-02 0.000000e+00
    outer loop
      vertex   1.165785e+01 9.922293e-01 7.800000e+01
      vertex   1.170000e+01 1.432837e-15 7.900000e+01
      vertex   1.165785e+01 9.922293e-01 7.900000e+01
    endloop
  endfacet
  facet normal -9.919004e-01 -1.270178e-01 0.000000e+00
    outer loop
      vertex   1.165785e+01 9.922293e-01 7.800000e+01
      vertex   1.165785e+01 9.922293e-01 7.900000e+01
      vertex   1.153171e+01 1.977310e+00 7.800000e+01
    endloop
  endfacet
  facet normal -9.919004e-01 -1.270178e-01 0.000000e+00
    outer loop
      vertex   1.153171e+01 1.977310e+00 7.800000e+01
      vertex   1.165785e+01 9.922293e-01 7.900000e+01
      vertex   1.153171e+01 1.977310e+00 7.900000e+01
    endloop
  endfacet
  facet normal -9.775552e-01 -2.106793e-01 0.000000e+00
    outer loop
      vertex   1.153171e+01 1.977310e+00 7.800000e+01
      vertex   1.153171e+01 1.977310e+00 7.900000e+01
      vertex   1.132248e+01 2.948143e+00 7.800000e+01
    endloop
  endfacet
  facet normal -9.775552e-01 -2.106793e-01 0.000000e+00
    outer loop
      vertex   1.132248e+01 2.948143e+00 7.800000e+01
      vertex   1.153171e+01 1.977310e+00 7.900000e+01
      vertex   1.132248e+01 2.948143e+00 7.900000e+01
    endloop
  endfacet
  facet normal -9.561667e-01 -2.928228e-01 0.000000e+00
    outer loop
      vertex   1.132248e+01 2.948143e+00 7.800000e+01
      vertex   1.132248e+01 2.948143e+00 7.900000e+01
      vertex   1.103167e+01 3.897736e+00 7.800000e+01
    endloop
  endfacet
  facet normal -9.561667e-01 -2.928228e-01 0.000000e+00
    outer loop
      vertex   1.103167e+01 3.897736e+00 7.800000e+01
      vertex   1.132248e+01 2.948143e+00 7.900000e+01
      vertex   1.103167e+01 3.897736e+00 7.900000e+01
    endloop
  endfacet
  facet normal -9.278890e-01 -3.728565e-01 0.000000e+00
    outer loop
      vertex   1.103167e+01 3.897736e+00 7.800000e+01
      vertex   1.103167e+01 3.897736e+00 7.900000e+01
      vertex   1.066137e+01 4.819245e+00 7.800000e+01
    endloop
  endfacet
  facet normal -9.278890e-01 -3.728565e-01 0.000000e+00
    outer loop
      vertex   1.066137e+01 4.819245e+00 7.800000e+01
      vertex   1.103167e+01 3.897736e+00 7.900000e+01
      vertex   1.066137e+01 4.819245e+00 7.900000e+01
    endloop
  endfacet
  facet normal -8.929259e-01 -4.502037e-01 0.000000e+00
    outer loop
      vertex   1.066137e+01 4.819245e+00 7.800000e+01
      vertex   1.066137e+01 4.819245e+00 7.900000e+01
      vertex   1.021427e+01 5.706031e+00 7.800000e+01
    endloop
  endfacet
  facet normal -8.929259e-01 -4.502037e-01 0.000000e+00
    outer loop
      vertex   1.021427e+01 5.706031e+00 7.800000e+01
      vertex   1.066137e+01 4.819245e+00 7.900000e+01
      vertex   1.021427e+01 5.706031e+00 7.900000e+01
    endloop
  endfacet
  facet normal -8.515291e-01 -5.243073e-01 0.000000e+00
    outer loop
      vertex   1.021427e+01 5.706031e+00 7.800000e+01
      vertex   1.021427e+01 5.706031e+00 7.900000e+01
      vertex   9.693563e+00 6.551705e+00 7.800000e+01
    endloop
  endfacet
  facet normal -8.515291e-01 -5.243073e-01 0.000000e+00
    outer loop
      vertex   9.693563e+00 6.551705e+00 7.800000e+01
      vertex   1.021427e+01 5.706031e+00 7.900000e+01
      vertex   9.693563e+00 6.551705e+00 7.900000e+01
    endloop
  endfacet
  facet normal -8.039971e-01 -5.946332e-01 0.000000e+00
    outer loop
      vertex   9.693563e+00 6.551705e+00 7.800000e+01
      vertex   9.693563e+00 6.551705e+00 7.900000e+01
      vertex   9.103018e+00 7.350174e+00 7.800000e+01
    endloop
  endfacet
  facet normal -8.039971e-01 -5.946332e-01 0.000000e+00
    outer loop
      vertex   9.103018e+00 7.350174e+00 7.800000e+01
      vertex   9.693563e+00 6.551705e+00 7.900000e+01
      vertex   9.103018e+00 7.350174e+00 7.900000e+01
    endloop
  endfacet
  facet normal -7.506723e-01 -6.606747e-01 0.000000e+00
    outer loop
      vertex   9.103018e+00 7.350174e+00 7.800000e+01
      vertex   9.103018e+00 7.350174e+00 7.900000e+01
      vertex   8.446886e+00 8.095685e+00 7.800000e+01
    endloop
  endfacet
  facet normal -7.506723e-01 -6.606747e-01 0.000000e+00
    outer loop
      vertex   8.446886e+00 8.095685e+00 7.800000e+01
      vertex   9.103018e+00 7.350174e+00 7.900000e+01
      vertex   8.446886e+00 8.095685e+00 7.900000e+01
    endloop
  endfacet
  facet normal -6.919389e-01 -7.219561e-01 0.000000e+00
    outer loop
      vertex   8.446886e+00 8.095685e+00 7.800000e+01
      vertex   8.446886e+00 8.095685e+00 7.900000e+01
      vertex   7.729894e+00 8.782866e+00 7.800000e+01
    endloop
  endfacet
  facet normal -6.919389e-01 -7.219561e-01 0.000000e+00
    outer loop
      vertex   7.729894e+00 8.782866e+00 7.800000e+01
      vertex   8.446886e+00 8.095685e+00 7.900000e+01
      vertex   7.729894e+00 8.782866e+00 7.900000e+01
    endloop
  endfacet
  facet normal -6.282200e-01 -7.780358e-01 0.000000e+00
    outer loop
      vertex   7.729894e+00 8.782866e+00 7.800000e+01
      vertex   7.729894e+00 8.782866e+00 7.900000e+01
      vertex   6.957208e+00 9.406766e+00 7.800000e+01
    endloop
  endfacet
  facet normal -6.282200e-01 -7.780358e-01 0.000000e+00
    outer loop
      vertex   6.957208e+00 9.406766e+00 7.800000e+01
      vertex   7.729894e+00 8.782866e+00 7.900000e+01
      vertex   6.957208e+00 9.406766e+00 7.900000e+01
    endloop
  endfacet
  facet normal -5.599748e-01 -8.285096e-01 0.000000e+00
    outer loop
      vertex   6.957208e+00 9.406766e+00 7.800000e+01
      vertex   6.957208e+00 9.406766e+00 7.900000e+01
      vertex   6.134395e+00 9.962891e+00 7.800000e+01
    endloop
  endfacet
  facet normal -5.599748e-01 -8.285096e-01 0.000000e+00
    outer loop
      vertex   6.134395e+00 9.962891e+00 7.800000e+01
      vertex   6.957208e+00 9.406766e+00 7.900000e+01
      vertex   6.134395e+00 9.962891e+00 7.900000e+01
    endloop
  endfacet
  facet normal -4.876949e-01 -8.730141e-01 0.000000e+00
    outer loop
      vertex   6.134395e+00 9.962891e+00 7.800000e+01
      vertex   6.134395e+00 9.962891e+00 7.900000e+01
      vertex   5.267384e+00 1.044723e+01 7.800000e+01
    endloop
  endfacet
  facet normal -4.876949e-01 -8.730141e-01 0.000000e+00
    outer loop
      vertex   5.267384e+00 1.044723e+01 7.800000e+01
      vertex   6.134395e+00 9.962891e+00 7.900000e+01
      vertex   5.267384e+00 1.044723e+01 7.900000e+01
    endloop
  endfacet
  facet normal -4.119012e-01 -9.112285e-01 0.000000e+00
    outer loop
      vertex   5.267384e+00 1.044723e+01 7.800000e+01
      vertex   5.267384e+00 1.044723e+01 7.900000e+01
      vertex   4.362421e+00 1.085630e+01 7.800000e+01
    endloop
  endfacet
  facet normal -4.119012e-01 -9.112285e-01 0.000000e+00
    outer loop
      vertex   4.362421e+00 1.085630e+01 7.800000e+01
      vertex   5.267384e+00 1.044723e+01 7.900000e+01
      vertex   4.362421e+00 1.085630e+01 7.900000e+01
    endloop
  endfacet
  facet normal -3.331398e-01 -9.428774e-01 0.000000e+00
    outer loop
      vertex   4.362421e+00 1.085630e+01 7.800000e+01
      vertex   4.362421e+00 1.085630e+01 7.900000e+01
      vertex   3.426026e+00 1.118715e+01 7.800000e+01
    endloop
  endfacet
  facet normal -3.331398e-01 -9.428774e-01 0.000000e+00
    outer loop
      vertex   3.426026e+00 1.118715e+01 7.800000e+01
      vertex   4.362421e+00 1.085630e+01 7.900000e+01
      vertex   3.426026e+00 1.118715e+01 7.900000e+01
    endloop
  endfacet
  facet normal -2.519781e-01 -9.677329e-01 0.000000e+00
    outer loop
      vertex   3.426026e+00 1.118715e+01 7.800000e+01
      vertex   3.426026e+00 1.118715e+01 7.900000e+01
      vertex   2.464947e+00 1.143740e+01 7.800000e+01
    endloop
  endfacet
  facet normal -2.519781e-01 -9.677329e-01 0.000000e+00
    outer loop
      vertex   2.464947e+00 1.143740e+01 7.800000e+01
      vertex   3.426026e+00 1.118715e+01 7.900000e+01
      vertex   2.464947e+00 1.143740e+01 7.900000e+01
    endloop
  endfacet
  facet normal -1.690008e-01 -9.856159e-01 0.000000e+00
    outer loop
      vertex   2.464947e+00 1.143740e+01 7.800000e+01
      vertex   2.464947e+00 1.143740e+01 7.900000e+01
      vertex   1.486108e+00 1.160524e+01 7.800000e+01
    endloop
  endfacet
  facet normal -1.690008e-01 -9.856159e-01 0.000000e+00
    outer loop
      vertex   1.486108e+00 1.160524e+01 7.800000e+01
      vertex   2.464947e+00 1.143740e+01 7.900000e+01
      vertex   1.486108e+00 1.160524e+01 7.900000e+01
    endloop
  endfacet
  facet normal -8.480592e-02 -9.963975e-01 0.000000e+00
    outer loop
      vertex   1.486108e+00 1.160524e+01 7.800000e+01
      vertex   1.486108e+00 1.160524e+01 7.900000e+01
      vertex   4.965621e-01 1.168946e+01 7.800000e+01
    endloop
  endfacet
  facet normal -8.480592e-02 -9.963975e-01 0.000000e+00
    outer loop
      vertex   4.965621e-01 1.168946e+01 7.800000e+01
      vertex   1.486108e+00 1.160524e+01 7.900000e+01
      vertex   4.965621e-01 1.168946e+01 7.900000e+01
    endloop
  endfacet
  facet normal 0.000000e+00 -1.000000e+00 0.000000e+00
    outer loop
      vertex   4.965621e-01 1.168946e+01 7.800000e+01
      vertex   4.965621e-01 1.168946e+01 7.900000e+01
      vertex   -4.965621e-01 1.168946e+01 7.800000e+01
    endloop
  endfacet
  facet normal 0.000000e+00 -1.000000e+00 0.000000e+00
    outer loop
      vertex   -4.965621e-01 1.168946e+01 7.800000e+01
      vertex   4.965621e-01 1.168946e+01 7.900000e+01
      vertex   -4.965621e-01 1.168946e+01 7.900000e+01
    endloop
  endfacet
  facet normal 8.480592e-02 -9.963975e-01 0.000000e+00
    outer loop
      vertex   -4.965621e-01 1.168946e+01 7.800000e+01
      vertex   -4.965621e-01 1.168946e+01 7.900000e+01
      vertex   -1.486108e+00 1.160524e+01 7.800000e+01
    endloop
  endfacet
  facet normal 8.480592e-02 -9.963975e-01 0.000000e+00
    outer loop
      vertex   -1.486108e+00 1.160524e+01 7.800000e+01
      vertex   -4.965621e-01 1.168946e+01 7.900000e+01
      vertex   -1.486108e+00 1.160524e+01 7.900000e+01
    endloop
  endfacet
  facet normal 1.690008e-01 -9.856159e-01 0.000000e+00
    outer loop
      vertex   -1.486108e+00 1.160524e+01 7.800000e+01
      vertex   -1.486108e+00 1.160524e+01 7.900000e+01
      vertex   -2.464947e+00 1.143740e+01 7.800000e+01
    endloop
  endfacet
  facet normal 1.690008e-01 -9.856159e-01 0.000000e+00
    outer loop
      vertex   -2.464947e+00 1.143740e+01 7.800000e+01
      vertex   -1.486108e+00 1.160524e+01 7.900000e+01
      vertex   -2.464947e+00 1.143740e+01 7.900000e+01
    endloop
  endfacet
  facet normal 2.519781e-01 -9.677329e-01 0.000000e+00
    outer loop
      vertex   -2.464947e+00 1.143740e+01 7.800000e+01
      vertex   -2.464947e+00 1.143740e+01 7.900000e+01
      vertex   -3.426026e+00 1.118715e+01 7.800000e+01
    endloop
  endfacet
  facet normal 2.519781e-01 -9.677329e-01 0.000000e+00
    outer loop
      vertex   -3.426026e+00 1.118715e+01 7.800000e+01
      vertex   -2.464947e+00 1.143740e+01 7.900000e+01
      vertex   -3.426026e+00 1.118715e+01 7.900000e+01
    endloop
  endfacet
  facet normal 3.331398e-01 -9.428774e-01 0.000000e+00
    outer loop
      vertex   -3.426026e+00 1.118715e+01 7.800000e+01
      vertex   -3.426026e+00 1.118715e+01 7.900000e+01
      vertex   -4.362421e+00 1.085630e+01 7.800000e+01
    endloop
  endfacet
  facet normal 3.331398e-01 -9.428774e-01 0.000000e+00
    outer loop
      vertex   -4.362421e+00 1.085630e+01 7.800000e+01
      vertex   -3.426026e+00 1.118715e+01 7.900000e+01
      vertex   -4.362421e+00 1.085630e+01 7.900000e+01
    endloop
  endfacet
  facet normal 4.119012e-01 -9.112285e-01 0.000000e+00
    outer loop
      vertex   -4.362421e+00 1.085630e+01 7.800000e+01
      vertex   -4.362421e+00 1.085630e+01 7.900000e+01
      vertex   -5.267384e+00 1.044723e+01 7.800000e+01
    endloop
  endfacet
  facet normal 4.119012e-01 -9.112285e-01 0.000000e+00
    outer loop
      vertex   -5.267384e+00 1.044723e+01 7.800000e+01
      vertex   -4.362421e+00 1.085630e+01 7.900000e+01
      vertex   -5.267384e+00 1.044723e+01 7.900000e+01
    endloop
  endfacet
  facet normal 4.876949e-01 -8.730141e-01 0.000000e+00
    outer loop
      vertex   -5.267384e+00 1.044723e+01 7.800000e+01
      vertex   -5.267384e+00 1.044723e+01 7.900000e+01
      vertex   -6.134395e+00 9.962891e+00 7.800000e+01
    endloop
  endfacet
  facet normal 4.876949e-01 -8.730141e-01 0.000000e+00
    outer loop
      vertex   -6.134395e+00 9.962891e+00 7.800000e+01
      vertex   -5.267384e+00 1.044723e+01 7.900000e+01
      vertex   -6.134395e+00 9.962891e+00 7.900000e+01
    endloop
  endfacet
  facet normal 5.599748e-01 -8.285096e-01 0.000000e+00
    outer loop
      vertex   -6.134395e+00 9.962891e+00 7.800000e+01
      vertex   -6.134395e+00 9.962891e+00 7.900000e+01
      vertex   -6.957208e+00 9.406766e+00 7.800000e+01
    endloop
  endfacet
  facet normal 5.599748e-01 -8.285096e-01 0.000000e+00
    outer loop
      vertex   -6.957208e+00 9.406766e+00 7.800000e+01
      vertex   -6.134395e+00 9.962891e+00 7.900000e+01
      vertex   -6.957208e+00 9.406766e+00 7.900000e+01
    endloop
  endfacet
  facet normal 6.282200e-01 -7.780358e-01 0.000000e+00
    outer loop
      vertex   -6.957208e+00 9.406766e+00 7.800000e+01
      vertex   -6.957208e+00 9.406766e+00 7.900000e+01
      vertex   -7.729894e+00 8.782866e+00 7.800000e+01
    endloop
  endfacet
  facet normal 6.282200e-01 -7.780358e-01 0.000000e+00
    outer loop
      vertex   -7.729894e+00 8.782866e+00 7.800000e+01
      vertex   -6.957208e+00 9.406766e+00 7.900000e+01
      vertex   -7.729894e+00 8.782866e+00 7.900000e+01
    endloop
  endfacet
  facet normal 6.919389e-01 -7.219561e-01 0.000000e+00
    outer loop
      vertex   -7.729894e+00 8.782866e+00 7.800000e+01
      vertex   -7.729894e+00 8.782866e+00 7.900000e+01
      vertex   -8.446886e+00 8.095685e+00 7.800000e+01
    endloop
  endfacet
  facet normal 6.919389e-01 -7.219561e-01 0.000000e+00
    outer loop
      vertex   -8.446886e+00 8.095685e+00 7.800000e+01
      vertex   -7.729894e+00 8.782866e+00 7.900000e+01
      vertex   -8.446886e+00 8.095685e+00 7.900000e+01
    endloop
  endfacet
  facet normal 7.506723e-01 -6.606747e-01 0.000000e+00
    outer loop
      vertex   -8.446886e+00 8.095685e+00 7.800000e+01
      vertex   -8.446886e+00 8.095685e+00 7.900000e+01
      vertex   -9.103018e+00 7.350174e+00 7.800000e+01
    endloop
  endfacet
  facet normal 7.506723e-01 -6.606747e-01 0.000000e+00
    outer loop
      vertex   -9.103018e+00 7.350174e+00 7.800000e+01
      vertex   -8.446886e+00 8.095685e+00 7.900000e+01
      vertex   -9.103018e+00 7.350174e+00 7.900000e+01
    endloop
  endfacet
  facet normal 8.039971e-01 -5.946332e-01 0.000000e+00
    outer loop
      vertex   -9.103018e+00 7.350174e+00 7.800000e+01
      vertex   -9.103018e+00 7.350174e+00 7.900000e+01
      vertex   -9.693563e+00 6.551705e+00 7.800000e+01
    endloop
  endfacet
  facet normal 8.039971e-01 -5.946332e-01 0.000000e+00
    outer loop
      vertex   -9.693563e+00 6.551705e+00 7.800000e+01
      vertex   -9.103018e+00 7.350174e+00 7.900000e+01
      vertex   -9.693563e+00 6.551705e+00 7.900000e+01
    endloop
  endfacet
  facet normal 8.515291e-01 -5.243073e-01 0.000000e+00
    outer loop
      vertex   -9.693563e+00 6.551705e+00 7.800000e+01
      vertex   -9.693563e+00 6.551705e+00 7.900000e+01
      vertex   -1.021427e+01 5.706031e+00 7.800000e+01
    endloop
  endfacet
  facet normal 8.515291e-01 -5.243073e-01 0.000000e+00
    outer loop
      vertex   -1.021427e+01 5.706031e+00 7.800000e+01
      vertex   -9.693563e+00 6.551705e+00 7.900000e+01
      vertex   -1.021427e+01 5.706031e+00 7.900000e+01
    endloop
  endfacet
  facet normal 8.929259e-01 -4.502037e-01 0.000000e+00
    outer loop
      vertex   -1.021427e+01 5.706031e+00 7.800000e+01
      vertex   -1.021427e+01 5.706031e+00 7.900000e+01
      vertex   -1.066137e+01 4.819245e+00 7.800000e+01
    endloop
  endfacet
  facet normal 8.929259e-01 -4.502037e-01 0.000000e+00
    outer loop
      vertex   -1.066137e+01 4.819245e+00 7.800000e+01
      vertex   -1.021427e+01 5.706031e+00 7.900000e+01
      vertex   -1.066137e+01 4.819245e+00 7.900000e+01
    endloop
  endfacet
  facet normal 9.278890e-01 -3.728565e-01 0.000000e+00
    outer loop
      vertex   -1.066137e+01 4.819245e+00 7.800000e+01
      vertex   -1.066137e+01 4.819245e+00 7.900000e+01
      vertex   -1.103167e+01 3.897736e+00 7.800000e+01
    endloop
  endfacet
  facet normal 9.278890e-01 -3.728565e-01 0.000000e+00
    outer loop
      vertex   -1.103167e+01 3.897736e+00 7.800000e+01
      vertex   -1.066137e+01 4.819245e+00 7.900000e+01
      vertex   -1.103167e+01 3.897736e+00 7.900000e+01
    endloop
  endfacet
  facet normal 9.561667e-01 -2.928228e-01 0.000000e+00
    outer loop
      vertex   -1.103167e+01 3.897736e+00 7.800000e+01
      vertex   -1.103167e+01 3.897736e+00 7.900000e+01
      vertex   -1.132248e+01 2.948143e+00 7.800000e+01
    endloop
  endfacet
  facet normal 9.561667e-01 -2.928228e-01 0.000000e+00
    outer loop
      vertex   -1.132248e+01 2.948143e+00 7.800000e+01
      vertex   -1.103167e+01 3.897736e+00 7.900000e+01
      vertex   -1.132248e+01 2.948143e+00 7.900000e+01
    endloop
  endfacet
  facet normal 9.775552e-01 -2.106793e-01 0.000000e+00
    outer loop
      vertex   -1.132248e+01 2.948143e+00 7.800000e+01
      vertex   -1.132248e+01 2.948143e+00 7.900000e+01
      vertex   -1.153171e+01 1.977310e+00 7.800000e+01
    endloop
  endfacet
  facet normal 9.775552e-01 -2.106793e-01 0.000000e+00
    outer loop
      vertex   -1.153171e+01 1.977310e+00 7.800000e+01
      vertex   -1.132248e+01 2.948143e+00 7.900000e+01
      vertex   -1.153171e+01 1.977310e+00 7.900000e+01
    endloop
  endfacet
  facet normal 9.919004e-01 -1.270178e-01 0.000000e+00
    outer loop
      vertex   -1.153171e+01 1.977310e+00 7.800000e+01
      vertex   -1.153171e+01 1.977310e+00 7.900000e+01
      vertex   -1.165785e+01 9.922293e-01 7.800000e+01
    endloop
  endfacet
  facet normal 9.919004e-01 -1.270178e-01 0.000000e+00
    outer loop
      vertex   -1.165785e+01 9.922293e-01 7.800000e+01
      vertex   -1.153171e+01 1.977310e+00 7.900000e+01
      vertex   -1.165785e+01 9.922293e-01 7.900000e+01
    endloop
  endfacet
  facet normal 9.990990e-01 -4.244120e-02 0.000000e+00
    outer loop
      vertex   -1.165785e+01 9.922293e-01 7.800000e+01
      vertex   -1.165785e+01 9.922293e-01 7.900000e+01
      vertex   -1.170000e+01 0.000000e+00 7.800000e+01
    endloop
  endfacet
  facet normal 9.990990e-01 -4.244120e-02 0.000000e+00
    outer loop
      vertex   -1.170000e+01 0.000000e+00 7.800000e+01
      vertex   -1.165785e+01 9.922293e-01 7.900000e+01
      vertex   -1.170000e+01 0.000000e+00 7.900000e+01
    endloop
  endfacet
  facet normal 9.990990e-01 4.244120e-02 -0.000000e+00
    outer loop
      vertex   -1.170000e+01 0.000000e+00 7.800000e+01
      vertex   -1.170000e+01 0.000000e+00 7.900000e+01
      vertex   -1.165785e+01 -9.922293e-01 7.800000e+01
    endloop
  endfacet
  facet normal 9.990990e-01 4.244120e-02 -0.000000e+00
    outer loop
      vertex   -1.165785e+01 -9.922293e-01 7.800000e+01
      vertex   -1.170000e+01 0.000000e+00 7.900000e+01
      vertex   -1.165785e+01 -9.922293e-01 7.900000e+01
    endloop
  endfacet
  facet normal 9.919004e-01 1.270178e-01 -0.000000e+00
    outer loop
      vertex   -1.165785e+01 -9.922293e-01 7.800000e+01
      vertex   -1.165785e+01 -9.922293e-01 7.900000e+01
      vertex   -1.153171e+01 -1.977310e+00 7.800000e+01
    endloop
  endfacet
  facet normal 9.919004e-01 1.270178e-01 -0.000000e+00
    outer loop
      vertex   -1.153171e+01 -1.977310e+00 7.800000e+01
      vertex   -1.165785e+01 -9.922293e-01 7.900000e+01
      vertex   -1.153171e+01 -1.977310e+00 7.900000e+01
    endloop
  endfacet
  facet normal 9.775552e-01 2.106793e-01 -0.000000e+00
    outer loop
      vertex   -1.153171e+01 -1.977310e+00 7.800000e+01
      vertex   -1.153171e+01 -1.977310e+00 7.900000e+01
      vertex   -1.132248e+01 -2.948143e+00 7.800000e+01
    endloop
  endfacet
  facet normal 9.775552e-01 2.106793e-01 -0.000000e+00
    outer loop
      vertex   -1.132248e+01 -2.948143e+00 7.800000e+01
      vertex   -1.153171e+01 -1.977310e+00 7.900000e+01
      vertex   -1.132248e+01 -2.948143e+00 7.900000e+01
    endloop
  endfacet
  facet normal 9.561667e-01 2.928228e-01 -0.000000e+00
    outer loop
      vertex   -1.132248e+01 -2.948143e+00 7.800000e+01
      vertex   -1.132248e+01 -2.948143e+00 7.900000e+01
      vertex   -1.103167e+01 -3.897736e+00 7.800000e+01
    endloop
  endfacet
  facet normal 9.561667e-01 2.928228e-01 -0.000000e+00
    outer loop
      vertex   -1.103167e+01 -3.897736e+00 7.800000e+01
      vertex   -1.132248e+01 -2.948143e+00 7.900000e+01
      vertex   -1.103167e+01 -3.897736e+00 7.900000e+01
    endloop
  endfacet
  facet normal 9.278890e-01 3.728565e-01 -0.000000e+00
    outer loop
      vertex   -1.103167e+01 -3.897736e+00 7.800000e+01
      vertex   -1.103167e+01 -3.897736e+00 7.900000e+01
      vertex   -1.066137e+01 -4.819245e+00 7.800000e+01
    endloop
  endfacet
  facet normal 9.278890e-01 3.728565e-01 -0.000000e+00
    outer loop
      vertex   -1.066137e+01 -4.819245e+00 7.800000e+01
      vertex   -1.103167e+01 -3.897736e+00 7.900000e+01
      vertex   -1.066137e+01 -4.819245e+00 7.900000e+01
    endloop
  endfacet
  facet normal 8.929259e-01 4.502037e-01 -0.000000e+00
    outer loop
      vertex   -1.066137e+01 -4.819245e+00 7.800000e+01
      vertex   -1.066137e+01 -4.819245e+00 7.900000e+01
      vertex   -1.021427e+01 -5.706031e+00 7.800000e+01
    endloop
  endfacet
  facet normal 8.929259e-01 4.502037e-01 -0.000000e+00
    outer loop
      vertex   -1.021427e+01 -5.706031e+00 7.800000e+01
      vertex   -1.066137e+01 -4.819245e+00 7.900000e+01
      vertex   -1.021427e+01 -5.706031e+00 7.900000e+01
    endloop
  endfacet
  facet normal 8.515291e-01 5.243073e-01 -0.000000e+00
    outer loop
      vertex   -1.021427e+01 -5.706031e+00 7.800000e+01
      vertex   -1.021427e+01 -5.706031e+00 7.900000e+01
      vertex   -9.693563e+00 -6.551705e+00 7.800000e+01
    endloop
  endfacet
  facet normal 8.515291e-01 5.243073e-01 -0.000000e+00
    outer loop
      vertex   -9.693563e+00 -6.551705e+00 7.800000e+01
      vertex   -1.021427e+01 -5.706031e+00 7.900000e+01
      vertex   -9.693563e+00 -6.551705e+00 7.900000e+01
    endloop
  endfacet
  facet normal 8.039971e-01 5.946332e-01 -0.000000e+00
    outer loop
      vertex   -9.693563e+00 -6.551705e+00 7.800000e+01
      vertex   -9.693563e+00 -6.551705e+00 7.900000e+01
      vertex   -9.103018e+00 -7.350174e+00 7.800000e+01
    endloop
  endfacet
  facet normal 8.039971e-01 5.946332e-01 -0.000000e+00
    outer loop
      vertex   -9.103018e+00 -7.350174e+00 7.800000e+01
      vertex   -9.693563e+00 -6.551705e+00 7.900000e+01
      vertex   -9.103018e+00 -7.350174e+00 7.900000e+01
    endloop
  endfacet
  facet normal 7.506723e-01 6.606747e-01 -0.000000e+00
    outer loop
      vertex   -9.103018e+00 -7.350174e+00 7.800000e+01
      vertex   -9.103018e+00 -7.350174e+00 7.900000e+01
      vertex   -8.446886e+00 -8.095685e+00 7.800000e+01
    endloop
  endfacet
  facet normal 7.506723e-01 6.606747e-01 -0.000000e+00
    outer loop
      vertex   -8.446886e+00 -8.095685e+00 7.800000e+01
      vertex   -9.103018e+00 -7.350174e+00 7.900000e+01
      vertex   -8.446886e+00 -8.095685e+00 7.900000e+01
    endloop
  endfacet
  facet normal 6.919389e-01 7.219561e-01 -0.000000e+00
    outer loop
      vertex   -8.446886e+00 -8.095685e+00 7.800000e+01
      vertex   -8.446886e+00 -8.095685e+00 7.900000e+01
      vertex   -7.729894e+00 -8.782866e+00 7.800000e+01
    endloop
  endfacet
  facet normal 6.919389e-01 7.219561e-01 -0.000000e+00
    outer loop
      vertex   -7.729894e+00 -8.782866e+00 7.800000e+01
      vertex   -8.446886e+00 -8.095685e+00 7.900000e+01
      vertex   -7.729894e+00 -8.782866e+00 7.900000e+01
    endloop
  endfacet
  facet normal 6.282200e-01 7.780358e-01 -0.000000e+00
    outer loop
      vertex   -7.729894e+00 -8.782866e+00 7.800000e+01
      vertex   -7.729894e+00 -8.782866e+00 7.900000e+01
      vertex   -6.957208e+00 -9.406766e+00 7.800000e+01
    endloop
  endfacet
  facet normal 6.282200e-01 7.780358e-01 -0.000000e+00
    outer loop
      vertex   -6.957208e+00 -9.406766e+00 7.800000e+01
      vertex   -7.729894e+00 -8.782866e+00 7.900000e+01
      vertex   -6.957208e+00 -9.406766e+00 7.900000e+01
    endloop
  endfacet
  facet normal 5.599748e-01 8.285096e-01 -0.000000e+00
    outer loop
      vertex   -6.957208e+00 -9.406766e+00 7.800000e+01
      vertex   -6.957208e+00 -9.406766e+00 7.900000e+01
      vertex   -6.134395e+00 -9.962891e+00 7.800000e+01
    endloop
  endfacet
  facet normal 5.599748e-01 8.285096e-01 -0.000000e+00
    outer loop
      vertex   -6.134395e+00 -9.962891e+00 7.800000e+01
      vertex   -6.957208e+00 -9.406766e+00 7.900000e+01
      vertex   -6.134395e+00 -9.962891e+00 7.900000e+01
    endloop
  endfacet
  facet normal 4.876949e-01 8.730141e-01 -0.000000e+00
    outer loop
      vertex   -6.134395e+00 -9.962891e+00 7.800000e+01
      vertex   -6.134395e+00 -9.962891e+00 7.900000e+01
      vertex   -5.267384e+00 -1.044723e+01 7.800000e+01
    endloop
  endfacet
  facet normal 4.876949e-01 8.730141e-01 -0.000000e+00
    outer loop
      vertex   -5.267384e+00 -1.044723e+01 7.800000e+01
      vertex   -6.134395e+00 -9.962891e+00 7.900000e+01
      vertex   -5.267384e+00 -1.044723e+01 7.900000e+01
    endloop
  endfacet
  facet normal 4.119012e-01 9.112285e-01 -0.000000e+00
    outer loop
      vertex   -5.267384e+00 -1.044723e+01 7.800000e+01
      vertex   -5.267384e+00 -1.044723e+01 7.900000e+01
      vertex   -4.362421e+00 -1.085630e+01 7.800000e+01
    endloop
  endfacet
  facet normal 4.119012e-01 9.112285e-01 -0.000000e+00
    outer loop
      vertex   -4.362421e+00 -1.085630e+01 7.800000e+01
      vertex   -5.267384e+00 -1.044723e+01 7.900000e+01
      vertex   -4.362421e+00 -1.085630e+01 7.900000e+01
    endloop
  endfacet
  facet normal 3.331398e-01 9.428774e-01 -0.000000e+00
    outer loop
      vertex   -4.362421e+00 -1.085630e+01 7.800000e+01
      vertex   -4.362421e+00 -1.085630e+01 7.900000e+01
      vertex   -3.426026e+00 -1.118715e+01 7.800000e+01
    endloop
  endfacet
  facet normal 3.331398e-01 9.428774e-01 -0.000000e+00
    outer loop
      vertex   -3.426026e+00 -1.118715e+01 7.800000e+01
      vertex   -4.362421e+00 -1.085630e+01 7.900000e+01
      vertex   -3.426026e+00 -1.118715e+01 7.900000e+01
    endloop
  endfacet
  facet normal 2.519781e-01 9.677329e-01 -0.000000e+00
    outer loop
      vertex   -3.426026e+00 -1.118715e+01 7.800000e+01
      vertex   -3.426026e+00 -1.118715e+01 7.900000e+01
      vertex   -2.464947e+00 -1.143740e+01 7.800000e+01
    endloop
  endfacet
  facet normal 2.519781e-01 9.677329e-01 -0.000000e+00
    outer loop
      vertex   -2.464947e+00 -1.143740e+01 7.800000e+01
      vertex   -3.426026e+00 -1.118715e+01 7.900000e+01
      vertex   -2.464947e+00 -1.143740e+01 7.900000e+01
    endloop
  endfacet
  facet normal 1.690008e-01 9.856159e-01 -0.000000e+00
    outer loop
      vertex   -2.464947e+00 -1.143740e+01 7.800000e+01
      vertex   -2.464947e+00 -1.143740e+01 7.900000e+01
      vertex   -1.486108e+00 -1.160524e+01 7.800000e+01
    endloop
  endfacet
  facet normal 1.690008e-01 9.856159e-01 -0.000000e+00
    outer loop
      vertex   -1.486108e+00 -1.160524e+01 7.800000e+01
      vertex   -2.464947e+00 -1.143740e+01 7.900000e+01
      vertex   -1.486108e+00 -1.160524e+01 7.900000e+01
    endloop
  endfacet
  facet normal 8.480592e-02 9.963975e-01 -0.000000e+00
    outer loop
      vertex   -1.486108e+00 -1.160524e+01 7.800000e+01
      vertex   -1.486108e+00 -1.160524e+01 7.900000e+01
      vertex   -4.965621e-01 -1.168946e+01 7.800000e+01
    endloop
  endfacet
  facet normal 8.480592e-02 9.963975e-01 -0.000000e+00
    outer loop
      vertex   -4.965621e-01 -1.168946e+01 7.800000e+01
      vertex   -1.486108e+00 -1.160524e+01 7.900000e+01
      vertex   -4.965621e-01 -1.168946e+01 7.900000e+01
    endloop
  endfacet
  facet normal -3.577311e-15 1.000000e+00 0.000000e+00
    outer loop
      vertex   -4.965621e-01 -1.168946e+01 7.800000e+01
      vertex   -4.965621e-01 -1.168946e+01 7.900000e+01
      vertex   4.965621e-01 -1.168946e+01 7.800000e+01
    endloop
  endfacet
  facet normal -3.577311e-15 1.000000e+00 0.000000e+00
    outer loop
      vertex   4.965621e-01 -1.168946e+01 7.800000e+01
      vertex   -4.965621e-01 -1.168946e+01 7.900000e+01
      vertex   4.965621e-01 -1.168946e+01 7.900000e+01
    endloop
  endfacet
  facet normal -8.480592e-02 9.963975e-01 0.000000e+00
    outer loop
      vertex   4.965621e-01 -1.168946e+01 7.800000e+01
      vertex   4.965621e-01 -1.168946e+01 7.900000e+01
      vertex   1.486108e+00 -1.160524e+01 7.800000e+01
    endloop
  endfacet
  facet normal -8.480592e-02 9.963975e-01 0.000000e+00
    outer loop
      vertex   1.486108e+00 -1.160524e+01 7.800000e+01
      vertex   4.965621e-01 -1.168946e+01 7.900000e+01
      vertex   1.486108e+00 -1.160524e+01 7.900000e+01
    endloop
  endfacet
  facet normal -1.690008e-01 9.856159e-01 0.000000e+00
    outer loop
      vertex   1.486108e+00 -1.160524e+01 7.800000e+01
      vertex   1.486108e+00 -1.160524e+01 7.900000e+01
      vertex   2.464947e+00 -1.143740e+01 7.800000e+01
    endloop
  endfacet
  facet normal -1.690008e-01 9.856159e-01 0.000000e+00
    outer loop
      vertex   2.464947e+00 -1.143740e+01 7.800000e+01
      vertex   1.486108e+00 -1.160524e+01 7.900000e+01
      vertex   2.464947e+00 -1.143740e+01 7.900000e+01
    endloop
  endfacet
  facet normal -2.519781e-01 9.677329e-01 0.000000e+00
    outer loop
      vertex   2.464947e+00 -1.143740e+01 7.800000e+01
      vertex   2.464947e+00 -1.143740e+01 7.900000e+01
      vertex   3.426026e+00 -1.118715e+01 7.800000e+01
    endloop
  endfacet
  facet normal -2.519781e-01 9.677329e-01 0.000000e+00
    outer loop
      vertex   3.426026e+00 -1.118715e+01 7.800000e+01
      vertex   2.464947e+00 -1.143740e+01 7.900000e+01
      vertex   3.426026e+00 -1.118715e+01 7.900000e+01
    endloop
  endfacet
  facet normal -3.331398e-01 9.428774e-01 0.000000e+00
    outer loop
      vertex   3.426026e+00 -1.118715e+01 7.800000e+01
      vertex   3.426026e+00 -1.118715e+01 7.900000e+01
      vertex   4.362421e+00 -1.085630e+01 7.800000e+01
    endloop
  endfacet
  facet normal -3.331398e-01 9.428774e-01 0.000000e+00
    outer loop
      vertex   4.362421e+00 -1.085630e+01 7.800000e+01
      vertex   3.426026e+00 -1.118715e+01 7.900000e+01
      vertex   4.362421e+00 -1.085630e+01 7.900000e+01
    endloop
  endfacet
  facet normal -4.119012e-01 9.112285e-01 0.000000e+00
    outer loop
      vertex   4.362421e+00 -1.085630e+01 7.800000e+01
      vertex   4.362421e+00 -1.085630e+01 7.900000e+01
      vertex   5.267384e+00 -1.044723e+01 7.800000e+01
    endloop
  endfacet
  facet normal -4.119012e-01 9.112285e-01 0.000000e+00
    outer loop
      vertex   5.267384e+00 -1.044723e+01 7.800000e+01
      vertex   4.362421e+00 -1.085630e+01 7.900000e+01
      vertex   5.267384e+00 -1.044723e+01 7.900000e+01
    endloop
  endfacet
  facet normal -4.876949e-01 8.730141e-01 0.000000e+00
    outer loop
      vertex   5.267384e+00 -1.044723e+01 7.800000e+01
      vertex   5.267384e+00 -1.044723e+01 7.900000e+01
      vertex   6.134395e+00 -9.962891e+00 7.800000e+01
    endloop
  endfacet
  facet normal -4.876949e-01 8.730141e-01 0.000000e+00
    outer loop
      vertex   6.134395e+00 -9.962891e+00 7.800000e+01
      vertex   5.267384e+00 -1.044723e+01 7.900000e+01
      vertex   6.134395e+00 -9.962891e+00 7.900000e+01
    endloop
  endfacet
  facet normal -5.599748e-01 8.285096e-01 0.000000e+00
    outer loop
      vertex   6.134395e+00 -9.962891e+00 7.800000e+01
      vertex   6.134395e+00 -9.962891e+00 7.900000e+01
      vertex   6.957208e+00 -9.406766e+00 7.800000e+01
    endloop
  endfacet
  facet normal -5.599748e-01 8.285096e-01 0.000000e+00
    outer loop
      vertex   6.957208e+00 -9.406766e+00 7.800000e+01
      vertex   6.134395e+00 -9.962891e+00 7.900000e+01
      vertex   6.957208e+00 -9.406766e+00 7.900000e+01
    endloop
  endfacet
  facet normal -6.282200e-01 7.780358e-01 0.000000e+00
    outer loop
      vertex   6.957208e+00 -9.406766e+00 7.800000e+01
      vertex   6.957208e+00 -9.406766e+00 7.900000e+01
      vertex   7.729894e+00 -8.782866e+00 7.800000e+01
    endloop
  endfacet
  facet normal -6.282200e-01 7.780358e-01 0.000000e+00
    outer loop
      vertex   7.729894e+00 -8.782866e+00 7.800000e+01
      vertex   6.957208e+00 -9.406766e+00 7.900000e+01
      vertex   7.729894e+00 -8.782866e+00 7.900000e+01
    endloop
  endfacet
  facet normal -6.919389e-01 7.219561e-01 0.000000e+00
    outer loop
      vertex   7.729894e+00 -8.782866e+00 7.800000e+01
      vertex   7.729894e+00 -8.782866e+00 7.900000e+01
      vertex   8.446886e+00 -8.095685e+00 7.800000e+01
    endloop
  endfacet
  facet normal -6.919389e-01 7.219561e-01 0.000000e+00
    outer loop
      vertex   8.446886e+00 -8.095685e+00 7.800000e+01
      vertex   7.729894e+00 -8.782866e+00 7.900000e+01
      vertex   8.446886e+00 -8.095685e+00 7.900000e+01
    endloop
  endfacet
  facet normal -7.506723e-01 6.606747e-01 0.000000e+00
    outer loop
      vertex   8.446886e+00 -8.095685e+00 7.800000e+01
      vertex   8.446886e+00 -8.095685e+00 7.900000e+01
      vertex   9.103018e+00 -7.350174e+00 7.800000e+01
    endloop
  endfacet
  facet normal -7.506723e-01 6.606747e-01 0.000000e+00
    outer loop
      vertex   9.103018e+00 -7.350174e+00 7.800000e+01
      vertex   8.446886e+00 -8.095685e+00 7.900000e+01
      vertex   9.103018e+00 -7.350174e+00 7.900000e+01
    endloop
  endfacet
  facet normal -8.039971e-01 5.946332e-01 0.000000e+00
    outer loop
      vertex   9.103018e+00 -7.350174e+00 7.800000e+01
      vertex   9.103018e+00 -7.350174e+00 7.900000e+01
      vertex   9.693563e+00 -6.551705e+00 7.800000e+01
    endloop
  endfacet
  facet normal -8.039971e-01 5.946332e-01 0.000000e+00
    outer loop
      vertex   9.693563e+00 -6.551705e+00 7.800000e+01
      vertex   9.103018e+00 -7.350174e+00 7.900000e+01
      vertex   9.693563e+00 -6.551705e+00 7.900000e+01
    endloop
  endfacet
  facet normal -8.515291e-01 5.243073e-01 0.000000e+00
    outer loop
      vertex   9.693563e+00 -6.551705e+00 7.800000e+01
      vertex   9.693563e+00 -6.551705e+00 7.900000e+01
      vertex   1.021427e+01 -5.706031e+00 7.800000e+01
    endloop
  endfacet
  facet normal -8.515291e-01 5.243073e-01 0.000000e+00
    outer loop
      vertex   1.021427e+01 -5.706031e+00 7.800000e+01
      vertex   9.693563e+00 -6.551705e+00 7.900000e+01
      vertex   1.021427e+01 -5.706031e+00 7.900000e+01
    endloop
  endfacet
  facet normal -8.929259e-01 4.502037e-01 0.000000e+00
    outer loop
      vertex   1.021427e+01 -5.706031e+00 7.800000e+01
      vertex   1.021427e+01 -5.706031e+00 7.900000e+01
      vertex   1.066137e+01 -4.819245e+00 7.800000e+01
    endloop
  endfacet
  facet normal -8.929259e-01 4.502037e-01 0.000000e+00
    outer loop
      vertex   1.066137e+01 -4.819245e+00 7.800000e+01
      vertex   1.021427e+01 -5.706031e+00 7.900000e+01
      vertex   1.066137e+01 -4.819245e+00 7.900000e+01
    endloop
  endfacet
  facet normal -9.278890e-01 3.728565e-01 0.000000e+00
    outer loop
      vertex   1.066137e+01 -4.819245e+00 7.800000e+01
      vertex   1.066137e+01 -4.819245e+00 7.900000e+01
      vertex   1.103167e+01 -3.897736e+00 7.800000e+01
    endloop
  endfacet
  facet normal -9.278890e-01 3.728565e-01 0.000000e+00
    outer loop
      vertex   1.103167e+01 -3.897736e+00 7.800000e+01
      vertex   1.066137e+01 -4.819245e+00 7.900000e+01
      vertex   1.103167e+01 -3.897736e+00 7.900000e+01
    endloop
  endfacet
  facet normal -9.561667e-01 2.928228e-01 0.000000e+00
    outer loop
      vertex   1.103167e+01 -3.897736e+00 7.800000e+01
      vertex   1.103167e+01 -3.897736e+00 7.900000e+01
      vertex   1.132248e+01 -2.948143e+00 7.800000e+01
    endloop
  endfacet
  facet normal -9.561667e-01 2.928228e-01 0.000000e+00
    outer loop
      vertex   1.132248e+01 -2.948143e+00 7.800000e+01
      vertex   1.103167e+01 -3.897736e+00 7.900000e+01
      vertex   1.132248e+01 -2.948143e+00 7.900000e+01
    endloop
  endfacet
  facet normal -9.775552e-01 2.106793e-01 0.000000e+00
    outer loop
      vertex   1.132248e+01 -2.948143e+00 7.800000e+01
      vertex   1.132248e+01 -2.948143e+00 7.900000e+01
      vertex   1.153171e+01 -1.977310e+00 7.800000e+01
    endloop
  endfacet
  facet normal -9.775552e-01 2.106793e-01 0.000000e+00
    outer loop
      vertex   1.153171e+01 -1.977310e+00 7.800000e+01
      vertex   1.132248e+01 -2.948143e+00 7.900000e+01
      vertex   1.153171e+01 -1.977310e+00 7.900000e+01
    endloop
  endfacet
  facet normal -9.919004e-01 1.270178e-01 0.000000e+00
    outer loop
      vertex   1.153171e+01 -1.977310e+00 7.800000e+01
      vertex   1.153171e+01 -1.977310e+00 7.900000e+01
      vertex   1.165785e+01 -9.922293e-01 7.800000e+01
    endloop
  endfacet
  facet normal -9.919004e-01 1.270178e-01 0.000000e+00
    outer loop
      vertex   1.165785e+01 -9.922293e-01 7.800000e+01
      vertex   1.153171e+01 -1.977310e+00 7.900000e+01
      vertex   1.165785e+01 -9.922293e-01 7.900000e+01
    endloop
  endfacet
  facet normal 9.056781e-01 -4.239659e-01 0.000000e+00
    outer loop
      vertex   7.500000e+00 -1.299038e+01 7.900000e+01
      vertex   4.500000e+00 -1.939900e+01 7.900000e+01
      vertex   7.500000e+00 -1.299038e+01 7.500000e+01
    endloop
  endfacet
  facet normal 9.056781e-01 -4.239659e-01 0.000000e+00
    outer loop
      vertex   7.500000e+00 -1.299038e+01 7.500000e+01
      vertex   4.500000e+00 -1.939900e+01 7.900000e+01
      vertex   4.500000e+00 -1.939900e+01 7.500000e+01
    endloop
  endfacet
  facet normal -5.320319e-01 -8.467243e-01 1.181348e-16
    outer loop
      vertex   -7.500000e+00 -1.299038e+01 7.500000e+01
      vertex   -7.500000e+00 -1.299038e+01 7.900000e+01
      vertex   -8.449801e+00 -1.239358e+01 7.500000e+01
    endloop
  endfacet
  facet normal -5.320319e-01 -8.467243e-01 -8.646672e-17
    outer loop
      vertex   -8.449801e+00 -1.239358e+01 7.500000e+01
      vertex   -7.500000e+00 -1.299038e+01 7.900000e+01
      vertex   -8.449801e+00 -1.239358e+01 7.900000e+01
    endloop
  endfacet
  facet normal -5.938202e-01 -8.045978e-01 1.530021e-16
    outer loop
      vertex   -8.449801e+00 -1.239358e+01 7.500000e+01
      vertex   -8.449801e+00 -1.239358e+01 7.900000e+01
      vertex   -9.352347e+00 -1.172747e+01 7.500000e+01
    endloop
  endfacet
  facet normal -5.938202e-01 -8.045978e-01 0.000000e+00
    outer loop
      vertex   -9.352347e+00 -1.172747e+01 7.500000e+01
      vertex   -8.449801e+00 -1.239358e+01 7.900000e+01
      vertex   -9.352347e+00 -1.172747e+01 7.900000e+01
    endloop
  endfacet
  facet normal -6.522874e-01 -7.579717e-01 0.000000e+00
    outer loop
      vertex   -9.352347e+00 -1.172747e+01 7.500000e+01
      vertex   -9.352347e+00 -1.172747e+01 7.900000e+01
      vertex   -1.020259e+01 -1.099578e+01 7.500000e+01
    endloop
  endfacet
  facet normal -6.522874e-01 -7.579717e-01 0.000000e+00
    outer loop
      vertex   -1.020259e+01 -1.099578e+01 7.500000e+01
      vertex   -9.352347e+00 -1.172747e+01 7.900000e+01
      vertex   -1.020259e+01 -1.099578e+01 7.900000e+01
    endloop
  endfacet
  facet normal -7.071068e-01 -7.071068e-01 0.000000e+00
    outer loop
      vertex   -1.020259e+01 -1.099578e+01 7.500000e+01
      vertex   -1.020259e+01 -1.099578e+01 7.900000e+01
      vertex   -1.099578e+01 -1.020259e+01 7.500000e+01
    endloop
  endfacet
  facet normal -7.071068e-01 -7.071068e-01 0.000000e+00
    outer loop
      vertex   -1.099578e+01 -1.020259e+01 7.500000e+01
      vertex   -1.020259e+01 -1.099578e+01 7.900000e+01
      vertex   -1.099578e+01 -1.020259e+01 7.900000e+01
    endloop
  endfacet
  facet normal -7.579717e-01 -6.522874e-01 0.000000e+00
    outer loop
      vertex   -1.099578e+01 -1.020259e+01 7.500000e+01
      vertex   -1.099578e+01 -1.020259e+01 7.900000e+01
      vertex   -1.172747e+01 -9.352347e+00 7.500000e+01
    endloop
  endfacet
  facet normal -7.579717e-01 -6.522874e-01 -5.500746e-17
    outer loop
      vertex   -1.172747e+01 -9.352347e+00 7.500000e+01
      vertex   -1.099578e+01 -1.020259e+01 7.900000e+01
      vertex   -1.172747e+01 -9.352347e+00 7.900000e+01
    endloop
  endfacet
  facet normal -8.045978e-01 -5.938202e-01 2.043112e-16
    outer loop
      vertex   -1.172747e+01 -9.352347e+00 7.500000e+01
      vertex   -1.172747e+01 -9.352347e+00 7.900000e+01
      vertex   -1.239358e+01 -8.449801e+00 7.500000e+01
    endloop
  endfacet
  facet normal -8.045978e-01 -5.938202e-01 0.000000e+00
    outer loop
      vertex   -1.239358e+01 -8.449801e+00 7.500000e+01
      vertex   -1.172747e+01 -9.352347e+00 7.900000e+01
      vertex   -1.239358e+01 -8.449801e+00 7.900000e+01
    endloop
  endfacet
  facet normal -8.467242e-01 -5.320321e-01 0.000000e+00
    outer loop
      vertex   -1.239358e+01 -8.449801e+00 7.500000e+01
      vertex   -1.239358e+01 -8.449801e+00 7.900000e+01
      vertex   -1.299038e+01 -7.500000e+00 7.500000e+01
    endloop
  endfacet
  facet normal -8.467242e-01 -5.320321e-01 0.000000e+00
    outer loop
      vertex   -1.299038e+01 -7.500000e+00 7.500000e+01
      vertex   -1.239358e+01 -8.449801e+00 7.900000e+01
      vertex   -1.299038e+01 -7.500000e+00 7.900000e+01
    endloop
  endfacet
  facet normal -8.841154e-01 -4.672686e-01 0.000000e+00
    outer loop
      vertex   -1.299038e+01 -7.500000e+00 7.500000e+01
      vertex   -1.299038e+01 -7.500000e+00 7.900000e+01
      vertex   -1.351453e+01 -6.508256e+00 7.500000e+01
    endloop
  endfacet
  facet normal -8.841154e-01 -4.672686e-01 -6.673105e-16
    outer loop
      vertex   -1.351453e+01 -6.508256e+00 7.500000e+01
      vertex   -1.299038e+01 -7.500000e+00 7.900000e+01
      vertex   -1.351453e+01 -6.508256e+00 7.900000e+01
    endloop
  endfacet
  facet normal -9.165623e-01 -3.998920e-01 -4.290433e-16
    outer loop
      vertex   -1.351453e+01 -6.508256e+00 7.500000e+01
      vertex   -1.351453e+01 -6.508256e+00 7.900000e+01
      vertex   -1.396311e+01 -5.480115e+00 7.500000e+01
    endloop
  endfacet
  facet normal -9.165623e-01 -3.998920e-01 -1.108017e-16
    outer loop
      vertex   -1.396311e+01 -5.480115e+00 7.500000e+01
      vertex   -1.351453e+01 -6.508256e+00 7.900000e+01
      vertex   -1.396311e+01 -5.480115e+00 7.900000e+01
    endloop
  endfacet
  facet normal -9.438833e-01 -3.302791e-01 1.574550e-16
    outer loop
      vertex   -1.396311e+01 -5.480115e+00 7.500000e+01
      vertex   -1.396311e+01 -5.480115e+00 7.900000e+01
      vertex   -1.433359e+01 -4.421328e+00 7.500000e+01
    endloop
  endfacet
  facet normal -9.438833e-01 -3.302791e-01 0.000000e+00
    outer loop
      vertex   -1.433359e+01 -4.421328e+00 7.500000e+01
      vertex   -1.396311e+01 -5.480115e+00 7.900000e+01
      vertex   -1.433359e+01 -4.421328e+00 7.900000e+01
    endloop
  endfacet
  facet normal -9.659258e-01 -2.588190e-01 0.000000e+00
    outer loop
      vertex   -1.433359e+01 -4.421328e+00 7.500000e+01
      vertex   -1.433359e+01 -4.421328e+00 7.900000e+01
      vertex   -1.462392e+01 -3.337814e+00 7.500000e+01
    endloop
  endfacet
  facet normal -9.659258e-01 -2.588190e-01 0.000000e+00
    outer loop
      vertex   -1.462392e+01 -3.337814e+00 7.500000e+01
      vertex   -1.433359e+01 -4.421328e+00 7.900000e+01
      vertex   -1.462392e+01 -3.337814e+00 7.900000e+01
    endloop
  endfacet
  facet normal -9.825665e-01 -1.859116e-01 0.000000e+00
    outer loop
      vertex   -1.462392e+01 -3.337814e+00 7.500000e+01
      vertex   -1.462392e+01 -3.337814e+00 7.900000e+01
      vertex   -1.483246e+01 -2.235634e+00 7.500000e+01
    endloop
  endfacet
  facet normal -9.825665e-01 -1.859116e-01 2.534843e-16
    outer loop
      vertex   -1.483246e+01 -2.235634e+00 7.500000e+01
      vertex   -1.462392e+01 -3.337814e+00 7.900000e+01
      vertex   -1.483246e+01 -2.235634e+00 7.900000e+01
    endloop
  endfacet
  facet normal -9.937122e-01 -1.119645e-01 5.096771e-16
    outer loop
      vertex   -1.483246e+01 -2.235634e+00 7.500000e+01
      vertex   -1.483246e+01 -2.235634e+00 7.900000e+01
      vertex   -1.495806e+01 -1.120951e+00 7.500000e+01
    endloop
  endfacet
  facet normal -9.937122e-01 -1.119645e-01 6.838027e-17
    outer loop
      vertex   -1.495806e+01 -1.120951e+00 7.500000e+01
      vertex   -1.483246e+01 -2.235634e+00 7.900000e+01
      vertex   -1.495806e+01 -1.120951e+00 7.900000e+01
    endloop
  endfacet
  facet normal -9.993007e-01 -3.739119e-02 3.192410e-16
    outer loop
      vertex   -1.495806e+01 -1.120951e+00 7.500000e+01
      vertex   -1.495806e+01 -1.120951e+00 7.900000e+01
      vertex   -1.500000e+01 9.360806e-08 7.500000e+01
    endloop
  endfacet
  facet normal -9.993007e-01 -3.739119e-02 0.000000e+00
    outer loop
      vertex   -1.500000e+01 9.360806e-08 7.500000e+01
      vertex   -1.495806e+01 -1.120951e+00 7.900000e+01
      vertex   -1.500000e+01 9.360806e-08 7.900000e+01
    endloop
  endfacet
  facet normal -9.993007e-01 3.739120e-02 0.000000e+00
    outer loop
      vertex   -1.500000e+01 9.360806e-08 7.500000e+01
      vertex   -1.500000e+01 9.360806e-08 7.900000e+01
      vertex   -1.495806e+01 1.120952e+00 7.500000e+01
    endloop
  endfacet
  facet normal -9.993007e-01 3.739120e-02 0.000000e+00
    outer loop
      vertex   -1.495806e+01 1.120952e+00 7.500000e+01
      vertex   -1.500000e+01 9.360806e-08 7.900000e+01
      vertex   -1.495806e+01 1.120952e+00 7.900000e+01
    endloop
  endfacet
  facet normal -9.937122e-01 1.119645e-01 0.000000e+00
    outer loop
      vertex   -1.495806e+01 1.120952e+00 7.500000e+01
      vertex   -1.495806e+01 1.120952e+00 7.900000e+01
      vertex   -1.483246e+01 2.235634e+00 7.500000e+01
    endloop
  endfacet
  facet normal -9.937122e-01 1.119645e-01 -6.838023e-17
    outer loop
      vertex   -1.483246e+01 2.235634e+00 7.500000e+01
      vertex   -1.495806e+01 1.120952e+00 7.900000e+01
      vertex   -1.483246e+01 2.235634e+00 7.900000e+01
    endloop
  endfacet
  facet normal -9.825665e-01 1.859116e-01 1.828629e-16
    outer loop
      vertex   -1.483246e+01 2.235634e+00 7.500000e+01
      vertex   -1.483246e+01 2.235634e+00 7.900000e+01
      vertex   -1.462392e+01 3.337814e+00 7.500000e+01
    endloop
  endfacet
  facet normal -9.825665e-01 1.859116e-01 0.000000e+00
    outer loop
      vertex   -1.462392e+01 3.337814e+00 7.500000e+01
      vertex   -1.483246e+01 2.235634e+00 7.900000e+01
      vertex   -1.462392e+01 3.337814e+00 7.900000e+01
    endloop
  endfacet
  facet normal -9.659258e-01 2.588191e-01 0.000000e+00
    outer loop
      vertex   -1.462392e+01 3.337814e+00 7.500000e+01
      vertex   -1.462392e+01 3.337814e+00 7.900000e+01
      vertex   -1.433359e+01 4.421328e+00 7.500000e+01
    endloop
  endfacet
  facet normal -9.659258e-01 2.588191e-01 0.000000e+00
    outer loop
      vertex   -1.433359e+01 4.421328e+00 7.500000e+01
      vertex   -1.462392e+01 3.337814e+00 7.900000e+01
      vertex   -1.433359e+01 4.421328e+00 7.900000e+01
    endloop
  endfacet
  facet normal -9.438833e-01 3.302791e-01 0.000000e+00
    outer loop
      vertex   -1.433359e+01 4.421328e+00 7.500000e+01
      vertex   -1.433359e+01 4.421328e+00 7.900000e+01
      vertex   -1.396311e+01 5.480116e+00 7.500000e+01
    endloop
  endfacet
  facet normal -9.438833e-01 3.302791e-01 0.000000e+00
    outer loop
      vertex   -1.396311e+01 5.480116e+00 7.500000e+01
      vertex   -1.433359e+01 4.421328e+00 7.900000e+01
      vertex   -1.396311e+01 5.480116e+00 7.900000e+01
    endloop
  endfacet
  facet normal -9.165623e-01 3.998920e-01 0.000000e+00
    outer loop
      vertex   -1.396311e+01 5.480116e+00 7.500000e+01
      vertex   -1.396311e+01 5.480116e+00 7.900000e+01
      vertex   -1.351453e+01 6.508256e+00 7.500000e+01
    endloop
  endfacet
  facet normal -9.165623e-01 3.998920e-01 -6.678594e-17
    outer loop
      vertex   -1.351453e+01 6.508256e+00 7.500000e+01
      vertex   -1.396311e+01 5.480116e+00 7.900000e+01
      vertex   -1.351453e+01 6.508256e+00 7.900000e+01
    endloop
  endfacet
  facet normal -8.841154e-01 4.672686e-01 1.709299e-16
    outer loop
      vertex   -1.351453e+01 6.508256e+00 7.500000e+01
      vertex   -1.351453e+01 6.508256e+00 7.900000e+01
      vertex   -1.299038e+01 7.500000e+00 7.500000e+01
    endloop
  endfacet
  facet normal -8.841154e-01 4.672686e-01 -2.216962e-16
    outer loop
      vertex   -1.299038e+01 7.500000e+00 7.500000e+01
      vertex   -1.351453e+01 6.508256e+00 7.900000e+01
      vertex   -1.299038e+01 7.500000e+00 7.900000e+01
    endloop
  endfacet
  facet normal -8.467242e-01 5.320321e-01 3.166877e-17
    outer loop
      vertex   -1.299038e+01 7.500000e+00 7.500000e+01
      vertex   -1.299038e+01 7.500000e+00 7.900000e+01
      vertex   -1.239358e+01 8.449801e+00 7.500000e+01
    endloop
  endfacet
  facet normal -8.467242e-01 5.320321e-01 0.000000e+00
    outer loop
      vertex   -1.239358e+01 8.449801e+00 7.500000e+01
      vertex   -1.299038e+01 7.500000e+00 7.900000e+01
      vertex   -1.239358e+01 8.449801e+00 7.900000e+01
    endloop
  endfacet
  facet normal -8.045978e-01 5.938202e-01 0.000000e+00
    outer loop
      vertex   -1.239358e+01 8.449801e+00 7.500000e+01
      vertex   -1.239358e+01 8.449801e+00 7.900000e+01
      vertex   -1.172747e+01 9.352347e+00 7.500000e+01
    endloop
  endfacet
  facet normal -8.045978e-01 5.938202e-01 -4.680203e-16
    outer loop
      vertex   -1.172747e+01 9.352347e+00 7.500000e+01
      vertex   -1.239358e+01 8.449801e+00 7.900000e+01
      vertex   -1.172747e+01 9.352347e+00 7.900000e+01
    endloop
  endfacet
  facet normal -7.579717e-01 6.522874e-01 -2.346663e-16
    outer loop
      vertex   -1.172747e+01 9.352347e+00 7.500000e+01
      vertex   -1.172747e+01 9.352347e+00 7.900000e+01
      vertex   -1.099578e+01 1.020259e+01 7.500000e+01
    endloop
  endfacet
  facet normal -7.579717e-01 6.522874e-01 -2.346663e-16
    outer loop
      vertex   -1.099578e+01 1.020259e+01 7.500000e+01
      vertex   -1.172747e+01 9.352347e+00 7.900000e+01
      vertex   -1.099578e+01 1.020259e+01 7.900000e+01
    endloop
  endfacet
  facet normal -7.071068e-01 7.071068e-01 9.798216e-24
    outer loop
      vertex   -1.099578e+01 1.020259e+01 7.500000e+01
      vertex   -1.099578e+01 1.020259e+01 7.900000e+01
      vertex   -1.020259e+01 1.099578e+01 7.500000e+01
    endloop
  endfacet
  facet normal -7.071068e-01 7.071068e-01 0.000000e+00
    outer loop
      vertex   -1.020259e+01 1.099578e+01 7.500000e+01
      vertex   -1.099578e+01 1.020259e+01 7.900000e+01
      vertex   -1.020259e+01 1.099578e+01 7.900000e+01
    endloop
  endfacet
  facet normal -6.522874e-01 7.579717e-01 0.000000e+00
    outer loop
      vertex   -1.020259e+01 1.099578e+01 7.500000e+01
      vertex   -1.020259e+01 1.099578e+01 7.900000e+01
      vertex   -9.352347e+00 1.172747e+01 7.500000e+01
    endloop
  endfacet
  facet normal -6.522874e-01 7.579717e-01 2.346663e-16
    outer loop
      vertex   -9.352347e+00 1.172747e+01 7.500000e+01
      vertex   -1.020259e+01 1.099578e+01 7.900000e+01
      vertex   -9.352347e+00 1.172747e+01 7.900000e+01
    endloop
  endfacet
  facet normal -5.938202e-01 8.045978e-01 4.680203e-16
    outer loop
      vertex   -9.352347e+00 1.172747e+01 7.500000e+01
      vertex   -9.352347e+00 1.172747e+01 7.900000e+01
      vertex   -8.449801e+00 1.239358e+01 7.500000e+01
    endloop
  endfacet
  facet normal -5.938202e-01 8.045978e-01 0.000000e+00
    outer loop
      vertex   -8.449801e+00 1.239358e+01 7.500000e+01
      vertex   -9.352347e+00 1.172747e+01 7.900000e+01
      vertex   -8.449801e+00 1.239358e+01 7.900000e+01
    endloop
  endfacet
  facet normal -5.320321e-01 8.467242e-01 0.000000e+00
    outer loop
      vertex   -8.449801e+00 1.239358e+01 7.500000e+01
      vertex   -8.449801e+00 1.239358e+01 7.900000e+01
      vertex   -7.500000e+00 1.299038e+01 7.500000e+01
    endloop
  endfacet
  facet normal -5.320321e-01 8.467242e-01 0.000000e+00
    outer loop
      vertex   -7.500000e+00 1.299038e+01 7.500000e+01
      vertex   -8.449801e+00 1.239358e+01 7.900000e+01
      vertex   -7.500000e+00 1.299038e+01 7.900000e+01
    endloop
  endfacet
  facet normal -4.672686e-01 8.841154e-01 0.000000e+00
    outer loop
      vertex   -7.500000e+00 1.299038e+01 7.500000e+01
      vertex   -7.500000e+00 1.299038e+01 7.900000e+01
      vertex   -6.508256e+00 1.351453e+01 7.500000e+01
    endloop
  endfacet
  facet normal -4.672686e-01 8.841154e-01 -6.717541e-17
    outer loop
      vertex   -6.508256e+00 1.351453e+01 7.500000e+01
      vertex   -7.500000e+00 1.299038e+01 7.900000e+01
      vertex   -6.508256e+00 1.351453e+01 7.900000e+01
    endloop
  endfacet
  facet normal -3.998920e-01 9.165623e-01 1.555798e-16
    outer loop
      vertex   -6.508256e+00 1.351453e+01 7.500000e+01
      vertex   -6.508256e+00 1.351453e+01 7.900000e+01
      vertex   -5.480115e+00 1.396311e+01 7.500000e+01
    endloop
  endfacet
  facet normal -3.998920e-01 9.165623e-01 0.000000e+00
    outer loop
      vertex   -5.480115e+00 1.396311e+01 7.500000e+01
      vertex   -6.508256e+00 1.351453e+01 7.900000e+01
      vertex   -5.480115e+00 1.396311e+01 7.900000e+01
    endloop
  endfacet
  facet normal -3.302791e-01 9.438833e-01 0.000000e+00
    outer loop
      vertex   -5.480115e+00 1.396311e+01 7.500000e+01
      vertex   -5.480115e+00 1.396311e+01 7.900000e+01
      vertex   -4.421328e+00 1.433359e+01 7.500000e+01
    endloop
  endfacet
  facet normal -3.302791e-01 9.438833e-01 1.574550e-16
    outer loop
      vertex   -4.421328e+00 1.433359e+01 7.500000e+01
      vertex   -5.480115e+00 1.396311e+01 7.900000e+01
      vertex   -4.421328e+00 1.433359e+01 7.900000e+01
    endloop
  endfacet
  facet normal -2.588190e-01 9.659258e-01 4.248311e-16
    outer loop
      vertex   -4.421328e+00 1.433359e+01 7.500000e+01
      vertex   -4.421328e+00 1.433359e+01 7.900000e+01
      vertex   -3.337814e+00 1.462392e+01 7.500000e+01
    endloop
  endfacet
  facet normal -2.588190e-01 9.659258e-01 4.535658e-16
    outer loop
      vertex   -3.337814e+00 1.462392e+01 7.500000e+01
      vertex   -4.421328e+00 1.433359e+01 7.900000e+01
      vertex   -3.337814e+00 1.462392e+01 7.900000e+01
    endloop
  endfacet
  facet normal -1.859116e-01 9.825665e-01 7.104718e-16
    outer loop
      vertex   -3.337814e+00 1.462392e+01 7.500000e+01
      vertex   -3.337814e+00 1.462392e+01 7.900000e+01
      vertex   -2.235634e+00 1.483246e+01 7.500000e+01
    endloop
  endfacet
  facet normal -1.859116e-01 9.825665e-01 0.000000e+00
    outer loop
      vertex   -2.235634e+00 1.483246e+01 7.500000e+01
      vertex   -3.337814e+00 1.462392e+01 7.900000e+01
      vertex   -2.235634e+00 1.483246e+01 7.900000e+01
    endloop
  endfacet
  facet normal -1.119645e-01 9.937122e-01 0.000000e+00
    outer loop
      vertex   -2.235634e+00 1.483246e+01 7.500000e+01
      vertex   -2.235634e+00 1.483246e+01 7.900000e+01
      vertex   -1.120951e+00 1.495806e+01 7.500000e+01
    endloop
  endfacet
  facet normal -1.119645e-01 9.937122e-01 5.096771e-16
    outer loop
      vertex   -1.120951e+00 1.495806e+01 7.500000e+01
      vertex   -2.235634e+00 1.483246e+01 7.900000e+01
      vertex   -1.120951e+00 1.495806e+01 7.900000e+01
    endloop
  endfacet
  facet normal -3.739119e-02 9.993007e-01 7.630196e-16
    outer loop
      vertex   -1.120951e+00 1.495806e+01 7.500000e+01
      vertex   -1.120951e+00 1.495806e+01 7.900000e+01
      vertex   2.755455e-15 1.500000e+01 7.500000e+01
    endloop
  endfacet
  facet normal -3.739119e-02 9.993007e-01 0.000000e+00
    outer loop
      vertex   2.755455e-15 1.500000e+01 7.500000e+01
      vertex   -1.120951e+00 1.495806e+01 7.900000e+01
      vertex   2.755455e-15 1.500000e+01 7.900000e+01
    endloop
  endfacet
  facet normal 3.739119e-02 9.993007e-01 -0.000000e+00
    outer loop
      vertex   2.755455e-15 1.500000e+01 7.500000e+01
      vertex   2.755455e-15 1.500000e+01 7.900000e+01
      vertex   1.120951e+00 1.495806e+01 7.500000e+01
    endloop
  endfacet
  facet normal 3.739119e-02 9.993007e-01 -0.000000e+00
    outer loop
      vertex   1.120951e+00 1.495806e+01 7.500000e+01
      vertex   2.755455e-15 1.500000e+01 7.900000e+01
      vertex   1.120951e+00 1.495806e+01 7.900000e+01
    endloop
  endfacet
  facet normal 1.119645e-01 9.937122e-01 -0.000000e+00
    outer loop
      vertex   1.120951e+00 1.495806e+01 7.500000e+01
      vertex   1.120951e+00 1.495806e+01 7.900000e+01
      vertex   2.235634e+00 1.483246e+01 7.500000e+01
    endloop
  endfacet
  facet normal 1.119645e-01 9.937122e-01 -0.000000e+00
    outer loop
      vertex   2.235634e+00 1.483246e+01 7.500000e+01
      vertex   1.120951e+00 1.495806e+01 7.900000e+01
      vertex   2.235634e+00 1.483246e+01 7.900000e+01
    endloop
  endfacet
  facet normal 1.859116e-01 9.825665e-01 -0.000000e+00
    outer loop
      vertex   2.235634e+00 1.483246e+01 7.500000e+01
      vertex   2.235634e+00 1.483246e+01 7.900000e+01
      vertex   3.337814e+00 1.462392e+01 7.500000e+01
    endloop
  endfacet
  facet normal 1.859116e-01 9.825665e-01 -0.000000e+00
    outer loop
      vertex   3.337814e+00 1.462392e+01 7.500000e+01
      vertex   2.235634e+00 1.483246e+01 7.900000e+01
      vertex   3.337814e+00 1.462392e+01 7.900000e+01
    endloop
  endfacet
  facet normal 2.588190e-01 9.659258e-01 -0.000000e+00
    outer loop
      vertex   3.337814e+00 1.462392e+01 7.500000e+01
      vertex   3.337814e+00 1.462392e+01 7.900000e+01
      vertex   4.421328e+00 1.433359e+01 7.500000e+01
    endloop
  endfacet
  facet normal 2.588190e-01 9.659258e-01 -0.000000e+00
    outer loop
      vertex   4.421328e+00 1.433359e+01 7.500000e+01
      vertex   3.337814e+00 1.462392e+01 7.900000e+01
      vertex   4.421328e+00 1.433359e+01 7.900000e+01
    endloop
  endfacet
  facet normal 3.302791e-01 9.438833e-01 -0.000000e+00
    outer loop
      vertex   4.421328e+00 1.433359e+01 7.500000e+01
      vertex   4.421328e+00 1.433359e+01 7.900000e+01
      vertex   5.480115e+00 1.396311e+01 7.500000e+01
    endloop
  endfacet
  facet normal 3.302791e-01 9.438833e-01 -2.307916e-16
    outer loop
      vertex   5.480115e+00 1.396311e+01 7.500000e+01
      vertex   4.421328e+00 1.433359e+01 7.900000e+01
      vertex   5.480115e+00 1.396311e+01 7.900000e+01
    endloop
  endfacet
  facet normal 3.998920e-01 9.165623e-01 2.200790e-17
    outer loop
      vertex   5.480115e+00 1.396311e+01 7.500000e+01
      vertex   5.480115e+00 1.396311e+01 7.900000e+01
      vertex   6.508256e+00 1.351453e+01 7.500000e+01
    endloop
  endfacet
  facet normal 3.998920e-01 9.165623e-01 -0.000000e+00
    outer loop
      vertex   6.508256e+00 1.351453e+01 7.500000e+01
      vertex   5.480115e+00 1.396311e+01 7.900000e+01
      vertex   6.508256e+00 1.351453e+01 7.900000e+01
    endloop
  endfacet
  facet normal 4.672686e-01 8.841154e-01 -0.000000e+00
    outer loop
      vertex   6.508256e+00 1.351453e+01 7.500000e+01
      vertex   6.508256e+00 1.351453e+01 7.900000e+01
      vertex   7.500000e+00 1.299038e+01 7.500000e+01
    endloop
  endfacet
  facet normal 4.672686e-01 8.841154e-01 -3.254507e-16
    outer loop
      vertex   7.500000e+00 1.299038e+01 7.500000e+01
      vertex   6.508256e+00 1.351453e+01 7.900000e+01
      vertex   7.500000e+00 1.299038e+01 7.900000e+01
    endloop
  endfacet
  facet normal 5.320321e-01 8.467242e-01 -8.646610e-17
    outer loop
      vertex   7.500000e+00 1.299038e+01 7.500000e+01
      vertex   7.500000e+00 1.299038e+01 7.900000e+01
      vertex   8.449801e+00 1.239358e+01 7.500000e+01
    endloop
  endfacet
  facet normal 5.320321e-01 8.467242e-01 -3.227358e-16
    outer loop
      vertex   8.449801e+00 1.239358e+01 7.500000e+01
      vertex   7.500000e+00 1.299038e+01 7.900000e+01
      vertex   8.449801e+00 1.239358e+01 7.900000e+01
    endloop
  endfacet
  facet normal 5.938202e-01 8.045978e-01 -1.107071e-16
    outer loop
      vertex   8.449801e+00 1.239358e+01 7.500000e+01
      vertex   8.449801e+00 1.239358e+01 7.900000e+01
      vertex   9.352347e+00 1.172747e+01 7.500000e+01
    endloop
  endfacet
  facet normal 5.938202e-01 8.045978e-01 -0.000000e+00
    outer loop
      vertex   9.352347e+00 1.172747e+01 7.500000e+01
      vertex   8.449801e+00 1.239358e+01 7.900000e+01
      vertex   9.352347e+00 1.172747e+01 7.900000e+01
    endloop
  endfacet
  facet normal 6.522874e-01 7.579717e-01 -0.000000e+00
    outer loop
      vertex   9.352347e+00 1.172747e+01 7.500000e+01
      vertex   9.352347e+00 1.172747e+01 7.900000e+01
      vertex   1.020259e+01 1.099578e+01 7.500000e+01
    endloop
  endfacet
  facet normal 6.522874e-01 7.579717e-01 -0.000000e+00
    outer loop
      vertex   1.020259e+01 1.099578e+01 7.500000e+01
      vertex   9.352347e+00 1.172747e+01 7.900000e+01
      vertex   1.020259e+01 1.099578e+01 7.900000e+01
    endloop
  endfacet
  facet normal 7.071068e-01 7.071068e-01 -0.000000e+00
    outer loop
      vertex   1.020259e+01 1.099578e+01 7.500000e+01
      vertex   1.020259e+01 1.099578e+01 7.900000e+01
      vertex   1.099578e+01 1.020259e+01 7.500000e+01
    endloop
  endfacet
  facet normal 7.071068e-01 7.071068e-01 -3.140185e-16
    outer loop
      vertex   1.099578e+01 1.020259e+01 7.500000e+01
      vertex   1.020259e+01 1.099578e+01 7.900000e+01
      vertex   1.099578e+01 1.020259e+01 7.900000e+01
    endloop
  endfacet
  facet normal 7.579717e-01 6.522874e-01 -1.958073e-16
    outer loop
      vertex   1.099578e+01 1.020259e+01 7.500000e+01
      vertex   1.099578e+01 1.020259e+01 7.900000e+01
      vertex   1.172747e+01 9.352347e+00 7.500000e+01
    endloop
  endfacet
  facet normal 7.579717e-01 6.522874e-01 1.407998e-16
    outer loop
      vertex   1.172747e+01 9.352347e+00 7.500000e+01
      vertex   1.099578e+01 1.020259e+01 7.900000e+01
      vertex   1.172747e+01 9.352347e+00 7.900000e+01
    endloop
  endfacet
  facet normal 8.045978e-01 5.938202e-01 2.808122e-16
    outer loop
      vertex   1.172747e+01 9.352347e+00 7.500000e+01
      vertex   1.172747e+01 9.352347e+00 7.900000e+01
      vertex   1.239358e+01 8.449801e+00 7.500000e+01
    endloop
  endfacet
  facet normal 8.045978e-01 5.938202e-01 -0.000000e+00
    outer loop
      vertex   1.239358e+01 8.449801e+00 7.500000e+01
      vertex   1.172747e+01 9.352347e+00 7.900000e+01
      vertex   1.239358e+01 8.449801e+00 7.900000e+01
    endloop
  endfacet
  facet normal 8.467242e-01 5.320321e-01 -0.000000e+00
    outer loop
      vertex   1.239358e+01 8.449801e+00 7.500000e+01
      vertex   1.239358e+01 8.449801e+00 7.900000e+01
      vertex   1.299038e+01 7.500000e+00 7.500000e+01
    endloop
  endfacet
  facet normal 8.467242e-01 5.320321e-01 -1.930367e-16
    outer loop
      vertex   1.299038e+01 7.500000e+00 7.500000e+01
      vertex   1.239358e+01 8.449801e+00 7.900000e+01
      vertex   1.299038e+01 7.500000e+00 7.900000e+01
    endloop
  endfacet
  facet normal 8.841154e-01 4.672686e-01 -4.478362e-17
    outer loop
      vertex   1.299038e+01 7.500000e+00 7.500000e+01
      vertex   1.299038e+01 7.500000e+00 7.900000e+01
      vertex   1.351453e+01 6.508256e+00 7.500000e+01
    endloop
  endfacet
  facet normal 8.841154e-01 4.672686e-01 1.627253e-16
    outer loop
      vertex   1.351453e+01 6.508256e+00 7.500000e+01
      vertex   1.299038e+01 7.500000e+00 7.900000e+01
      vertex   1.351453e+01 6.508256e+00 7.900000e+01
    endloop
  endfacet
  facet normal 9.165623e-01 3.998920e-01 2.813076e-16
    outer loop
      vertex   1.351453e+01 6.508256e+00 7.500000e+01
      vertex   1.351453e+01 6.508256e+00 7.900000e+01
      vertex   1.396311e+01 5.480116e+00 7.500000e+01
    endloop
  endfacet
  facet normal 9.165623e-01 3.998920e-01 -6.215571e-16
    outer loop
      vertex   1.396311e+01 5.480116e+00 7.500000e+01
      vertex   1.351453e+01 6.508256e+00 7.900000e+01
      vertex   1.396311e+01 5.480116e+00 7.900000e+01
    endloop
  endfacet
  facet normal 9.438833e-01 3.302791e-01 -5.133568e-16
    outer loop
      vertex   1.396311e+01 5.480116e+00 7.500000e+01
      vertex   1.396311e+01 5.480116e+00 7.900000e+01
      vertex   1.433359e+01 4.421328e+00 7.500000e+01
    endloop
  endfacet
  facet normal 9.438833e-01 3.302791e-01 -0.000000e+00
    outer loop
      vertex   1.433359e+01 4.421328e+00 7.500000e+01
      vertex   1.396311e+01 5.480116e+00 7.900000e+01
      vertex   1.433359e+01 4.421328e+00 7.900000e+01
    endloop
  endfacet
  facet normal 9.659258e-01 2.588191e-01 -0.000000e+00
    outer loop
      vertex   1.433359e+01 4.421328e+00 7.500000e+01
      vertex   1.433359e+01 4.421328e+00 7.900000e+01
      vertex   1.462392e+01 3.337814e+00 7.500000e+01
    endloop
  endfacet
  facet normal 9.659258e-01 2.588191e-01 -3.079775e-17
    outer loop
      vertex   1.462392e+01 3.337814e+00 7.500000e+01
      vertex   1.433359e+01 4.421328e+00 7.900000e+01
      vertex   1.462392e+01 3.337814e+00 7.900000e+01
    endloop
  endfacet
  facet normal 9.825665e-01 1.859116e-01 1.061018e-16
    outer loop
      vertex   1.462392e+01 3.337814e+00 7.500000e+01
      vertex   1.462392e+01 3.337814e+00 7.900000e+01
      vertex   1.483246e+01 2.235634e+00 7.500000e+01
    endloop
  endfacet
  facet normal 9.825665e-01 1.859116e-01 -1.622226e-16
    outer loop
      vertex   1.483246e+01 2.235634e+00 7.500000e+01
      vertex   1.462392e+01 3.337814e+00 7.900000e+01
      vertex   1.483246e+01 2.235634e+00 7.900000e+01
    endloop
  endfacet
  facet normal 9.937122e-01 1.119645e-01 8.081079e-17
    outer loop
      vertex   1.483246e+01 2.235634e+00 7.500000e+01
      vertex   1.483246e+01 2.235634e+00 7.900000e+01
      vertex   1.495806e+01 1.120952e+00 7.500000e+01
    endloop
  endfacet
  facet normal 9.937122e-01 1.119645e-01 -0.000000e+00
    outer loop
      vertex   1.495806e+01 1.120952e+00 7.500000e+01
      vertex   1.483246e+01 2.235634e+00 7.900000e+01
      vertex   1.495806e+01 1.120952e+00 7.900000e+01
    endloop
  endfacet
  facet normal 9.993007e-01 3.739120e-02 -0.000000e+00
    outer loop
      vertex   1.495806e+01 1.120952e+00 7.500000e+01
      vertex   1.495806e+01 1.120952e+00 7.900000e+01
      vertex   1.500000e+01 9.360807e-08 7.500000e+01
    endloop
  endfacet
  facet normal 9.993007e-01 3.739120e-02 -0.000000e+00
    outer loop
      vertex   1.500000e+01 9.360807e-08 7.500000e+01
      vertex   1.495806e+01 1.120952e+00 7.900000e+01
      vertex   1.500000e+01 9.360807e-08 7.900000e+01
    endloop
  endfacet
  facet normal 9.993007e-01 -3.739119e-02 0.000000e+00
    outer loop
      vertex   1.500000e+01 9.360807e-08 7.500000e+01
      vertex   1.500000e+01 9.360807e-08 7.900000e+01
      vertex   1.495806e+01 -1.120951e+00 7.500000e+01
    endloop
  endfacet
  facet normal 9.993007e-01 -3.739119e-02 6.226884e-17
    outer loop
      vertex   1.495806e+01 -1.120951e+00 7.500000e+01
      vertex   1.500000e+01 9.360807e-08 7.900000e+01
      vertex   1.495806e+01 -1.120951e+00 7.900000e+01
    endloop
  endfacet
  facet normal 9.937122e-01 -1.119645e-01 1.864583e-16
    outer loop
      vertex   1.495806e+01 -1.120951e+00 7.500000e+01
      vertex   1.495806e+01 -1.120951e+00 7.900000e+01
      vertex   1.483246e+01 -2.235634e+00 7.500000e+01
    endloop
  endfacet
  facet normal 9.937122e-01 -1.119645e-01 -8.081083e-17
    outer loop
      vertex   1.483246e+01 -2.235634e+00 7.500000e+01
      vertex   1.495806e+01 -1.120951e+00 7.900000e+01
      vertex   1.483246e+01 -2.235634e+00 7.900000e+01
    endloop
  endfacet
  facet normal 9.825665e-01 -1.859116e-01 1.622225e-16
    outer loop
      vertex   1.483246e+01 -2.235634e+00 7.500000e+01
      vertex   1.483246e+01 -2.235634e+00 7.900000e+01
      vertex   1.462392e+01 -3.337814e+00 7.500000e+01
    endloop
  endfacet
  facet normal 9.825665e-01 -1.859116e-01 0.000000e+00
    outer loop
      vertex   1.462392e+01 -3.337814e+00 7.500000e+01
      vertex   1.483246e+01 -2.235634e+00 7.900000e+01
      vertex   1.462392e+01 -3.337814e+00 7.900000e+01
    endloop
  endfacet
  facet normal 9.659258e-01 -2.588190e-01 0.000000e+00
    outer loop
      vertex   1.462392e+01 -3.337814e+00 7.500000e+01
      vertex   1.462392e+01 -3.337814e+00 7.900000e+01
      vertex   1.433359e+01 -4.421328e+00 7.500000e+01
    endloop
  endfacet
  facet normal 9.659258e-01 -2.588190e-01 -2.667164e-17
    outer loop
      vertex   1.433359e+01 -4.421328e+00 7.500000e+01
      vertex   1.462392e+01 -3.337814e+00 7.900000e+01
      vertex   1.433359e+01 -4.421328e+00 7.900000e+01
    endloop
  endfacet
  facet normal 9.438833e-01 -3.302791e-01 9.418837e-17
    outer loop
      vertex   1.433359e+01 -4.421328e+00 7.500000e+01
      vertex   1.433359e+01 -4.421328e+00 7.900000e+01
      vertex   1.396311e+01 -5.480115e+00 7.500000e+01
    endloop
  endfacet
  facet normal 9.438833e-01 -3.302791e-01 -3.983167e-16
    outer loop
      vertex   1.396311e+01 -5.480115e+00 7.500000e+01
      vertex   1.433359e+01 -4.421328e+00 7.900000e+01
      vertex   1.396311e+01 -5.480115e+00 7.900000e+01
    endloop
  endfacet
  facet normal 9.165623e-01 -3.998920e-01 -2.813076e-16
    outer loop
      vertex   1.396311e+01 -5.480115e+00 7.500000e+01
      vertex   1.396311e+01 -5.480115e+00 7.900000e+01
      vertex   1.351453e+01 -6.508256e+00 7.500000e+01
    endloop
  endfacet
  facet normal 9.165623e-01 -3.998920e-01 -3.850275e-16
    outer loop
      vertex   1.351453e+01 -6.508256e+00 7.500000e+01
      vertex   1.396311e+01 -5.480115e+00 7.900000e+01
      vertex   1.351453e+01 -6.508256e+00 7.900000e+01
    endloop
  endfacet
  facet normal 8.841154e-01 -4.672686e-01 -1.179418e-16
    outer loop
      vertex   1.351453e+01 -6.508256e+00 7.500000e+01
      vertex   1.351453e+01 -6.508256e+00 7.900000e+01
      vertex   1.299038e+01 -7.500000e+00 7.500000e+01
    endloop
  endfacet
  facet normal 8.841154e-01 -4.672686e-01 0.000000e+00
    outer loop
      vertex   1.299038e+01 -7.500000e+00 7.500000e+01
      vertex   1.351453e+01 -6.508256e+00 7.900000e+01
      vertex   1.299038e+01 -7.500000e+00 7.900000e+01
    endloop
  endfacet
  facet normal 8.467242e-01 -5.320321e-01 0.000000e+00
    outer loop
      vertex   1.299038e+01 -7.500000e+00 7.500000e+01
      vertex   1.299038e+01 -7.500000e+00 7.900000e+01
      vertex   1.239358e+01 -8.449801e+00 7.500000e+01
    endloop
  endfacet
  facet normal 8.467242e-01 -5.320321e-01 -4.192541e-16
    outer loop
      vertex   1.239358e+01 -8.449801e+00 7.500000e+01
      vertex   1.299038e+01 -7.500000e+00 7.900000e+01
      vertex   1.239358e+01 -8.449801e+00 7.900000e+01
    endloop
  endfacet
  facet normal 8.045978e-01 -5.938202e-01 -2.808122e-16
    outer loop
      vertex   1.239358e+01 -8.449801e+00 7.500000e+01
      vertex   1.239358e+01 -8.449801e+00 7.900000e+01
      vertex   1.172747e+01 -9.352347e+00 7.500000e+01
    endloop
  endfacet
  facet normal 8.045978e-01 -5.938202e-01 4.338142e-16
    outer loop
      vertex   1.172747e+01 -9.352347e+00 7.500000e+01
      vertex   1.239358e+01 -8.449801e+00 7.900000e+01
      vertex   1.172747e+01 -9.352347e+00 7.900000e+01
    endloop
  endfacet
  facet normal 7.579717e-01 -6.522874e-01 5.324143e-16
    outer loop
      vertex   1.172747e+01 -9.352347e+00 7.500000e+01
      vertex   1.172747e+01 -9.352347e+00 7.900000e+01
      vertex   1.099578e+01 -1.020259e+01 7.500000e+01
    endloop
  endfacet
  facet normal 7.579717e-01 -6.522874e-01 0.000000e+00
    outer loop
      vertex   1.099578e+01 -1.020259e+01 7.500000e+01
      vertex   1.172747e+01 -9.352347e+00 7.900000e+01
      vertex   1.099578e+01 -1.020259e+01 7.900000e+01
    endloop
  endfacet
  facet normal 7.071068e-01 -7.071068e-01 0.000000e+00
    outer loop
      vertex   1.099578e+01 -1.020259e+01 7.500000e+01
      vertex   1.099578e+01 -1.020259e+01 7.900000e+01
      vertex   1.020259e+01 -1.099578e+01 7.500000e+01
    endloop
  endfacet
  facet normal 7.071068e-01 -7.071068e-01 0.000000e+00
    outer loop
      vertex   1.020259e+01 -1.099578e+01 7.500000e+01
      vertex   1.099578e+01 -1.020259e+01 7.900000e+01
      vertex   1.020259e+01 -1.099578e+01 7.900000e+01
    endloop
  endfacet
  facet normal 6.522874e-01 -7.579717e-01 0.000000e+00
    outer loop
      vertex   1.020259e+01 -1.099578e+01 7.500000e+01
      vertex   1.020259e+01 -1.099578e+01 7.900000e+01
      vertex   9.352347e+00 -1.172747e+01 7.500000e+01
    endloop
  endfacet
  facet normal 6.522874e-01 -7.579717e-01 -1.958073e-16
    outer loop
      vertex   9.352347e+00 -1.172747e+01 7.500000e+01
      vertex   1.020259e+01 -1.099578e+01 7.900000e+01
      vertex   9.352347e+00 -1.172747e+01 7.900000e+01
    endloop
  endfacet
  facet normal 5.938202e-01 -8.045978e-01 -7.650104e-17
    outer loop
      vertex   9.352347e+00 -1.172747e+01 7.500000e+01
      vertex   9.352347e+00 -1.172747e+01 7.900000e+01
      vertex   8.449801e+00 -1.239358e+01 7.500000e+01
    endloop
  endfacet
  facet normal 5.938202e-01 -8.045978e-01 1.710301e-17
    outer loop
      vertex   8.449801e+00 -1.239358e+01 7.500000e+01
      vertex   9.352347e+00 -1.172747e+01 7.900000e+01
      vertex   8.449801e+00 -1.239358e+01 7.900000e+01
    endloop
  endfacet
  facet normal 5.320319e-01 -8.467243e-01 1.829849e-16
    outer loop
      vertex   8.449801e+00 -1.239358e+01 7.500000e+01
      vertex   8.449801e+00 -1.239358e+01 7.900000e+01
      vertex   7.500000e+00 -1.299038e+01 7.500000e+01
    endloop
  endfacet
  facet normal 5.320319e-01 -8.467243e-01 0.000000e+00
    outer loop
      vertex   7.500000e+00 -1.299038e+01 7.500000e+01
      vertex   8.449801e+00 -1.239358e+01 7.900000e+01
      vertex   7.500000e+00 -1.299038e+01 7.900000e+01
    endloop
  endfacet
  facet normal -9.056781e-01 -4.239659e-01 2.011009e-16
    outer loop
      vertex   -4.500000e+00 -1.939900e+01 7.900000e+01
      vertex   -7.500000e+00 -1.299038e+01 7.900000e+01
      vertex   -4.500000e+00 -1.939900e+01 7.500000e+01
    endloop
  endfacet
  facet normal -9.056781e-01 -4.239659e-01 2.510383e-16
    outer loop
      vertex   -4.500000e+00 -1.939900e+01 7.500000e+01
      vertex   -7.500000e+00 -1.299038e+01 7.900000e+01
      vertex   -7.500000e+00 -1.299038e+01 7.500000e+01
    endloop
  endfacet
  facet normal -0.000000e+00 0.000000e+00 1.000000e+00
    outer loop
      vertex   1.165785e+01 -9.922293e-01 7.900000e+01
      vertex   1.495806e+01 -1.120951e+00 7.900000e+01
      vertex   1.170000e+01 1.432837e-15 7.900000e+01
    endloop
  endfacet
  facet normal -0.000000e+00 0.000000e+00 1.000000e+00
    outer loop
      vertex   1.170000e+01 1.432837e-15 7.900000e+01
      vertex   1.495806e+01 -1.120951e+00 7.900000e+01
      vertex   1.500000e+01 9.360807e-08 7.900000e+01
    endloop
  endfacet
  facet normal 0.000000e+00 0.000000e+00 1.000000e+00
    outer loop
      vertex   1.170000e+01 1.432837e-15 7.900000e+01
      vertex   1.500000e+01 9.360807e-08 7.900000e+01
      vertex   1.495806e+01 1.120952e+00 7.900000e+01
    endloop
  endfacet
  facet normal 0.000000e+00 0.000000e+00 1.000000e+00
    outer loop
      vertex   1.495806e+01 -1.120951e+00 7.900000e+01
      vertex   1.165785e+01 -9.922293e-01 7.900000e+01
      vertex   1.483246e+01 -2.235634e+00 7.900000e+01
    endloop
  endfacet
  facet normal 0.000000e+00 0.000000e+00 1.000000e+00
    outer loop
      vertex   1.483246e+01 -2.235634e+00 7.900000e+01
      vertex   1.165785e+01 -9.922293e-01 7.900000e+01
      vertex   1.153171e+01 -1.977310e+00 7.900000e+01
    endloop
  endfacet
  facet normal 0.000000e+00 0.000000e+00 1.000000e+00
    outer loop
      vertex   1.483246e+01 -2.235634e+00 7.900000e+01
      vertex   1.153171e+01 -1.977310e+00 7.900000e+01
      vertex   1.462392e+01 -3.337814e+00 7.900000e+01
    endloop
  endfacet
  facet normal 0.000000e+00 0.000000e+00 1.000000e+00
    outer loop
      vertex   1.462392e+01 -3.337814e+00 7.900000e+01
      vertex   1.153171e+01 -1.977310e+00 7.900000e+01
      vertex   1.132248e+01 -2.948143e+00 7.900000e+01
    endloop
  endfacet
  facet normal 0.000000e+00 0.000000e+00 1.000000e+00
    outer loop
      vertex   1.462392e+01 -3.337814e+00 7.900000e+01
      vertex   1.132248e+01 -2.948143e+00 7.900000e+01
      vertex   1.433359e+01 -4.421328e+00 7.900000e+01
    endloop
  endfacet
  facet normal 0.000000e+00 0.000000e+00 1.000000e+00
    outer loop
      vertex   1.433359e+01 -4.421328e+00 7.900000e+01
      vertex   1.132248e+01 -2.948143e+00 7.900000e+01
      vertex   1.396311e+01 -5.480115e+00 7.900000e+01
    endloop
  endfacet
  facet normal 0.000000e+00 0.000000e+00 1.000000e+00
    outer loop
      vertex   1.396311e+01 -5.480115e+00 7.900000e+01
      vertex   1.132248e+01 -2.948143e+00 7.900000e+01
      vertex   1.103167e+01 -3.897736e+00 7.900000e+01
    endloop
  endfacet
  facet normal 0.000000e+00 0.000000e+00 1.000000e+00
    outer loop
      vertex   1.396311e+01 -5.480115e+00 7.900000e+01
      vertex   1.103167e+01 -3.897736e+00 7.900000e+01
      vertex   1.351453e+01 -6.508256e+00 7.900000e+01
    endloop
  endfacet
  facet normal 0.000000e+00 0.000000e+00 1.000000e+00
    outer loop
      vertex   1.351453e+01 -6.508256e+00 7.900000e+01
      vertex   1.103167e+01 -3.897736e+00 7.900000e+01
      vertex   1.066137e+01 -4.819245e+00 7.900000e+01
    endloop
  endfacet
  facet normal 0.000000e+00 0.000000e+00 1.000000e+00
    outer loop
      vertex   1.351453e+01 -6.508256e+00 7.900000e+01
      vertex   1.066137e+01 -4.819245e+00 7.900000e+01
      vertex   1.299038e+01 -7.500000e+00 7.900000e+01
    endloop
  endfacet
  facet normal 0.000000e+00 0.000000e+00 1.000000e+00
    outer loop
      vertex   1.299038e+01 -7.500000e+00 7.900000e+01
      vertex   1.066137e+01 -4.819245e+00 7.900000e+01
      vertex   1.021427e+01 -5.706031e+00 7.900000e+01
    endloop
  endfacet
  facet normal 0.000000e+00 0.000000e+00 1.000000e+00
    outer loop
      vertex   1.299038e+01 -7.500000e+00 7.900000e+01
      vertex   1.021427e+01 -5.706031e+00 7.900000e+01
      vertex   1.239358e+01 -8.449801e+00 7.900000e+01
    endloop
  endfacet
  facet normal 1.191783e-14 9.466073e-15 1.000000e+00
    outer loop
      vertex   1.239358e+01 -8.449801e+00 7.900000e+01
      vertex   1.021427e+01 -5.706031e+00 7.900000e+01
      vertex   9.693563e+00 -6.551705e+00 7.900000e+01
    endloop
  endfacet
  facet normal 3.465320e-15 -2.557523e-15 1.000000e+00
    outer loop
      vertex   1.239358e+01 -8.449801e+00 7.900000e+01
      vertex   9.693563e+00 -6.551705e+00 7.900000e+01
      vertex   1.172747e+01 -9.352347e+00 7.900000e+01
    endloop
  endfacet
  facet normal 3.461626e-15 -2.560206e-15 1.000000e+00
    outer loop
      vertex   1.172747e+01 -9.352347e+00 7.900000e+01
      vertex   9.693563e+00 -6.551705e+00 7.900000e+01
      vertex   9.103018e+00 -7.350174e+00 7.900000e+01
    endloop
  endfacet
  facet normal 3.268769e-15 -2.813003e-15 1.000000e+00
    outer loop
      vertex   1.172747e+01 -9.352347e+00 7.900000e+01
      vertex   9.103018e+00 -7.350174e+00 7.900000e+01
      vertex   1.099578e+01 -1.020259e+01 7.900000e+01
    endloop
  endfacet
  facet normal 2.994800e-15 -2.994800e-15 1.000000e+00
    outer loop
      vertex   1.099578e+01 -1.020259e+01 7.900000e+01
      vertex   9.103018e+00 -7.350174e+00 7.900000e+01
      vertex   1.020259e+01 -1.099578e+01 7.900000e+01
    endloop
  endfacet
  facet normal 3.298630e-15 -2.903159e-15 1.000000e+00
    outer loop
      vertex   1.020259e+01 -1.099578e+01 7.900000e+01
      vertex   9.103018e+00 -7.350174e+00 7.900000e+01
      vertex   8.446886e+00 -8.095685e+00 7.900000e+01
    endloop
  endfacet
  facet normal 2.772485e-15 -3.221686e-15 1.000000e+00
    outer loop
      vertex   1.020259e+01 -1.099578e+01 7.900000e+01
      vertex   8.446886e+00 -8.095685e+00 7.900000e+01
      vertex   9.352347e+00 -1.172747e+01 7.900000e+01
    endloop
  endfacet
  facet normal 3.026935e-15 -3.158247e-15 1.000000e+00
    outer loop
      vertex   9.352347e+00 -1.172747e+01 7.900000e+01
      vertex   8.446886e+00 -8.095685e+00 7.900000e+01
      vertex   7.729894e+00 -8.782866e+00 7.900000e+01
    endloop
  endfacet
  facet normal 2.532112e-15 -3.430890e-15 1.000000e+00
    outer loop
      vertex   9.352347e+00 -1.172747e+01 7.900000e+01
      vertex   7.729894e+00 -8.782866e+00 7.900000e+01
      vertex   8.449801e+00 -1.239358e+01 7.900000e+01
    endloop
  endfacet
  facet normal 2.737229e-15 -3.389994e-15 1.000000e+00
    outer loop
      vertex   8.449801e+00 -1.239358e+01 7.900000e+01
      vertex   7.729894e+00 -8.782866e+00 7.900000e+01
      vertex   6.957208e+00 -9.406766e+00 7.900000e+01
    endloop
  endfacet
  facet normal 2.275162e-15 -3.620901e-15 1.000000e+00
    outer loop
      vertex   8.449801e+00 -1.239358e+01 7.900000e+01
      vertex   6.957208e+00 -9.406766e+00 7.900000e+01
      vertex   7.500000e+00 -1.299038e+01 7.900000e+01
    endloop
  endfacet
  facet normal 1.809849e-14 -1.224222e-15 1.000000e+00
    outer loop
      vertex   7.500000e+00 -1.299038e+01 7.900000e+01
      vertex   6.957208e+00 -9.406766e+00 7.900000e+01
      vertex   6.134395e+00 -9.962891e+00 7.900000e+01
    endloop
  endfacet
  facet normal 4.188865e-15 -7.498414e-15 1.000000e+00
    outer loop
      vertex   7.500000e+00 -1.299038e+01 7.900000e+01
      vertex   6.134395e+00 -9.962891e+00 7.900000e+01
      vertex   5.267384e+00 -1.044723e+01 7.900000e+01
    endloop
  endfacet
  facet normal 3.616593e-15 -8.000809e-15 1.000000e+00
    outer loop
      vertex   5.267384e+00 -1.044723e+01 7.900000e+01
      vertex   4.362421e+00 -1.085630e+01 7.900000e+01
      vertex   7.500000e+00 -1.299038e+01 7.900000e+01
    endloop
  endfacet
  facet normal 6.870816e-15 -3.216365e-15 1.000000e+00
    outer loop
      vertex   7.500000e+00 -1.299038e+01 7.900000e+01
      vertex   4.362421e+00 -1.085630e+01 7.900000e+01
      vertex   4.500000e+00 -1.939900e+01 7.900000e+01
    endloop
  endfacet
  facet normal 1.168860e-15 -3.308195e-15 1.000000e+00
    outer loop
      vertex   4.500000e+00 -1.939900e+01 7.900000e+01
      vertex   4.362421e+00 -1.085630e+01 7.900000e+01
      vertex   3.426026e+00 -1.118715e+01 7.900000e+01
    endloop
  endfacet
  facet normal 8.715126e-16 -3.347083e-15 1.000000e+00
    outer loop
      vertex   4.500000e+00 -1.939900e+01 7.900000e+01
      vertex   3.426026e+00 -1.118715e+01 7.900000e+01
      vertex   2.464947e+00 -1.143740e+01 7.900000e+01
    endloop
  endfacet
  facet normal 5.864106e-16 -3.419957e-15 1.000000e+00
    outer loop
      vertex   2.464947e+00 -1.143740e+01 7.900000e+01
      vertex   1.486108e+00 -1.160524e+01 7.900000e+01
      vertex   4.500000e+00 -1.939900e+01 7.900000e+01
    endloop
  endfacet
  facet normal 3.004919e-16 -3.530524e-15 1.000000e+00
    outer loop
      vertex   4.500000e+00 -1.939900e+01 7.900000e+01
      vertex   1.486108e+00 -1.160524e+01 7.900000e+01
      vertex   4.965621e-01 -1.168946e+01 7.900000e+01
    endloop
  endfacet
  facet normal 1.318799e-29 -3.686564e-15 1.000000e+00
    outer loop
      vertex   4.500000e+00 -1.939900e+01 7.900000e+01
      vertex   4.965621e-01 -1.168946e+01 7.900000e+01
      vertex   -4.965621e-01 -1.168946e+01 7.900000e+01
    endloop
  endfacet
  facet normal 0.000000e+00 -3.686564e-15 1.000000e+00
    outer loop
      vertex   4.500000e+00 -1.939900e+01 7.900000e+01
      vertex   -4.965621e-01 -1.168946e+01 7.900000e+01
      vertex   -4.500000e+00 -1.939900e+01 7.900000e+01
    endloop
  endfacet
  facet normal -3.004919e-16 -3.530524e-15 1.000000e+00
    outer loop
      vertex   -4.500000e+00 -1.939900e+01 7.900000e+01
      vertex   -4.965621e-01 -1.168946e+01 7.900000e+01
      vertex   -1.486108e+00 -1.160524e+01 7.900000e+01
    endloop
  endfacet
  facet normal -5.864106e-16 -3.419957e-15 1.000000e+00
    outer loop
      vertex   -4.500000e+00 -1.939900e+01 7.900000e+01
      vertex   -1.486108e+00 -1.160524e+01 7.900000e+01
      vertex   -2.464947e+00 -1.143740e+01 7.900000e+01
    endloop
  endfacet
  facet normal -8.715126e-16 -3.347083e-15 1.000000e+00
    outer loop
      vertex   -2.464947e+00 -1.143740e+01 7.900000e+01
      vertex   -3.426026e+00 -1.118715e+01 7.900000e+01
      vertex   -4.500000e+00 -1.939900e+01 7.900000e+01
    endloop
  endfacet
  facet normal -1.168860e-15 -3.308195e-15 1.000000e+00
    outer loop
      vertex   -4.500000e+00 -1.939900e+01 7.900000e+01
      vertex   -3.426026e+00 -1.118715e+01 7.900000e+01
      vertex   -4.362421e+00 -1.085630e+01 7.900000e+01
    endloop
  endfacet
  facet normal -6.870816e-15 -3.216365e-15 1.000000e+00
    outer loop
      vertex   -4.500000e+00 -1.939900e+01 7.900000e+01
      vertex   -4.362421e+00 -1.085630e+01 7.900000e+01
      vertex   -7.500000e+00 -1.299038e+01 7.900000e+01
    endloop
  endfacet
  facet normal -3.616593e-15 -8.000809e-15 1.000000e+00
    outer loop
      vertex   -7.500000e+00 -1.299038e+01 7.900000e+01
      vertex   -4.362421e+00 -1.085630e+01 7.900000e+01
      vertex   -5.267384e+00 -1.044723e+01 7.900000e+01
    endloop
  endfacet
  facet normal -4.188865e-15 -7.498414e-15 1.000000e+00
    outer loop
      vertex   -7.500000e+00 -1.299038e+01 7.900000e+01
      vertex   -5.267384e+00 -1.044723e+01 7.900000e+01
      vertex   -6.134395e+00 -9.962891e+00 7.900000e+01
    endloop
  endfacet
  facet normal -1.809849e-14 -1.224222e-15 1.000000e+00
    outer loop
      vertex   -6.134395e+00 -9.962891e+00 7.900000e+01
      vertex   -6.957208e+00 -9.406766e+00 7.900000e+01
      vertex   -7.500000e+00 -1.299038e+01 7.900000e+01
    endloop
  endfacet
  facet normal -2.275162e-15 -3.620901e-15 1.000000e+00
    outer loop
      vertex   -7.500000e+00 -1.299038e+01 7.900000e+01
      vertex   -6.957208e+00 -9.406766e+00 7.900000e+01
      vertex   -8.449801e+00 -1.239358e+01 7.900000e+01
    endloop
  endfacet
  facet normal -2.737229e-15 -3.389994e-15 1.000000e+00
    outer loop
      vertex   -8.449801e+00 -1.239358e+01 7.900000e+01
      vertex   -6.957208e+00 -9.406766e+00 7.900000e+01
      vertex   -7.729894e+00 -8.782866e+00 7.900000e+01
    endloop
  endfacet
  facet normal -2.532112e-15 -3.430890e-15 1.000000e+00
    outer loop
      vertex   -8.449801e+00 -1.239358e+01 7.900000e+01
      vertex   -7.729894e+00 -8.782866e+00 7.900000e+01
      vertex   -9.352347e+00 -1.172747e+01 7.900000e+01
    endloop
  endfacet
  facet normal -3.026935e-15 -3.158247e-15 1.000000e+00
    outer loop
      vertex   -9.352347e+00 -1.172747e+01 7.900000e+01
      vertex   -7.729894e+00 -8.782866e+00 7.900000e+01
      vertex   -8.446886e+00 -8.095685e+00 7.900000e+01
    endloop
  endfacet
  facet normal -2.772485e-15 -3.221686e-15 1.000000e+00
    outer loop
      vertex   -9.352347e+00 -1.172747e+01 7.900000e+01
      vertex   -8.446886e+00 -8.095685e+00 7.900000e+01
      vertex   -1.020259e+01 -1.099578e+01 7.900000e+01
    endloop
  endfacet
  facet normal -3.298630e-15 -2.903159e-15 1.000000e+00
    outer loop
      vertex   -1.020259e+01 -1.099578e+01 7.900000e+01
      vertex   -8.446886e+00 -8.095685e+00 7.900000e+01
      vertex   -9.103018e+00 -7.350174e+00 7.900000e+01
    endloop
  endfacet
  facet normal -2.994800e-15 -2.994800e-15 1.000000e+00
    outer loop
      vertex   -1.020259e+01 -1.099578e+01 7.900000e+01
      vertex   -9.103018e+00 -7.350174e+00 7.900000e+01
      vertex   -1.099578e+01 -1.020259e+01 7.900000e+01
    endloop
  endfacet
  facet normal -3.268769e-15 -2.813003e-15 1.000000e+00
    outer loop
      vertex   -1.099578e+01 -1.020259e+01 7.900000e+01
      vertex   -9.103018e+00 -7.350174e+00 7.900000e+01
      vertex   -1.172747e+01 -9.352347e+00 7.900000e+01
    endloop
  endfacet
  facet normal -3.461626e-15 -2.560206e-15 1.000000e+00
    outer loop
      vertex   -1.172747e+01 -9.352347e+00 7.900000e+01
      vertex   -9.103018e+00 -7.350174e+00 7.900000e+01
      vertex   -9.693563e+00 -6.551705e+00 7.900000e+01
    endloop
  endfacet
  facet normal -3.465320e-15 -2.557523e-15 1.000000e+00
    outer loop
      vertex   -1.172747e+01 -9.352347e+00 7.900000e+01
      vertex   -9.693563e+00 -6.551705e+00 7.900000e+01
      vertex   -1.239358e+01 -8.449801e+00 7.900000e+01
    endloop
  endfacet
  facet normal -1.191783e-14 9.466073e-15 1.000000e+00
    outer loop
      vertex   -1.239358e+01 -8.449801e+00 7.900000e+01
      vertex   -9.693563e+00 -6.551705e+00 7.900000e+01
      vertex   -1.021427e+01 -5.706031e+00 7.900000e+01
    endloop
  endfacet
  facet normal 0.000000e+00 -0.000000e+00 1.000000e+00
    outer loop
      vertex   -1.239358e+01 -8.449801e+00 7.900000e+01
      vertex   -1.021427e+01 -5.706031e+00 7.900000e+01
      vertex   -1.299038e+01 -7.500000e+00 7.900000e+01
    endloop
  endfacet
  facet normal 0.000000e+00 0.000000e+00 1.000000e+00
    outer loop
      vertex   -1.299038e+01 -7.500000e+00 7.900000e+01
      vertex   -1.021427e+01 -5.706031e+00 7.900000e+01
      vertex   -1.066137e+01 -4.819245e+00 7.900000e+01
    endloop
  endfacet
  facet normal 0.000000e+00 -0.000000e+00 1.000000e+00
    outer loop
      vertex   -1.299038e+01 -7.500000e+00 7.900000e+01
      vertex   -1.066137e+01 -4.819245e+00 7.900000e+01
      vertex   -1.351453e+01 -6.508256e+00 7.900000e+01
    endloop
  endfacet
  facet normal 0.000000e+00 0.000000e+00 1.000000e+00
    outer loop
      vertex   -1.351453e+01 -6.508256e+00 7.900000e+01
      vertex   -1.066137e+01 -4.819245e+00 7.900000e+01
      vertex   -1.103167e+01 -3.897736e+00 7.900000e+01
    endloop
  endfacet
  facet normal 0.000000e+00 -0.000000e+00 1.000000e+00
    outer loop
      vertex   -1.351453e+01 -6.508256e+00 7.900000e+01
      vertex   -1.103167e+01 -3.897736e+00 7.900000e+01
      vertex   -1.396311e+01 -5.480115e+00 7.900000e+01
    endloop
  endfacet
  facet normal 0.000000e+00 0.000000e+00 1.000000e+00
    outer loop
      vertex   -1.396311e+01 -5.480115e+00 7.900000e+01
      vertex   -1.103167e+01 -3.897736e+00 7.900000e+01
      vertex   -1.132248e+01 -2.948143e+00 7.900000e+01
    endloop
  endfacet
  facet normal 0.000000e+00 -0.000000e+00 1.000000e+00
    outer loop
      vertex   -1.396311e+01 -5.480115e+00 7.900000e+01
      vertex   -1.132248e+01 -2.948143e+00 7.900000e+01
      vertex   -1.433359e+01 -4.421328e+00 7.900000e+01
    endloop
  endfacet
  facet normal 0.000000e+00 -0.000000e+00 1.000000e+00
    outer loop
      vertex   -1.433359e+01 -4.421328e+00 7.900000e+01
      vertex   -1.132248e+01 -2.948143e+00 7.900000e+01
      vertex   -1.462392e+01 -3.337814e+00 7.900000e+01
    endloop
  endfacet
  facet normal 0.000000e+00 0.000000e+00 1.000000e+00
    outer loop
      vertex   -1.462392e+01 -3.337814e+00 7.900000e+01
      vertex   -1.132248e+01 -2.948143e+00 7.900000e+01
      vertex   -1.153171e+01 -1.977310e+00 7.900000e+01
    endloop
  endfacet
  facet normal 0.000000e+00 -0.000000e+00 1.000000e+00
    outer loop
      vertex   -1.462392e+01 -3.337814e+00 7.900000e+01
      vertex   -1.153171e+01 -1.977310e+00 7.900000e+01
      vertex   -1.483246e+01 -2.235634e+00 7.900000e+01
    endloop
  endfacet
  facet normal 0.000000e+00 0.000000e+00 1.000000e+00
    outer loop
      vertex   -1.483246e+01 -2.235634e+00 7.900000e+01
      vertex   -1.153171e+01 -1.977310e+00 7.900000e+01
      vertex   -1.165785e+01 -9.922293e-01 7.900000e+01
    endloop
  endfacet
  facet normal 0.000000e+00 -0.000000e+00 1.000000e+00
    outer loop
      vertex   -1.483246e+01 -2.235634e+00 7.900000e+01
      vertex   -1.165785e+01 -9.922293e-01 7.900000e+01
      vertex   -1.495806e+01 -1.120951e+00 7.900000e+01
    endloop
  endfacet
  facet normal 0.000000e+00 0.000000e+00 1.000000e+00
    outer loop
      vertex   -1.495806e+01 -1.120951e+00 7.900000e+01
      vertex   -1.165785e+01 -9.922293e-01 7.900000e+01
      vertex   -1.170000e+01 0.000000e+00 7.900000e+01
    endloop
  endfacet
  facet normal 0.000000e+00 -0.000000e+00 1.000000e+00
    outer loop
      vertex   -1.495806e+01 -1.120951e+00 7.900000e+01
      vertex   -1.170000e+01 0.000000e+00 7.900000e+01
      vertex   -1.500000e+01 9.360806e-08 7.900000e+01
    endloop
  endfacet
  facet normal -0.000000e+00 0.000000e+00 1.000000e+00
    outer loop
      vertex   -1.500000e+01 9.360806e-08 7.900000e+01
      vertex   -1.170000e+01 0.000000e+00 7.900000e+01
      vertex   -1.495806e+01 1.120952e+00 7.900000e+01
    endloop
  endfacet
  facet normal 0.000000e+00 0.000000e+00 1.000000e+00
    outer loop
      vertex   -1.495806e+01 1.120952e+00 7.900000e+01
      vertex   -1.170000e+01 0.000000e+00 7.900000e+01
      vertex   -1.165785e+01 9.922293e-01 7.900000e+01
    endloop
  endfacet
  facet normal -0.000000e+00 0.000000e+00 1.000000e+00
    outer loop
      vertex   -1.495806e+01 1.120952e+00 7.900000e+01
      vertex   -1.165785e+01 9.922293e-01 7.900000e+01
      vertex   -1.483246e+01 2.235634e+00 7.900000e+01
    endloop
  endfacet
  facet normal 5.380428e-15 1.373710e-14 1.000000e+00
    outer loop
      vertex   -1.483246e+01 2.235634e+00 7.900000e+01
      vertex   -1.165785e+01 9.922293e-01 7.900000e+01
      vertex   -1.153171e+01 1.977310e+00 7.900000e+01
    endloop
  endfacet
  facet normal 4.242510e-15 -8.027261e-16 1.000000e+00
    outer loop
      vertex   -1.483246e+01 2.235634e+00 7.900000e+01
      vertex   -1.153171e+01 1.977310e+00 7.900000e+01
      vertex   -1.462392e+01 3.337814e+00 7.900000e+01
    endloop
  endfacet
  facet normal 4.197659e-15 -9.046647e-16 1.000000e+00
    outer loop
      vertex   -1.462392e+01 3.337814e+00 7.900000e+01
      vertex   -1.153171e+01 1.977310e+00 7.900000e+01
      vertex   -1.132248e+01 2.948143e+00 7.900000e+01
    endloop
  endfacet
  facet normal 4.172477e-15 -1.118012e-15 1.000000e+00
    outer loop
      vertex   -1.462392e+01 3.337814e+00 7.900000e+01
      vertex   -1.132248e+01 2.948143e+00 7.900000e+01
      vertex   -1.433359e+01 4.421328e+00 7.900000e+01
    endloop
  endfacet
  facet normal 4.029612e-15 -1.410022e-15 1.000000e+00
    outer loop
      vertex   -1.433359e+01 4.421328e+00 7.900000e+01
      vertex   -1.132248e+01 2.948143e+00 7.900000e+01
      vertex   -1.396311e+01 5.480116e+00 7.900000e+01
    endloop
  endfacet
  facet normal 4.160039e-15 -1.273998e-15 1.000000e+00
    outer loop
      vertex   -1.396311e+01 5.480116e+00 7.900000e+01
      vertex   -1.132248e+01 2.948143e+00 7.900000e+01
      vertex   -1.103167e+01 3.897736e+00 7.900000e+01
    endloop
  endfacet
  facet normal 3.923672e-15 -1.711880e-15 1.000000e+00
    outer loop
      vertex   -1.396311e+01 5.480116e+00 7.900000e+01
      vertex   -1.103167e+01 3.897736e+00 7.900000e+01
      vertex   -1.351453e+01 6.508256e+00 7.900000e+01
    endloop
  endfacet
  facet normal 4.023617e-15 -1.616822e-15 1.000000e+00
    outer loop
      vertex   -1.351453e+01 6.508256e+00 7.900000e+01
      vertex   -1.103167e+01 3.897736e+00 7.900000e+01
      vertex   -1.066137e+01 4.819245e+00 7.900000e+01
    endloop
  endfacet
  facet normal 3.793781e-15 -2.005072e-15 1.000000e+00
    outer loop
      vertex   -1.351453e+01 6.508256e+00 7.900000e+01
      vertex   -1.066137e+01 4.819245e+00 7.900000e+01
      vertex   -1.299038e+01 7.500000e+00 7.900000e+01
    endloop
  endfacet
  facet normal 3.860999e-15 -1.946675e-15 1.000000e+00
    outer loop
      vertex   -1.299038e+01 7.500000e+00 7.900000e+01
      vertex   -1.066137e+01 4.819245e+00 7.900000e+01
      vertex   -1.021427e+01 5.706031e+00 7.900000e+01
    endloop
  endfacet
  facet normal 3.640689e-15 -2.287597e-15 1.000000e+00
    outer loop
      vertex   -1.299038e+01 7.500000e+00 7.900000e+01
      vertex   -1.021427e+01 5.706031e+00 7.900000e+01
      vertex   -1.239358e+01 8.449801e+00 7.900000e+01
    endloop
  endfacet
  facet normal 1.559110e-14 7.204352e-15 1.000000e+00
    outer loop
      vertex   -1.239358e+01 8.449801e+00 7.900000e+01
      vertex   -1.021427e+01 5.706031e+00 7.900000e+01
      vertex   -9.693563e+00 6.551705e+00 7.900000e+01
    endloop
  endfacet
  facet normal 6.930641e-15 -5.115046e-15 1.000000e+00
    outer loop
      vertex   -1.239358e+01 8.449801e+00 7.900000e+01
      vertex   -9.693563e+00 6.551705e+00 7.900000e+01
      vertex   -1.172747e+01 9.352347e+00 7.900000e+01
    endloop
  endfacet
  facet normal 6.923253e-15 -5.120411e-15 1.000000e+00
    outer loop
      vertex   -1.172747e+01 9.352347e+00 7.900000e+01
      vertex   -9.693563e+00 6.551705e+00 7.900000e+01
      vertex   -9.103018e+00 7.350174e+00 7.900000e+01
    endloop
  endfacet
  facet normal 6.537538e-15 -5.626007e-15 1.000000e+00
    outer loop
      vertex   -1.172747e+01 9.352347e+00 7.900000e+01
      vertex   -9.103018e+00 7.350174e+00 7.900000e+01
      vertex   -1.099578e+01 1.020259e+01 7.900000e+01
    endloop
  endfacet
  facet normal 5.989599e-15 -5.989599e-15 1.000000e+00
    outer loop
      vertex   -1.099578e+01 1.020259e+01 7.900000e+01
      vertex   -9.103018e+00 7.350174e+00 7.900000e+01
      vertex   -1.020259e+01 1.099578e+01 7.900000e+01
    endloop
  endfacet
  facet normal 6.597260e-15 -5.806319e-15 1.000000e+00
    outer loop
      vertex   -1.020259e+01 1.099578e+01 7.900000e+01
      vertex   -9.103018e+00 7.350174e+00 7.900000e+01
      vertex   -8.446886e+00 8.095685e+00 7.900000e+01
    endloop
  endfacet
  facet normal 5.544969e-15 -6.443371e-15 1.000000e+00
    outer loop
      vertex   -1.020259e+01 1.099578e+01 7.900000e+01
      vertex   -8.446886e+00 8.095685e+00 7.900000e+01
      vertex   -9.352347e+00 1.172747e+01 7.900000e+01
    endloop
  endfacet
  facet normal 6.053870e-15 -6.316495e-15 1.000000e+00
    outer loop
      vertex   -9.352347e+00 1.172747e+01 7.900000e+01
      vertex   -8.446886e+00 8.095685e+00 7.900000e+01
      vertex   -7.729894e+00 8.782866e+00 7.900000e+01
    endloop
  endfacet
  facet normal 5.064225e-15 -6.861781e-15 1.000000e+00
    outer loop
      vertex   -9.352347e+00 1.172747e+01 7.900000e+01
      vertex   -7.729894e+00 8.782866e+00 7.900000e+01
      vertex   -8.449801e+00 1.239358e+01 7.900000e+01
    endloop
  endfacet
  facet normal 5.474458e-15 -6.779988e-15 1.000000e+00
    outer loop
      vertex   -8.449801e+00 1.239358e+01 7.900000e+01
      vertex   -7.729894e+00 8.782866e+00 7.900000e+01
      vertex   -6.957208e+00 9.406766e+00 7.900000e+01
    endloop
  endfacet
  facet normal 4.550326e-15 -7.241802e-15 1.000000e+00
    outer loop
      vertex   -8.449801e+00 1.239358e+01 7.900000e+01
      vertex   -6.957208e+00 9.406766e+00 7.900000e+01
      vertex   -7.500000e+00 1.299038e+01 7.900000e+01
    endloop
  endfacet
  facet normal 4.862632e-15 -7.194499e-15 1.000000e+00
    outer loop
      vertex   -7.500000e+00 1.299038e+01 7.900000e+01
      vertex   -6.957208e+00 9.406766e+00 7.900000e+01
      vertex   -6.134395e+00 9.962891e+00 7.900000e+01
    endloop
  endfacet
  facet normal 4.006502e-15 -7.580672e-15 1.000000e+00
    outer loop
      vertex   -7.500000e+00 1.299038e+01 7.900000e+01
      vertex   -6.134395e+00 9.962891e+00 7.900000e+01
      vertex   -6.508256e+00 1.351453e+01 7.900000e+01
    endloop
  endfacet
  facet normal 4.222137e-15 -7.557973e-15 1.000000e+00
    outer loop
      vertex   -6.508256e+00 1.351453e+01 7.900000e+01
      vertex   -6.134395e+00 9.962891e+00 7.900000e+01
      vertex   -5.267384e+00 1.044723e+01 7.900000e+01
    endloop
  endfacet
  facet normal 3.436226e-15 -7.875913e-15 1.000000e+00
    outer loop
      vertex   -6.508256e+00 1.351453e+01 7.900000e+01
      vertex   -5.267384e+00 1.044723e+01 7.900000e+01
      vertex   -5.480115e+00 1.396311e+01 7.900000e+01
    endloop
  endfacet
  facet normal 3.556838e-15 -7.868615e-15 1.000000e+00
    outer loop
      vertex   -5.480115e+00 1.396311e+01 7.900000e+01
      vertex   -5.267384e+00 1.044723e+01 7.900000e+01
      vertex   -4.362421e+00 1.085630e+01 7.900000e+01
    endloop
  endfacet
  facet normal 2.843185e-15 -8.125356e-15 1.000000e+00
    outer loop
      vertex   -5.480115e+00 1.396311e+01 7.900000e+01
      vertex   -4.362421e+00 1.085630e+01 7.900000e+01
      vertex   -4.421328e+00 1.433359e+01 7.900000e+01
    endloop
  endfacet
  facet normal 2.870706e-15 -8.124890e-15 1.000000e+00
    outer loop
      vertex   -4.421328e+00 1.433359e+01 7.900000e+01
      vertex   -4.362421e+00 1.085630e+01 7.900000e+01
      vertex   -3.426026e+00 1.118715e+01 7.900000e+01
    endloop
  endfacet
  facet normal 2.231257e-15 -8.327165e-15 1.000000e+00
    outer loop
      vertex   -4.421328e+00 1.433359e+01 7.900000e+01
      vertex   -3.426026e+00 1.118715e+01 7.900000e+01
      vertex   -3.337814e+00 1.462392e+01 7.900000e+01
    endloop
  endfacet
  facet normal 2.167801e-15 -8.325536e-15 1.000000e+00
    outer loop
      vertex   -3.337814e+00 1.462392e+01 7.900000e+01
      vertex   -3.426026e+00 1.118715e+01 7.900000e+01
      vertex   -2.464947e+00 1.143740e+01 7.900000e+01
    endloop
  endfacet
  facet normal 1.604473e-15 -8.479845e-15 1.000000e+00
    outer loop
      vertex   -3.337814e+00 1.462392e+01 7.900000e+01
      vertex   -2.464947e+00 1.143740e+01 7.900000e+01
      vertex   -2.235634e+00 1.483246e+01 7.900000e+01
    endloop
  endfacet
  facet normal 1.452253e-15 -8.469564e-15 1.000000e+00
    outer loop
      vertex   -2.235634e+00 1.483246e+01 7.900000e+01
      vertex   -2.464947e+00 1.143740e+01 7.900000e+01
      vertex   -1.486108e+00 1.160524e+01 7.900000e+01
    endloop
  endfacet
  facet normal 9.669892e-16 -8.582266e-15 1.000000e+00
    outer loop
      vertex   -2.235634e+00 1.483246e+01 7.900000e+01
      vertex   -1.486108e+00 1.160524e+01 7.900000e+01
      vertex   -1.120951e+00 1.495806e+01 7.900000e+01
    endloop
  endfacet
  facet normal 7.282455e-16 -8.556265e-15 1.000000e+00
    outer loop
      vertex   -1.120951e+00 1.495806e+01 7.900000e+01
      vertex   -1.486108e+00 1.160524e+01 7.900000e+01
      vertex   -4.965621e-01 1.168946e+01 7.900000e+01
    endloop
  endfacet
  facet normal 3.230491e-16 -8.633668e-15 1.000000e+00
    outer loop
      vertex   -1.120951e+00 1.495806e+01 7.900000e+01
      vertex   -4.965621e-01 1.168946e+01 7.900000e+01
      vertex   2.755455e-15 1.500000e+01 7.900000e+01
    endloop
  endfacet
  facet normal 0.000000e+00 -8.585213e-15 1.000000e+00
    outer loop
      vertex   2.755455e-15 1.500000e+01 7.900000e+01
      vertex   -4.965621e-01 1.168946e+01 7.900000e+01
      vertex   4.965621e-01 1.168946e+01 7.900000e+01
    endloop
  endfacet
  facet normal -3.230491e-16 -8.633668e-15 1.000000e+00
    outer loop
      vertex   2.755455e-15 1.500000e+01 7.900000e+01
      vertex   4.965621e-01 1.168946e+01 7.900000e+01
      vertex   1.120951e+00 1.495806e+01 7.900000e+01
    endloop
  endfacet
  facet normal -7.282455e-16 -8.556265e-15 1.000000e+00
    outer loop
      vertex   1.120951e+00 1.495806e+01 7.900000e+01
      vertex   4.965621e-01 1.168946e+01 7.900000e+01
      vertex   1.486108e+00 1.160524e+01 7.900000e+01
    endloop
  endfacet
  facet normal -9.669892e-16 -8.582266e-15 1.000000e+00
    outer loop
      vertex   1.120951e+00 1.495806e+01 7.900000e+01
      vertex   1.486108e+00 1.160524e+01 7.900000e+01
      vertex   2.235634e+00 1.483246e+01 7.900000e+01
    endloop
  endfacet
  facet normal -1.452253e-15 -8.469564e-15 1.000000e+00
    outer loop
      vertex   2.235634e+00 1.483246e+01 7.900000e+01
      vertex   1.486108e+00 1.160524e+01 7.900000e+01
      vertex   2.464947e+00 1.143740e+01 7.900000e+01
    endloop
  endfacet
  facet normal -1.604473e-15 -8.479845e-15 1.000000e+00
    outer loop
      vertex   2.235634e+00 1.483246e+01 7.900000e+01
      vertex   2.464947e+00 1.143740e+01 7.900000e+01
      vertex   3.337814e+00 1.462392e+01 7.900000e+01
    endloop
  endfacet
  facet normal -2.167801e-15 -8.325536e-15 1.000000e+00
    outer loop
      vertex   3.337814e+00 1.462392e+01 7.900000e+01
      vertex   2.464947e+00 1.143740e+01 7.900000e+01
      vertex   3.426026e+00 1.118715e+01 7.900000e+01
    endloop
  endfacet
  facet normal -2.231257e-15 -8.327165e-15 1.000000e+00
    outer loop
      vertex   3.337814e+00 1.462392e+01 7.900000e+01
      vertex   3.426026e+00 1.118715e+01 7.900000e+01
      vertex   4.421328e+00 1.433359e+01 7.900000e+01
    endloop
  endfacet
  facet normal -2.870706e-15 -8.124890e-15 1.000000e+00
    outer loop
      vertex   4.421328e+00 1.433359e+01 7.900000e+01
      vertex   3.426026e+00 1.118715e+01 7.900000e+01
      vertex   4.362421e+00 1.085630e+01 7.900000e+01
    endloop
  endfacet
  facet normal -2.843185e-15 -8.125356e-15 1.000000e+00
    outer loop
      vertex   4.421328e+00 1.433359e+01 7.900000e+01
      vertex   4.362421e+00 1.085630e+01 7.900000e+01
      vertex   5.480115e+00 1.396311e+01 7.900000e+01
    endloop
  endfacet
  facet normal -3.556838e-15 -7.868615e-15 1.000000e+00
    outer loop
      vertex   5.480115e+00 1.396311e+01 7.900000e+01
      vertex   4.362421e+00 1.085630e+01 7.900000e+01
      vertex   5.267384e+00 1.044723e+01 7.900000e+01
    endloop
  endfacet
  facet normal -3.436226e-15 -7.875913e-15 1.000000e+00
    outer loop
      vertex   5.480115e+00 1.396311e+01 7.900000e+01
      vertex   5.267384e+00 1.044723e+01 7.900000e+01
      vertex   6.508256e+00 1.351453e+01 7.900000e+01
    endloop
  endfacet
  facet normal -4.222137e-15 -7.557973e-15 1.000000e+00
    outer loop
      vertex   6.508256e+00 1.351453e+01 7.900000e+01
      vertex   5.267384e+00 1.044723e+01 7.900000e+01
      vertex   6.134395e+00 9.962891e+00 7.900000e+01
    endloop
  endfacet
  facet normal -4.006502e-15 -7.580672e-15 1.000000e+00
    outer loop
      vertex   6.508256e+00 1.351453e+01 7.900000e+01
      vertex   6.134395e+00 9.962891e+00 7.900000e+01
      vertex   7.500000e+00 1.299038e+01 7.900000e+01
    endloop
  endfacet
  facet normal -4.862632e-15 -7.194499e-15 1.000000e+00
    outer loop
      vertex   7.500000e+00 1.299038e+01 7.900000e+01
      vertex   6.134395e+00 9.962891e+00 7.900000e+01
      vertex   6.957208e+00 9.406766e+00 7.900000e+01
    endloop
  endfacet
  facet normal -4.550326e-15 -7.241802e-15 1.000000e+00
    outer loop
      vertex   7.500000e+00 1.299038e+01 7.900000e+01
      vertex   6.957208e+00 9.406766e+00 7.900000e+01
      vertex   8.449801e+00 1.239358e+01 7.900000e+01
    endloop
  endfacet
  facet normal -5.474458e-15 -6.779988e-15 1.000000e+00
    outer loop
      vertex   8.449801e+00 1.239358e+01 7.900000e+01
      vertex   6.957208e+00 9.406766e+00 7.900000e+01
      vertex   7.729894e+00 8.782866e+00 7.900000e+01
    endloop
  endfacet
  facet normal -5.064225e-15 -6.861781e-15 1.000000e+00
    outer loop
      vertex   8.449801e+00 1.239358e+01 7.900000e+01
      vertex   7.729894e+00 8.782866e+00 7.900000e+01
      vertex   9.352347e+00 1.172747e+01 7.900000e+01
    endloop
  endfacet
  facet normal -6.053870e-15 -6.316495e-15 1.000000e+00
    outer loop
      vertex   9.352347e+00 1.172747e+01 7.900000e+01
      vertex   7.729894e+00 8.782866e+00 7.900000e+01
      vertex   8.446886e+00 8.095685e+00 7.900000e+01
    endloop
  endfacet
  facet normal -5.544969e-15 -6.443371e-15 1.000000e+00
    outer loop
      vertex   9.352347e+00 1.172747e+01 7.900000e+01
      vertex   8.446886e+00 8.095685e+00 7.900000e+01
      vertex   1.020259e+01 1.099578e+01 7.900000e+01
    endloop
  endfacet
  facet normal -6.597260e-15 -5.806319e-15 1.000000e+00
    outer loop
      vertex   1.020259e+01 1.099578e+01 7.900000e+01
      vertex   8.446886e+00 8.095685e+00 7.900000e+01
      vertex   9.103018e+00 7.350174e+00 7.900000e+01
    endloop
  endfacet
  facet normal -5.989599e-15 -5.989599e-15 1.000000e+00
    outer loop
      vertex   1.020259e+01 1.099578e+01 7.900000e+01
      vertex   9.103018e+00 7.350174e+00 7.900000e+01
      vertex   1.099578e+01 1.020259e+01 7.900000e+01
    endloop
  endfacet
  facet normal -6.537538e-15 -5.626007e-15 1.000000e+00
    outer loop
      vertex   1.099578e+01 1.020259e+01 7.900000e+01
      vertex   9.103018e+00 7.350174e+00 7.900000e+01
      vertex   1.172747e+01 9.352347e+00 7.900000e+01
    endloop
  endfacet
  facet normal -6.923253e-15 -5.120411e-15 1.000000e+00
    outer loop
      vertex   1.172747e+01 9.352347e+00 7.900000e+01
      vertex   9.103018e+00 7.350174e+00 7.900000e+01
      vertex   9.693563e+00 6.551705e+00 7.900000e+01
    endloop
  endfacet
  facet normal -6.930641e-15 -5.115046e-15 1.000000e+00
    outer loop
      vertex   1.172747e+01 9.352347e+00 7.900000e+01
      vertex   9.693563e+00 6.551705e+00 7.900000e+01
      vertex   1.239358e+01 8.449801e+00 7.900000e+01
    endloop
  endfacet
  facet normal -1.559110e-14 7.204352e-15 1.000000e+00
    outer loop
      vertex   1.239358e+01 8.449801e+00 7.900000e+01
      vertex   9.693563e+00 6.551705e+00 7.900000e+01
      vertex   1.021427e+01 5.706031e+00 7.900000e+01
    endloop
  endfacet
  facet normal -3.640689e-15 -2.287597e-15 1.000000e+00
    outer loop
      vertex   1.239358e+01 8.449801e+00 7.900000e+01
      vertex   1.021427e+01 5.706031e+00 7.900000e+01
      vertex   1.299038e+01 7.500000e+00 7.900000e+01
    endloop
  endfacet
  facet normal -3.860999e-15 -1.946675e-15 1.000000e+00
    outer loop
      vertex   1.299038e+01 7.500000e+00 7.900000e+01
      vertex   1.021427e+01 5.706031e+00 7.900000e+01
      vertex   1.066137e+01 4.819245e+00 7.900000e+01
    endloop
  endfacet
  facet normal -3.793781e-15 -2.005072e-15 1.000000e+00
    outer loop
      vertex   1.299038e+01 7.500000e+00 7.900000e+01
      vertex   1.066137e+01 4.819245e+00 7.900000e+01
      vertex   1.351453e+01 6.508256e+00 7.900000e+01
    endloop
  endfacet
  facet normal -4.023617e-15 -1.616822e-15 1.000000e+00
    outer loop
      vertex   1.351453e+01 6.508256e+00 7.900000e+01
      vertex   1.066137e+01 4.819245e+00 7.900000e+01
      vertex   1.103167e+01 3.897736e+00 7.900000e+01
    endloop
  endfacet
  facet normal -3.923672e-15 -1.711880e-15 1.000000e+00
    outer loop
      vertex   1.351453e+01 6.508256e+00 7.900000e+01
      vertex   1.103167e+01 3.897736e+00 7.900000e+01
      vertex   1.396311e+01 5.480116e+00 7.900000e+01
    endloop
  endfacet
  facet normal -4.160039e-15 -1.273998e-15 1.000000e+00
    outer loop
      vertex   1.396311e+01 5.480116e+00 7.900000e+01
      vertex   1.103167e+01 3.897736e+00 7.900000e+01
      vertex   1.132248e+01 2.948143e+00 7.900000e+01
    endloop
  endfacet
  facet normal -4.029612e-15 -1.410022e-15 1.000000e+00
    outer loop
      vertex   1.396311e+01 5.480116e+00 7.900000e+01
      vertex   1.132248e+01 2.948143e+00 7.900000e+01
      vertex   1.433359e+01 4.421328e+00 7.900000e+01
    endloop
  endfacet
  facet normal -4.172477e-15 -1.118012e-15 1.000000e+00
    outer loop
      vertex   1.433359e+01 4.421328e+00 7.900000e+01
      vertex   1.132248e+01 2.948143e+00 7.900000e+01
      vertex   1.462392e+01 3.337814e+00 7.900000e+01
    endloop
  endfacet
  facet normal -4.197659e-15 -9.046647e-16 1.000000e+00
    outer loop
      vertex   1.462392e+01 3.337814e+00 7.900000e+01
      vertex   1.132248e+01 2.948143e+00 7.900000e+01
      vertex   1.153171e+01 1.977310e+00 7.900000e+01
    endloop
  endfacet
  facet normal -4.242510e-15 -8.027261e-16 1.000000e+00
    outer loop
      vertex   1.462392e+01 3.337814e+00 7.900000e+01
      vertex   1.153171e+01 1.977310e+00 7.900000e+01
      vertex   1.483246e+01 2.235634e+00 7.900000e+01
    endloop
  endfacet
  facet normal -5.380428e-15 1.373710e-14 1.000000e+00
    outer loop
      vertex   1.483246e+01 2.235634e+00 7.900000e+01
      vertex   1.153171e+01 1.977310e+00 7.900000e+01
      vertex   1.165785e+01 9.922293e-01 7.900000e+01
    endloop
  endfacet
  facet normal 0.000000e+00 0.000000e+00 1.000000e+00
    outer loop
      vertex   1.483246e+01 2.235634e+00 7.900000e+01
      vertex   1.165785e+01 9.922293e-01 7.900000e+01
      vertex   1.495806e+01 1.120952e+00 7.900000e+01
    endloop
  endfacet
  facet normal 0.000000e+00 0.000000e+00 1.000000e+00
    outer loop
      vertex   1.495806e+01 1.120952e+00 7.900000e+01
      vertex   1.165785e+01 9.922293e-01 7.900000e+01
      vertex   1.170000e+01 1.432837e-15 7.900000e+01
    endloop
  endfacet
  facet normal -0.000000e+00 4.810215e-15 1.000000e+00
    outer loop
      vertex   -4.500000e+00 -1.939900e+01 7.900000e+01
      vertex   -4.500000e+00 -2.530761e+01 7.900000e+01
      vertex   4.500000e+00 -1.939900e+01 7.900000e+01
    endloop
  endfacet
  facet normal 0.000000e+00 4.810215e-15 1.000000e+00
    outer loop
      vertex   4.500000e+00 -1.939900e+01 7.900000e+01
      vertex   -4.500000e+00 -2.530761e+01 7.900000e+01
      vertex   4.500000e+00 -2.530761e+01 7.900000e+01
    endloop
  endfacet
  facet normal -1.000000e+00 1.068082e-30 2.220446e-16
    outer loop
      vertex   -4.500000e+00 -1.939900e+01 7.900000e+01
      vertex   -4.500000e+00 -1.939900e+01 7.500000e+01
      vertex   -4.500000e+00 -2.530761e+01 7.900000e+01
    endloop
  endfacet
  facet normal -1.000000e+00 -1.452287e-16 7.519474e-18
    outer loop
      vertex   -4.500000e+00 -2.530761e+01 7.900000e+01
      vertex   -4.500000e+00 -1.939900e+01 7.500000e+01
      vertex   -4.500000e+00 -2.551472e+01 7.500000e+01
    endloop
  endfacet
  facet normal -1.000000e+00 -0.000000e+00 0.000000e+00
    outer loop
      vertex   -4.500000e+00 -2.530761e+01 7.900000e+01
      vertex   -4.500000e+00 -2.551472e+01 7.500000e+01
      vertex   -4.500000e+00 -2.569870e+01 7.903078e+01
    endloop
  endfacet
  facet normal -1.000000e+00 0.000000e+00 -0.000000e+00
    outer loop
      vertex   -4.500000e+00 -2.569870e+01 7.903078e+01
      vertex   -4.500000e+00 -2.551472e+01 7.500000e+01
      vertex   -4.500000e+00 -2.618651e+01 7.503773e+01
    endloop
  endfacet
  facet normal -1.000000e+00 -0.000000e+00 0.000000e+00
    outer loop
      vertex   -4.500000e+00 -2.569870e+01 7.903078e+01
      vertex   -4.500000e+00 -2.618651e+01 7.503773e+01
      vertex   -4.500000e+00 -2.608015e+01 7.912236e+01
    endloop
  endfacet
  facet normal -1.000000e+00 0.000000e+00 0.000000e+00
    outer loop
      vertex   -4.500000e+00 -2.608015e+01 7.912236e+01
      vertex   -4.500000e+00 -2.618651e+01 7.503773e+01
      vertex   -4.500000e+00 -2.684984e+01 7.515043e+01
    endloop
  endfacet
  facet normal -1.000000e+00 0.000000e+00 0.000000e+00
    outer loop
      vertex   -4.500000e+00 -2.608015e+01 7.912236e+01
      vertex   -4.500000e+00 -2.684984e+01 7.515043e+01
      vertex   -4.500000e+00 -2.749639e+01 7.533670e+01
    endloop
  endfacet
  facet normal -1.000000e+00 -0.000000e+00 0.000000e+00
    outer loop
      vertex   -4.500000e+00 -2.608015e+01 7.912236e+01
      vertex   -4.500000e+00 -2.749639e+01 7.533670e+01
      vertex   -4.500000e+00 -2.644259e+01 7.927248e+01
    endloop
  endfacet
  facet normal -1.000000e+00 0.000000e+00 0.000000e+00
    outer loop
      vertex   -4.500000e+00 -2.644259e+01 7.927248e+01
      vertex   -4.500000e+00 -2.749639e+01 7.533670e+01
      vertex   -4.500000e+00 -2.811802e+01 7.559419e+01
    endloop
  endfacet
  facet normal -1.000000e+00 -0.000000e+00 0.000000e+00
    outer loop
      vertex   -4.500000e+00 -2.644259e+01 7.927248e+01
      vertex   -4.500000e+00 -2.811802e+01 7.559419e+01
      vertex   -4.500000e+00 -2.677707e+01 7.947746e+01
    endloop
  endfacet
  facet normal -1.000000e+00 0.000000e+00 0.000000e+00
    outer loop
      vertex   -4.500000e+00 -2.677707e+01 7.947746e+01
      vertex   -4.500000e+00 -2.811802e+01 7.559419e+01
      vertex   -4.500000e+00 -2.870691e+01 7.591965e+01
    endloop
  endfacet
  facet normal -1.000000e+00 -0.000000e+00 0.000000e+00
    outer loop
      vertex   -4.500000e+00 -2.677707e+01 7.947746e+01
      vertex   -4.500000e+00 -2.870691e+01 7.591965e+01
      vertex   -4.500000e+00 -2.707538e+01 7.973223e+01
    endloop
  endfacet
  facet normal -1.000000e+00 0.000000e+00 0.000000e+00
    outer loop
      vertex   -4.500000e+00 -2.707538e+01 7.973223e+01
      vertex   -4.500000e+00 -2.870691e+01 7.591965e+01
      vertex   -4.500000e+00 -2.925566e+01 7.630901e+01
    endloop
  endfacet
  facet normal -1.000000e+00 0.000000e+00 0.000000e+00
    outer loop
      vertex   -4.500000e+00 -2.707538e+01 7.973223e+01
      vertex   -4.500000e+00 -2.925566e+01 7.630901e+01
      vertex   -4.500000e+00 -2.975736e+01 7.675736e+01
    endloop
  endfacet
  facet normal -1.000000e+00 -0.000000e+00 0.000000e+00
    outer loop
      vertex   -4.500000e+00 -2.707538e+01 7.973223e+01
      vertex   -4.500000e+00 -2.975736e+01 7.675736e+01
      vertex   -4.500000e+00 -3.499569e+01 8.765254e+01
    endloop
  endfacet
  facet normal -1.000000e+00 0.000000e+00 -0.000000e+00
    outer loop
      vertex   -4.500000e+00 -3.499569e+01 8.765254e+01
      vertex   -4.500000e+00 -2.975736e+01 7.675736e+01
      vertex   -4.500000e+00 -3.797056e+01 8.497056e+01
    endloop
  endfacet
  facet normal -1.000000e+00 -0.000000e+00 0.000000e+00
    outer loop
      vertex   -4.500000e+00 -3.499569e+01 8.765254e+01
      vertex   -4.500000e+00 -3.797056e+01 8.497056e+01
      vertex   -4.500000e+00 -3.525046e+01 8.795085e+01
    endloop
  endfacet
  facet normal -1.000000e+00 -0.000000e+00 0.000000e+00
    outer loop
      vertex   -4.500000e+00 -3.525046e+01 8.795085e+01
      vertex   -4.500000e+00 -3.797056e+01 8.497056e+01
      vertex   -4.500000e+00 -3.545544e+01 8.828533e+01
    endloop
  endfacet
  facet normal -1.000000e+00 0.000000e+00 0.000000e+00
    outer loop
      vertex   -4.500000e+00 -3.545544e+01 8.828533e+01
      vertex   -4.500000e+00 -3.797056e+01 8.497056e+01
      vertex   -4.500000e+00 -3.841891e+01 8.547226e+01
    endloop
  endfacet
  facet normal -1.000000e+00 0.000000e+00 0.000000e+00
    outer loop
      vertex   -4.500000e+00 -3.545544e+01 8.828533e+01
      vertex   -4.500000e+00 -3.841891e+01 8.547226e+01
      vertex   -4.500000e+00 -3.880827e+01 8.602101e+01
    endloop
  endfacet
  facet normal -1.000000e+00 -0.000000e+00 0.000000e+00
    outer loop
      vertex   -4.500000e+00 -3.545544e+01 8.828533e+01
      vertex   -4.500000e+00 -3.880827e+01 8.602101e+01
      vertex   -4.500000e+00 -3.560556e+01 8.864777e+01
    endloop
  endfacet
  facet normal -1.000000e+00 0.000000e+00 0.000000e+00
    outer loop
      vertex   -4.500000e+00 -3.560556e+01 8.864777e+01
      vertex   -4.500000e+00 -3.880827e+01 8.602101e+01
      vertex   -4.500000e+00 -3.913374e+01 8.660990e+01
    endloop
  endfacet
  facet normal -1.000000e+00 0.000000e+00 0.000000e+00
    outer loop
      vertex   -4.500000e+00 -3.560556e+01 8.864777e+01
      vertex   -4.500000e+00 -3.913374e+01 8.660990e+01
      vertex   -4.500000e+00 -3.939122e+01 8.723153e+01
    endloop
  endfacet
  facet normal -1.000000e+00 -0.000000e+00 0.000000e+00
    outer loop
      vertex   -4.500000e+00 -3.560556e+01 8.864777e+01
      vertex   -4.500000e+00 -3.939122e+01 8.723153e+01
      vertex   -4.500000e+00 -3.569714e+01 8.902922e+01
    endloop
  endfacet
  facet normal -1.000000e+00 0.000000e+00 0.000000e+00
    outer loop
      vertex   -4.500000e+00 -3.569714e+01 8.902922e+01
      vertex   -4.500000e+00 -3.939122e+01 8.723153e+01
      vertex   -4.500000e+00 -3.957749e+01 8.787808e+01
    endloop
  endfacet
  facet normal -1.000000e+00 0.000000e+00 0.000000e+00
    outer loop
      vertex   -4.500000e+00 -3.569714e+01 8.902922e+01
      vertex   -4.500000e+00 -3.957749e+01 8.787808e+01
      vertex   -4.500000e+00 -3.969020e+01 8.854142e+01
    endloop
  endfacet
  facet normal -1.000000e+00 -0.000000e+00 0.000000e+00
    outer loop
      vertex   -4.500000e+00 -3.569714e+01 8.902922e+01
      vertex   -4.500000e+00 -3.969020e+01 8.854142e+01
      vertex   -4.500000e+00 -3.572792e+01 8.942031e+01
    endloop
  endfacet
  facet normal -1.000000e+00 0.000000e+00 0.000000e+00
    outer loop
      vertex   -4.500000e+00 -3.572792e+01 8.942031e+01
      vertex   -4.500000e+00 -3.969020e+01 8.854142e+01
      vertex   -4.500000e+00 -3.972792e+01 8.921320e+01
    endloop
  endfacet
  facet normal -1.000000e+00 -0.000000e+00 0.000000e+00
    outer loop
      vertex   -4.500000e+00 -3.572792e+01 8.942031e+01
      vertex   -4.500000e+00 -3.972792e+01 8.921320e+01
      vertex   -4.500000e+00 -3.972792e+01 9.972792e+01
    endloop
  endfacet
  facet normal -1.000000e+00 0.000000e+00 0.000000e+00
    outer loop
      vertex   -4.500000e+00 -3.972792e+01 9.972792e+01
      vertex   -4.500000e+00 -3.572792e+01 9.972792e+01
      vertex   -4.500000e+00 -3.572792e+01 8.942031e+01
    endloop
  endfacet
  facet normal -9.954719e-01 0.000000e+00 9.505604e-02
    outer loop
      vertex   2.209340e+00 -3.572792e+01 9.557419e+01
      vertex   2.209340e+00 -3.972792e+01 9.557419e+01
      vertex   2.250000e+00 -3.572792e+01 9.600000e+01
    endloop
  endfacet
  facet normal -9.954719e-01 0.000000e+00 9.505604e-02
    outer loop
      vertex   2.250000e+00 -3.572792e+01 9.600000e+01
      vertex   2.209340e+00 -3.972792e+01 9.557419e+01
      vertex   2.250000e+00 -3.972792e+01 9.600000e+01
    endloop
  endfacet
  facet normal -9.954719e-01 -0.000000e+00 -9.505604e-02
    outer loop
      vertex   2.250000e+00 -3.572792e+01 9.600000e+01
      vertex   2.250000e+00 -3.972792e+01 9.600000e+01
      vertex   2.209340e+00 -3.572792e+01 9.642582e+01
    endloop
  endfacet
  facet normal -9.954719e-01 -0.000000e+00 -9.505604e-02
    outer loop
      vertex   2.209340e+00 -3.572792e+01 9.642582e+01
      vertex   2.250000e+00 -3.972792e+01 9.600000e+01
      vertex   2.209340e+00 -3.972792e+01 9.642582e+01
    endloop
  endfacet
  facet normal -9.594930e-01 -0.000000e+00 -2.817326e-01
    outer loop
      vertex   2.209340e+00 -3.572792e+01 9.642582e+01
      vertex   2.209340e+00 -3.972792e+01 9.642582e+01
      vertex   2.088828e+00 -3.572792e+01 9.683624e+01
    endloop
  endfacet
  facet normal -9.594930e-01 1.065251e-16 -2.817326e-01
    outer loop
      vertex   2.088828e+00 -3.572792e+01 9.683624e+01
      vertex   2.209340e+00 -3.972792e+01 9.642582e+01
      vertex   2.088828e+00 -3.972792e+01 9.683624e+01
    endloop
  endfacet
  facet normal -8.888354e-01 9.868056e-17 -4.582265e-01
    outer loop
      vertex   2.088828e+00 -3.572792e+01 9.683624e+01
      vertex   2.088828e+00 -3.972792e+01 9.683624e+01
      vertex   1.892820e+00 -3.572792e+01 9.721644e+01
    endloop
  endfacet
  facet normal -8.888354e-01 9.868056e-17 -4.582265e-01
    outer loop
      vertex   1.892820e+00 -3.572792e+01 9.721644e+01
      vertex   2.088828e+00 -3.972792e+01 9.683624e+01
      vertex   1.892820e+00 -3.972792e+01 9.721644e+01
    endloop
  endfacet
  facet normal -7.860531e-01 8.726942e-17 -6.181590e-01
    outer loop
      vertex   1.892820e+00 -3.572792e+01 9.721644e+01
      vertex   1.892820e+00 -3.972792e+01 9.721644e+01
      vertex   1.628402e+00 -3.572792e+01 9.755268e+01
    endloop
  endfacet
  facet normal -7.860531e-01 -0.000000e+00 -6.181590e-01
    outer loop
      vertex   1.628402e+00 -3.572792e+01 9.755268e+01
      vertex   1.892820e+00 -3.972792e+01 9.721644e+01
      vertex   1.628402e+00 -3.972792e+01 9.755268e+01
    endloop
  endfacet
  facet normal -6.548607e-01 -0.000000e+00 -7.557496e-01
    outer loop
      vertex   1.628402e+00 -3.572792e+01 9.755268e+01
      vertex   1.628402e+00 -3.972792e+01 9.755268e+01
      vertex   1.305128e+00 -3.572792e+01 9.783280e+01
    endloop
  endfacet
  facet normal -6.548607e-01 -0.000000e+00 -7.557496e-01
    outer loop
      vertex   1.305128e+00 -3.572792e+01 9.783280e+01
      vertex   1.628402e+00 -3.972792e+01 9.755268e+01
      vertex   1.305128e+00 -3.972792e+01 9.783280e+01
    endloop
  endfacet
  facet normal -5.000000e-01 -0.000000e+00 -8.660254e-01
    outer loop
      vertex   1.305128e+00 -3.572792e+01 9.783280e+01
      vertex   1.305128e+00 -3.972792e+01 9.783280e+01
      vertex   9.346838e-01 -3.572792e+01 9.804667e+01
    endloop
  endfacet
  facet normal -5.000000e-01 4.163336e-17 -8.660254e-01
    outer loop
      vertex   9.346838e-01 -3.572792e+01 9.804667e+01
      vertex   1.305128e+00 -3.972792e+01 9.783280e+01
      vertex   9.346838e-01 -3.972792e+01 9.804667e+01
    endloop
  endfacet
  facet normal -3.270680e-01 2.723388e-17 -9.450008e-01
    outer loop
      vertex   9.346838e-01 -3.572792e+01 9.804667e+01
      vertex   9.346838e-01 -3.972792e+01 9.804667e+01
      vertex   5.304576e-01 -3.572792e+01 9.818658e+01
    endloop
  endfacet
  facet normal -3.270680e-01 7.262368e-17 -9.450008e-01
    outer loop
      vertex   5.304576e-01 -3.572792e+01 9.818658e+01
      vertex   9.346838e-01 -3.972792e+01 9.804667e+01
      vertex   5.304576e-01 -3.972792e+01 9.818658e+01
    endloop
  endfacet
  facet normal -1.423148e-01 3.160024e-17 -9.898214e-01
    outer loop
      vertex   5.304576e-01 -3.572792e+01 9.818658e+01
      vertex   5.304576e-01 -3.972792e+01 9.818658e+01
      vertex   1.070593e-01 -3.572792e+01 9.824745e+01
    endloop
  endfacet
  facet normal -1.423148e-01 -1.826889e-17 -9.898214e-01
    outer loop
      vertex   1.070593e-01 -3.572792e+01 9.824745e+01
      vertex   5.304576e-01 -3.972792e+01 9.818658e+01
      vertex   1.070593e-01 -3.972792e+01 9.824745e+01
    endloop
  endfacet
  facet normal 4.758192e-02 6.108069e-18 -9.988673e-01
    outer loop
      vertex   1.070593e-01 -3.572792e+01 9.824745e+01
      vertex   1.070593e-01 -3.972792e+01 9.824745e+01
      vertex   -3.202084e-01 -3.572792e+01 9.822710e+01
    endloop
  endfacet
  facet normal 4.758192e-02 0.000000e+00 -9.988673e-01
    outer loop
      vertex   -3.202084e-01 -3.572792e+01 9.822710e+01
      vertex   1.070593e-01 -3.972792e+01 9.824745e+01
      vertex   -3.202084e-01 -3.972792e+01 9.822710e+01
    endloop
  endfacet
  facet normal 2.357589e-01 0.000000e+00 -9.718116e-01
    outer loop
      vertex   -3.202084e-01 -3.572792e+01 9.822710e+01
      vertex   -3.202084e-01 -3.972792e+01 9.822710e+01
      vertex   -7.359029e-01 -3.572792e+01 9.812625e+01
    endloop
  endfacet
  facet normal 2.357589e-01 -3.271812e-17 -9.718116e-01
    outer loop
      vertex   -7.359029e-01 -3.572792e+01 9.812625e+01
      vertex   -3.202084e-01 -3.972792e+01 9.822710e+01
      vertex   -7.359029e-01 -3.972792e+01 9.812625e+01
    endloop
  endfacet
  facet normal 4.154150e-01 -5.765041e-17 -9.096320e-01
    outer loop
      vertex   -7.359029e-01 -3.572792e+01 9.812625e+01
      vertex   -7.359029e-01 -3.972792e+01 9.812625e+01
      vertex   -1.125000e+00 -3.572792e+01 9.794856e+01
    endloop
  endfacet
  facet normal 4.154150e-01 -9.224066e-17 -9.096320e-01
    outer loop
      vertex   -1.125000e+00 -3.572792e+01 9.794856e+01
      vertex   -7.359029e-01 -3.972792e+01 9.812625e+01
      vertex   -1.125000e+00 -3.972792e+01 9.794856e+01
    endloop
  endfacet
  facet normal 5.800569e-01 -1.287985e-16 -8.145760e-01
    outer loop
      vertex   -1.125000e+00 -3.572792e+01 9.794856e+01
      vertex   -1.125000e+00 -3.972792e+01 9.794856e+01
      vertex   -1.473437e+00 -3.572792e+01 9.770044e+01
    endloop
  endfacet
  facet normal 5.800569e-01 0.000000e+00 -8.145760e-01
    outer loop
      vertex   -1.473437e+00 -3.572792e+01 9.770044e+01
      vertex   -1.125000e+00 -3.972792e+01 9.794856e+01
      vertex   -1.473437e+00 -3.972792e+01 9.770044e+01
    endloop
  endfacet
  facet normal 7.237340e-01 0.000000e+00 -6.900790e-01
    outer loop
      vertex   -1.473437e+00 -3.572792e+01 9.770044e+01
      vertex   -1.473437e+00 -3.972792e+01 9.770044e+01
      vertex   -1.768619e+00 -3.572792e+01 9.739086e+01
    endloop
  endfacet
  facet normal 7.237340e-01 -8.035062e-17 -6.900790e-01
    outer loop
      vertex   -1.768619e+00 -3.572792e+01 9.739086e+01
      vertex   -1.473437e+00 -3.972792e+01 9.770044e+01
      vertex   -1.768619e+00 -3.972792e+01 9.739086e+01
    endloop
  endfacet
  facet normal 8.412535e-01 -9.339790e-17 -5.406408e-01
    outer loop
      vertex   -1.768619e+00 -3.572792e+01 9.739086e+01
      vertex   -1.768619e+00 -3.972792e+01 9.739086e+01
      vertex   -1.999880e+00 -3.572792e+01 9.703101e+01
    endloop
  endfacet
  facet normal 8.412535e-01 0.000000e+00 -5.406408e-01
    outer loop
      vertex   -1.999880e+00 -3.572792e+01 9.703101e+01
      vertex   -1.768619e+00 -3.972792e+01 9.739086e+01
      vertex   -1.999880e+00 -3.972792e+01 9.703101e+01
    endloop
  endfacet
  facet normal 9.283679e-01 0.000000e+00 -3.716625e-01
    outer loop
      vertex   -1.999880e+00 -3.572792e+01 9.703101e+01
      vertex   -1.999880e+00 -3.972792e+01 9.703101e+01
      vertex   -2.158859e+00 -3.572792e+01 9.663390e+01
    endloop
  endfacet
  facet normal 9.283679e-01 -1.030695e-16 -3.716625e-01
    outer loop
      vertex   -2.158859e+00 -3.572792e+01 9.663390e+01
      vertex   -1.999880e+00 -3.972792e+01 9.703101e+01
      vertex   -2.158859e+00 -3.972792e+01 9.663390e+01
    endloop
  endfacet
  facet normal 9.819287e-01 -1.090160e-16 -1.892512e-01
    outer loop
      vertex   -2.158859e+00 -3.572792e+01 9.663390e+01
      vertex   -2.158859e+00 -3.972792e+01 9.663390e+01
      vertex   -2.239812e+00 -3.572792e+01 9.621388e+01
    endloop
  endfacet
  facet normal 9.819287e-01 0.000000e+00 -1.892512e-01
    outer loop
      vertex   -2.239812e+00 -3.572792e+01 9.621388e+01
      vertex   -2.158859e+00 -3.972792e+01 9.663390e+01
      vertex   -2.239812e+00 -3.972792e+01 9.621388e+01
    endloop
  endfacet
  facet normal 1.000000e+00 0.000000e+00 0.000000e+00
    outer loop
      vertex   -2.239812e+00 -3.572792e+01 9.621388e+01
      vertex   -2.239812e+00 -3.972792e+01 9.621388e+01
      vertex   -2.239812e+00 -3.572792e+01 9.578613e+01
    endloop
  endfacet
  facet normal 1.000000e+00 0.000000e+00 0.000000e+00
    outer loop
      vertex   -2.239812e+00 -3.572792e+01 9.578613e+01
      vertex   -2.239812e+00 -3.972792e+01 9.621388e+01
      vertex   -2.239812e+00 -3.972792e+01 9.578613e+01
    endloop
  endfacet
  facet normal 9.819287e-01 0.000000e+00 1.892512e-01
    outer loop
      vertex   -2.239812e+00 -3.572792e+01 9.578613e+01
      vertex   -2.239812e+00 -3.972792e+01 9.578613e+01
      vertex   -2.158859e+00 -3.572792e+01 9.536610e+01
    endloop
  endfacet
  facet normal 9.819287e-01 1.090160e-16 1.892512e-01
    outer loop
      vertex   -2.158859e+00 -3.572792e+01 9.536610e+01
      vertex   -2.239812e+00 -3.972792e+01 9.578613e+01
      vertex   -2.158859e+00 -3.972792e+01 9.536610e+01
    endloop
  endfacet
  facet normal 9.283679e-01 1.030695e-16 3.716625e-01
    outer loop
      vertex   -2.158859e+00 -3.572792e+01 9.536610e+01
      vertex   -2.158859e+00 -3.972792e+01 9.536610e+01
      vertex   -1.999880e+00 -3.572792e+01 9.496899e+01
    endloop
  endfacet
  facet normal 9.283679e-01 0.000000e+00 3.716625e-01
    outer loop
      vertex   -1.999880e+00 -3.572792e+01 9.496899e+01
      vertex   -2.158859e+00 -3.972792e+01 9.536610e+01
      vertex   -1.999880e+00 -3.972792e+01 9.496899e+01
    endloop
  endfacet
  facet normal 8.412535e-01 0.000000e+00 5.406408e-01
    outer loop
      vertex   -1.999880e+00 -3.572792e+01 9.496899e+01
      vertex   -1.999880e+00 -3.972792e+01 9.496899e+01
      vertex   -1.768619e+00 -3.572792e+01 9.460914e+01
    endloop
  endfacet
  facet normal 8.412535e-01 9.339790e-17 5.406408e-01
    outer loop
      vertex   -1.768619e+00 -3.572792e+01 9.460914e+01
      vertex   -1.999880e+00 -3.972792e+01 9.496899e+01
      vertex   -1.768619e+00 -3.972792e+01 9.460914e+01
    endloop
  endfacet
  facet normal 7.237340e-01 8.035062e-17 6.900790e-01
    outer loop
      vertex   -1.768619e+00 -3.572792e+01 9.460914e+01
      vertex   -1.768619e+00 -3.972792e+01 9.460914e+01
      vertex   -1.473437e+00 -3.572792e+01 9.429956e+01
    endloop
  endfacet
  facet normal 7.237340e-01 0.000000e+00 6.900790e-01
    outer loop
      vertex   -1.473437e+00 -3.572792e+01 9.429956e+01
      vertex   -1.768619e+00 -3.972792e+01 9.460914e+01
      vertex   -1.473437e+00 -3.972792e+01 9.429956e+01
    endloop
  endfacet
  facet normal 5.800569e-01 0.000000e+00 8.145760e-01
    outer loop
      vertex   -1.473437e+00 -3.572792e+01 9.429956e+01
      vertex   -1.473437e+00 -3.972792e+01 9.429956e+01
      vertex   -1.125000e+00 -3.572792e+01 9.405144e+01
    endloop
  endfacet
  facet normal 5.800569e-01 1.287985e-16 8.145760e-01
    outer loop
      vertex   -1.125000e+00 -3.572792e+01 9.405144e+01
      vertex   -1.473437e+00 -3.972792e+01 9.429956e+01
      vertex   -1.125000e+00 -3.972792e+01 9.405144e+01
    endloop
  endfacet
  facet normal 4.154150e-01 9.224066e-17 9.096320e-01
    outer loop
      vertex   -1.125000e+00 -3.572792e+01 9.405144e+01
      vertex   -1.125000e+00 -3.972792e+01 9.405144e+01
      vertex   -7.359029e-01 -3.572792e+01 9.387375e+01
    endloop
  endfacet
  facet normal 4.154150e-01 5.765041e-17 9.096320e-01
    outer loop
      vertex   -7.359029e-01 -3.572792e+01 9.387375e+01
      vertex   -1.125000e+00 -3.972792e+01 9.405144e+01
      vertex   -7.359029e-01 -3.972792e+01 9.387375e+01
    endloop
  endfacet
  facet normal 2.357589e-01 3.271812e-17 9.718116e-01
    outer loop
      vertex   -7.359029e-01 -3.572792e+01 9.387375e+01
      vertex   -7.359029e-01 -3.972792e+01 9.387375e+01
      vertex   -3.202084e-01 -3.572792e+01 9.377290e+01
    endloop
  endfacet
  facet normal 2.357589e-01 0.000000e+00 9.718116e-01
    outer loop
      vertex   -3.202084e-01 -3.572792e+01 9.377290e+01
      vertex   -7.359029e-01 -3.972792e+01 9.387375e+01
      vertex   -3.202084e-01 -3.972792e+01 9.377290e+01
    endloop
  endfacet
  facet normal 4.758192e-02 0.000000e+00 9.988673e-01
    outer loop
      vertex   -3.202084e-01 -3.572792e+01 9.377290e+01
      vertex   -3.202084e-01 -3.972792e+01 9.377290e+01
      vertex   1.070593e-01 -3.572792e+01 9.375255e+01
    endloop
  endfacet
  facet normal 4.758192e-02 -6.108069e-18 9.988673e-01
    outer loop
      vertex   1.070593e-01 -3.572792e+01 9.375255e+01
      vertex   -3.202084e-01 -3.972792e+01 9.377290e+01
      vertex   1.070593e-01 -3.972792e+01 9.375255e+01
    endloop
  endfacet
  facet normal -1.423148e-01 1.826889e-17 9.898214e-01
    outer loop
      vertex   1.070593e-01 -3.572792e+01 9.375255e+01
      vertex   1.070593e-01 -3.972792e+01 9.375255e+01
      vertex   5.304576e-01 -3.572792e+01 9.381343e+01
    endloop
  endfacet
  facet normal -1.423148e-01 -3.160024e-17 9.898214e-01
    outer loop
      vertex   5.304576e-01 -3.572792e+01 9.381343e+01
      vertex   1.070593e-01 -3.972792e+01 9.375255e+01
      vertex   5.304576e-01 -3.972792e+01 9.381343e+01
    endloop
  endfacet
  facet normal -3.270680e-01 -7.262368e-17 9.450008e-01
    outer loop
      vertex   5.304576e-01 -3.572792e+01 9.381343e+01
      vertex   5.304576e-01 -3.972792e+01 9.381343e+01
      vertex   9.346838e-01 -3.572792e+01 9.395333e+01
    endloop
  endfacet
  facet normal -3.270680e-01 -2.723388e-17 9.450008e-01
    outer loop
      vertex   9.346838e-01 -3.572792e+01 9.395333e+01
      vertex   5.304576e-01 -3.972792e+01 9.381343e+01
      vertex   9.346838e-01 -3.972792e+01 9.395333e+01
    endloop
  endfacet
  facet normal -5.000000e-01 -4.163336e-17 8.660254e-01
    outer loop
      vertex   9.346838e-01 -3.572792e+01 9.395333e+01
      vertex   9.346838e-01 -3.972792e+01 9.395333e+01
      vertex   1.305128e+00 -3.572792e+01 9.416721e+01
    endloop
  endfacet
  facet normal -5.000000e-01 0.000000e+00 8.660254e-01
    outer loop
      vertex   1.305128e+00 -3.572792e+01 9.416721e+01
      vertex   9.346838e-01 -3.972792e+01 9.395333e+01
      vertex   1.305128e+00 -3.972792e+01 9.416721e+01
    endloop
  endfacet
  facet normal -6.548607e-01 0.000000e+00 7.557496e-01
    outer loop
      vertex   1.305128e+00 -3.572792e+01 9.416721e+01
      vertex   1.305128e+00 -3.972792e+01 9.416721e+01
      vertex   1.628402e+00 -3.572792e+01 9.444732e+01
    endloop
  endfacet
  facet normal -6.548607e-01 0.000000e+00 7.557496e-01
    outer loop
      vertex   1.628402e+00 -3.572792e+01 9.444732e+01
      vertex   1.305128e+00 -3.972792e+01 9.416721e+01
      vertex   1.628402e+00 -3.972792e+01 9.444732e+01
    endloop
  endfacet
  facet normal -7.860531e-01 0.000000e+00 6.181590e-01
    outer loop
      vertex   1.628402e+00 -3.572792e+01 9.444732e+01
      vertex   1.628402e+00 -3.972792e+01 9.444732e+01
      vertex   1.892820e+00 -3.572792e+01 9.478356e+01
    endloop
  endfacet
  facet normal -7.860531e-01 -8.726942e-17 6.181590e-01
    outer loop
      vertex   1.892820e+00 -3.572792e+01 9.478356e+01
      vertex   1.628402e+00 -3.972792e+01 9.444732e+01
      vertex   1.892820e+00 -3.972792e+01 9.478356e+01
    endloop
  endfacet
  facet normal -8.888354e-01 -9.868056e-17 4.582265e-01
    outer loop
      vertex   1.892820e+00 -3.572792e+01 9.478356e+01
      vertex   1.892820e+00 -3.972792e+01 9.478356e+01
      vertex   2.088828e+00 -3.572792e+01 9.516376e+01
    endloop
  endfacet
  facet normal -8.888354e-01 -9.868056e-17 4.582265e-01
    outer loop
      vertex   2.088828e+00 -3.572792e+01 9.516376e+01
      vertex   1.892820e+00 -3.972792e+01 9.478356e+01
      vertex   2.088828e+00 -3.972792e+01 9.516376e+01
    endloop
  endfacet
  facet normal -9.594930e-01 -1.065251e-16 2.817326e-01
    outer loop
      vertex   2.088828e+00 -3.572792e+01 9.516376e+01
      vertex   2.088828e+00 -3.972792e+01 9.516376e+01
      vertex   2.209340e+00 -3.572792e+01 9.557419e+01
    endloop
  endfacet
  facet normal -9.594930e-01 0.000000e+00 2.817326e-01
    outer loop
      vertex   2.209340e+00 -3.572792e+01 9.557419e+01
      vertex   2.088828e+00 -3.972792e+01 9.516376e+01
      vertex   2.209340e+00 -3.972792e+01 9.557419e+01
    endloop
  endfacet
  facet normal 0.000000e+00 7.845909e-02 9.969173e-01
    outer loop
      vertex   4.500000e+00 -2.530761e+01 7.900000e+01
      vertex   -4.500000e+00 -2.530761e+01 7.900000e+01
      vertex   4.500000e+00 -2.569870e+01 7.903078e+01
    endloop
  endfacet
  facet normal 0.000000e+00 7.845909e-02 9.969173e-01
    outer loop
      vertex   4.500000e+00 -2.569870e+01 7.903078e+01
      vertex   -4.500000e+00 -2.530761e+01 7.900000e+01
      vertex   -4.500000e+00 -2.569870e+01 7.903078e+01
    endloop
  endfacet
  facet normal 0.000000e+00 2.334454e-01 9.723699e-01
    outer loop
      vertex   4.500000e+00 -2.569870e+01 7.903078e+01
      vertex   -4.500000e+00 -2.569870e+01 7.903078e+01
      vertex   4.500000e+00 -2.608015e+01 7.912236e+01
    endloop
  endfacet
  facet normal 0.000000e+00 2.334454e-01 9.723699e-01
    outer loop
      vertex   4.500000e+00 -2.608015e+01 7.912236e+01
      vertex   -4.500000e+00 -2.569870e+01 7.903078e+01
      vertex   -4.500000e+00 -2.608015e+01 7.912236e+01
    endloop
  endfacet
  facet normal 0.000000e+00 3.826834e-01 9.238795e-01
    outer loop
      vertex   4.500000e+00 -2.608015e+01 7.912236e+01
      vertex   -4.500000e+00 -2.608015e+01 7.912236e+01
      vertex   4.500000e+00 -2.644259e+01 7.927248e+01
    endloop
  endfacet
  facet normal 0.000000e+00 3.826834e-01 9.238795e-01
    outer loop
      vertex   4.500000e+00 -2.644259e+01 7.927248e+01
      vertex   -4.500000e+00 -2.608015e+01 7.912236e+01
      vertex   -4.500000e+00 -2.644259e+01 7.927248e+01
    endloop
  endfacet
  facet normal 0.000000e+00 5.224985e-01 8.526402e-01
    outer loop
      vertex   4.500000e+00 -2.644259e+01 7.927248e+01
      vertex   -4.500000e+00 -2.644259e+01 7.927248e+01
      vertex   4.500000e+00 -2.677707e+01 7.947746e+01
    endloop
  endfacet
  facet normal 0.000000e+00 5.224985e-01 8.526402e-01
    outer loop
      vertex   4.500000e+00 -2.677707e+01 7.947746e+01
      vertex   -4.500000e+00 -2.644259e+01 7.927248e+01
      vertex   -4.500000e+00 -2.677707e+01 7.947746e+01
    endloop
  endfacet
  facet normal 0.000000e+00 6.494480e-01 7.604060e-01
    outer loop
      vertex   4.500000e+00 -2.677707e+01 7.947746e+01
      vertex   -4.500000e+00 -2.677707e+01 7.947746e+01
      vertex   4.500000e+00 -2.707538e+01 7.973223e+01
    endloop
  endfacet
  facet normal 0.000000e+00 6.494480e-01 7.604060e-01
    outer loop
      vertex   4.500000e+00 -2.707538e+01 7.973223e+01
      vertex   -4.500000e+00 -2.677707e+01 7.947746e+01
      vertex   -4.500000e+00 -2.707538e+01 7.973223e+01
    endloop
  endfacet
  facet normal -0.000000e+00 -2.323659e-15 -1.000000e+00
    outer loop
      vertex   4.500000e+00 -2.551472e+01 7.500000e+01
      vertex   -4.500000e+00 -2.551472e+01 7.500000e+01
      vertex   4.500000e+00 -1.939900e+01 7.500000e+01
    endloop
  endfacet
  facet normal -0.000000e+00 -2.323659e-15 -1.000000e+00
    outer loop
      vertex   4.500000e+00 -1.939900e+01 7.500000e+01
      vertex   -4.500000e+00 -2.551472e+01 7.500000e+01
      vertex   -4.500000e+00 -1.939900e+01 7.500000e+01
    endloop
  endfacet
  facet normal 0.000000e+00 0.000000e+00 -1.000000e+00
    outer loop
      vertex   4.500000e+00 -1.939900e+01 7.500000e+01
      vertex   -4.500000e+00 -1.939900e+01 7.500000e+01
      vertex   7.500000e+00 -1.299038e+01 7.500000e+01
    endloop
  endfacet
  facet normal 9.473903e-16 -1.773969e-15 -1.000000e+00
    outer loop
      vertex   7.500000e+00 -1.299038e+01 7.500000e+01
      vertex   -4.500000e+00 -1.939900e+01 7.500000e+01
      vertex   -7.500000e+00 -1.299038e+01 7.500000e+01
    endloop
  endfacet
  facet normal 9.473903e-16 2.538525e-16 -1.000000e+00
    outer loop
      vertex   7.500000e+00 -1.299038e+01 7.500000e+01
      vertex   -7.500000e+00 -1.299038e+01 7.500000e+01
      vertex   2.755455e-15 1.500000e+01 7.500000e+01
    endloop
  endfacet
  facet normal -1.918937e-17 5.128467e-16 -1.000000e+00
    outer loop
      vertex   2.755455e-15 1.500000e+01 7.500000e+01
      vertex   -7.500000e+00 -1.299038e+01 7.500000e+01
      vertex   -1.120951e+00 1.495806e+01 7.500000e+01
    endloop
  endfacet
  facet normal -5.880268e-17 5.218882e-16 -1.000000e+00
    outer loop
      vertex   -1.120951e+00 1.495806e+01 7.500000e+01
      vertex   -7.500000e+00 -1.299038e+01 7.500000e+01
      vertex   -2.235634e+00 1.483246e+01 7.500000e+01
    endloop
  endfacet
  facet normal -1.002297e-16 5.297266e-16 -1.000000e+00
    outer loop
      vertex   -2.235634e+00 1.483246e+01 7.500000e+01
      vertex   -7.500000e+00 -1.299038e+01 7.500000e+01
      vertex   -3.337814e+00 1.462392e+01 7.500000e+01
    endloop
  endfacet
  facet normal -1.436953e-16 5.362780e-16 -1.000000e+00
    outer loop
      vertex   -3.337814e+00 1.462392e+01 7.500000e+01
      vertex   -7.500000e+00 -1.299038e+01 7.500000e+01
      vertex   -4.421328e+00 1.433359e+01 7.500000e+01
    endloop
  endfacet
  facet normal -1.894559e-16 5.414340e-16 -1.000000e+00
    outer loop
      vertex   -4.421328e+00 1.433359e+01 7.500000e+01
      vertex   -7.500000e+00 -1.299038e+01 7.500000e+01
      vertex   -5.480115e+00 1.396311e+01 7.500000e+01
    endloop
  endfacet
  facet normal -2.378061e-16 5.450573e-16 -1.000000e+00
    outer loop
      vertex   -5.480115e+00 1.396311e+01 7.500000e+01
      vertex   -7.500000e+00 -1.299038e+01 7.500000e+01
      vertex   -6.508256e+00 1.351453e+01 7.500000e+01
    endloop
  endfacet
  facet normal -2.890853e-16 5.469760e-16 -1.000000e+00
    outer loop
      vertex   -6.508256e+00 1.351453e+01 7.500000e+01
      vertex   -7.500000e+00 -1.299038e+01 7.500000e+01
      vertex   -7.500000e+00 1.299038e+01 7.500000e+01
    endloop
  endfacet
  facet normal -3.436878e-16 5.469760e-16 -1.000000e+00
    outer loop
      vertex   -7.500000e+00 1.299038e+01 7.500000e+01
      vertex   -7.500000e+00 -1.299038e+01 7.500000e+01
      vertex   -8.449801e+00 1.239358e+01 7.500000e+01
    endloop
  endfacet
  facet normal -1.496193e-14 9.337047e-23 -1.000000e+00
    outer loop
      vertex   -8.449801e+00 1.239358e+01 7.500000e+01
      vertex   -7.500000e+00 -1.299038e+01 7.500000e+01
      vertex   -8.449801e+00 -1.239358e+01 7.500000e+01
    endloop
  endfacet
  facet normal 0.000000e+00 0.000000e+00 -1.000000e+00
    outer loop
      vertex   -8.449801e+00 1.239358e+01 7.500000e+01
      vertex   -8.449801e+00 -1.239358e+01 7.500000e+01
      vertex   -9.352347e+00 1.172747e+01 7.500000e+01
    endloop
  endfacet
  facet normal 0.000000e+00 -0.000000e+00 -1.000000e+00
    outer loop
      vertex   -9.352347e+00 1.172747e+01 7.500000e+01
      vertex   -8.449801e+00 -1.239358e+01 7.500000e+01
      vertex   -9.352347e+00 -1.172747e+01 7.500000e+01
    endloop
  endfacet
  facet normal 0.000000e+00 0.000000e+00 -1.000000e+00
    outer loop
      vertex   -9.352347e+00 1.172747e+01 7.500000e+01
      vertex   -9.352347e+00 -1.172747e+01 7.500000e+01
      vertex   -1.020259e+01 1.099578e+01 7.500000e+01
    endloop
  endfacet
  facet normal 0.000000e+00 -0.000000e+00 -1.000000e+00
    outer loop
      vertex   -1.020259e+01 1.099578e+01 7.500000e+01
      vertex   -9.352347e+00 -1.172747e+01 7.500000e+01
      vertex   -1.020259e+01 -1.099578e+01 7.500000e+01
    endloop
  endfacet
  facet normal 0.000000e+00 0.000000e+00 -1.000000e+00
    outer loop
      vertex   -1.020259e+01 1.099578e+01 7.500000e+01
      vertex   -1.020259e+01 -1.099578e+01 7.500000e+01
      vertex   -1.099578e+01 1.020259e+01 7.500000e+01
    endloop
  endfacet
  facet normal 0.000000e+00 -0.000000e+00 -1.000000e+00
    outer loop
      vertex   -1.099578e+01 1.020259e+01 7.500000e+01
      vertex   -1.020259e+01 -1.099578e+01 7.500000e+01
      vertex   -1.099578e+01 -1.020259e+01 7.500000e+01
    endloop
  endfacet
  facet normal 0.000000e+00 0.000000e+00 -1.000000e+00
    outer loop
      vertex   -1.099578e+01 1.020259e+01 7.500000e+01
      vertex   -1.099578e+01 -1.020259e+01 7.500000e+01
      vertex   -1.172747e+01 9.352347e+00 7.500000e+01
    endloop
  endfacet
  facet normal 0.000000e+00 -0.000000e+00 -1.000000e+00
    outer loop
      vertex   -1.172747e+01 9.352347e+00 7.500000e+01
      vertex   -1.099578e+01 -1.020259e+01 7.500000e+01
      vertex   -1.172747e+01 -9.352347e+00 7.500000e+01
    endloop
  endfacet
  facet normal 0.000000e+00 0.000000e+00 -1.000000e+00
    outer loop
      vertex   -1.172747e+01 9.352347e+00 7.500000e+01
      vertex   -1.172747e+01 -9.352347e+00 7.500000e+01
      vertex   -1.239358e+01 8.449801e+00 7.500000e+01
    endloop
  endfacet
  facet normal 0.000000e+00 -0.000000e+00 -1.000000e+00
    outer loop
      vertex   -1.239358e+01 8.449801e+00 7.500000e+01
      vertex   -1.172747e+01 -9.352347e+00 7.500000e+01
      vertex   -1.239358e+01 -8.449801e+00 7.500000e+01
    endloop
  endfacet
  facet normal 0.000000e+00 0.000000e+00 -1.000000e+00
    outer loop
      vertex   -1.239358e+01 8.449801e+00 7.500000e+01
      vertex   -1.239358e+01 -8.449801e+00 7.500000e+01
      vertex   -1.299038e+01 7.500000e+00 7.500000e+01
    endloop
  endfacet
  facet normal 0.000000e+00 -0.000000e+00 -1.000000e+00
    outer loop
      vertex   -1.299038e+01 7.500000e+00 7.500000e+01
      vertex   -1.239358e+01 -8.449801e+00 7.500000e+01
      vertex   -1.299038e+01 -7.500000e+00 7.500000e+01
    endloop
  endfacet
  facet normal 0.000000e+00 0.000000e+00 -1.000000e+00
    outer loop
      vertex   -1.299038e+01 7.500000e+00 7.500000e+01
      vertex   -1.299038e+01 -7.500000e+00 7.500000e+01
      vertex   -1.351453e+01 6.508256e+00 7.500000e+01
    endloop
  endfacet
  facet normal 0.000000e+00 -0.000000e+00 -1.000000e+00
    outer loop
      vertex   -1.351453e+01 6.508256e+00 7.500000e+01
      vertex   -1.299038e+01 -7.500000e+00 7.500000e+01
      vertex   -1.351453e+01 -6.508256e+00 7.500000e+01
    endloop
  endfacet
  facet normal 0.000000e+00 0.000000e+00 -1.000000e+00
    outer loop
      vertex   -1.351453e+01 6.508256e+00 7.500000e+01
      vertex   -1.351453e+01 -6.508256e+00 7.500000e+01
      vertex   -1.396311e+01 5.480116e+00 7.500000e+01
    endloop
  endfacet
  facet normal 0.000000e+00 -0.000000e+00 -1.000000e+00
    outer loop
      vertex   -1.396311e+01 5.480116e+00 7.500000e+01
      vertex   -1.351453e+01 -6.508256e+00 7.500000e+01
      vertex   -1.396311e+01 -5.480115e+00 7.500000e+01
    endloop
  endfacet
  facet normal 0.000000e+00 0.000000e+00 -1.000000e+00
    outer loop
      vertex   -1.396311e+01 5.480116e+00 7.500000e+01
      vertex   -1.396311e+01 -5.480115e+00 7.500000e+01
      vertex   -1.433359e+01 4.421328e+00 7.500000e+01
    endloop
  endfacet
  facet normal 0.000000e+00 -0.000000e+00 -1.000000e+00
    outer loop
      vertex   -1.433359e+01 4.421328e+00 7.500000e+01
      vertex   -1.396311e+01 -5.480115e+00 7.500000e+01
      vertex   -1.433359e+01 -4.421328e+00 7.500000e+01
    endloop
  endfacet
  facet normal 0.000000e+00 0.000000e+00 -1.000000e+00
    outer loop
      vertex   -1.433359e+01 4.421328e+00 7.500000e+01
      vertex   -1.433359e+01 -4.421328e+00 7.500000e+01
      vertex   -1.462392e+01 3.337814e+00 7.500000e+01
    endloop
  endfacet
  facet normal 0.000000e+00 -0.000000e+00 -1.000000e+00
    outer loop
      vertex   -1.462392e+01 3.337814e+00 7.500000e+01
      vertex   -1.433359e+01 -4.421328e+00 7.500000e+01
      vertex   -1.462392e+01 -3.337814e+00 7.500000e+01
    endloop
  endfacet
  facet normal 0.000000e+00 0.000000e+00 -1.000000e+00
    outer loop
      vertex   -1.462392e+01 3.337814e+00 7.500000e+01
      vertex   -1.462392e+01 -3.337814e+00 7.500000e+01
      vertex   -1.483246e+01 2.235634e+00 7.500000e+01
    endloop
  endfacet
  facet normal 0.000000e+00 -0.000000e+00 -1.000000e+00
    outer loop
      vertex   -1.483246e+01 2.235634e+00 7.500000e+01
      vertex   -1.462392e+01 -3.337814e+00 7.500000e+01
      vertex   -1.483246e+01 -2.235634e+00 7.500000e+01
    endloop
  endfacet
  facet normal 0.000000e+00 0.000000e+00 -1.000000e+00
    outer loop
      vertex   -1.483246e+01 2.235634e+00 7.500000e+01
      vertex   -1.483246e+01 -2.235634e+00 7.500000e+01
      vertex   -1.495806e+01 1.120952e+00 7.500000e+01
    endloop
  endfacet
  facet normal 0.000000e+00 -0.000000e+00 -1.000000e+00
    outer loop
      vertex   -1.495806e+01 1.120952e+00 7.500000e+01
      vertex   -1.483246e+01 -2.235634e+00 7.500000e+01
      vertex   -1.495806e+01 -1.120951e+00 7.500000e+01
    endloop
  endfacet
  facet normal 0.000000e+00 0.000000e+00 -1.000000e+00
    outer loop
      vertex   -1.495806e+01 1.120952e+00 7.500000e+01
      vertex   -1.495806e+01 -1.120951e+00 7.500000e+01
      vertex   -1.500000e+01 9.360806e-08 7.500000e+01
    endloop
  endfacet
  facet normal 0.000000e+00 0.000000e+00 -1.000000e+00
    outer loop
      vertex   2.755455e-15 1.500000e+01 7.500000e+01
      vertex   1.120951e+00 1.495806e+01 7.500000e+01
      vertex   7.500000e+00 -1.299038e+01 7.500000e+01
    endloop
  endfacet
  facet normal 0.000000e+00 0.000000e+00 -1.000000e+00
    outer loop
      vertex   7.500000e+00 -1.299038e+01 7.500000e+01
      vertex   1.120951e+00 1.495806e+01 7.500000e+01
      vertex   2.235634e+00 1.483246e+01 7.500000e+01
    endloop
  endfacet
  facet normal 0.000000e+00 0.000000e+00 -1.000000e+00
    outer loop
      vertex   7.500000e+00 -1.299038e+01 7.500000e+01
      vertex   2.235634e+00 1.483246e+01 7.500000e+01
      vertex   3.337814e+00 1.462392e+01 7.500000e+01
    endloop
  endfacet
  facet normal 0.000000e+00 0.000000e+00 -1.000000e+00
    outer loop
      vertex   3.337814e+00 1.462392e+01 7.500000e+01
      vertex   4.421328e+00 1.433359e+01 7.500000e+01
      vertex   7.500000e+00 -1.299038e+01 7.500000e+01
    endloop
  endfacet
  facet normal 0.000000e+00 0.000000e+00 -1.000000e+00
    outer loop
      vertex   7.500000e+00 -1.299038e+01 7.500000e+01
      vertex   4.421328e+00 1.433359e+01 7.500000e+01
      vertex   5.480115e+00 1.396311e+01 7.500000e+01
    endloop
  endfacet
  facet normal 0.000000e+00 0.000000e+00 -1.000000e+00
    outer loop
      vertex   7.500000e+00 -1.299038e+01 7.500000e+01
      vertex   5.480115e+00 1.396311e+01 7.500000e+01
      vertex   6.508256e+00 1.351453e+01 7.500000e+01
    endloop
  endfacet
  facet normal 0.000000e+00 0.000000e+00 -1.000000e+00
    outer loop
      vertex   6.508256e+00 1.351453e+01 7.500000e+01
      vertex   7.500000e+00 1.299038e+01 7.500000e+01
      vertex   7.500000e+00 -1.299038e+01 7.500000e+01
    endloop
  endfacet
  facet normal 0.000000e+00 0.000000e+00 -1.000000e+00
    outer loop
      vertex   7.500000e+00 -1.299038e+01 7.500000e+01
      vertex   7.500000e+00 1.299038e+01 7.500000e+01
      vertex   8.449801e+00 1.239358e+01 7.500000e+01
    endloop
  endfacet
  facet normal 0.000000e+00 0.000000e+00 -1.000000e+00
    outer loop
      vertex   7.500000e+00 -1.299038e+01 7.500000e+01
      vertex   8.449801e+00 1.239358e+01 7.500000e+01
      vertex   8.449801e+00 -1.239358e+01 7.500000e+01
    endloop
  endfacet
  facet normal 0.000000e+00 0.000000e+00 -1.000000e+00
    outer loop
      vertex   8.449801e+00 -1.239358e+01 7.500000e+01
      vertex   8.449801e+00 1.239358e+01 7.500000e+01
      vertex   9.352347e+00 1.172747e+01 7.500000e+01
    endloop
  endfacet
  facet normal 0.000000e+00 0.000000e+00 -1.000000e+00
    outer loop
      vertex   8.449801e+00 -1.239358e+01 7.500000e+01
      vertex   9.352347e+00 1.172747e+01 7.500000e+01
      vertex   9.352347e+00 -1.172747e+01 7.500000e+01
    endloop
  endfacet
  facet normal 0.000000e+00 0.000000e+00 -1.000000e+00
    outer loop
      vertex   9.352347e+00 -1.172747e+01 7.500000e+01
      vertex   9.352347e+00 1.172747e+01 7.500000e+01
      vertex   1.020259e+01 1.099578e+01 7.500000e+01
    endloop
  endfacet
  facet normal 0.000000e+00 0.000000e+00 -1.000000e+00
    outer loop
      vertex   9.352347e+00 -1.172747e+01 7.500000e+01
      vertex   1.020259e+01 1.099578e+01 7.500000e+01
      vertex   1.020259e+01 -1.099578e+01 7.500000e+01
    endloop
  endfacet
  facet normal 0.000000e+00 0.000000e+00 -1.000000e+00
    outer loop
      vertex   1.020259e+01 -1.099578e+01 7.500000e+01
      vertex   1.020259e+01 1.099578e+01 7.500000e+01
      vertex   1.099578e+01 1.020259e+01 7.500000e+01
    endloop
  endfacet
  facet normal 0.000000e+00 0.000000e+00 -1.000000e+00
    outer loop
      vertex   1.020259e+01 -1.099578e+01 7.500000e+01
      vertex   1.099578e+01 1.020259e+01 7.500000e+01
      vertex   1.099578e+01 -1.020259e+01 7.500000e+01
    endloop
  endfacet
  facet normal 0.000000e+00 0.000000e+00 -1.000000e+00
    outer loop
      vertex   1.099578e+01 -1.020259e+01 7.500000e+01
      vertex   1.099578e+01 1.020259e+01 7.500000e+01
      vertex   1.172747e+01 9.352347e+00 7.500000e+01
    endloop
  endfacet
  facet normal 0.000000e+00 0.000000e+00 -1.000000e+00
    outer loop
      vertex   1.099578e+01 -1.020259e+01 7.500000e+01
      vertex   1.172747e+01 9.352347e+00 7.500000e+01
      vertex   1.172747e+01 -9.352347e+00 7.500000e+01
    endloop
  endfacet
  facet normal 0.000000e+00 0.000000e+00 -1.000000e+00
    outer loop
      vertex   1.172747e+01 -9.352347e+00 7.500000e+01
      vertex   1.172747e+01 9.352347e+00 7.500000e+01
      vertex   1.239358e+01 8.449801e+00 7.500000e+01
    endloop
  endfacet
  facet normal 0.000000e+00 0.000000e+00 -1.000000e+00
    outer loop
      vertex   1.172747e+01 -9.352347e+00 7.500000e+01
      vertex   1.239358e+01 8.449801e+00 7.500000e+01
      vertex   1.239358e+01 -8.449801e+00 7.500000e+01
    endloop
  endfacet
  facet normal 0.000000e+00 0.000000e+00 -1.000000e+00
    outer loop
      vertex   1.239358e+01 -8.449801e+00 7.500000e+01
      vertex   1.239358e+01 8.449801e+00 7.500000e+01
      vertex   1.299038e+01 7.500000e+00 7.500000e+01
    endloop
  endfacet
  facet normal 0.000000e+00 0.000000e+00 -1.000000e+00
    outer loop
      vertex   1.239358e+01 -8.449801e+00 7.500000e+01
      vertex   1.299038e+01 7.500000e+00 7.500000e+01
      vertex   1.299038e+01 -7.500000e+00 7.500000e+01
    endloop
  endfacet
  facet normal 0.000000e+00 0.000000e+00 -1.000000e+00
    outer loop
      vertex   1.299038e+01 -7.500000e+00 7.500000e+01
      vertex   1.299038e+01 7.500000e+00 7.500000e+01
      vertex   1.351453e+01 6.508256e+00 7.500000e+01
    endloop
  endfacet
  facet normal 0.000000e+00 0.000000e+00 -1.000000e+00
    outer loop
      vertex   1.299038e+01 -7.500000e+00 7.500000e+01
      vertex   1.351453e+01 6.508256e+00 7.500000e+01
      vertex   1.351453e+01 -6.508256e+00 7.500000e+01
    endloop
  endfacet
  facet normal 0.000000e+00 0.000000e+00 -1.000000e+00
    outer loop
      vertex   1.351453e+01 -6.508256e+00 7.500000e+01
      vertex   1.351453e+01 6.508256e+00 7.500000e+01
      vertex   1.396311e+01 5.480116e+00 7.500000e+01
    endloop
  endfacet
  facet normal 0.000000e+00 0.000000e+00 -1.000000e+00
    outer loop
      vertex   1.351453e+01 -6.508256e+00 7.500000e+01
      vertex   1.396311e+01 5.480116e+00 7.500000e+01
      vertex   1.396311e+01 -5.480115e+00 7.500000e+01
    endloop
  endfacet
  facet normal 0.000000e+00 0.000000e+00 -1.000000e+00
    outer loop
      vertex   1.396311e+01 -5.480115e+00 7.500000e+01
      vertex   1.396311e+01 5.480116e+00 7.500000e+01
      vertex   1.433359e+01 4.421328e+00 7.500000e+01
    endloop
  endfacet
  facet normal 0.000000e+00 0.000000e+00 -1.000000e+00
    outer loop
      vertex   1.396311e+01 -5.480115e+00 7.500000e+01
      vertex   1.433359e+01 4.421328e+00 7.500000e+01
      vertex   1.433359e+01 -4.421328e+00 7.500000e+01
    endloop
  endfacet
  facet normal 0.000000e+00 0.000000e+00 -1.000000e+00
    outer loop
      vertex   1.433359e+01 -4.421328e+00 7.500000e+01
      vertex   1.433359e+01 4.421328e+00 7.500000e+01
      vertex   1.462392e+01 3.337814e+00 7.500000e+01
    endloop
  endfacet
  facet normal 0.000000e+00 0.000000e+00 -1.000000e+00
    outer loop
      vertex   1.433359e+01 -4.421328e+00 7.500000e+01
      vertex   1.462392e+01 3.337814e+00 7.500000e+01
      vertex   1.462392e+01 -3.337814e+00 7.500000e+01
    endloop
  endfacet
  facet normal 0.000000e+00 0.000000e+00 -1.000000e+00
    outer loop
      vertex   1.462392e+01 -3.337814e+00 7.500000e+01
      vertex   1.462392e+01 3.337814e+00 7.500000e+01
      vertex   1.483246e+01 2.235634e+00 7.500000e+01
    endloop
  endfacet
  facet normal 0.000000e+00 0.000000e+00 -1.000000e+00
    outer loop
      vertex   1.462392e+01 -3.337814e+00 7.500000e+01
      vertex   1.483246e+01 2.235634e+00 7.500000e+01
      vertex   1.483246e+01 -2.235634e+00 7.500000e+01
    endloop
  endfacet
  facet normal 0.000000e+00 0.000000e+00 -1.000000e+00
    outer loop
      vertex   1.483246e+01 -2.235634e+00 7.500000e+01
      vertex   1.483246e+01 2.235634e+00 7.500000e+01
      vertex   1.495806e+01 1.120952e+00 7.500000e+01
    endloop
  endfacet
  facet normal 0.000000e+00 0.000000e+00 -1.000000e+00
    outer loop
      vertex   1.483246e+01 -2.235634e+00 7.500000e+01
      vertex   1.495806e+01 1.120952e+00 7.500000e+01
      vertex   1.495806e+01 -1.120951e+00 7.500000e+01
    endloop
  endfacet
  facet normal 0.000000e+00 0.000000e+00 -1.000000e+00
    outer loop
      vertex   1.495806e+01 -1.120951e+00 7.500000e+01
      vertex   1.495806e+01 1.120952e+00 7.500000e+01
      vertex   1.500000e+01 9.360807e-08 7.500000e+01
    endloop
  endfacet
  facet normal -0.000000e+00 -6.663466e-01 -7.456422e-01
    outer loop
      vertex   4.500000e+00 -2.975736e+01 7.675736e+01
      vertex   -4.500000e+00 -2.975736e+01 7.675736e+01
      vertex   4.500000e+00 -2.925566e+01 7.630901e+01
    endloop
  endfacet
  facet normal -0.000000e+00 -6.663466e-01 -7.456422e-01
    outer loop
      vertex   4.500000e+00 -2.925566e+01 7.630901e+01
      vertex   -4.500000e+00 -2.975736e+01 7.675736e+01
      vertex   -4.500000e+00 -2.925566e+01 7.630901e+01
    endloop
  endfacet
  facet normal -0.000000e+00 -5.786713e-01 -8.155609e-01
    outer loop
      vertex   4.500000e+00 -2.925566e+01 7.630901e+01
      vertex   -4.500000e+00 -2.925566e+01 7.630901e+01
      vertex   4.500000e+00 -2.870691e+01 7.591965e+01
    endloop
  endfacet
  facet normal -0.000000e+00 -5.786713e-01 -8.155609e-01
    outer loop
      vertex   4.500000e+00 -2.870691e+01 7.591965e+01
      vertex   -4.500000e+00 -2.925566e+01 7.630901e+01
      vertex   -4.500000e+00 -2.870691e+01 7.591965e+01
    endloop
  endfacet
  facet normal -0.000000e+00 -4.837189e-01 -8.752234e-01
    outer loop
      vertex   4.500000e+00 -2.870691e+01 7.591965e+01
      vertex   -4.500000e+00 -2.870691e+01 7.591965e+01
      vertex   4.500000e+00 -2.811802e+01 7.559419e+01
    endloop
  endfacet
  facet normal -0.000000e+00 -4.837189e-01 -8.752234e-01
    outer loop
      vertex   4.500000e+00 -2.811802e+01 7.559419e+01
      vertex   -4.500000e+00 -2.870691e+01 7.591965e+01
      vertex   -4.500000e+00 -2.811802e+01 7.559419e+01
    endloop
  endfacet
  facet normal -0.000000e+00 -3.826834e-01 -9.238795e-01
    outer loop
      vertex   4.500000e+00 -2.811802e+01 7.559419e+01
      vertex   -4.500000e+00 -2.811802e+01 7.559419e+01
      vertex   4.500000e+00 -2.749639e+01 7.533670e+01
    endloop
  endfacet
  facet normal -0.000000e+00 -3.826834e-01 -9.238795e-01
    outer loop
      vertex   4.500000e+00 -2.749639e+01 7.533670e+01
      vertex   -4.500000e+00 -2.811802e+01 7.559419e+01
      vertex   -4.500000e+00 -2.749639e+01 7.533670e+01
    endloop
  endfacet
  facet normal -0.000000e+00 -2.768355e-01 -9.609173e-01
    outer loop
      vertex   4.500000e+00 -2.749639e+01 7.533670e+01
      vertex   -4.500000e+00 -2.749639e+01 7.533670e+01
      vertex   4.500000e+00 -2.684984e+01 7.515043e+01
    endloop
  endfacet
  facet normal -0.000000e+00 -2.768355e-01 -9.609173e-01
    outer loop
      vertex   4.500000e+00 -2.684984e+01 7.515043e+01
      vertex   -4.500000e+00 -2.749639e+01 7.533670e+01
      vertex   -4.500000e+00 -2.684984e+01 7.515043e+01
    endloop
  endfacet
  facet normal -0.000000e+00 -1.675062e-01 -9.858710e-01
    outer loop
      vertex   4.500000e+00 -2.684984e+01 7.515043e+01
      vertex   -4.500000e+00 -2.684984e+01 7.515043e+01
      vertex   4.500000e+00 -2.618651e+01 7.503773e+01
    endloop
  endfacet
  facet normal -0.000000e+00 -1.675062e-01 -9.858710e-01
    outer loop
      vertex   4.500000e+00 -2.618651e+01 7.503773e+01
      vertex   -4.500000e+00 -2.684984e+01 7.515043e+01
      vertex   -4.500000e+00 -2.618651e+01 7.503773e+01
    endloop
  endfacet
  facet normal -0.000000e+00 -5.607045e-02 -9.984268e-01
    outer loop
      vertex   4.500000e+00 -2.618651e+01 7.503773e+01
      vertex   -4.500000e+00 -2.618651e+01 7.503773e+01
      vertex   4.500000e+00 -2.551472e+01 7.500000e+01
    endloop
  endfacet
  facet normal -0.000000e+00 -5.607045e-02 -9.984268e-01
    outer loop
      vertex   4.500000e+00 -2.551472e+01 7.500000e+01
      vertex   -4.500000e+00 -2.618651e+01 7.503773e+01
      vertex   -4.500000e+00 -2.551472e+01 7.500000e+01
    endloop
  endfacet
  facet normal 0.000000e+00 -7.071068e-01 -7.071068e-01
    outer loop
      vertex   -4.500000e+00 -3.797056e+01 8.497056e+01
      vertex   -4.500000e+00 -2.975736e+01 7.675736e+01
      vertex   4.500000e+00 -3.797056e+01 8.497056e+01
    endloop
  endfacet
  facet normal 0.000000e+00 -7.071068e-01 -7.071068e-01
    outer loop
      vertex   4.500000e+00 -3.797056e+01 8.497056e+01
      vertex   -4.500000e+00 -2.975736e+01 7.675736e+01
      vertex   4.500000e+00 -2.975736e+01 7.675736e+01
    endloop
  endfacet
  facet normal -0.000000e+00 -9.984268e-01 -5.607045e-02
    outer loop
      vertex   4.500000e+00 -3.972792e+01 8.921320e+01
      vertex   -4.500000e+00 -3.972792e+01 8.921320e+01
      vertex   4.500000e+00 -3.969020e+01 8.854142e+01
    endloop
  endfacet
  facet normal -0.000000e+00 -9.984268e-01 -5.607045e-02
    outer loop
      vertex   4.500000e+00 -3.969020e+01 8.854142e+01
      vertex   -4.500000e+00 -3.972792e+01 8.921320e+01
      vertex   -4.500000e+00 -3.969020e+01 8.854142e+01
    endloop
  endfacet
  facet normal -0.000000e+00 -9.858710e-01 -1.675062e-01
    outer loop
      vertex   4.500000e+00 -3.969020e+01 8.854142e+01
      vertex   -4.500000e+00 -3.969020e+01 8.854142e+01
      vertex   4.500000e+00 -3.957749e+01 8.787808e+01
    endloop
  endfacet
  facet normal -0.000000e+00 -9.858710e-01 -1.675062e-01
    outer loop
      vertex   4.500000e+00 -3.957749e+01 8.787808e+01
      vertex   -4.500000e+00 -3.969020e+01 8.854142e+01
      vertex   -4.500000e+00 -3.957749e+01 8.787808e+01
    endloop
  endfacet
  facet normal -0.000000e+00 -9.609173e-01 -2.768355e-01
    outer loop
      vertex   4.500000e+00 -3.957749e+01 8.787808e+01
      vertex   -4.500000e+00 -3.957749e+01 8.787808e+01
      vertex   4.500000e+00 -3.939122e+01 8.723153e+01
    endloop
  endfacet
  facet normal -0.000000e+00 -9.609173e-01 -2.768355e-01
    outer loop
      vertex   4.500000e+00 -3.939122e+01 8.723153e+01
      vertex   -4.500000e+00 -3.957749e+01 8.787808e+01
      vertex   -4.500000e+00 -3.939122e+01 8.723153e+01
    endloop
  endfacet
  facet normal -0.000000e+00 -9.238795e-01 -3.826834e-01
    outer loop
      vertex   4.500000e+00 -3.939122e+01 8.723153e+01
      vertex   -4.500000e+00 -3.939122e+01 8.723153e+01
      vertex   4.500000e+00 -3.913374e+01 8.660990e+01
    endloop
  endfacet
  facet normal -0.000000e+00 -9.238795e-01 -3.826834e-01
    outer loop
      vertex   4.500000e+00 -3.913374e+01 8.660990e+01
      vertex   -4.500000e+00 -3.939122e+01 8.723153e+01
      vertex   -4.500000e+00 -3.913374e+01 8.660990e+01
    endloop
  endfacet
  facet normal -0.000000e+00 -8.752234e-01 -4.837189e-01
    outer loop
      vertex   4.500000e+00 -3.913374e+01 8.660990e+01
      vertex   -4.500000e+00 -3.913374e+01 8.660990e+01
      vertex   4.500000e+00 -3.880827e+01 8.602101e+01
    endloop
  endfacet
  facet normal -0.000000e+00 -8.752234e-01 -4.837189e-01
    outer loop
      vertex   4.500000e+00 -3.880827e+01 8.602101e+01
      vertex   -4.500000e+00 -3.913374e+01 8.660990e+01
      vertex   -4.500000e+00 -3.880827e+01 8.602101e+01
    endloop
  endfacet
  facet normal -0.000000e+00 -8.155609e-01 -5.786713e-01
    outer loop
      vertex   4.500000e+00 -3.880827e+01 8.602101e+01
      vertex   -4.500000e+00 -3.880827e+01 8.602101e+01
      vertex   4.500000e+00 -3.841891e+01 8.547226e+01
    endloop
  endfacet
  facet normal -0.000000e+00 -8.155609e-01 -5.786713e-01
    outer loop
      vertex   4.500000e+00 -3.841891e+01 8.547226e+01
      vertex   -4.500000e+00 -3.880827e+01 8.602101e+01
      vertex   -4.500000e+00 -3.841891e+01 8.547226e+01
    endloop
  endfacet
  facet normal -0.000000e+00 -7.456422e-01 -6.663466e-01
    outer loop
      vertex   4.500000e+00 -3.841891e+01 8.547226e+01
      vertex   -4.500000e+00 -3.841891e+01 8.547226e+01
      vertex   4.500000e+00 -3.797056e+01 8.497056e+01
    endloop
  endfacet
  facet normal -0.000000e+00 -7.456422e-01 -6.663466e-01
    outer loop
      vertex   4.500000e+00 -3.797056e+01 8.497056e+01
      vertex   -4.500000e+00 -3.841891e+01 8.547226e+01
      vertex   -4.500000e+00 -3.797056e+01 8.497056e+01
    endloop
  endfacet
  facet normal 0.000000e+00 -1.000000e+00 0.000000e+00
    outer loop
      vertex   2.209340e+00 -3.972792e+01 9.642582e+01
      vertex   2.250000e+00 -3.972792e+01 9.600000e+01
      vertex   4.500000e+00 -3.972792e+01 9.972792e+01
    endloop
  endfacet
  facet normal 0.000000e+00 -1.000000e+00 0.000000e+00
    outer loop
      vertex   4.500000e+00 -3.972792e+01 9.972792e+01
      vertex   2.250000e+00 -3.972792e+01 9.600000e+01
      vertex   2.209340e+00 -3.972792e+01 9.557419e+01
    endloop
  endfacet
  facet normal 0.000000e+00 -1.000000e+00 -0.000000e+00
    outer loop
      vertex   4.500000e+00 -3.972792e+01 9.972792e+01
      vertex   2.209340e+00 -3.972792e+01 9.557419e+01
      vertex   4.500000e+00 -3.972792e+01 8.921320e+01
    endloop
  endfacet
  facet normal 0.000000e+00 -1.000000e+00 0.000000e+00
    outer loop
      vertex   4.500000e+00 -3.972792e+01 8.921320e+01
      vertex   2.209340e+00 -3.972792e+01 9.557419e+01
      vertex   2.088828e+00 -3.972792e+01 9.516376e+01
    endloop
  endfacet
  facet normal 0.000000e+00 -1.000000e+00 0.000000e+00
    outer loop
      vertex   4.500000e+00 -3.972792e+01 8.921320e+01
      vertex   2.088828e+00 -3.972792e+01 9.516376e+01
      vertex   1.892820e+00 -3.972792e+01 9.478356e+01
    endloop
  endfacet
  facet normal 0.000000e+00 -1.000000e+00 -0.000000e+00
    outer loop
      vertex   1.892820e+00 -3.972792e+01 9.478356e+01
      vertex   1.628402e+00 -3.972792e+01 9.444732e+01
      vertex   4.500000e+00 -3.972792e+01 8.921320e+01
    endloop
  endfacet
  facet normal 0.000000e+00 -1.000000e+00 0.000000e+00
    outer loop
      vertex   4.500000e+00 -3.972792e+01 8.921320e+01
      vertex   1.628402e+00 -3.972792e+01 9.444732e+01
      vertex   1.305128e+00 -3.972792e+01 9.416721e+01
    endloop
  endfacet
  facet normal 0.000000e+00 -1.000000e+00 0.000000e+00
    outer loop
      vertex   4.500000e+00 -3.972792e+01 8.921320e+01
      vertex   1.305128e+00 -3.972792e+01 9.416721e+01
      vertex   9.346838e-01 -3.972792e+01 9.395333e+01
    endloop
  endfacet
  facet normal 0.000000e+00 -1.000000e+00 -0.000000e+00
    outer loop
      vertex   9.346838e-01 -3.972792e+01 9.395333e+01
      vertex   5.304576e-01 -3.972792e+01 9.381343e+01
      vertex   4.500000e+00 -3.972792e+01 8.921320e+01
    endloop
  endfacet
  facet normal 0.000000e+00 -1.000000e+00 0.000000e+00
    outer loop
      vertex   4.500000e+00 -3.972792e+01 8.921320e+01
      vertex   5.304576e-01 -3.972792e+01 9.381343e+01
      vertex   1.070593e-01 -3.972792e+01 9.375255e+01
    endloop
  endfacet
  facet normal 0.000000e+00 -1.000000e+00 0.000000e+00
    outer loop
      vertex   4.500000e+00 -3.972792e+01 8.921320e+01
      vertex   1.070593e-01 -3.972792e+01 9.375255e+01
      vertex   -4.500000e+00 -3.972792e+01 8.921320e+01
    endloop
  endfacet
  facet normal 0.000000e+00 -1.000000e+00 0.000000e+00
    outer loop
      vertex   -4.500000e+00 -3.972792e+01 8.921320e+01
      vertex   1.070593e-01 -3.972792e+01 9.375255e+01
      vertex   -3.202084e-01 -3.972792e+01 9.377290e+01
    endloop
  endfacet
  facet normal 0.000000e+00 -1.000000e+00 0.000000e+00
    outer loop
      vertex   -4.500000e+00 -3.972792e+01 8.921320e+01
      vertex   -3.202084e-01 -3.972792e+01 9.377290e+01
      vertex   -7.359029e-01 -3.972792e+01 9.387375e+01
    endloop
  endfacet
  facet normal -0.000000e+00 -1.000000e+00 0.000000e+00
    outer loop
      vertex   -7.359029e-01 -3.972792e+01 9.387375e+01
      vertex   -1.125000e+00 -3.972792e+01 9.405144e+01
      vertex   -4.500000e+00 -3.972792e+01 8.921320e+01
    endloop
  endfacet
  facet normal 0.000000e+00 -1.000000e+00 0.000000e+00
    outer loop
      vertex   -4.500000e+00 -3.972792e+01 8.921320e+01
      vertex   -1.125000e+00 -3.972792e+01 9.405144e+01
      vertex   -1.473437e+00 -3.972792e+01 9.429956e+01
    endloop
  endfacet
  facet normal 0.000000e+00 -1.000000e+00 0.000000e+00
    outer loop
      vertex   -4.500000e+00 -3.972792e+01 8.921320e+01
      vertex   -1.473437e+00 -3.972792e+01 9.429956e+01
      vertex   -1.768619e+00 -3.972792e+01 9.460914e+01
    endloop
  endfacet
  facet normal -0.000000e+00 -1.000000e+00 0.000000e+00
    outer loop
      vertex   -1.768619e+00 -3.972792e+01 9.460914e+01
      vertex   -1.999880e+00 -3.972792e+01 9.496899e+01
      vertex   -4.500000e+00 -3.972792e+01 8.921320e+01
    endloop
  endfacet
  facet normal 0.000000e+00 -1.000000e+00 0.000000e+00
    outer loop
      vertex   -4.500000e+00 -3.972792e+01 8.921320e+01
      vertex   -1.999880e+00 -3.972792e+01 9.496899e+01
      vertex   -2.158859e+00 -3.972792e+01 9.536610e+01
    endloop
  endfacet
  facet normal 0.000000e+00 -1.000000e+00 0.000000e+00
    outer loop
      vertex   -4.500000e+00 -3.972792e+01 8.921320e+01
      vertex   -2.158859e+00 -3.972792e+01 9.536610e+01
      vertex   -2.239812e+00 -3.972792e+01 9.578613e+01
    endloop
  endfacet
  facet normal 0.000000e+00 -1.000000e+00 0.000000e+00
    outer loop
      vertex   -4.500000e+00 -3.972792e+01 8.921320e+01
      vertex   -2.239812e+00 -3.972792e+01 9.578613e+01
      vertex   -4.500000e+00 -3.972792e+01 9.972792e+01
    endloop
  endfacet
  facet normal 0.000000e+00 -1.000000e+00 0.000000e+00
    outer loop
      vertex   -4.500000e+00 -3.972792e+01 9.972792e+01
      vertex   -2.239812e+00 -3.972792e+01 9.578613e+01
      vertex   -2.239812e+00 -3.972792e+01 9.621388e+01
    endloop
  endfacet
  facet normal 0.000000e+00 -1.000000e+00 0.000000e+00
    outer loop
      vertex   -4.500000e+00 -3.972792e+01 9.972792e+01
      vertex   -2.239812e+00 -3.972792e+01 9.621388e+01
      vertex   -2.158859e+00 -3.972792e+01 9.663390e+01
    endloop
  endfacet
  facet normal 0.000000e+00 -1.000000e+00 0.000000e+00
    outer loop
      vertex   -2.158859e+00 -3.972792e+01 9.663390e+01
      vertex   -1.999880e+00 -3.972792e+01 9.703101e+01
      vertex   -4.500000e+00 -3.972792e+01 9.972792e+01
    endloop
  endfacet
  facet normal 0.000000e+00 -1.000000e+00 0.000000e+00
    outer loop
      vertex   -4.500000e+00 -3.972792e+01 9.972792e+01
      vertex   -1.999880e+00 -3.972792e+01 9.703101e+01
      vertex   -1.768619e+00 -3.972792e+01 9.739086e+01
    endloop
  endfacet
  facet normal 0.000000e+00 -1.000000e+00 0.000000e+00
    outer loop
      vertex   -4.500000e+00 -3.972792e+01 9.972792e+01
      vertex   -1.768619e+00 -3.972792e+01 9.739086e+01
      vertex   -1.473437e+00 -3.972792e+01 9.770044e+01
    endloop
  endfacet
  facet normal 0.000000e+00 -1.000000e+00 0.000000e+00
    outer loop
      vertex   -1.473437e+00 -3.972792e+01 9.770044e+01
      vertex   -1.125000e+00 -3.972792e+01 9.794856e+01
      vertex   -4.500000e+00 -3.972792e+01 9.972792e+01
    endloop
  endfacet
  facet normal 0.000000e+00 -1.000000e+00 0.000000e+00
    outer loop
      vertex   -4.500000e+00 -3.972792e+01 9.972792e+01
      vertex   -1.125000e+00 -3.972792e+01 9.794856e+01
      vertex   -7.359029e-01 -3.972792e+01 9.812625e+01
    endloop
  endfacet
  facet normal 0.000000e+00 -1.000000e+00 0.000000e+00
    outer loop
      vertex   -4.500000e+00 -3.972792e+01 9.972792e+01
      vertex   -7.359029e-01 -3.972792e+01 9.812625e+01
      vertex   -3.202084e-01 -3.972792e+01 9.822710e+01
    endloop
  endfacet
  facet normal 0.000000e+00 -1.000000e+00 0.000000e+00
    outer loop
      vertex   -3.202084e-01 -3.972792e+01 9.822710e+01
      vertex   1.070593e-01 -3.972792e+01 9.824745e+01
      vertex   -4.500000e+00 -3.972792e+01 9.972792e+01
    endloop
  endfacet
  facet normal 0.000000e+00 -1.000000e+00 0.000000e+00
    outer loop
      vertex   -4.500000e+00 -3.972792e+01 9.972792e+01
      vertex   1.070593e-01 -3.972792e+01 9.824745e+01
      vertex   4.500000e+00 -3.972792e+01 9.972792e+01
    endloop
  endfacet
  facet normal 0.000000e+00 -1.000000e+00 0.000000e+00
    outer loop
      vertex   4.500000e+00 -3.972792e+01 9.972792e+01
      vertex   1.070593e-01 -3.972792e+01 9.824745e+01
      vertex   5.304576e-01 -3.972792e+01 9.818658e+01
    endloop
  endfacet
  facet normal 0.000000e+00 -1.000000e+00 0.000000e+00
    outer loop
      vertex   4.500000e+00 -3.972792e+01 9.972792e+01
      vertex   5.304576e-01 -3.972792e+01 9.818658e+01
      vertex   9.346838e-01 -3.972792e+01 9.804667e+01
    endloop
  endfacet
  facet normal 0.000000e+00 -1.000000e+00 0.000000e+00
    outer loop
      vertex   9.346838e-01 -3.972792e+01 9.804667e+01
      vertex   1.305128e+00 -3.972792e+01 9.783280e+01
      vertex   4.500000e+00 -3.972792e+01 9.972792e+01
    endloop
  endfacet
  facet normal 0.000000e+00 -1.000000e+00 0.000000e+00
    outer loop
      vertex   4.500000e+00 -3.972792e+01 9.972792e+01
      vertex   1.305128e+00 -3.972792e+01 9.783280e+01
      vertex   1.628402e+00 -3.972792e+01 9.755268e+01
    endloop
  endfacet
  facet normal 0.000000e+00 -1.000000e+00 0.000000e+00
    outer loop
      vertex   4.500000e+00 -3.972792e+01 9.972792e+01
      vertex   1.628402e+00 -3.972792e+01 9.755268e+01
      vertex   1.892820e+00 -3.972792e+01 9.721644e+01
    endloop
  endfacet
  facet normal 0.000000e+00 -1.000000e+00 0.000000e+00
    outer loop
      vertex   1.892820e+00 -3.972792e+01 9.721644e+01
      vertex   2.088828e+00 -3.972792e+01 9.683624e+01
      vertex   4.500000e+00 -3.972792e+01 9.972792e+01
    endloop
  endfacet
  facet normal 0.000000e+00 -1.000000e+00 0.000000e+00
    outer loop
      vertex   4.500000e+00 -3.972792e+01 9.972792e+01
      vertex   2.088828e+00 -3.972792e+01 9.683624e+01
      vertex   2.209340e+00 -3.972792e+01 9.642582e+01
    endloop
  endfacet
  facet normal -0.000000e+00 0.000000e+00 1.000000e+00
    outer loop
      vertex   -4.500000e+00 -3.572792e+01 9.972792e+01
      vertex   -4.500000e+00 -3.972792e+01 9.972792e+01
      vertex   4.500000e+00 -3.572792e+01 9.972792e+01
    endloop
  endfacet
  facet normal 0.000000e+00 0.000000e+00 1.000000e+00
    outer loop
      vertex   4.500000e+00 -3.572792e+01 9.972792e+01
      vertex   -4.500000e+00 -3.972792e+01 9.972792e+01
      vertex   4.500000e+00 -3.972792e+01 9.972792e+01
    endloop
  endfacet
  facet normal 0.000000e+00 1.000000e+00 0.000000e+00
    outer loop
      vertex   2.209340e+00 -3.572792e+01 9.557419e+01
      vertex   2.250000e+00 -3.572792e+01 9.600000e+01
      vertex   4.500000e+00 -3.572792e+01 9.972792e+01
    endloop
  endfacet
  facet normal 0.000000e+00 1.000000e+00 0.000000e+00
    outer loop
      vertex   4.500000e+00 -3.572792e+01 9.972792e+01
      vertex   2.250000e+00 -3.572792e+01 9.600000e+01
      vertex   2.209340e+00 -3.572792e+01 9.642582e+01
    endloop
  endfacet
  facet normal 0.000000e+00 1.000000e+00 0.000000e+00
    outer loop
      vertex   4.500000e+00 -3.572792e+01 9.972792e+01
      vertex   2.209340e+00 -3.572792e+01 9.642582e+01
      vertex   2.088828e+00 -3.572792e+01 9.683624e+01
    endloop
  endfacet
  facet normal 0.000000e+00 1.000000e+00 -0.000000e+00
    outer loop
      vertex   2.088828e+00 -3.572792e+01 9.683624e+01
      vertex   1.892820e+00 -3.572792e+01 9.721644e+01
      vertex   4.500000e+00 -3.572792e+01 9.972792e+01
    endloop
  endfacet
  facet normal 0.000000e+00 1.000000e+00 0.000000e+00
    outer loop
      vertex   4.500000e+00 -3.572792e+01 9.972792e+01
      vertex   1.892820e+00 -3.572792e+01 9.721644e+01
      vertex   1.628402e+00 -3.572792e+01 9.755268e+01
    endloop
  endfacet
  facet normal 0.000000e+00 1.000000e+00 0.000000e+00
    outer loop
      vertex   4.500000e+00 -3.572792e+01 9.972792e+01
      vertex   1.628402e+00 -3.572792e+01 9.755268e+01
      vertex   1.305128e+00 -3.572792e+01 9.783280e+01
    endloop
  endfacet
  facet normal 0.000000e+00 1.000000e+00 -0.000000e+00
    outer loop
      vertex   1.305128e+00 -3.572792e+01 9.783280e+01
      vertex   9.346838e-01 -3.572792e+01 9.804667e+01
      vertex   4.500000e+00 -3.572792e+01 9.972792e+01
    endloop
  endfacet
  facet normal 0.000000e+00 1.000000e+00 0.000000e+00
    outer loop
      vertex   4.500000e+00 -3.572792e+01 9.972792e+01
      vertex   9.346838e-01 -3.572792e+01 9.804667e+01
      vertex   5.304576e-01 -3.572792e+01 9.818658e+01
    endloop
  endfacet
  facet normal 0.000000e+00 1.000000e+00 0.000000e+00
    outer loop
      vertex   4.500000e+00 -3.572792e+01 9.972792e+01
      vertex   5.304576e-01 -3.572792e+01 9.818658e+01
      vertex   1.070593e-01 -3.572792e+01 9.824745e+01
    endloop
  endfacet
  facet normal 0.000000e+00 1.000000e+00 0.000000e+00
    outer loop
      vertex   4.500000e+00 -3.572792e+01 9.972792e+01
      vertex   1.070593e-01 -3.572792e+01 9.824745e+01
      vertex   -4.500000e+00 -3.572792e+01 9.972792e+01
    endloop
  endfacet
  facet normal 0.000000e+00 1.000000e+00 0.000000e+00
    outer loop
      vertex   -4.500000e+00 -3.572792e+01 9.972792e+01
      vertex   1.070593e-01 -3.572792e+01 9.824745e+01
      vertex   -3.202084e-01 -3.572792e+01 9.822710e+01
    endloop
  endfacet
  facet normal 0.000000e+00 1.000000e+00 0.000000e+00
    outer loop
      vertex   -4.500000e+00 -3.572792e+01 9.972792e+01
      vertex   -3.202084e-01 -3.572792e+01 9.822710e+01
      vertex   -7.359029e-01 -3.572792e+01 9.812625e+01
    endloop
  endfacet
  facet normal 0.000000e+00 1.000000e+00 0.000000e+00
    outer loop
      vertex   -7.359029e-01 -3.572792e+01 9.812625e+01
      vertex   -1.125000e+00 -3.572792e+01 9.794856e+01
      vertex   -4.500000e+00 -3.572792e+01 9.972792e+01
    endloop
  endfacet
  facet normal 0.000000e+00 1.000000e+00 0.000000e+00
    outer loop
      vertex   -4.500000e+00 -3.572792e+01 9.972792e+01
      vertex   -1.125000e+00 -3.572792e+01 9.794856e+01
      vertex   -1.473437e+00 -3.572792e+01 9.770044e+01
    endloop
  endfacet
  facet normal 0.000000e+00 1.000000e+00 0.000000e+00
    outer loop
      vertex   -4.500000e+00 -3.572792e+01 9.972792e+01
      vertex   -1.473437e+00 -3.572792e+01 9.770044e+01
      vertex   -1.768619e+00 -3.572792e+01 9.739086e+01
    endloop
  endfacet
  facet normal 0.000000e+00 1.000000e+00 0.000000e+00
    outer loop
      vertex   -1.768619e+00 -3.572792e+01 9.739086e+01
      vertex   -1.999880e+00 -3.572792e+01 9.703101e+01
      vertex   -4.500000e+00 -3.572792e+01 9.972792e+01
    endloop
  endfacet
  facet normal 0.000000e+00 1.000000e+00 0.000000e+00
    outer loop
      vertex   -4.500000e+00 -3.572792e+01 9.972792e+01
      vertex   -1.999880e+00 -3.572792e+01 9.703101e+01
      vertex   -2.158859e+00 -3.572792e+01 9.663390e+01
    endloop
  endfacet
  facet normal 0.000000e+00 1.000000e+00 0.000000e+00
    outer loop
      vertex   -4.500000e+00 -3.572792e+01 9.972792e+01
      vertex   -2.158859e+00 -3.572792e+01 9.663390e+01
      vertex   -2.239812e+00 -3.572792e+01 9.621388e+01
    endloop
  endfacet
  facet normal 0.000000e+00 1.000000e+00 0.000000e+00
    outer loop
      vertex   -2.239812e+00 -3.572792e+01 9.621388e+01
      vertex   -2.239812e+00 -3.572792e+01 9.578613e+01
      vertex   -4.500000e+00 -3.572792e+01 9.972792e+01
    endloop
  endfacet
  facet normal 1.202214e-15 1.000000e+00 6.893379e-16
    outer loop
      vertex   -4.500000e+00 -3.572792e+01 9.972792e+01
      vertex   -2.239812e+00 -3.572792e+01 9.578613e+01
      vertex   -4.500000e+00 -3.572792e+01 8.942031e+01
    endloop
  endfacet
  facet normal 2.037633e-15 1.000000e+00 3.927216e-16
    outer loop
      vertex   -4.500000e+00 -3.572792e+01 8.942031e+01
      vertex   -2.239812e+00 -3.572792e+01 9.578613e+01
      vertex   -2.158859e+00 -3.572792e+01 9.536610e+01
    endloop
  endfacet
  facet normal 1.504916e-15 1.000000e+00 6.024775e-16
    outer loop
      vertex   -4.500000e+00 -3.572792e+01 8.942031e+01
      vertex   -2.158859e+00 -3.572792e+01 9.536610e+01
      vertex   -1.999880e+00 -3.572792e+01 9.496899e+01
    endloop
  endfacet
  facet normal 1.171345e-15 1.000000e+00 7.527777e-16
    outer loop
      vertex   -1.999880e+00 -3.572792e+01 9.496899e+01
      vertex   -1.768619e+00 -3.572792e+01 9.460914e+01
      vertex   -4.500000e+00 -3.572792e+01 8.942031e+01
    endloop
  endfacet
  facet normal 9.253155e-16 1.000000e+00 8.822866e-16
    outer loop
      vertex   -4.500000e+00 -3.572792e+01 8.942031e+01
      vertex   -1.768619e+00 -3.572792e+01 9.460914e+01
      vertex   -1.473437e+00 -3.572792e+01 9.429956e+01
    endloop
  endfacet
  facet normal 7.192807e-16 1.000000e+00 1.010088e-15
    outer loop
      vertex   -4.500000e+00 -3.572792e+01 8.942031e+01
      vertex   -1.473437e+00 -3.572792e+01 9.429956e+01
      vertex   -1.125000e+00 -3.572792e+01 9.405144e+01
    endloop
  endfacet
  facet normal 5.257138e-16 1.000000e+00 1.151153e-15
    outer loop
      vertex   -1.125000e+00 -3.572792e+01 9.405144e+01
      vertex   -7.359029e-01 -3.572792e+01 9.387375e+01
      vertex   -4.500000e+00 -3.572792e+01 8.942031e+01
    endloop
  endfacet
  facet normal 3.212012e-16 1.000000e+00 1.324009e-15
    outer loop
      vertex   -4.500000e+00 -3.572792e+01 8.942031e+01
      vertex   -7.359029e-01 -3.572792e+01 9.387375e+01
      vertex   -3.202084e-01 -3.572792e+01 9.377290e+01
    endloop
  endfacet
  facet normal 7.436191e-17 1.000000e+00 1.561049e-15
    outer loop
      vertex   -4.500000e+00 -3.572792e+01 8.942031e+01
      vertex   -3.202084e-01 -3.572792e+01 9.377290e+01
      vertex   1.070593e-01 -3.572792e+01 9.375255e+01
    endloop
  endfacet
  facet normal -0.000000e+00 1.000000e+00 1.640128e-15
    outer loop
      vertex   -4.500000e+00 -3.572792e+01 8.942031e+01
      vertex   1.070593e-01 -3.572792e+01 9.375255e+01
      vertex   4.500000e+00 -3.572792e+01 8.942031e+01
    endloop
  endfacet
  facet normal -2.058093e-16 1.000000e+00 1.431435e-15
    outer loop
      vertex   4.500000e+00 -3.572792e+01 8.942031e+01
      vertex   1.070593e-01 -3.572792e+01 9.375255e+01
      vertex   5.304576e-01 -3.572792e+01 9.381343e+01
    endloop
  endfacet
  facet normal -4.264293e-16 1.000000e+00 1.232086e-15
    outer loop
      vertex   4.500000e+00 -3.572792e+01 8.942031e+01
      vertex   5.304576e-01 -3.572792e+01 9.381343e+01
      vertex   9.346838e-01 -3.572792e+01 9.395333e+01
    endloop
  endfacet
  facet normal -6.223694e-16 1.000000e+00 1.077975e-15
    outer loop
      vertex   9.346838e-01 -3.572792e+01 9.395333e+01
      vertex   1.305128e+00 -3.572792e+01 9.416721e+01
      vertex   4.500000e+00 -3.572792e+01 8.942031e+01
    endloop
  endfacet
  facet normal -8.192506e-16 1.000000e+00 9.454656e-16
    outer loop
      vertex   4.500000e+00 -3.572792e+01 8.942031e+01
      vertex   1.305128e+00 -3.572792e+01 9.416721e+01
      vertex   1.628402e+00 -3.572792e+01 9.444732e+01
    endloop
  endfacet
  facet normal -1.041106e-15 1.000000e+00 8.187346e-16
    outer loop
      vertex   4.500000e+00 -3.572792e+01 8.942031e+01
      vertex   1.628402e+00 -3.572792e+01 9.444732e+01
      vertex   1.892820e+00 -3.572792e+01 9.478356e+01
    endloop
  endfacet
  facet normal -1.322647e-15 1.000000e+00 6.818719e-16
    outer loop
      vertex   1.892820e+00 -3.572792e+01 9.478356e+01
      vertex   2.088828e+00 -3.572792e+01 9.516376e+01
      vertex   4.500000e+00 -3.572792e+01 8.942031e+01
    endloop
  endfacet
  facet normal -1.734045e-15 1.000000e+00 5.091617e-16
    outer loop
      vertex   4.500000e+00 -3.572792e+01 8.942031e+01
      vertex   2.088828e+00 -3.572792e+01 9.516376e+01
      vertex   2.209340e+00 -3.572792e+01 9.557419e+01
    endloop
  endfacet
  facet normal -1.250001e-15 1.000000e+00 6.893379e-16
    outer loop
      vertex   4.500000e+00 -3.572792e+01 8.942031e+01
      vertex   2.209340e+00 -3.572792e+01 9.557419e+01
      vertex   4.500000e+00 -3.572792e+01 9.972792e+01
    endloop
  endfacet
  facet normal 0.000000e+00 7.604059e-01 6.494481e-01
    outer loop
      vertex   4.500000e+00 -3.499569e+01 8.765254e+01
      vertex   -4.500000e+00 -3.499569e+01 8.765254e+01
      vertex   4.500000e+00 -3.525046e+01 8.795085e+01
    endloop
  endfacet
  facet normal 0.000000e+00 7.604059e-01 6.494481e-01
    outer loop
      vertex   4.500000e+00 -3.525046e+01 8.795085e+01
      vertex   -4.500000e+00 -3.499569e+01 8.765254e+01
      vertex   -4.500000e+00 -3.525046e+01 8.795085e+01
    endloop
  endfacet
  facet normal 0.000000e+00 8.526401e-01 5.224986e-01
    outer loop
      vertex   4.500000e+00 -3.525046e+01 8.795085e+01
      vertex   -4.500000e+00 -3.525046e+01 8.795085e+01
      vertex   4.500000e+00 -3.545544e+01 8.828533e+01
    endloop
  endfacet
  facet normal 0.000000e+00 8.526401e-01 5.224986e-01
    outer loop
      vertex   4.500000e+00 -3.545544e+01 8.828533e+01
      vertex   -4.500000e+00 -3.525046e+01 8.795085e+01
      vertex   -4.500000e+00 -3.545544e+01 8.828533e+01
    endloop
  endfacet
  facet normal 0.000000e+00 9.238795e-01 3.826835e-01
    outer loop
      vertex   4.500000e+00 -3.545544e+01 8.828533e+01
      vertex   -4.500000e+00 -3.545544e+01 8.828533e+01
      vertex   4.500000e+00 -3.560556e+01 8.864777e+01
    endloop
  endfacet
  facet normal 0.000000e+00 9.238795e-01 3.826835e-01
    outer loop
      vertex   4.500000e+00 -3.560556e+01 8.864777e+01
      vertex   -4.500000e+00 -3.545544e+01 8.828533e+01
      vertex   -4.500000e+00 -3.560556e+01 8.864777e+01
    endloop
  endfacet
  facet normal 0.000000e+00 9.723699e-01 2.334454e-01
    outer loop
      vertex   4.500000e+00 -3.560556e+01 8.864777e+01
      vertex   -4.500000e+00 -3.560556e+01 8.864777e+01
      vertex   4.500000e+00 -3.569714e+01 8.902922e+01
    endloop
  endfacet
  facet normal 0.000000e+00 9.723699e-01 2.334454e-01
    outer loop
      vertex   4.500000e+00 -3.569714e+01 8.902922e+01
      vertex   -4.500000e+00 -3.560556e+01 8.864777e+01
      vertex   -4.500000e+00 -3.569714e+01 8.902922e+01
    endloop
  endfacet
  facet normal 0.000000e+00 9.969173e-01 7.845910e-02
    outer loop
      vertex   4.500000e+00 -3.569714e+01 8.902922e+01
      vertex   -4.500000e+00 -3.569714e+01 8.902922e+01
      vertex   4.500000e+00 -3.572792e+01 8.942031e+01
    endloop
  endfacet
  facet normal 0.000000e+00 9.969173e-01 7.845910e-02
    outer loop
      vertex   4.500000e+00 -3.572792e+01 8.942031e+01
      vertex   -4.500000e+00 -3.569714e+01 8.902922e+01
      vertex   -4.500000e+00 -3.572792e+01 8.942031e+01
    endloop
  endfacet
  facet normal -0.000000e+00 7.071068e-01 7.071068e-01
    outer loop
      vertex   -4.500000e+00 -2.707538e+01 7.973223e+01
      vertex   -4.500000e+00 -3.499569e+01 8.765254e+01
      vertex   4.500000e+00 -2.707538e+01 7.973223e+01
    endloop
  endfacet
  facet normal 0.000000e+00 7.071068e-01 7.071068e-01
    outer loop
      vertex   4.500000e+00 -2.707538e+01 7.973223e+01
      vertex   -4.500000e+00 -3.499569e+01 8.765254e+01
      vertex   4.500000e+00 -3.499569e+01 8.765254e+01
    endloop
  endfacet
  facet normal 1.000000e+00 0.000000e+00 0.000000e+00
    outer loop
      vertex   4.500000e+00 -1.939900e+01 7.900000e+01
      vertex   4.500000e+00 -2.530761e+01 7.900000e+01
      vertex   4.500000e+00 -1.939900e+01 7.500000e+01
    endloop
  endfacet
  facet normal 1.000000e+00 0.000000e+00 0.000000e+00
    outer loop
      vertex   4.500000e+00 -1.939900e+01 7.500000e+01
      vertex   4.500000e+00 -2.530761e+01 7.900000e+01
      vertex   4.500000e+00 -2.551472e+01 7.500000e+01
    endloop
  endfacet
  facet normal 1.000000e+00 0.000000e+00 -0.000000e+00
    outer loop
      vertex   4.500000e+00 -2.551472e+01 7.500000e+01
      vertex   4.500000e+00 -2.530761e+01 7.900000e+01
      vertex   4.500000e+00 -2.569870e+01 7.903078e+01
    endloop
  endfacet
  facet normal 1.000000e+00 0.000000e+00 0.000000e+00
    outer loop
      vertex   4.500000e+00 -2.551472e+01 7.500000e+01
      vertex   4.500000e+00 -2.569870e+01 7.903078e+01
      vertex   4.500000e+00 -2.618651e+01 7.503773e+01
    endloop
  endfacet
  facet normal 1.000000e+00 0.000000e+00 0.000000e+00
    outer loop
      vertex   4.500000e+00 -2.618651e+01 7.503773e+01
      vertex   4.500000e+00 -2.569870e+01 7.903078e+01
      vertex   4.500000e+00 -2.608015e+01 7.912236e+01
    endloop
  endfacet
  facet normal 1.000000e+00 0.000000e+00 -0.000000e+00
    outer loop
      vertex   4.500000e+00 -2.618651e+01 7.503773e+01
      vertex   4.500000e+00 -2.608015e+01 7.912236e+01
      vertex   4.500000e+00 -2.684984e+01 7.515043e+01
    endloop
  endfacet
  facet normal 1.000000e+00 0.000000e+00 -0.000000e+00
    outer loop
      vertex   4.500000e+00 -2.684984e+01 7.515043e+01
      vertex   4.500000e+00 -2.608015e+01 7.912236e+01
      vertex   4.500000e+00 -2.749639e+01 7.533670e+01
    endloop
  endfacet
  facet normal 1.000000e+00 0.000000e+00 0.000000e+00
    outer loop
      vertex   4.500000e+00 -2.749639e+01 7.533670e+01
      vertex   4.500000e+00 -2.608015e+01 7.912236e+01
      vertex   4.500000e+00 -2.644259e+01 7.927248e+01
    endloop
  endfacet
  facet normal 1.000000e+00 0.000000e+00 -0.000000e+00
    outer loop
      vertex   4.500000e+00 -2.749639e+01 7.533670e+01
      vertex   4.500000e+00 -2.644259e+01 7.927248e+01
      vertex   4.500000e+00 -2.811802e+01 7.559419e+01
    endloop
  endfacet
  facet normal 1.000000e+00 0.000000e+00 0.000000e+00
    outer loop
      vertex   4.500000e+00 -2.811802e+01 7.559419e+01
      vertex   4.500000e+00 -2.644259e+01 7.927248e+01
      vertex   4.500000e+00 -2.677707e+01 7.947746e+01
    endloop
  endfacet
  facet normal 1.000000e+00 0.000000e+00 -0.000000e+00
    outer loop
      vertex   4.500000e+00 -2.811802e+01 7.559419e+01
      vertex   4.500000e+00 -2.677707e+01 7.947746e+01
      vertex   4.500000e+00 -2.870691e+01 7.591965e+01
    endloop
  endfacet
  facet normal 1.000000e+00 0.000000e+00 0.000000e+00
    outer loop
      vertex   4.500000e+00 -2.870691e+01 7.591965e+01
      vertex   4.500000e+00 -2.677707e+01 7.947746e+01
      vertex   4.500000e+00 -2.707538e+01 7.973223e+01
    endloop
  endfacet
  facet normal 1.000000e+00 0.000000e+00 -0.000000e+00
    outer loop
      vertex   4.500000e+00 -2.870691e+01 7.591965e+01
      vertex   4.500000e+00 -2.707538e+01 7.973223e+01
      vertex   4.500000e+00 -2.925566e+01 7.630901e+01
    endloop
  endfacet
  facet normal 1.000000e+00 0.000000e+00 -0.000000e+00
    outer loop
      vertex   4.500000e+00 -2.925566e+01 7.630901e+01
      vertex   4.500000e+00 -2.707538e+01 7.973223e+01
      vertex   4.500000e+00 -2.975736e+01 7.675736e+01
    endloop
  endfacet
  facet normal 1.000000e+00 0.000000e+00 -0.000000e+00
    outer loop
      vertex   4.500000e+00 -2.975736e+01 7.675736e+01
      vertex   4.500000e+00 -2.707538e+01 7.973223e+01
      vertex   4.500000e+00 -3.499569e+01 8.765254e+01
    endloop
  endfacet
  facet normal 1.000000e+00 0.000000e+00 0.000000e+00
    outer loop
      vertex   4.500000e+00 -2.975736e+01 7.675736e+01
      vertex   4.500000e+00 -3.499569e+01 8.765254e+01
      vertex   4.500000e+00 -3.797056e+01 8.497056e+01
    endloop
  endfacet
  facet normal 1.000000e+00 0.000000e+00 0.000000e+00
    outer loop
      vertex   4.500000e+00 -3.797056e+01 8.497056e+01
      vertex   4.500000e+00 -3.499569e+01 8.765254e+01
      vertex   4.500000e+00 -3.525046e+01 8.795085e+01
    endloop
  endfacet
  facet normal 1.000000e+00 0.000000e+00 0.000000e+00
    outer loop
      vertex   4.500000e+00 -3.797056e+01 8.497056e+01
      vertex   4.500000e+00 -3.525046e+01 8.795085e+01
      vertex   4.500000e+00 -3.545544e+01 8.828533e+01
    endloop
  endfacet
  facet normal 1.000000e+00 0.000000e+00 0.000000e+00
    outer loop
      vertex   4.500000e+00 -3.560556e+01 8.864777e+01
      vertex   4.500000e+00 -3.880827e+01 8.602101e+01
      vertex   4.500000e+00 -3.545544e+01 8.828533e+01
    endloop
  endfacet
  facet normal 1.000000e+00 0.000000e+00 0.000000e+00
    outer loop
      vertex   4.500000e+00 -3.545544e+01 8.828533e+01
      vertex   4.500000e+00 -3.880827e+01 8.602101e+01
      vertex   4.500000e+00 -3.841891e+01 8.547226e+01
    endloop
  endfacet
  facet normal 1.000000e+00 0.000000e+00 0.000000e+00
    outer loop
      vertex   4.500000e+00 -3.545544e+01 8.828533e+01
      vertex   4.500000e+00 -3.841891e+01 8.547226e+01
      vertex   4.500000e+00 -3.797056e+01 8.497056e+01
    endloop
  endfacet
  facet normal 1.000000e+00 0.000000e+00 0.000000e+00
    outer loop
      vertex   4.500000e+00 -3.569714e+01 8.902922e+01
      vertex   4.500000e+00 -3.939122e+01 8.723153e+01
      vertex   4.500000e+00 -3.560556e+01 8.864777e+01
    endloop
  endfacet
  facet normal 1.000000e+00 0.000000e+00 0.000000e+00
    outer loop
      vertex   4.500000e+00 -3.560556e+01 8.864777e+01
      vertex   4.500000e+00 -3.939122e+01 8.723153e+01
      vertex   4.500000e+00 -3.913374e+01 8.660990e+01
    endloop
  endfacet
  facet normal 1.000000e+00 0.000000e+00 0.000000e+00
    outer loop
      vertex   4.500000e+00 -3.560556e+01 8.864777e+01
      vertex   4.500000e+00 -3.913374e+01 8.660990e+01
      vertex   4.500000e+00 -3.880827e+01 8.602101e+01
    endloop
  endfacet
  facet normal 1.000000e+00 0.000000e+00 0.000000e+00
    outer loop
      vertex   4.500000e+00 -3.572792e+01 8.942031e+01
      vertex   4.500000e+00 -3.969020e+01 8.854142e+01
      vertex   4.500000e+00 -3.569714e+01 8.902922e+01
    endloop
  endfacet
  facet normal 1.000000e+00 0.000000e+00 0.000000e+00
    outer loop
      vertex   4.500000e+00 -3.569714e+01 8.902922e+01
      vertex   4.500000e+00 -3.969020e+01 8.854142e+01
      vertex   4.500000e+00 -3.957749e+01 8.787808e+01
    endloop
  endfacet
  facet normal 1.000000e+00 0.000000e+00 0.000000e+00
    outer loop
      vertex   4.500000e+00 -3.569714e+01 8.902922e+01
      vertex   4.500000e+00 -3.957749e+01 8.787808e+01
      vertex   4.500000e+00 -3.939122e+01 8.723153e+01
    endloop
  endfacet
  facet normal 1.000000e+00 0.000000e+00 0.000000e+00
    outer loop
      vertex   4.500000e+00 -3.572792e+01 9.972792e+01
      vertex   4.500000e+00 -3.972792e+01 9.972792e+01
      vertex   4.500000e+00 -3.572792e+01 8.942031e+01
    endloop
  endfacet
  facet normal 1.000000e+00 0.000000e+00 0.000000e+00
    outer loop
      vertex   4.500000e+00 -3.572792e+01 8.942031e+01
      vertex   4.500000e+00 -3.972792e+01 9.972792e+01
      vertex   4.500000e+00 -3.972792e+01 8.921320e+01
    endloop
  endfacet
  facet normal 1.000000e+00 0.000000e+00 0.000000e+00
    outer loop
      vertex   4.500000e+00 -3.572792e+01 8.942031e+01
      vertex   4.500000e+00 -3.972792e+01 8.921320e+01
      vertex   4.500000e+00 -3.969020e+01 8.854142e+01
    endloop
  endfacet
endsolid
