solid ASCII
  facet normal 5.765486e-02 -9.949669e-01 -8.195598e-02
    outer loop
      vertex   7.500000e+00 -4.672792e+01 1.024063e+02
      vertex   7.500000e+00 -4.671048e+01 1.021946e+02
      vertex   8.592146e+00 -4.672792e+01 1.031746e+02
    endloop
  endfacet
  facet normal 7.886672e-02 -9.912840e-01 -1.055280e-01
    outer loop
      vertex   8.592146e+00 -4.672792e+01 1.031746e+02
      vertex   7.500000e+00 -4.671048e+01 1.021946e+02
      vertex   8.232083e+00 -4.669385e+01 1.025855e+02
    endloop
  endfacet
  facet normal 8.502303e-02 -9.903728e-01 -1.092376e-01
    outer loop
      vertex   8.592146e+00 -4.672792e+01 1.031746e+02
      vertex   8.232083e+00 -4.669385e+01 1.025855e+02
      vertex   9.265341e+00 -4.669385e+01 1.033897e+02
    endloop
  endfacet
  facet normal 2.352608e-01 -9.237367e-01 -3.022631e-01
    outer loop
      vertex   9.265341e+00 -4.669385e+01 1.033897e+02
      vertex   8.232083e+00 -4.669385e+01 1.025855e+02
      vertex   8.371324e+00 -4.659395e+01 1.023885e+02
    endloop
  endfacet
  facet normal 2.352608e-01 -9.237367e-01 -3.022631e-01
    outer loop
      vertex   9.265341e+00 -4.669385e+01 1.033897e+02
      vertex   8.371324e+00 -4.659395e+01 1.023885e+02
      vertex   9.422060e+00 -4.659395e+01 1.032064e+02
    endloop
  endfacet
  facet normal 3.741573e-01 -7.930430e-01 -4.807173e-01
    outer loop
      vertex   9.422060e+00 -4.659395e+01 1.032064e+02
      vertex   8.371324e+00 -4.659395e+01 1.023885e+02
      vertex   8.490894e+00 -4.643503e+01 1.022194e+02
    endloop
  endfacet
  facet normal 3.741573e-01 -7.930430e-01 -4.807173e-01
    outer loop
      vertex   9.422060e+00 -4.659395e+01 1.032064e+02
      vertex   8.490894e+00 -4.643503e+01 1.022194e+02
      vertex   9.556637e+00 -4.643503e+01 1.030489e+02
    endloop
  endfacet
  facet normal 4.874782e-01 -6.083571e-01 -6.263120e-01
    outer loop
      vertex   9.556637e+00 -4.643503e+01 1.030489e+02
      vertex   8.490894e+00 -4.643503e+01 1.022194e+02
      vertex   8.582643e+00 -4.622792e+01 1.020897e+02
    endloop
  endfacet
  facet normal 4.874782e-01 -6.083571e-01 -6.263120e-01
    outer loop
      vertex   9.556637e+00 -4.643503e+01 1.030489e+02
      vertex   8.582643e+00 -4.622792e+01 1.020897e+02
      vertex   9.659902e+00 -4.622792e+01 1.029281e+02
    endloop
  endfacet
  facet normal 5.675462e-01 -3.823389e-01 -7.291833e-01
    outer loop
      vertex   9.659902e+00 -4.622792e+01 1.029281e+02
      vertex   8.582643e+00 -4.622792e+01 1.020897e+02
      vertex   8.640319e+00 -4.598674e+01 1.020081e+02
    endloop
  endfacet
  facet normal 5.675462e-01 -3.823389e-01 -7.291833e-01
    outer loop
      vertex   9.659902e+00 -4.622792e+01 1.029281e+02
      vertex   8.640319e+00 -4.598674e+01 1.020081e+02
      vertex   9.724817e+00 -4.598674e+01 1.028522e+02
    endloop
  endfacet
  facet normal 6.089690e-01 -1.303909e-01 -7.824034e-01
    outer loop
      vertex   9.724817e+00 -4.598674e+01 1.028522e+02
      vertex   8.640319e+00 -4.598674e+01 1.020081e+02
      vertex   8.659991e+00 -4.572792e+01 1.019803e+02
    endloop
  endfacet
  facet normal 6.089690e-01 -1.303909e-01 -7.824034e-01
    outer loop
      vertex   9.724817e+00 -4.598674e+01 1.028522e+02
      vertex   8.659991e+00 -4.572792e+01 1.019803e+02
      vertex   9.746958e+00 -4.572792e+01 1.028263e+02
    endloop
  endfacet
  facet normal 1.422746e-01 -9.638106e-01 -2.254487e-01
    outer loop
      vertex   7.500000e+00 -4.671048e+01 1.021946e+02
      vertex   7.500000e+00 -4.666119e+01 1.019838e+02
      vertex   8.232083e+00 -4.669385e+01 1.025855e+02
    endloop
  endfacet
  facet normal 2.175371e-01 -9.238715e-01 -3.148635e-01
    outer loop
      vertex   8.232083e+00 -4.669385e+01 1.025855e+02
      vertex   7.500000e+00 -4.666119e+01 1.019838e+02
      vertex   8.371324e+00 -4.659395e+01 1.023885e+02
    endloop
  endfacet
  facet normal 2.453911e-01 -8.917711e-01 -3.801677e-01
    outer loop
      vertex   7.500000e+00 -4.666119e+01 1.019838e+02
      vertex   7.500000e+00 -4.657919e+01 1.017915e+02
      vertex   8.371324e+00 -4.659395e+01 1.023885e+02
    endloop
  endfacet
  facet normal 3.370757e-01 -7.904326e-01 -5.114648e-01
    outer loop
      vertex   8.371324e+00 -4.659395e+01 1.023885e+02
      vertex   7.500000e+00 -4.657919e+01 1.017915e+02
      vertex   7.500000e+00 -4.646116e+01 1.016091e+02
    endloop
  endfacet
  facet normal 3.344094e-01 -7.931819e-01 -5.089526e-01
    outer loop
      vertex   8.371324e+00 -4.659395e+01 1.023885e+02
      vertex   7.500000e+00 -4.646116e+01 1.016091e+02
      vertex   8.490894e+00 -4.643503e+01 1.022194e+02
    endloop
  endfacet
  facet normal 4.094892e-01 -6.532676e-01 -6.368359e-01
    outer loop
      vertex   8.490894e+00 -4.643503e+01 1.022194e+02
      vertex   7.500000e+00 -4.646116e+01 1.016091e+02
      vertex   7.500000e+00 -4.631538e+01 1.014595e+02
    endloop
  endfacet
  facet normal 4.353160e-01 -6.085295e-01 -6.634696e-01
    outer loop
      vertex   8.490894e+00 -4.643503e+01 1.022194e+02
      vertex   7.500000e+00 -4.631538e+01 1.014595e+02
      vertex   8.582643e+00 -4.622792e+01 1.020897e+02
    endloop
  endfacet
  facet normal 4.666229e-01 -4.949057e-01 -7.330289e-01
    outer loop
      vertex   8.582643e+00 -4.622792e+01 1.020897e+02
      vertex   7.500000e+00 -4.631538e+01 1.014595e+02
      vertex   7.500000e+00 -4.613608e+01 1.013385e+02
    endloop
  endfacet
  facet normal 5.046041e-01 -3.824509e-01 -7.740194e-01
    outer loop
      vertex   8.582643e+00 -4.622792e+01 1.020897e+02
      vertex   7.500000e+00 -4.613608e+01 1.013385e+02
      vertex   8.640319e+00 -4.598674e+01 1.020081e+02
    endloop
  endfacet
  facet normal 5.118778e-01 -3.011883e-01 -8.045289e-01
    outer loop
      vertex   8.640319e+00 -4.598674e+01 1.020081e+02
      vertex   7.500000e+00 -4.613608e+01 1.013385e+02
      vertex   7.500000e+00 -4.593946e+01 1.012649e+02
    endloop
  endfacet
  facet normal 5.375657e-01 -1.304108e-01 -8.330763e-01
    outer loop
      vertex   8.640319e+00 -4.598674e+01 1.020081e+02
      vertex   7.500000e+00 -4.593946e+01 1.012649e+02
      vertex   8.659991e+00 -4.572792e+01 1.019803e+02
    endloop
  endfacet
  facet normal 5.360680e-01 -1.082206e-01 -8.372093e-01
    outer loop
      vertex   8.659991e+00 -4.572792e+01 1.019803e+02
      vertex   7.500000e+00 -4.593946e+01 1.012649e+02
      vertex   7.500000e+00 -4.572792e+01 1.012375e+02
    endloop
  endfacet
  facet normal 6.781716e-01 -1.303909e-01 -7.232437e-01
    outer loop
      vertex   9.724817e+00 -4.598674e+01 1.028522e+02
      vertex   9.746958e+00 -4.572792e+01 1.028263e+02
      vertex   1.072731e+01 -4.598674e+01 1.037922e+02
    endloop
  endfacet
  facet normal 6.781716e-01 -1.303909e-01 -7.232437e-01
    outer loop
      vertex   1.072731e+01 -4.598674e+01 1.037922e+02
      vertex   9.746958e+00 -4.572792e+01 1.028263e+02
      vertex   1.075174e+01 -4.572792e+01 1.037685e+02
    endloop
  endfacet
  facet normal 7.416557e-01 -1.303909e-01 -6.579856e-01
    outer loop
      vertex   1.072731e+01 -4.598674e+01 1.037922e+02
      vertex   1.075174e+01 -4.572792e+01 1.037685e+02
      vertex   1.163936e+01 -4.598674e+01 1.048202e+02
    endloop
  endfacet
  facet normal 7.416557e-01 -1.303909e-01 -6.579856e-01
    outer loop
      vertex   1.163936e+01 -4.598674e+01 1.048202e+02
      vertex   1.075174e+01 -4.572792e+01 1.037685e+02
      vertex   1.166586e+01 -4.572792e+01 1.047988e+02
    endloop
  endfacet
  facet normal 7.988860e-01 -1.303909e-01 -5.871791e-01
    outer loop
      vertex   1.163936e+01 -4.598674e+01 1.048202e+02
      vertex   1.166586e+01 -4.572792e+01 1.047988e+02
      vertex   1.245325e+01 -4.598674e+01 1.059276e+02
    endloop
  endfacet
  facet normal 7.988860e-01 -1.303909e-01 -5.871791e-01
    outer loop
      vertex   1.245325e+01 -4.598674e+01 1.059276e+02
      vertex   1.166586e+01 -4.572792e+01 1.047988e+02
      vertex   1.248160e+01 -4.572792e+01 1.059087e+02
    endloop
  endfacet
  facet normal 8.493799e-01 -1.303909e-01 -5.114215e-01
    outer loop
      vertex   1.245325e+01 -4.598674e+01 1.059276e+02
      vertex   1.248160e+01 -4.572792e+01 1.059087e+02
      vertex   1.316214e+01 -4.598674e+01 1.071049e+02
    endloop
  endfacet
  facet normal 8.493799e-01 -1.303909e-01 -5.114215e-01
    outer loop
      vertex   1.316214e+01 -4.598674e+01 1.071049e+02
      vertex   1.248160e+01 -4.572792e+01 1.059087e+02
      vertex   1.319211e+01 -4.572792e+01 1.070887e+02
    endloop
  endfacet
  facet normal 8.927117e-01 -1.303909e-01 -4.313514e-01
    outer loop
      vertex   1.316214e+01 -4.598674e+01 1.071049e+02
      vertex   1.319211e+01 -4.572792e+01 1.070887e+02
      vertex   1.376004e+01 -4.598674e+01 1.083423e+02
    endloop
  endfacet
  facet normal 8.927117e-01 -1.303909e-01 -4.313514e-01
    outer loop
      vertex   1.376004e+01 -4.598674e+01 1.083423e+02
      vertex   1.319211e+01 -4.572792e+01 1.070887e+02
      vertex   1.379137e+01 -4.572792e+01 1.083289e+02
    endloop
  endfacet
  facet normal 9.285159e-01 -1.303909e-01 -3.476440e-01
    outer loop
      vertex   1.376004e+01 -4.598674e+01 1.083423e+02
      vertex   1.379137e+01 -4.572792e+01 1.083289e+02
      vertex   1.424191e+01 -4.598674e+01 1.096294e+02
    endloop
  endfacet
  facet normal 9.285159e-01 -1.303909e-01 -3.476440e-01
    outer loop
      vertex   1.424191e+01 -4.598674e+01 1.096294e+02
      vertex   1.379137e+01 -4.572792e+01 1.083289e+02
      vertex   1.427434e+01 -4.572792e+01 1.096189e+02
    endloop
  endfacet
  facet normal 9.564907e-01 -1.303909e-01 -2.610053e-01
    outer loop
      vertex   1.424191e+01 -4.598674e+01 1.096294e+02
      vertex   1.427434e+01 -4.572792e+01 1.096189e+02
      vertex   1.460370e+01 -4.598674e+01 1.109552e+02
    endloop
  endfacet
  facet normal 9.564907e-01 -1.303909e-01 -2.610053e-01
    outer loop
      vertex   1.460370e+01 -4.598674e+01 1.109552e+02
      vertex   1.427434e+01 -4.572792e+01 1.096189e+02
      vertex   1.463695e+01 -4.572792e+01 1.109477e+02
    endloop
  endfacet
  facet normal 9.764001e-01 -1.303909e-01 -1.721657e-01
    outer loop
      vertex   1.460370e+01 -4.598674e+01 1.109552e+02
      vertex   1.463695e+01 -4.572792e+01 1.109477e+02
      vertex   1.484234e+01 -4.598674e+01 1.123086e+02
    endloop
  endfacet
  facet normal 9.764001e-01 -1.303909e-01 -1.721657e-01
    outer loop
      vertex   1.484234e+01 -4.598674e+01 1.123086e+02
      vertex   1.463695e+01 -4.572792e+01 1.109477e+02
      vertex   1.487613e+01 -4.572792e+01 1.123042e+02
    endloop
  endfacet
  facet normal 9.880763e-01 -1.303909e-01 -8.187434e-02
    outer loop
      vertex   1.484234e+01 -4.598674e+01 1.123086e+02
      vertex   1.487613e+01 -4.572792e+01 1.123042e+02
      vertex   1.495582e+01 -4.598674e+01 1.136781e+02
    endloop
  endfacet
  facet normal 9.880763e-01 -1.303909e-01 -8.187434e-02
    outer loop
      vertex   1.495582e+01 -4.598674e+01 1.136781e+02
      vertex   1.487613e+01 -4.572792e+01 1.123042e+02
      vertex   1.498988e+01 -4.572792e+01 1.136769e+02
    endloop
  endfacet
  facet normal 9.914208e-01 -1.303909e-01 9.107392e-03
    outer loop
      vertex   1.495582e+01 -4.598674e+01 1.136781e+02
      vertex   1.498988e+01 -4.572792e+01 1.136769e+02
      vertex   1.494320e+01 -4.598674e+01 1.150524e+02
    endloop
  endfacet
  facet normal 9.914208e-01 -1.303909e-01 9.107392e-03
    outer loop
      vertex   1.494320e+01 -4.598674e+01 1.150524e+02
      vertex   1.498988e+01 -4.572792e+01 1.136769e+02
      vertex   1.497722e+01 -4.572792e+01 1.150542e+02
    endloop
  endfacet
  facet normal 9.864055e-01 -1.303909e-01 1.000123e-01
    outer loop
      vertex   1.494320e+01 -4.598674e+01 1.150524e+02
      vertex   1.497722e+01 -4.572792e+01 1.150542e+02
      vertex   1.480457e+01 -4.598674e+01 1.164196e+02
    endloop
  endfacet
  facet normal 9.864055e-01 -1.303909e-01 1.000123e-01
    outer loop
      vertex   1.480457e+01 -4.598674e+01 1.164196e+02
      vertex   1.497722e+01 -4.572792e+01 1.150542e+02
      vertex   1.483828e+01 -4.572792e+01 1.164246e+02
    endloop
  endfacet
  facet normal 9.730725e-01 -1.303909e-01 1.900739e-01
    outer loop
      vertex   1.480457e+01 -4.598674e+01 1.164196e+02
      vertex   1.483828e+01 -4.572792e+01 1.164246e+02
      vertex   1.454111e+01 -4.598674e+01 1.177684e+02
    endloop
  endfacet
  facet normal 9.730725e-01 -1.303909e-01 1.900739e-01
    outer loop
      vertex   1.454111e+01 -4.598674e+01 1.177684e+02
      vertex   1.483828e+01 -4.572792e+01 1.164246e+02
      vertex   1.457422e+01 -4.572792e+01 1.177765e+02
    endloop
  endfacet
  facet normal 9.515415e-01 -1.303910e-01 2.785083e-01
    outer loop
      vertex   1.454111e+01 -4.598674e+01 1.177684e+02
      vertex   1.457422e+01 -4.572792e+01 1.177765e+02
      vertex   1.415528e+01 -4.598674e+01 1.190866e+02
    endloop
  endfacet
  facet normal 9.515512e-01 -1.302576e-01 2.785377e-01
    outer loop
      vertex   1.415528e+01 -4.598674e+01 1.190866e+02
      vertex   1.457422e+01 -4.572792e+01 1.177765e+02
      vertex   1.418726e+01 -4.572792e+01 1.190984e+02
    endloop
  endfacet
  facet normal 9.219658e-01 -1.305243e-01 3.646128e-01
    outer loop
      vertex   1.415528e+01 -4.598674e+01 1.190866e+02
      vertex   1.418726e+01 -4.572792e+01 1.190984e+02
      vertex   1.364959e+01 -4.598674e+01 1.203653e+02
    endloop
  endfacet
  facet normal 9.219727e-01 -1.303909e-01 3.646430e-01
    outer loop
      vertex   1.364959e+01 -4.598674e+01 1.203653e+02
      vertex   1.418726e+01 -4.572792e+01 1.190984e+02
      vertex   1.368067e+01 -4.572792e+01 1.203793e+02
    endloop
  endfacet
  facet normal 8.846368e-01 -1.303909e-01 4.476785e-01
    outer loop
      vertex   1.364959e+01 -4.598674e+01 1.203653e+02
      vertex   1.368067e+01 -4.572792e+01 1.203793e+02
      vertex   1.302906e+01 -4.598674e+01 1.215915e+02
    endloop
  endfacet
  facet normal 8.846368e-01 -1.303909e-01 4.476785e-01
    outer loop
      vertex   1.302906e+01 -4.598674e+01 1.215915e+02
      vertex   1.368067e+01 -4.572792e+01 1.203793e+02
      vertex   1.305873e+01 -4.572792e+01 1.216083e+02
    endloop
  endfacet
  facet normal 8.398414e-01 -1.303909e-01 5.269390e-01
    outer loop
      vertex   1.302906e+01 -4.598674e+01 1.215915e+02
      vertex   1.305873e+01 -4.572792e+01 1.216083e+02
      vertex   1.229867e+01 -4.598674e+01 1.227556e+02
    endloop
  endfacet
  facet normal 8.398414e-01 -1.303909e-01 5.269390e-01
    outer loop
      vertex   1.229867e+01 -4.598674e+01 1.227556e+02
      vertex   1.305873e+01 -4.572792e+01 1.216083e+02
      vertex   1.232667e+01 -4.572792e+01 1.227750e+02
    endloop
  endfacet
  facet normal 7.879642e-01 -1.303909e-01 6.017563e-01
    outer loop
      vertex   1.229867e+01 -4.598674e+01 1.227556e+02
      vertex   1.232667e+01 -4.572792e+01 1.227750e+02
      vertex   1.146456e+01 -4.598674e+01 1.238478e+02
    endloop
  endfacet
  facet normal 7.879642e-01 -1.303909e-01 6.017563e-01
    outer loop
      vertex   1.146456e+01 -4.598674e+01 1.238478e+02
      vertex   1.232667e+01 -4.572792e+01 1.227750e+02
      vertex   1.149067e+01 -4.572792e+01 1.238697e+02
    endloop
  endfacet
  facet normal 7.294428e-01 -1.303909e-01 6.714994e-01
    outer loop
      vertex   1.146456e+01 -4.598674e+01 1.238478e+02
      vertex   1.149067e+01 -4.572792e+01 1.238697e+02
      vertex   1.053379e+01 -4.598674e+01 1.248589e+02
    endloop
  endfacet
  facet normal 7.294428e-01 -1.303909e-01 6.714994e-01
    outer loop
      vertex   1.053379e+01 -4.598674e+01 1.248589e+02
      vertex   1.149067e+01 -4.572792e+01 1.238697e+02
      vertex   1.055777e+01 -4.572792e+01 1.248831e+02
    endloop
  endfacet
  facet normal 6.647705e-01 -1.303909e-01 7.355803e-01
    outer loop
      vertex   1.053379e+01 -4.598674e+01 1.248589e+02
      vertex   1.055777e+01 -4.572792e+01 1.248831e+02
      vertex   9.514194e+00 -4.598674e+01 1.257804e+02
    endloop
  endfacet
  facet normal 6.647705e-01 -1.303909e-01 7.355803e-01
    outer loop
      vertex   9.514194e+00 -4.598674e+01 1.257804e+02
      vertex   1.055777e+01 -4.572792e+01 1.248831e+02
      vertex   9.535856e+00 -4.572792e+01 1.258067e+02
    endloop
  endfacet
  facet normal 5.944928e-01 -1.303909e-01 7.934586e-01
    outer loop
      vertex   9.514194e+00 -4.598674e+01 1.257804e+02
      vertex   9.535856e+00 -4.572792e+01 1.258067e+02
      vertex   8.414372e+00 -4.598674e+01 1.266044e+02
    endloop
  endfacet
  facet normal 5.944928e-01 -1.303909e-01 7.934586e-01
    outer loop
      vertex   8.414372e+00 -4.598674e+01 1.266044e+02
      vertex   9.535856e+00 -4.572792e+01 1.258067e+02
      vertex   8.433530e+00 -4.572792e+01 1.266326e+02
    endloop
  endfacet
  facet normal 5.192021e-01 -1.303909e-01 8.446463e-01
    outer loop
      vertex   8.414372e+00 -4.598674e+01 1.266044e+02
      vertex   8.433530e+00 -4.572792e+01 1.266326e+02
      vertex   7.243598e+00 -4.598674e+01 1.273241e+02
    endloop
  endfacet
  facet normal 5.192021e-01 -1.303909e-01 8.446463e-01
    outer loop
      vertex   7.243598e+00 -4.598674e+01 1.273241e+02
      vertex   8.433530e+00 -4.572792e+01 1.266326e+02
      vertex   7.260090e+00 -4.572792e+01 1.273539e+02
    endloop
  endfacet
  facet normal 4.395335e-01 -1.303909e-01 8.887117e-01
    outer loop
      vertex   7.243598e+00 -4.598674e+01 1.273241e+02
      vertex   7.260090e+00 -4.572792e+01 1.273539e+02
      vertex   6.011744e+00 -4.598674e+01 1.279333e+02
    endloop
  endfacet
  facet normal 4.395335e-01 -1.303909e-01 8.887117e-01
    outer loop
      vertex   6.011744e+00 -4.598674e+01 1.279333e+02
      vertex   7.260090e+00 -4.572792e+01 1.273539e+02
      vertex   6.025431e+00 -4.572792e+01 1.279645e+02
    endloop
  endfacet
  facet normal 3.561586e-01 -1.303909e-01 9.252834e-01
    outer loop
      vertex   6.011744e+00 -4.598674e+01 1.279333e+02
      vertex   6.025431e+00 -4.572792e+01 1.279645e+02
      vertex   4.729198e+00 -4.598674e+01 1.284270e+02
    endloop
  endfacet
  facet normal 3.561586e-01 -1.303909e-01 9.252834e-01
    outer loop
      vertex   4.729198e+00 -4.598674e+01 1.284270e+02
      vertex   6.025431e+00 -4.572792e+01 1.279645e+02
      vertex   4.739965e+00 -4.572792e+01 1.284593e+02
    endloop
  endfacet
  facet normal 2.697804e-01 -1.303909e-01 9.540528e-01
    outer loop
      vertex   4.729198e+00 -4.598674e+01 1.284270e+02
      vertex   4.739965e+00 -4.572792e+01 1.284593e+02
      vertex   3.406774e+00 -4.598674e+01 1.288009e+02
    endloop
  endfacet
  facet normal 2.697804e-01 -1.303909e-01 9.540528e-01
    outer loop
      vertex   3.406774e+00 -4.598674e+01 1.288009e+02
      vertex   4.739965e+00 -4.572792e+01 1.284593e+02
      vertex   3.414530e+00 -4.572792e+01 1.288341e+02
    endloop
  endfacet
  facet normal 1.811275e-01 -1.303909e-01 9.747774e-01
    outer loop
      vertex   3.406774e+00 -4.598674e+01 1.288009e+02
      vertex   3.414530e+00 -4.572792e+01 1.288341e+02
      vertex   2.055623e+00 -4.598674e+01 1.290520e+02
    endloop
  endfacet
  facet normal 1.811275e-01 -1.303909e-01 9.747774e-01
    outer loop
      vertex   2.055623e+00 -4.598674e+01 1.290520e+02
      vertex   3.414530e+00 -4.572792e+01 1.288341e+02
      vertex   2.060303e+00 -4.572792e+01 1.290858e+02
    endloop
  endfacet
  facet normal 9.094717e-02 -1.303909e-01 9.872825e-01
    outer loop
      vertex   2.055623e+00 -4.598674e+01 1.290520e+02
      vertex   2.060303e+00 -4.572792e+01 1.290858e+02
      vertex   6.871391e-01 -4.598674e+01 1.291781e+02
    endloop
  endfacet
  facet normal 9.094717e-02 -1.303909e-01 9.872825e-01
    outer loop
      vertex   6.871391e-01 -4.598674e+01 1.291781e+02
      vertex   2.060303e+00 -4.572792e+01 1.290858e+02
      vertex   6.887036e-01 -4.572792e+01 1.292121e+02
    endloop
  endfacet
  facet normal 0.000000e+00 -1.303909e-01 9.914627e-01
    outer loop
      vertex   6.871391e-01 -4.598674e+01 1.291781e+02
      vertex   6.887036e-01 -4.572792e+01 1.292121e+02
      vertex   -6.871391e-01 -4.598674e+01 1.291781e+02
    endloop
  endfacet
  facet normal 0.000000e+00 -1.303909e-01 9.914627e-01
    outer loop
      vertex   -6.871391e-01 -4.598674e+01 1.291781e+02
      vertex   6.887036e-01 -4.572792e+01 1.292121e+02
      vertex   -6.887036e-01 -4.572792e+01 1.292121e+02
    endloop
  endfacet
  facet normal -9.094717e-02 -1.303909e-01 9.872825e-01
    outer loop
      vertex   -6.871391e-01 -4.598674e+01 1.291781e+02
      vertex   -6.887036e-01 -4.572792e+01 1.292121e+02
      vertex   -2.055623e+00 -4.598674e+01 1.290520e+02
    endloop
  endfacet
  facet normal -9.094717e-02 -1.303909e-01 9.872825e-01
    outer loop
      vertex   -2.055623e+00 -4.598674e+01 1.290520e+02
      vertex   -6.887036e-01 -4.572792e+01 1.292121e+02
      vertex   -2.060303e+00 -4.572792e+01 1.290858e+02
    endloop
  endfacet
  facet normal -1.811275e-01 -1.303909e-01 9.747774e-01
    outer loop
      vertex   -2.055623e+00 -4.598674e+01 1.290520e+02
      vertex   -2.060303e+00 -4.572792e+01 1.290858e+02
      vertex   -3.406774e+00 -4.598674e+01 1.288009e+02
    endloop
  endfacet
  facet normal -1.811275e-01 -1.303909e-01 9.747774e-01
    outer loop
      vertex   -3.406774e+00 -4.598674e+01 1.288009e+02
      vertex   -2.060303e+00 -4.572792e+01 1.290858e+02
      vertex   -3.414530e+00 -4.572792e+01 1.288341e+02
    endloop
  endfacet
  facet normal -2.697804e-01 -1.303909e-01 9.540528e-01
    outer loop
      vertex   -3.406774e+00 -4.598674e+01 1.288009e+02
      vertex   -3.414530e+00 -4.572792e+01 1.288341e+02
      vertex   -4.729198e+00 -4.598674e+01 1.284270e+02
    endloop
  endfacet
  facet normal -2.697804e-01 -1.303909e-01 9.540528e-01
    outer loop
      vertex   -4.729198e+00 -4.598674e+01 1.284270e+02
      vertex   -3.414530e+00 -4.572792e+01 1.288341e+02
      vertex   -4.739965e+00 -4.572792e+01 1.284593e+02
    endloop
  endfacet
  facet normal -3.561586e-01 -1.303909e-01 9.252834e-01
    outer loop
      vertex   -4.729198e+00 -4.598674e+01 1.284270e+02
      vertex   -4.739965e+00 -4.572792e+01 1.284593e+02
      vertex   -6.011744e+00 -4.598674e+01 1.279333e+02
    endloop
  endfacet
  facet normal -3.561586e-01 -1.303909e-01 9.252834e-01
    outer loop
      vertex   -6.011744e+00 -4.598674e+01 1.279333e+02
      vertex   -4.739965e+00 -4.572792e+01 1.284593e+02
      vertex   -6.025431e+00 -4.572792e+01 1.279645e+02
    endloop
  endfacet
  facet normal -4.395335e-01 -1.303909e-01 8.887117e-01
    outer loop
      vertex   -6.011744e+00 -4.598674e+01 1.279333e+02
      vertex   -6.025431e+00 -4.572792e+01 1.279645e+02
      vertex   -7.243598e+00 -4.598674e+01 1.273241e+02
    endloop
  endfacet
  facet normal -4.395335e-01 -1.303909e-01 8.887117e-01
    outer loop
      vertex   -7.243598e+00 -4.598674e+01 1.273241e+02
      vertex   -6.025431e+00 -4.572792e+01 1.279645e+02
      vertex   -7.260090e+00 -4.572792e+01 1.273539e+02
    endloop
  endfacet
  facet normal -5.192021e-01 -1.303909e-01 8.446463e-01
    outer loop
      vertex   -7.243598e+00 -4.598674e+01 1.273241e+02
      vertex   -7.260090e+00 -4.572792e+01 1.273539e+02
      vertex   -8.414372e+00 -4.598674e+01 1.266044e+02
    endloop
  endfacet
  facet normal -5.192021e-01 -1.303909e-01 8.446463e-01
    outer loop
      vertex   -8.414372e+00 -4.598674e+01 1.266044e+02
      vertex   -7.260090e+00 -4.572792e+01 1.273539e+02
      vertex   -8.433530e+00 -4.572792e+01 1.266326e+02
    endloop
  endfacet
  facet normal -5.944928e-01 -1.303909e-01 7.934586e-01
    outer loop
      vertex   -8.414372e+00 -4.598674e+01 1.266044e+02
      vertex   -8.433530e+00 -4.572792e+01 1.266326e+02
      vertex   -9.514194e+00 -4.598674e+01 1.257804e+02
    endloop
  endfacet
  facet normal -5.944928e-01 -1.303909e-01 7.934586e-01
    outer loop
      vertex   -9.514194e+00 -4.598674e+01 1.257804e+02
      vertex   -8.433530e+00 -4.572792e+01 1.266326e+02
      vertex   -9.535856e+00 -4.572792e+01 1.258067e+02
    endloop
  endfacet
  facet normal -6.647705e-01 -1.303909e-01 7.355803e-01
    outer loop
      vertex   -9.514194e+00 -4.598674e+01 1.257804e+02
      vertex   -9.535856e+00 -4.572792e+01 1.258067e+02
      vertex   -1.053379e+01 -4.598674e+01 1.248589e+02
    endloop
  endfacet
  facet normal -6.647705e-01 -1.303909e-01 7.355803e-01
    outer loop
      vertex   -1.053379e+01 -4.598674e+01 1.248589e+02
      vertex   -9.535856e+00 -4.572792e+01 1.258067e+02
      vertex   -1.055777e+01 -4.572792e+01 1.248831e+02
    endloop
  endfacet
  facet normal -7.294428e-01 -1.303909e-01 6.714994e-01
    outer loop
      vertex   -1.053379e+01 -4.598674e+01 1.248589e+02
      vertex   -1.055777e+01 -4.572792e+01 1.248831e+02
      vertex   -1.146456e+01 -4.598674e+01 1.238478e+02
    endloop
  endfacet
  facet normal -7.294428e-01 -1.303909e-01 6.714994e-01
    outer loop
      vertex   -1.146456e+01 -4.598674e+01 1.238478e+02
      vertex   -1.055777e+01 -4.572792e+01 1.248831e+02
      vertex   -1.149067e+01 -4.572792e+01 1.238697e+02
    endloop
  endfacet
  facet normal -7.879642e-01 -1.303909e-01 6.017563e-01
    outer loop
      vertex   -1.146456e+01 -4.598674e+01 1.238478e+02
      vertex   -1.149067e+01 -4.572792e+01 1.238697e+02
      vertex   -1.229867e+01 -4.598674e+01 1.227556e+02
    endloop
  endfacet
  facet normal -7.879642e-01 -1.303909e-01 6.017563e-01
    outer loop
      vertex   -1.229867e+01 -4.598674e+01 1.227556e+02
      vertex   -1.149067e+01 -4.572792e+01 1.238697e+02
      vertex   -1.232667e+01 -4.572792e+01 1.227750e+02
    endloop
  endfacet
  facet normal -8.398414e-01 -1.303909e-01 5.269390e-01
    outer loop
      vertex   -1.229867e+01 -4.598674e+01 1.227556e+02
      vertex   -1.232667e+01 -4.572792e+01 1.227750e+02
      vertex   -1.302906e+01 -4.598674e+01 1.215915e+02
    endloop
  endfacet
  facet normal -8.398414e-01 -1.303909e-01 5.269390e-01
    outer loop
      vertex   -1.302906e+01 -4.598674e+01 1.215915e+02
      vertex   -1.232667e+01 -4.572792e+01 1.227750e+02
      vertex   -1.305873e+01 -4.572792e+01 1.216083e+02
    endloop
  endfacet
  facet normal -8.846368e-01 -1.303909e-01 4.476785e-01
    outer loop
      vertex   -1.302906e+01 -4.598674e+01 1.215915e+02
      vertex   -1.305873e+01 -4.572792e+01 1.216083e+02
      vertex   -1.364959e+01 -4.598674e+01 1.203653e+02
    endloop
  endfacet
  facet normal -8.846368e-01 -1.303909e-01 4.476785e-01
    outer loop
      vertex   -1.364959e+01 -4.598674e+01 1.203653e+02
      vertex   -1.305873e+01 -4.572792e+01 1.216083e+02
      vertex   -1.368067e+01 -4.572792e+01 1.203793e+02
    endloop
  endfacet
  facet normal -9.219727e-01 -1.303909e-01 3.646430e-01
    outer loop
      vertex   -1.364959e+01 -4.598674e+01 1.203653e+02
      vertex   -1.368067e+01 -4.572792e+01 1.203793e+02
      vertex   -1.418726e+01 -4.572792e+01 1.190984e+02
    endloop
  endfacet
  facet normal -9.219658e-01 -1.305243e-01 3.646128e-01
    outer loop
      vertex   -1.364959e+01 -4.598674e+01 1.203653e+02
      vertex   -1.418726e+01 -4.572792e+01 1.190984e+02
      vertex   -1.415528e+01 -4.598674e+01 1.190866e+02
    endloop
  endfacet
  facet normal -9.515512e-01 -1.302576e-01 2.785377e-01
    outer loop
      vertex   -1.415528e+01 -4.598674e+01 1.190866e+02
      vertex   -1.418726e+01 -4.572792e+01 1.190984e+02
      vertex   -1.457422e+01 -4.572792e+01 1.177765e+02
    endloop
  endfacet
  facet normal -9.515415e-01 -1.303910e-01 2.785083e-01
    outer loop
      vertex   -1.415528e+01 -4.598674e+01 1.190866e+02
      vertex   -1.457422e+01 -4.572792e+01 1.177765e+02
      vertex   -1.454111e+01 -4.598674e+01 1.177684e+02
    endloop
  endfacet
  facet normal -9.730725e-01 -1.303909e-01 1.900739e-01
    outer loop
      vertex   -1.454111e+01 -4.598674e+01 1.177684e+02
      vertex   -1.457422e+01 -4.572792e+01 1.177765e+02
      vertex   -1.480457e+01 -4.598674e+01 1.164196e+02
    endloop
  endfacet
  facet normal -9.068829e-01 -3.823389e-01 1.771449e-01
    outer loop
      vertex   -1.454111e+01 -4.598674e+01 1.177684e+02
      vertex   -1.480457e+01 -4.598674e+01 1.164196e+02
      vertex   -1.470575e+01 -4.622792e+01 1.164050e+02
    endloop
  endfacet
  facet normal -9.193090e-01 -3.823389e-01 9.320937e-02
    outer loop
      vertex   -1.470575e+01 -4.622792e+01 1.164050e+02
      vertex   -1.480457e+01 -4.598674e+01 1.164196e+02
      vertex   -1.484345e+01 -4.622792e+01 1.150469e+02
    endloop
  endfacet
  facet normal -7.896151e-01 -6.083571e-01 8.005962e-02
    outer loop
      vertex   -1.470575e+01 -4.622792e+01 1.164050e+02
      vertex   -1.484345e+01 -4.622792e+01 1.150469e+02
      vertex   -1.468477e+01 -4.643503e+01 1.150381e+02
    endloop
  endfacet
  facet normal -7.936299e-01 -6.083571e-01 7.290445e-03
    outer loop
      vertex   -1.468477e+01 -4.643503e+01 1.150381e+02
      vertex   -1.484345e+01 -4.622792e+01 1.150469e+02
      vertex   -1.469718e+01 -4.643503e+01 1.136876e+02
    endloop
  endfacet
  facet normal -6.091400e-01 -7.930430e-01 5.595683e-03
    outer loop
      vertex   -1.468477e+01 -4.643503e+01 1.150381e+02
      vertex   -1.469718e+01 -4.643503e+01 1.136876e+02
      vertex   -1.449021e+01 -4.659395e+01 1.136953e+02
    endloop
  endfacet
  facet normal -6.070851e-01 -7.930430e-01 -5.030450e-02
    outer loop
      vertex   -1.449021e+01 -4.659395e+01 1.136953e+02
      vertex   -1.469718e+01 -4.643503e+01 1.136876e+02
      vertex   -1.438026e+01 -4.659395e+01 1.123683e+02
    endloop
  endfacet
  facet normal -3.817200e-01 -9.237367e-01 -3.163022e-02
    outer loop
      vertex   -1.449021e+01 -4.659395e+01 1.136953e+02
      vertex   -1.438026e+01 -4.659395e+01 1.123683e+02
      vertex   -1.414107e+01 -4.669385e+01 1.123992e+02
    endloop
  endfacet
  facet normal -3.772091e-01 -9.237367e-01 -6.651215e-02
    outer loop
      vertex   -1.414107e+01 -4.669385e+01 1.123992e+02
      vertex   -1.438026e+01 -4.659395e+01 1.123683e+02
      vertex   -1.391370e+01 -4.669385e+01 1.111098e+02
    endloop
  endfacet
  facet normal -1.334126e-01 -9.907814e-01 -2.352424e-02
    outer loop
      vertex   -1.414107e+01 -4.669385e+01 1.123992e+02
      vertex   -1.391370e+01 -4.669385e+01 1.111098e+02
      vertex   -1.384963e+01 -4.672792e+01 1.121815e+02
    endloop
  endfacet
  facet normal -1.228903e-01 -9.921253e-01 -2.419603e-02
    outer loop
      vertex   -1.384963e+01 -4.672792e+01 1.121815e+02
      vertex   -1.391370e+01 -4.669385e+01 1.111098e+02
      vertex   -1.359167e+01 -4.672792e+01 1.108714e+02
    endloop
  endfacet
  facet normal -1.313635e-01 -9.906860e-01 -3.584622e-02
    outer loop
      vertex   -1.359167e+01 -4.672792e+01 1.108714e+02
      vertex   -1.391370e+01 -4.669385e+01 1.111098e+02
      vertex   -1.356901e+01 -4.669385e+01 1.098466e+02
    endloop
  endfacet
  facet normal -1.194896e-01 -9.921958e-01 -3.563391e-02
    outer loop
      vertex   -1.359167e+01 -4.672792e+01 1.108714e+02
      vertex   -1.356901e+01 -4.669385e+01 1.098466e+02
      vertex   -1.321006e+01 -4.672792e+01 1.095917e+02
    endloop
  endfacet
  facet normal -1.280896e-01 -9.906024e-01 -4.795781e-02
    outer loop
      vertex   -1.321006e+01 -4.672792e+01 1.095917e+02
      vertex   -1.356901e+01 -4.669385e+01 1.098466e+02
      vertex   -1.310991e+01 -4.669385e+01 1.086204e+02
    endloop
  endfacet
  facet normal -1.151119e-01 -9.922552e-01 -4.667767e-02
    outer loop
      vertex   -1.321006e+01 -4.672792e+01 1.095917e+02
      vertex   -1.310991e+01 -4.669385e+01 1.086204e+02
      vertex   -1.270828e+01 -4.672792e+01 1.083543e+02
    endloop
  endfacet
  facet normal -1.236140e-01 -9.905312e-01 -5.972934e-02
    outer loop
      vertex   -1.270828e+01 -4.672792e+01 1.083543e+02
      vertex   -1.310991e+01 -4.669385e+01 1.086204e+02
      vertex   -1.254026e+01 -4.669385e+01 1.074415e+02
    endloop
  endfacet
  facet normal -1.097955e-01 -9.923040e-01 -5.725195e-02
    outer loop
      vertex   -1.270828e+01 -4.672792e+01 1.083543e+02
      vertex   -1.254026e+01 -4.669385e+01 1.074415e+02
      vertex   -1.209088e+01 -4.672792e+01 1.071703e+02
    endloop
  endfacet
  facet normal -1.179746e-01 -9.904727e-01 -7.103387e-02
    outer loop
      vertex   -1.209088e+01 -4.672792e+01 1.071703e+02
      vertex   -1.254026e+01 -4.669385e+01 1.074415e+02
      vertex   -1.186486e+01 -4.669385e+01 1.063198e+02
    endloop
  endfacet
  facet normal -1.035838e-01 -9.923423e-01 -6.728445e-02
    outer loop
      vertex   -1.209088e+01 -4.672792e+01 1.071703e+02
      vertex   -1.186486e+01 -4.669385e+01 1.063198e+02
      vertex   -1.136349e+01 -4.672792e+01 1.060504e+02
    endloop
  endfacet
  facet normal -1.112235e-01 -9.904274e-01 -8.174900e-02
    outer loop
      vertex   -1.136349e+01 -4.672792e+01 1.060504e+02
      vertex   -1.186486e+01 -4.669385e+01 1.063198e+02
      vertex   -1.108942e+01 -4.669385e+01 1.052647e+02
    endloop
  endfacet
  facet normal -9.652531e-02 -9.923704e-01 -7.670631e-02
    outer loop
      vertex   -1.136349e+01 -4.672792e+01 1.060504e+02
      vertex   -1.108942e+01 -4.669385e+01 1.052647e+02
      vertex   -1.053272e+01 -4.672792e+01 1.050050e+02
    endloop
  endfacet
  facet normal -1.034267e-01 -9.903955e-01 -9.175858e-02
    outer loop
      vertex   -1.053272e+01 -4.672792e+01 1.050050e+02
      vertex   -1.108942e+01 -4.669385e+01 1.052647e+02
      vertex   -1.022047e+01 -4.669385e+01 1.042853e+02
    endloop
  endfacet
  facet normal -8.867342e-02 -9.923885e-01 -8.545244e-02
    outer loop
      vertex   -1.053272e+01 -4.672792e+01 1.050050e+02
      vertex   -1.022047e+01 -4.669385e+01 1.042853e+02
      vertex   -9.606126e+00 -4.672792e+01 1.040435e+02
    endloop
  endfacet
  facet normal -9.466295e-02 -9.903773e-01 -1.009544e-01
    outer loop
      vertex   -9.606126e+00 -4.672792e+01 1.040435e+02
      vertex   -1.022047e+01 -4.669385e+01 1.042853e+02
      vertex   -9.265341e+00 -4.669385e+01 1.033897e+02
    endloop
  endfacet
  facet normal -8.008608e-02 -9.923966e-01 -9.346184e-02
    outer loop
      vertex   -9.606126e+00 -4.672792e+01 1.040435e+02
      vertex   -9.265341e+00 -4.669385e+01 1.033897e+02
      vertex   -8.592146e+00 -4.672792e+01 1.031746e+02
    endloop
  endfacet
  facet normal -8.502303e-02 -9.903728e-01 -1.092376e-01
    outer loop
      vertex   -8.592146e+00 -4.672792e+01 1.031746e+02
      vertex   -9.265341e+00 -4.669385e+01 1.033897e+02
      vertex   -8.232083e+00 -4.669385e+01 1.025855e+02
    endloop
  endfacet
  facet normal -7.897053e-02 -9.912690e-01 -1.055905e-01
    outer loop
      vertex   -8.592146e+00 -4.672792e+01 1.031746e+02
      vertex   -8.232083e+00 -4.669385e+01 1.025855e+02
      vertex   -7.500000e+00 -4.671049e+01 1.021942e+02
    endloop
  endfacet
  facet normal -1.422872e-01 -9.638595e-01 -2.252313e-01
    outer loop
      vertex   -7.500000e+00 -4.671049e+01 1.021942e+02
      vertex   -8.232083e+00 -4.669385e+01 1.025855e+02
      vertex   -7.500000e+00 -4.666140e+01 1.019841e+02
    endloop
  endfacet
  facet normal -2.176315e-01 -9.238720e-01 -3.147969e-01
    outer loop
      vertex   -7.500000e+00 -4.666140e+01 1.019841e+02
      vertex   -8.232083e+00 -4.669385e+01 1.025855e+02
      vertex   -8.371324e+00 -4.659395e+01 1.023885e+02
    endloop
  endfacet
  facet normal -2.458473e-01 -8.912806e-01 -3.810224e-01
    outer loop
      vertex   -7.500000e+00 -4.666140e+01 1.019841e+02
      vertex   -8.371324e+00 -4.659395e+01 1.023885e+02
      vertex   -7.500000e+00 -4.657873e+01 1.017907e+02
    endloop
  endfacet
  facet normal -3.350352e-01 -7.931942e-01 -5.085217e-01
    outer loop
      vertex   -7.500000e+00 -4.657873e+01 1.017907e+02
      vertex   -8.371324e+00 -4.659395e+01 1.023885e+02
      vertex   -8.490894e+00 -4.643503e+01 1.022194e+02
    endloop
  endfacet
  facet normal -3.357596e-01 -7.914302e-01 -5.107873e-01
    outer loop
      vertex   -7.500000e+00 -4.657873e+01 1.017907e+02
      vertex   -8.490894e+00 -4.643503e+01 1.022194e+02
      vertex   -7.500000e+00 -4.646152e+01 1.016091e+02
    endloop
  endfacet
  facet normal -4.105201e-01 -6.512354e-01 -6.382520e-01
    outer loop
      vertex   -7.500000e+00 -4.646152e+01 1.016091e+02
      vertex   -8.490894e+00 -4.643503e+01 1.022194e+02
      vertex   -7.500000e+00 -4.631455e+01 1.014592e+02
    endloop
  endfacet
  facet normal -4.351479e-01 -6.085260e-01 -6.635830e-01
    outer loop
      vertex   -7.500000e+00 -4.631455e+01 1.014592e+02
      vertex   -8.490894e+00 -4.643503e+01 1.022194e+02
      vertex   -8.582643e+00 -4.622792e+01 1.020897e+02
    endloop
  endfacet
  facet normal -4.662901e-01 -4.959667e-01 -7.325234e-01
    outer loop
      vertex   -7.500000e+00 -4.631455e+01 1.014592e+02
      vertex   -8.582643e+00 -4.622792e+01 1.020897e+02
      vertex   -7.500000e+00 -4.613625e+01 1.013385e+02
    endloop
  endfacet
  facet normal -5.046664e-01 -3.824519e-01 -7.739783e-01
    outer loop
      vertex   -7.500000e+00 -4.613625e+01 1.013385e+02
      vertex   -8.582643e+00 -4.622792e+01 1.020897e+02
      vertex   -8.640319e+00 -4.598674e+01 1.020081e+02
    endloop
  endfacet
  facet normal -5.119966e-01 -3.001886e-01 -8.048269e-01
    outer loop
      vertex   -7.500000e+00 -4.613625e+01 1.013385e+02
      vertex   -8.640319e+00 -4.598674e+01 1.020081e+02
      vertex   -7.500000e+00 -4.593912e+01 1.012649e+02
    endloop
  endfacet
  facet normal -5.375182e-01 -1.304105e-01 -8.331070e-01
    outer loop
      vertex   -7.500000e+00 -4.593912e+01 1.012649e+02
      vertex   -8.640319e+00 -4.598674e+01 1.020081e+02
      vertex   -8.659991e+00 -4.572792e+01 1.019803e+02
    endloop
  endfacet
  facet normal -5.360489e-01 -1.085466e-01 -8.371793e-01
    outer loop
      vertex   -7.500000e+00 -4.593912e+01 1.012649e+02
      vertex   -8.659991e+00 -4.572792e+01 1.019803e+02
      vertex   -7.500000e+00 -4.572792e+01 1.012375e+02
    endloop
  endfacet
  facet normal -9.730725e-01 -1.303909e-01 1.900739e-01
    outer loop
      vertex   -1.457422e+01 -4.572792e+01 1.177765e+02
      vertex   -1.483828e+01 -4.572792e+01 1.164246e+02
      vertex   -1.480457e+01 -4.598674e+01 1.164196e+02
    endloop
  endfacet
  facet normal -9.864055e-01 -1.303909e-01 1.000123e-01
    outer loop
      vertex   -1.480457e+01 -4.598674e+01 1.164196e+02
      vertex   -1.483828e+01 -4.572792e+01 1.164246e+02
      vertex   -1.494320e+01 -4.598674e+01 1.150524e+02
    endloop
  endfacet
  facet normal -9.193090e-01 -3.823389e-01 9.320937e-02
    outer loop
      vertex   -1.480457e+01 -4.598674e+01 1.164196e+02
      vertex   -1.494320e+01 -4.598674e+01 1.150524e+02
      vertex   -1.484345e+01 -4.622792e+01 1.150469e+02
    endloop
  endfacet
  facet normal -9.239832e-01 -3.823389e-01 8.487896e-03
    outer loop
      vertex   -1.484345e+01 -4.622792e+01 1.150469e+02
      vertex   -1.494320e+01 -4.598674e+01 1.150524e+02
      vertex   -1.485599e+01 -4.622792e+01 1.136818e+02
    endloop
  endfacet
  facet normal -7.936299e-01 -6.083571e-01 7.290445e-03
    outer loop
      vertex   -1.484345e+01 -4.622792e+01 1.150469e+02
      vertex   -1.485599e+01 -4.622792e+01 1.136818e+02
      vertex   -1.469718e+01 -4.643503e+01 1.136876e+02
    endloop
  endfacet
  facet normal -7.909527e-01 -6.083571e-01 -6.554021e-02
    outer loop
      vertex   -1.469718e+01 -4.643503e+01 1.136876e+02
      vertex   -1.485599e+01 -4.622792e+01 1.136818e+02
      vertex   -1.458566e+01 -4.643503e+01 1.123418e+02
    endloop
  endfacet
  facet normal -6.070851e-01 -7.930430e-01 -5.030450e-02
    outer loop
      vertex   -1.469718e+01 -4.643503e+01 1.136876e+02
      vertex   -1.458566e+01 -4.643503e+01 1.123418e+02
      vertex   -1.438026e+01 -4.659395e+01 1.123683e+02
    endloop
  endfacet
  facet normal -5.999111e-01 -7.930430e-01 -1.057805e-01
    outer loop
      vertex   -1.438026e+01 -4.659395e+01 1.123683e+02
      vertex   -1.458566e+01 -4.643503e+01 1.123418e+02
      vertex   -1.414905e+01 -4.659395e+01 1.110570e+02
    endloop
  endfacet
  facet normal -3.772091e-01 -9.237367e-01 -6.651215e-02
    outer loop
      vertex   -1.438026e+01 -4.659395e+01 1.123683e+02
      vertex   -1.414905e+01 -4.659395e+01 1.110570e+02
      vertex   -1.391370e+01 -4.669385e+01 1.111098e+02
    endloop
  endfacet
  facet normal -3.695176e-01 -9.237367e-01 -1.008332e-01
    outer loop
      vertex   -1.391370e+01 -4.669385e+01 1.111098e+02
      vertex   -1.414905e+01 -4.659395e+01 1.110570e+02
      vertex   -1.356901e+01 -4.669385e+01 1.098466e+02
    endloop
  endfacet
  facet normal -9.864055e-01 -1.303909e-01 1.000123e-01
    outer loop
      vertex   -1.483828e+01 -4.572792e+01 1.164246e+02
      vertex   -1.497722e+01 -4.572792e+01 1.150542e+02
      vertex   -1.494320e+01 -4.598674e+01 1.150524e+02
    endloop
  endfacet
  facet normal -9.914208e-01 -1.303909e-01 9.107392e-03
    outer loop
      vertex   -1.494320e+01 -4.598674e+01 1.150524e+02
      vertex   -1.497722e+01 -4.572792e+01 1.150542e+02
      vertex   -1.495582e+01 -4.598674e+01 1.136781e+02
    endloop
  endfacet
  facet normal -9.239832e-01 -3.823389e-01 8.487896e-03
    outer loop
      vertex   -1.494320e+01 -4.598674e+01 1.150524e+02
      vertex   -1.495582e+01 -4.598674e+01 1.136781e+02
      vertex   -1.485599e+01 -4.622792e+01 1.136818e+02
    endloop
  endfacet
  facet normal -9.208662e-01 -3.823389e-01 -7.630515e-02
    outer loop
      vertex   -1.485599e+01 -4.622792e+01 1.136818e+02
      vertex   -1.495582e+01 -4.598674e+01 1.136781e+02
      vertex   -1.474326e+01 -4.622792e+01 1.123214e+02
    endloop
  endfacet
  facet normal -7.909527e-01 -6.083571e-01 -6.554021e-02
    outer loop
      vertex   -1.485599e+01 -4.622792e+01 1.136818e+02
      vertex   -1.474326e+01 -4.622792e+01 1.123214e+02
      vertex   -1.458566e+01 -4.643503e+01 1.123418e+02
    endloop
  endfacet
  facet normal -7.816059e-01 -6.083571e-01 -1.378182e-01
    outer loop
      vertex   -1.458566e+01 -4.643503e+01 1.123418e+02
      vertex   -1.474326e+01 -4.622792e+01 1.123214e+02
      vertex   -1.435114e+01 -4.643503e+01 1.110118e+02
    endloop
  endfacet
  facet normal -5.999111e-01 -7.930430e-01 -1.057805e-01
    outer loop
      vertex   -1.458566e+01 -4.643503e+01 1.123418e+02
      vertex   -1.435114e+01 -4.643503e+01 1.110118e+02
      vertex   -1.414905e+01 -4.659395e+01 1.110570e+02
    endloop
  endfacet
  facet normal -5.876785e-01 -7.930430e-01 -1.603646e-01
    outer loop
      vertex   -1.414905e+01 -4.659395e+01 1.110570e+02
      vertex   -1.435114e+01 -4.643503e+01 1.110118e+02
      vertex   -1.379853e+01 -4.659395e+01 1.097725e+02
    endloop
  endfacet
  facet normal -3.695176e-01 -9.237367e-01 -1.008332e-01
    outer loop
      vertex   -1.414905e+01 -4.659395e+01 1.110570e+02
      vertex   -1.379853e+01 -4.659395e+01 1.097725e+02
      vertex   -1.356901e+01 -4.669385e+01 1.098466e+02
    endloop
  endfacet
  facet normal -3.587102e-01 -9.237367e-01 -1.343041e-01
    outer loop
      vertex   -1.356901e+01 -4.669385e+01 1.098466e+02
      vertex   -1.379853e+01 -4.659395e+01 1.097725e+02
      vertex   -1.310991e+01 -4.669385e+01 1.086204e+02
    endloop
  endfacet
  facet normal -9.914208e-01 -1.303909e-01 9.107392e-03
    outer loop
      vertex   -1.497722e+01 -4.572792e+01 1.150542e+02
      vertex   -1.498988e+01 -4.572792e+01 1.136769e+02
      vertex   -1.495582e+01 -4.598674e+01 1.136781e+02
    endloop
  endfacet
  facet normal -9.880763e-01 -1.303909e-01 -8.187434e-02
    outer loop
      vertex   -1.495582e+01 -4.598674e+01 1.136781e+02
      vertex   -1.498988e+01 -4.572792e+01 1.136769e+02
      vertex   -1.484234e+01 -4.598674e+01 1.123086e+02
    endloop
  endfacet
  facet normal -9.208662e-01 -3.823389e-01 -7.630515e-02
    outer loop
      vertex   -1.495582e+01 -4.598674e+01 1.136781e+02
      vertex   -1.484234e+01 -4.598674e+01 1.123086e+02
      vertex   -1.474326e+01 -4.622792e+01 1.123214e+02
    endloop
  endfacet
  facet normal -9.099842e-01 -3.823389e-01 -1.604548e-01
    outer loop
      vertex   -1.474326e+01 -4.622792e+01 1.123214e+02
      vertex   -1.484234e+01 -4.598674e+01 1.123086e+02
      vertex   -1.450621e+01 -4.622792e+01 1.109770e+02
    endloop
  endfacet
  facet normal -7.816059e-01 -6.083571e-01 -1.378182e-01
    outer loop
      vertex   -1.474326e+01 -4.622792e+01 1.123214e+02
      vertex   -1.450621e+01 -4.622792e+01 1.109770e+02
      vertex   -1.435114e+01 -4.643503e+01 1.110118e+02
    endloop
  endfacet
  facet normal -7.656684e-01 -6.083571e-01 -2.089341e-01
    outer loop
      vertex   -1.435114e+01 -4.643503e+01 1.110118e+02
      vertex   -1.450621e+01 -4.622792e+01 1.109770e+02
      vertex   -1.399562e+01 -4.643503e+01 1.097089e+02
    endloop
  endfacet
  facet normal -5.876785e-01 -7.930430e-01 -1.603646e-01
    outer loop
      vertex   -1.435114e+01 -4.643503e+01 1.110118e+02
      vertex   -1.399562e+01 -4.643503e+01 1.097089e+02
      vertex   -1.379853e+01 -4.659395e+01 1.097725e+02
    endloop
  endfacet
  facet normal -5.704905e-01 -7.930430e-01 -2.135964e-01
    outer loop
      vertex   -1.379853e+01 -4.659395e+01 1.097725e+02
      vertex   -1.399562e+01 -4.643503e+01 1.097089e+02
      vertex   -1.333166e+01 -4.659395e+01 1.085256e+02
    endloop
  endfacet
  facet normal -3.587102e-01 -9.237367e-01 -1.343041e-01
    outer loop
      vertex   -1.379853e+01 -4.659395e+01 1.097725e+02
      vertex   -1.333166e+01 -4.659395e+01 1.085256e+02
      vertex   -1.310991e+01 -4.669385e+01 1.086204e+02
    endloop
  endfacet
  facet normal -3.448781e-01 -9.237367e-01 -1.666424e-01
    outer loop
      vertex   -1.310991e+01 -4.669385e+01 1.086204e+02
      vertex   -1.333166e+01 -4.659395e+01 1.085256e+02
      vertex   -1.254026e+01 -4.669385e+01 1.074415e+02
    endloop
  endfacet
  facet normal -9.880763e-01 -1.303909e-01 -8.187434e-02
    outer loop
      vertex   -1.498988e+01 -4.572792e+01 1.136769e+02
      vertex   -1.487613e+01 -4.572792e+01 1.123042e+02
      vertex   -1.484234e+01 -4.598674e+01 1.123086e+02
    endloop
  endfacet
  facet normal -9.764001e-01 -1.303909e-01 -1.721657e-01
    outer loop
      vertex   -1.484234e+01 -4.598674e+01 1.123086e+02
      vertex   -1.487613e+01 -4.572792e+01 1.123042e+02
      vertex   -1.460370e+01 -4.598674e+01 1.109552e+02
    endloop
  endfacet
  facet normal -9.099842e-01 -3.823389e-01 -1.604548e-01
    outer loop
      vertex   -1.484234e+01 -4.598674e+01 1.123086e+02
      vertex   -1.460370e+01 -4.598674e+01 1.109552e+02
      vertex   -1.450621e+01 -4.622792e+01 1.109770e+02
    endloop
  endfacet
  facet normal -8.914290e-01 -3.823389e-01 -2.432514e-01
    outer loop
      vertex   -1.450621e+01 -4.622792e+01 1.109770e+02
      vertex   -1.460370e+01 -4.598674e+01 1.109552e+02
      vertex   -1.414685e+01 -4.622792e+01 1.096601e+02
    endloop
  endfacet
  facet normal -7.656684e-01 -6.083571e-01 -2.089341e-01
    outer loop
      vertex   -1.450621e+01 -4.622792e+01 1.109770e+02
      vertex   -1.414685e+01 -4.622792e+01 1.096601e+02
      vertex   -1.399562e+01 -4.643503e+01 1.097089e+02
    endloop
  endfacet
  facet normal -7.432747e-01 -6.083571e-01 -2.782882e-01
    outer loop
      vertex   -1.399562e+01 -4.643503e+01 1.097089e+02
      vertex   -1.414685e+01 -4.622792e+01 1.096601e+02
      vertex   -1.352208e+01 -4.643503e+01 1.084441e+02
    endloop
  endfacet
  facet normal -5.704905e-01 -7.930430e-01 -2.135964e-01
    outer loop
      vertex   -1.399562e+01 -4.643503e+01 1.097089e+02
      vertex   -1.352208e+01 -4.643503e+01 1.084441e+02
      vertex   -1.333166e+01 -4.659395e+01 1.085256e+02
    endloop
  endfacet
  facet normal -5.484920e-01 -7.930430e-01 -2.650271e-01
    outer loop
      vertex   -1.333166e+01 -4.659395e+01 1.085256e+02
      vertex   -1.352208e+01 -4.643503e+01 1.084441e+02
      vertex   -1.275237e+01 -4.659395e+01 1.073267e+02
    endloop
  endfacet
  facet normal -3.448781e-01 -9.237367e-01 -1.666424e-01
    outer loop
      vertex   -1.333166e+01 -4.659395e+01 1.085256e+02
      vertex   -1.275237e+01 -4.659395e+01 1.073267e+02
      vertex   -1.254026e+01 -4.669385e+01 1.074415e+02
    endloop
  endfacet
  facet normal -3.281379e-01 -9.237367e-01 -1.975756e-01
    outer loop
      vertex   -1.254026e+01 -4.669385e+01 1.074415e+02
      vertex   -1.275237e+01 -4.659395e+01 1.073267e+02
      vertex   -1.186486e+01 -4.669385e+01 1.063198e+02
    endloop
  endfacet
  facet normal -9.764001e-01 -1.303909e-01 -1.721657e-01
    outer loop
      vertex   -1.487613e+01 -4.572792e+01 1.123042e+02
      vertex   -1.463695e+01 -4.572792e+01 1.109477e+02
      vertex   -1.460370e+01 -4.598674e+01 1.109552e+02
    endloop
  endfacet
  facet normal -9.564907e-01 -1.303909e-01 -2.610053e-01
    outer loop
      vertex   -1.460370e+01 -4.598674e+01 1.109552e+02
      vertex   -1.463695e+01 -4.572792e+01 1.109477e+02
      vertex   -1.424191e+01 -4.598674e+01 1.096294e+02
    endloop
  endfacet
  facet normal -8.914290e-01 -3.823389e-01 -2.432514e-01
    outer loop
      vertex   -1.460370e+01 -4.598674e+01 1.109552e+02
      vertex   -1.424191e+01 -4.598674e+01 1.096294e+02
      vertex   -1.414685e+01 -4.622792e+01 1.096601e+02
    endloop
  endfacet
  facet normal -8.653572e-01 -3.823389e-01 -3.239969e-01
    outer loop
      vertex   -1.414685e+01 -4.622792e+01 1.096601e+02
      vertex   -1.424191e+01 -4.598674e+01 1.096294e+02
      vertex   -1.366819e+01 -4.622792e+01 1.083816e+02
    endloop
  endfacet
  facet normal -7.432747e-01 -6.083571e-01 -2.782882e-01
    outer loop
      vertex   -1.414685e+01 -4.622792e+01 1.096601e+02
      vertex   -1.366819e+01 -4.622792e+01 1.083816e+02
      vertex   -1.352208e+01 -4.643503e+01 1.084441e+02
    endloop
  endfacet
  facet normal -7.146135e-01 -6.083571e-01 -3.452957e-01
    outer loop
      vertex   -1.352208e+01 -4.643503e+01 1.084441e+02
      vertex   -1.366819e+01 -4.622792e+01 1.083816e+02
      vertex   -1.293451e+01 -4.643503e+01 1.072281e+02
    endloop
  endfacet
  facet normal -5.484920e-01 -7.930430e-01 -2.650271e-01
    outer loop
      vertex   -1.352208e+01 -4.643503e+01 1.084441e+02
      vertex   -1.293451e+01 -4.643503e+01 1.072281e+02
      vertex   -1.275237e+01 -4.659395e+01 1.073267e+02
    endloop
  endfacet
  facet normal -5.218685e-01 -7.930430e-01 -3.142230e-01
    outer loop
      vertex   -1.275237e+01 -4.659395e+01 1.073267e+02
      vertex   -1.293451e+01 -4.643503e+01 1.072281e+02
      vertex   -1.206555e+01 -4.659395e+01 1.061860e+02
    endloop
  endfacet
  facet normal -3.281379e-01 -9.237367e-01 -1.975756e-01
    outer loop
      vertex   -1.275237e+01 -4.659395e+01 1.073267e+02
      vertex   -1.206555e+01 -4.659395e+01 1.061860e+02
      vertex   -1.186486e+01 -4.669385e+01 1.063198e+02
    endloop
  endfacet
  facet normal -3.086307e-01 -9.237367e-01 -2.268428e-01
    outer loop
      vertex   -1.186486e+01 -4.669385e+01 1.063198e+02
      vertex   -1.206555e+01 -4.659395e+01 1.061860e+02
      vertex   -1.108942e+01 -4.669385e+01 1.052647e+02
    endloop
  endfacet
  facet normal -9.564907e-01 -1.303909e-01 -2.610053e-01
    outer loop
      vertex   -1.463695e+01 -4.572792e+01 1.109477e+02
      vertex   -1.427434e+01 -4.572792e+01 1.096189e+02
      vertex   -1.424191e+01 -4.598674e+01 1.096294e+02
    endloop
  endfacet
  facet normal -9.285159e-01 -1.303909e-01 -3.476440e-01
    outer loop
      vertex   -1.424191e+01 -4.598674e+01 1.096294e+02
      vertex   -1.427434e+01 -4.572792e+01 1.096189e+02
      vertex   -1.376004e+01 -4.598674e+01 1.083423e+02
    endloop
  endfacet
  facet normal -8.653572e-01 -3.823389e-01 -3.239969e-01
    outer loop
      vertex   -1.424191e+01 -4.598674e+01 1.096294e+02
      vertex   -1.376004e+01 -4.598674e+01 1.083423e+02
      vertex   -1.366819e+01 -4.622792e+01 1.083816e+02
    endloop
  endfacet
  facet normal -8.319884e-01 -3.823389e-01 -4.020103e-01
    outer loop
      vertex   -1.366819e+01 -4.622792e+01 1.083816e+02
      vertex   -1.376004e+01 -4.598674e+01 1.083423e+02
      vertex   -1.307428e+01 -4.622792e+01 1.071525e+02
    endloop
  endfacet
  facet normal -7.146135e-01 -6.083571e-01 -3.452957e-01
    outer loop
      vertex   -1.366819e+01 -4.622792e+01 1.083816e+02
      vertex   -1.307428e+01 -4.622792e+01 1.071525e+02
      vertex   -1.293451e+01 -4.643503e+01 1.072281e+02
    endloop
  endfacet
  facet normal -6.799265e-01 -6.083571e-01 -4.093916e-01
    outer loop
      vertex   -1.293451e+01 -4.643503e+01 1.072281e+02
      vertex   -1.307428e+01 -4.622792e+01 1.071525e+02
      vertex   -1.223789e+01 -4.643503e+01 1.060711e+02
    endloop
  endfacet
  facet normal -5.218685e-01 -7.930430e-01 -3.142230e-01
    outer loop
      vertex   -1.293451e+01 -4.643503e+01 1.072281e+02
      vertex   -1.223789e+01 -4.643503e+01 1.060711e+02
      vertex   -1.206555e+01 -4.659395e+01 1.061860e+02
    endloop
  endfacet
  facet normal -4.908445e-01 -7.930430e-01 -3.607694e-01
    outer loop
      vertex   -1.206555e+01 -4.659395e+01 1.061860e+02
      vertex   -1.223789e+01 -4.643503e+01 1.060711e+02
      vertex   -1.127699e+01 -4.659395e+01 1.051131e+02
    endloop
  endfacet
  facet normal -3.086307e-01 -9.237367e-01 -2.268428e-01
    outer loop
      vertex   -1.206555e+01 -4.659395e+01 1.061860e+02
      vertex   -1.127699e+01 -4.659395e+01 1.051131e+02
      vertex   -1.108942e+01 -4.669385e+01 1.052647e+02
    endloop
  endfacet
  facet normal -2.865212e-01 -9.237367e-01 -2.541972e-01
    outer loop
      vertex   -1.108942e+01 -4.669385e+01 1.052647e+02
      vertex   -1.127699e+01 -4.659395e+01 1.051131e+02
      vertex   -1.022047e+01 -4.669385e+01 1.042853e+02
    endloop
  endfacet
  facet normal -9.285159e-01 -1.303909e-01 -3.476440e-01
    outer loop
      vertex   -1.427434e+01 -4.572792e+01 1.096189e+02
      vertex   -1.379137e+01 -4.572792e+01 1.083289e+02
      vertex   -1.376004e+01 -4.598674e+01 1.083423e+02
    endloop
  endfacet
  facet normal -8.927117e-01 -1.303909e-01 -4.313514e-01
    outer loop
      vertex   -1.376004e+01 -4.598674e+01 1.083423e+02
      vertex   -1.379137e+01 -4.572792e+01 1.083289e+02
      vertex   -1.316214e+01 -4.598674e+01 1.071049e+02
    endloop
  endfacet
  facet normal -8.319884e-01 -3.823389e-01 -4.020103e-01
    outer loop
      vertex   -1.376004e+01 -4.598674e+01 1.083423e+02
      vertex   -1.316214e+01 -4.598674e+01 1.071049e+02
      vertex   -1.307428e+01 -4.622792e+01 1.071525e+02
    endloop
  endfacet
  facet normal -7.916041e-01 -3.823389e-01 -4.766340e-01
    outer loop
      vertex   -1.307428e+01 -4.622792e+01 1.071525e+02
      vertex   -1.316214e+01 -4.598674e+01 1.071049e+02
      vertex   -1.237012e+01 -4.622792e+01 1.059830e+02
    endloop
  endfacet
  facet normal -6.799265e-01 -6.083571e-01 -4.093916e-01
    outer loop
      vertex   -1.307428e+01 -4.622792e+01 1.071525e+02
      vertex   -1.237012e+01 -4.622792e+01 1.059830e+02
      vertex   -1.223789e+01 -4.643503e+01 1.060711e+02
    endloop
  endfacet
  facet normal -6.395063e-01 -6.083571e-01 -4.700355e-01
    outer loop
      vertex   -1.223789e+01 -4.643503e+01 1.060711e+02
      vertex   -1.237012e+01 -4.622792e+01 1.059830e+02
      vertex   -1.143807e+01 -4.643503e+01 1.049829e+02
    endloop
  endfacet
  facet normal -4.908445e-01 -7.930430e-01 -3.607694e-01
    outer loop
      vertex   -1.223789e+01 -4.643503e+01 1.060711e+02
      vertex   -1.143807e+01 -4.643503e+01 1.049829e+02
      vertex   -1.127699e+01 -4.659395e+01 1.051131e+02
    endloop
  endfacet
  facet normal -4.556815e-01 -7.930430e-01 -4.042737e-01
    outer loop
      vertex   -1.127699e+01 -4.659395e+01 1.051131e+02
      vertex   -1.143807e+01 -4.643503e+01 1.049829e+02
      vertex   -1.039335e+01 -4.659395e+01 1.041171e+02
    endloop
  endfacet
  facet normal -2.865212e-01 -9.237367e-01 -2.541972e-01
    outer loop
      vertex   -1.127699e+01 -4.659395e+01 1.051131e+02
      vertex   -1.039335e+01 -4.659395e+01 1.041171e+02
      vertex   -1.022047e+01 -4.669385e+01 1.042853e+02
    endloop
  endfacet
  facet normal -2.619956e-01 -9.237367e-01 -2.794081e-01
    outer loop
      vertex   -1.022047e+01 -4.669385e+01 1.042853e+02
      vertex   -1.039335e+01 -4.659395e+01 1.041171e+02
      vertex   -9.265341e+00 -4.669385e+01 1.033897e+02
    endloop
  endfacet
  facet normal -8.927117e-01 -1.303909e-01 -4.313514e-01
    outer loop
      vertex   -1.379137e+01 -4.572792e+01 1.083289e+02
      vertex   -1.319211e+01 -4.572792e+01 1.070887e+02
      vertex   -1.316214e+01 -4.598674e+01 1.071049e+02
    endloop
  endfacet
  facet normal -8.493799e-01 -1.303909e-01 -5.114215e-01
    outer loop
      vertex   -1.316214e+01 -4.598674e+01 1.071049e+02
      vertex   -1.319211e+01 -4.572792e+01 1.070887e+02
      vertex   -1.245325e+01 -4.598674e+01 1.059276e+02
    endloop
  endfacet
  facet normal -7.916041e-01 -3.823389e-01 -4.766340e-01
    outer loop
      vertex   -1.316214e+01 -4.598674e+01 1.071049e+02
      vertex   -1.245325e+01 -4.598674e+01 1.059276e+02
      vertex   -1.237012e+01 -4.622792e+01 1.059830e+02
    endloop
  endfacet
  facet normal -7.445448e-01 -3.823389e-01 -5.472385e-01
    outer loop
      vertex   -1.237012e+01 -4.622792e+01 1.059830e+02
      vertex   -1.245325e+01 -4.598674e+01 1.059276e+02
      vertex   -1.156166e+01 -4.622792e+01 1.048830e+02
    endloop
  endfacet
  facet normal -6.395063e-01 -6.083571e-01 -4.700355e-01
    outer loop
      vertex   -1.237012e+01 -4.622792e+01 1.059830e+02
      vertex   -1.156166e+01 -4.622792e+01 1.048830e+02
      vertex   -1.143807e+01 -4.643503e+01 1.049829e+02
    endloop
  endfacet
  facet normal -5.936936e-01 -6.083571e-01 -5.267158e-01
    outer loop
      vertex   -1.143807e+01 -4.643503e+01 1.049829e+02
      vertex   -1.156166e+01 -4.622792e+01 1.048830e+02
      vertex   -1.054180e+01 -4.643503e+01 1.039727e+02
    endloop
  endfacet
  facet normal -4.556815e-01 -7.930430e-01 -4.042737e-01
    outer loop
      vertex   -1.143807e+01 -4.643503e+01 1.049829e+02
      vertex   -1.054180e+01 -4.643503e+01 1.039727e+02
      vertex   -1.039335e+01 -4.659395e+01 1.041171e+02
    endloop
  endfacet
  facet normal -4.166762e-01 -7.930430e-01 -4.443690e-01
    outer loop
      vertex   -1.039335e+01 -4.659395e+01 1.041171e+02
      vertex   -1.054180e+01 -4.643503e+01 1.039727e+02
      vertex   -9.422060e+00 -4.659395e+01 1.032064e+02
    endloop
  endfacet
  facet normal -2.619956e-01 -9.237367e-01 -2.794081e-01
    outer loop
      vertex   -1.039335e+01 -4.659395e+01 1.041171e+02
      vertex   -9.422060e+00 -4.659395e+01 1.032064e+02
      vertex   -9.265341e+00 -4.669385e+01 1.033897e+02
    endloop
  endfacet
  facet normal -2.352608e-01 -9.237367e-01 -3.022631e-01
    outer loop
      vertex   -9.265341e+00 -4.669385e+01 1.033897e+02
      vertex   -9.422060e+00 -4.659395e+01 1.032064e+02
      vertex   -8.232083e+00 -4.669385e+01 1.025855e+02
    endloop
  endfacet
  facet normal -8.493799e-01 -1.303909e-01 -5.114215e-01
    outer loop
      vertex   -1.319211e+01 -4.572792e+01 1.070887e+02
      vertex   -1.248160e+01 -4.572792e+01 1.059087e+02
      vertex   -1.245325e+01 -4.598674e+01 1.059276e+02
    endloop
  endfacet
  facet normal -7.988860e-01 -1.303909e-01 -5.871791e-01
    outer loop
      vertex   -1.245325e+01 -4.598674e+01 1.059276e+02
      vertex   -1.248160e+01 -4.572792e+01 1.059087e+02
      vertex   -1.163936e+01 -4.598674e+01 1.048202e+02
    endloop
  endfacet
  facet normal -7.445448e-01 -3.823389e-01 -5.472385e-01
    outer loop
      vertex   -1.245325e+01 -4.598674e+01 1.059276e+02
      vertex   -1.163936e+01 -4.598674e+01 1.048202e+02
      vertex   -1.156166e+01 -4.622792e+01 1.048830e+02
    endloop
  endfacet
  facet normal -6.912074e-01 -3.823389e-01 -6.132286e-01
    outer loop
      vertex   -1.156166e+01 -4.622792e+01 1.048830e+02
      vertex   -1.163936e+01 -4.598674e+01 1.048202e+02
      vertex   -1.065571e+01 -4.622792e+01 1.038619e+02
    endloop
  endfacet
  facet normal -5.936936e-01 -6.083571e-01 -5.267158e-01
    outer loop
      vertex   -1.156166e+01 -4.622792e+01 1.048830e+02
      vertex   -1.065571e+01 -4.622792e+01 1.038619e+02
      vertex   -1.054180e+01 -4.643503e+01 1.039727e+02
    endloop
  endfacet
  facet normal -5.428747e-01 -6.083571e-01 -5.789548e-01
    outer loop
      vertex   -1.054180e+01 -4.643503e+01 1.039727e+02
      vertex   -1.065571e+01 -4.622792e+01 1.038619e+02
      vertex   -9.556637e+00 -4.643503e+01 1.030489e+02
    endloop
  endfacet
  facet normal -4.166762e-01 -7.930430e-01 -4.443690e-01
    outer loop
      vertex   -1.054180e+01 -4.643503e+01 1.039727e+02
      vertex   -9.556637e+00 -4.643503e+01 1.030489e+02
      vertex   -9.422060e+00 -4.659395e+01 1.032064e+02
    endloop
  endfacet
  facet normal -3.741573e-01 -7.930430e-01 -4.807173e-01
    outer loop
      vertex   -9.422060e+00 -4.659395e+01 1.032064e+02
      vertex   -9.556637e+00 -4.643503e+01 1.030489e+02
      vertex   -8.371324e+00 -4.659395e+01 1.023885e+02
    endloop
  endfacet
  facet normal -2.352608e-01 -9.237367e-01 -3.022631e-01
    outer loop
      vertex   -9.422060e+00 -4.659395e+01 1.032064e+02
      vertex   -8.371324e+00 -4.659395e+01 1.023885e+02
      vertex   -8.232083e+00 -4.669385e+01 1.025855e+02
    endloop
  endfacet
  facet normal -7.988860e-01 -1.303909e-01 -5.871791e-01
    outer loop
      vertex   -1.248160e+01 -4.572792e+01 1.059087e+02
      vertex   -1.166586e+01 -4.572792e+01 1.047988e+02
      vertex   -1.163936e+01 -4.598674e+01 1.048202e+02
    endloop
  endfacet
  facet normal -7.416557e-01 -1.303909e-01 -6.579856e-01
    outer loop
      vertex   -1.163936e+01 -4.598674e+01 1.048202e+02
      vertex   -1.166586e+01 -4.572792e+01 1.047988e+02
      vertex   -1.072731e+01 -4.598674e+01 1.037922e+02
    endloop
  endfacet
  facet normal -6.912074e-01 -3.823389e-01 -6.132286e-01
    outer loop
      vertex   -1.163936e+01 -4.598674e+01 1.048202e+02
      vertex   -1.072731e+01 -4.598674e+01 1.037922e+02
      vertex   -1.065571e+01 -4.622792e+01 1.038619e+02
    endloop
  endfacet
  facet normal -6.320415e-01 -3.823389e-01 -6.740478e-01
    outer loop
      vertex   -1.065571e+01 -4.622792e+01 1.038619e+02
      vertex   -1.072731e+01 -4.598674e+01 1.037922e+02
      vertex   -9.659902e+00 -4.622792e+01 1.029281e+02
    endloop
  endfacet
  facet normal -5.428747e-01 -6.083571e-01 -5.789548e-01
    outer loop
      vertex   -1.065571e+01 -4.622792e+01 1.038619e+02
      vertex   -9.659902e+00 -4.622792e+01 1.029281e+02
      vertex   -9.556637e+00 -4.643503e+01 1.030489e+02
    endloop
  endfacet
  facet normal -4.874782e-01 -6.083571e-01 -6.263120e-01
    outer loop
      vertex   -9.556637e+00 -4.643503e+01 1.030489e+02
      vertex   -9.659902e+00 -4.622792e+01 1.029281e+02
      vertex   -8.490894e+00 -4.643503e+01 1.022194e+02
    endloop
  endfacet
  facet normal -3.741573e-01 -7.930430e-01 -4.807173e-01
    outer loop
      vertex   -9.556637e+00 -4.643503e+01 1.030489e+02
      vertex   -8.490894e+00 -4.643503e+01 1.022194e+02
      vertex   -8.371324e+00 -4.659395e+01 1.023885e+02
    endloop
  endfacet
  facet normal -7.416557e-01 -1.303909e-01 -6.579856e-01
    outer loop
      vertex   -1.166586e+01 -4.572792e+01 1.047988e+02
      vertex   -1.075174e+01 -4.572792e+01 1.037685e+02
      vertex   -1.072731e+01 -4.598674e+01 1.037922e+02
    endloop
  endfacet
  facet normal -6.781716e-01 -1.303909e-01 -7.232437e-01
    outer loop
      vertex   -1.072731e+01 -4.598674e+01 1.037922e+02
      vertex   -1.075174e+01 -4.572792e+01 1.037685e+02
      vertex   -9.724817e+00 -4.598674e+01 1.028522e+02
    endloop
  endfacet
  facet normal -6.320415e-01 -3.823389e-01 -6.740478e-01
    outer loop
      vertex   -1.072731e+01 -4.598674e+01 1.037922e+02
      vertex   -9.724817e+00 -4.598674e+01 1.028522e+02
      vertex   -9.659902e+00 -4.622792e+01 1.029281e+02
    endloop
  endfacet
  facet normal -5.675462e-01 -3.823389e-01 -7.291833e-01
    outer loop
      vertex   -9.659902e+00 -4.622792e+01 1.029281e+02
      vertex   -9.724817e+00 -4.598674e+01 1.028522e+02
      vertex   -8.582643e+00 -4.622792e+01 1.020897e+02
    endloop
  endfacet
  facet normal -4.874782e-01 -6.083571e-01 -6.263120e-01
    outer loop
      vertex   -9.659902e+00 -4.622792e+01 1.029281e+02
      vertex   -8.582643e+00 -4.622792e+01 1.020897e+02
      vertex   -8.490894e+00 -4.643503e+01 1.022194e+02
    endloop
  endfacet
  facet normal -6.781716e-01 -1.303909e-01 -7.232437e-01
    outer loop
      vertex   -1.075174e+01 -4.572792e+01 1.037685e+02
      vertex   -9.746958e+00 -4.572792e+01 1.028263e+02
      vertex   -9.724817e+00 -4.598674e+01 1.028522e+02
    endloop
  endfacet
  facet normal -6.089690e-01 -1.303909e-01 -7.824034e-01
    outer loop
      vertex   -9.724817e+00 -4.598674e+01 1.028522e+02
      vertex   -9.746958e+00 -4.572792e+01 1.028263e+02
      vertex   -8.640319e+00 -4.598674e+01 1.020081e+02
    endloop
  endfacet
  facet normal -5.675462e-01 -3.823389e-01 -7.291833e-01
    outer loop
      vertex   -9.724817e+00 -4.598674e+01 1.028522e+02
      vertex   -8.640319e+00 -4.598674e+01 1.020081e+02
      vertex   -8.582643e+00 -4.622792e+01 1.020897e+02
    endloop
  endfacet
  facet normal -6.089690e-01 -1.303909e-01 -7.824034e-01
    outer loop
      vertex   -9.746958e+00 -4.572792e+01 1.028263e+02
      vertex   -8.659991e+00 -4.572792e+01 1.019803e+02
      vertex   -8.640319e+00 -4.598674e+01 1.020081e+02
    endloop
  endfacet
  facet normal -5.751187e-02 -9.949919e-01 -8.175271e-02
    outer loop
      vertex   -7.500000e+00 -4.671049e+01 1.021942e+02
      vertex   -7.500000e+00 -4.672792e+01 1.024063e+02
      vertex   -8.592146e+00 -4.672792e+01 1.031746e+02
    endloop
  endfacet
  facet normal -1.252814e-01 -9.920432e-01 -1.244206e-02
    outer loop
      vertex   -1.384963e+01 -4.672792e+01 1.121815e+02
      vertex   -1.398160e+01 -4.672792e+01 1.135103e+02
      vertex   -1.414107e+01 -4.669385e+01 1.123992e+02
    endloop
  endfacet
  facet normal -1.342283e-01 -9.908880e-01 -1.112248e-02
    outer loop
      vertex   -1.414107e+01 -4.669385e+01 1.123992e+02
      vertex   -1.398160e+01 -4.672792e+01 1.135103e+02
      vertex   -1.424919e+01 -4.669385e+01 1.137041e+02
    endloop
  endfacet
  facet normal -3.817200e-01 -9.237367e-01 -3.163022e-02
    outer loop
      vertex   -1.414107e+01 -4.669385e+01 1.123992e+02
      vertex   -1.424919e+01 -4.669385e+01 1.137041e+02
      vertex   -1.449021e+01 -4.659395e+01 1.136953e+02
    endloop
  endfacet
  facet normal -3.830120e-01 -9.237367e-01 3.518426e-03
    outer loop
      vertex   -1.449021e+01 -4.659395e+01 1.136953e+02
      vertex   -1.424919e+01 -4.669385e+01 1.137041e+02
      vertex   -1.447798e+01 -4.659395e+01 1.150267e+02
    endloop
  endfacet
  facet normal -6.091400e-01 -7.930430e-01 5.595683e-03
    outer loop
      vertex   -1.449021e+01 -4.659395e+01 1.136953e+02
      vertex   -1.447798e+01 -4.659395e+01 1.150267e+02
      vertex   -1.468477e+01 -4.643503e+01 1.150381e+02
    endloop
  endfacet
  facet normal -6.060585e-01 -7.930430e-01 6.144869e-02
    outer loop
      vertex   -1.468477e+01 -4.643503e+01 1.150381e+02
      vertex   -1.447798e+01 -4.659395e+01 1.150267e+02
      vertex   -1.454854e+01 -4.643503e+01 1.163817e+02
    endloop
  endfacet
  facet normal -7.896151e-01 -6.083571e-01 8.005962e-02
    outer loop
      vertex   -1.468477e+01 -4.643503e+01 1.150381e+02
      vertex   -1.454854e+01 -4.643503e+01 1.163817e+02
      vertex   -1.470575e+01 -4.622792e+01 1.164050e+02
    endloop
  endfacet
  facet normal -7.789421e-01 -6.083571e-01 1.521537e-01
    outer loop
      vertex   -1.470575e+01 -4.622792e+01 1.164050e+02
      vertex   -1.454854e+01 -4.643503e+01 1.163817e+02
      vertex   -1.444404e+01 -4.622792e+01 1.177448e+02
    endloop
  endfacet
  facet normal -9.068829e-01 -3.823389e-01 1.771449e-01
    outer loop
      vertex   -1.470575e+01 -4.622792e+01 1.164050e+02
      vertex   -1.444404e+01 -4.622792e+01 1.177448e+02
      vertex   -1.454111e+01 -4.598674e+01 1.177684e+02
    endloop
  endfacet
  facet normal -8.868229e-01 -3.823397e-01 2.595409e-01
    outer loop
      vertex   -1.454111e+01 -4.598674e+01 1.177684e+02
      vertex   -1.444404e+01 -4.622792e+01 1.177448e+02
      vertex   -1.406104e+01 -4.622792e+01 1.190535e+02
    endloop
  endfacet
  facet normal -8.868620e-01 -3.822244e-01 2.595771e-01
    outer loop
      vertex   -1.454111e+01 -4.598674e+01 1.177684e+02
      vertex   -1.406104e+01 -4.622792e+01 1.190535e+02
      vertex   -1.415528e+01 -4.598674e+01 1.190866e+02
    endloop
  endfacet
  facet normal -8.592322e-01 -3.824540e-01 3.397778e-01
    outer loop
      vertex   -1.415528e+01 -4.598674e+01 1.190866e+02
      vertex   -1.406104e+01 -4.622792e+01 1.190535e+02
      vertex   -1.355848e+01 -4.622792e+01 1.203243e+02
    endloop
  endfacet
  facet normal -8.592679e-01 -3.823385e-01 3.398175e-01
    outer loop
      vertex   -1.415528e+01 -4.598674e+01 1.190866e+02
      vertex   -1.355848e+01 -4.622792e+01 1.203243e+02
      vertex   -1.364959e+01 -4.598674e+01 1.203653e+02
    endloop
  endfacet
  facet normal -8.244627e-01 -3.823389e-01 4.172268e-01
    outer loop
      vertex   -1.364959e+01 -4.598674e+01 1.203653e+02
      vertex   -1.355848e+01 -4.622792e+01 1.203243e+02
      vertex   -1.302906e+01 -4.598674e+01 1.215915e+02
    endloop
  endfacet
  facet normal -1.266358e-01 -9.919492e-01 -4.523560e-04
    outer loop
      vertex   -1.398160e+01 -4.672792e+01 1.135103e+02
      vertex   -1.398637e+01 -4.672792e+01 1.148456e+02
      vertex   -1.424919e+01 -4.669385e+01 1.137041e+02
    endloop
  endfacet
  facet normal -1.338170e-01 -9.910053e-01 1.229270e-03
    outer loop
      vertex   -1.424919e+01 -4.669385e+01 1.137041e+02
      vertex   -1.398637e+01 -4.672792e+01 1.148456e+02
      vertex   -1.423717e+01 -4.669385e+01 1.150134e+02
    endloop
  endfacet
  facet normal -3.830120e-01 -9.237367e-01 3.518426e-03
    outer loop
      vertex   -1.424919e+01 -4.669385e+01 1.137041e+02
      vertex   -1.423717e+01 -4.669385e+01 1.150134e+02
      vertex   -1.447798e+01 -4.659395e+01 1.150267e+02
    endloop
  endfacet
  facet normal -3.810745e-01 -9.237367e-01 3.863740e-02
    outer loop
      vertex   -1.447798e+01 -4.659395e+01 1.150267e+02
      vertex   -1.423717e+01 -4.669385e+01 1.150134e+02
      vertex   -1.434367e+01 -4.659395e+01 1.163514e+02
    endloop
  endfacet
  facet normal -6.060585e-01 -7.930430e-01 6.144869e-02
    outer loop
      vertex   -1.447798e+01 -4.659395e+01 1.150267e+02
      vertex   -1.434367e+01 -4.659395e+01 1.163514e+02
      vertex   -1.454854e+01 -4.643503e+01 1.163817e+02
    endloop
  endfacet
  facet normal -5.978666e-01 -7.930430e-01 1.167835e-01
    outer loop
      vertex   -1.454854e+01 -4.643503e+01 1.163817e+02
      vertex   -1.434367e+01 -4.659395e+01 1.163514e+02
      vertex   -1.428964e+01 -4.643503e+01 1.177072e+02
    endloop
  endfacet
  facet normal -7.789421e-01 -6.083571e-01 1.521537e-01
    outer loop
      vertex   -1.454854e+01 -4.643503e+01 1.163817e+02
      vertex   -1.428964e+01 -4.643503e+01 1.177072e+02
      vertex   -1.444404e+01 -4.622792e+01 1.177448e+02
    endloop
  endfacet
  facet normal -7.617172e-01 -6.083585e-01 2.229057e-01
    outer loop
      vertex   -1.444404e+01 -4.622792e+01 1.177448e+02
      vertex   -1.428964e+01 -4.643503e+01 1.177072e+02
      vertex   -1.391097e+01 -4.643503e+01 1.190012e+02
    endloop
  endfacet
  facet normal -7.617734e-01 -6.082742e-01 2.229434e-01
    outer loop
      vertex   -1.444404e+01 -4.622792e+01 1.177448e+02
      vertex   -1.391097e+01 -4.643503e+01 1.190012e+02
      vertex   -1.406104e+01 -4.622792e+01 1.190535e+02
    endloop
  endfacet
  facet normal -7.379998e-01 -6.084407e-01 2.918152e-01
    outer loop
      vertex   -1.406104e+01 -4.622792e+01 1.190535e+02
      vertex   -1.391097e+01 -4.643503e+01 1.190012e+02
      vertex   -1.341354e+01 -4.643503e+01 1.202592e+02
    endloop
  endfacet
  facet normal -7.380526e-01 -6.083562e-01 2.918581e-01
    outer loop
      vertex   -1.406104e+01 -4.622792e+01 1.190535e+02
      vertex   -1.341354e+01 -4.643503e+01 1.202592e+02
      vertex   -1.355848e+01 -4.622792e+01 1.203243e+02
    endloop
  endfacet
  facet normal -7.081495e-01 -6.083571e-01 3.583655e-01
    outer loop
      vertex   -1.355848e+01 -4.622792e+01 1.203243e+02
      vertex   -1.341354e+01 -4.643503e+01 1.202592e+02
      vertex   -1.294209e+01 -4.622792e+01 1.215424e+02
    endloop
  endfacet
  facet normal -8.244627e-01 -3.823389e-01 4.172268e-01
    outer loop
      vertex   -1.355848e+01 -4.622792e+01 1.203243e+02
      vertex   -1.294209e+01 -4.622792e+01 1.215424e+02
      vertex   -1.302906e+01 -4.598674e+01 1.215915e+02
    endloop
  endfacet
  facet normal -7.827143e-01 -3.823389e-01 4.910960e-01
    outer loop
      vertex   -1.302906e+01 -4.598674e+01 1.215915e+02
      vertex   -1.294209e+01 -4.622792e+01 1.215424e+02
      vertex   -1.229867e+01 -4.598674e+01 1.227556e+02
    endloop
  endfacet
  facet normal -1.269321e-01 -9.918425e-01 1.169086e-02
    outer loop
      vertex   -1.398637e+01 -4.672792e+01 1.148456e+02
      vertex   -1.386390e+01 -4.672792e+01 1.161753e+02
      vertex   -1.423717e+01 -4.669385e+01 1.150134e+02
    endloop
  endfacet
  facet normal -1.321992e-01 -9.911325e-01 1.340377e-02
    outer loop
      vertex   -1.423717e+01 -4.669385e+01 1.150134e+02
      vertex   -1.386390e+01 -4.672792e+01 1.161753e+02
      vertex   -1.410509e+01 -4.669385e+01 1.163161e+02
    endloop
  endfacet
  facet normal -3.810745e-01 -9.237367e-01 3.863740e-02
    outer loop
      vertex   -1.423717e+01 -4.669385e+01 1.150134e+02
      vertex   -1.410509e+01 -4.669385e+01 1.163161e+02
      vertex   -1.434367e+01 -4.659395e+01 1.163514e+02
    endloop
  endfacet
  facet normal -3.759236e-01 -9.237367e-01 7.343058e-02
    outer loop
      vertex   -1.434367e+01 -4.659395e+01 1.163514e+02
      vertex   -1.410509e+01 -4.669385e+01 1.163161e+02
      vertex   -1.408841e+01 -4.659395e+01 1.176582e+02
    endloop
  endfacet
  facet normal -5.978666e-01 -7.930430e-01 1.167835e-01
    outer loop
      vertex   -1.434367e+01 -4.659395e+01 1.163514e+02
      vertex   -1.408841e+01 -4.659395e+01 1.176582e+02
      vertex   -1.428964e+01 -4.643503e+01 1.177072e+02
    endloop
  endfacet
  facet normal -5.846492e-01 -7.930444e-01 1.710729e-01
    outer loop
      vertex   -1.428964e+01 -4.643503e+01 1.177072e+02
      vertex   -1.408841e+01 -4.659395e+01 1.176582e+02
      vertex   -1.371532e+01 -4.659395e+01 1.189332e+02
    endloop
  endfacet
  facet normal -5.847061e-01 -7.929953e-01 1.711059e-01
    outer loop
      vertex   -1.428964e+01 -4.643503e+01 1.177072e+02
      vertex   -1.371532e+01 -4.659395e+01 1.189332e+02
      vertex   -1.391097e+01 -4.643503e+01 1.190012e+02
    endloop
  endfacet
  facet normal -5.664351e-01 -7.930911e-01 2.239593e-01
    outer loop
      vertex   -1.391097e+01 -4.643503e+01 1.190012e+02
      vertex   -1.371532e+01 -4.659395e+01 1.189332e+02
      vertex   -1.322465e+01 -4.659395e+01 1.201742e+02
    endloop
  endfacet
  facet normal -5.664889e-01 -7.930419e-01 2.239974e-01
    outer loop
      vertex   -1.391097e+01 -4.643503e+01 1.190012e+02
      vertex   -1.322465e+01 -4.659395e+01 1.201742e+02
      vertex   -1.341354e+01 -4.643503e+01 1.202592e+02
    endloop
  endfacet
  facet normal -5.435307e-01 -7.930430e-01 2.750586e-01
    outer loop
      vertex   -1.341354e+01 -4.643503e+01 1.202592e+02
      vertex   -1.322465e+01 -4.659395e+01 1.201742e+02
      vertex   -1.280374e+01 -4.643503e+01 1.214642e+02
    endloop
  endfacet
  facet normal -7.081495e-01 -6.083571e-01 3.583655e-01
    outer loop
      vertex   -1.341354e+01 -4.643503e+01 1.202592e+02
      vertex   -1.280374e+01 -4.643503e+01 1.214642e+02
      vertex   -1.294209e+01 -4.622792e+01 1.215424e+02
    endloop
  endfacet
  facet normal -6.722909e-01 -6.083571e-01 4.218134e-01
    outer loop
      vertex   -1.294209e+01 -4.622792e+01 1.215424e+02
      vertex   -1.280374e+01 -4.643503e+01 1.214642e+02
      vertex   -1.221657e+01 -4.622792e+01 1.226987e+02
    endloop
  endfacet
  facet normal -7.827143e-01 -3.823389e-01 4.910960e-01
    outer loop
      vertex   -1.294209e+01 -4.622792e+01 1.215424e+02
      vertex   -1.221657e+01 -4.622792e+01 1.226987e+02
      vertex   -1.229867e+01 -4.598674e+01 1.227556e+02
    endloop
  endfacet
  facet normal -7.343659e-01 -3.823389e-01 5.608241e-01
    outer loop
      vertex   -1.229867e+01 -4.598674e+01 1.227556e+02
      vertex   -1.221657e+01 -4.622792e+01 1.226987e+02
      vertex   -1.146456e+01 -4.598674e+01 1.238478e+02
    endloop
  endfacet
  facet normal -1.261548e-01 -9.917225e-01 2.390386e-02
    outer loop
      vertex   -1.386390e+01 -4.672792e+01 1.161753e+02
      vertex   -1.361530e+01 -4.672792e+01 1.174873e+02
      vertex   -1.410509e+01 -4.669385e+01 1.163161e+02
    endloop
  endfacet
  facet normal -1.294091e-01 -9.912690e-01 2.527797e-02
    outer loop
      vertex   -1.410509e+01 -4.669385e+01 1.163161e+02
      vertex   -1.361530e+01 -4.672792e+01 1.174873e+02
      vertex   -1.385407e+01 -4.669385e+01 1.176011e+02
    endloop
  endfacet
  facet normal -3.759236e-01 -9.237367e-01 7.343058e-02
    outer loop
      vertex   -1.410509e+01 -4.669385e+01 1.163161e+02
      vertex   -1.385407e+01 -4.669385e+01 1.176011e+02
      vertex   -1.408841e+01 -4.659395e+01 1.176582e+02
    endloop
  endfacet
  facet normal -3.676148e-01 -9.237375e-01 1.075567e-01
    outer loop
      vertex   -1.408841e+01 -4.659395e+01 1.176582e+02
      vertex   -1.385407e+01 -4.669385e+01 1.176011e+02
      vertex   -1.348743e+01 -4.669385e+01 1.188543e+02
    endloop
  endfacet
  facet normal -3.676562e-01 -9.237184e-01 1.075791e-01
    outer loop
      vertex   -1.408841e+01 -4.659395e+01 1.176582e+02
      vertex   -1.348743e+01 -4.669385e+01 1.188543e+02
      vertex   -1.371532e+01 -4.659395e+01 1.189332e+02
    endloop
  endfacet
  facet normal -3.561590e-01 -9.237552e-01 1.408089e-01
    outer loop
      vertex   -1.371532e+01 -4.659395e+01 1.189332e+02
      vertex   -1.348743e+01 -4.669385e+01 1.188543e+02
      vertex   -1.300468e+01 -4.669385e+01 1.200753e+02
    endloop
  endfacet
  facet normal -3.561983e-01 -9.237360e-01 1.408351e-01
    outer loop
      vertex   -1.371532e+01 -4.659395e+01 1.189332e+02
      vertex   -1.300468e+01 -4.669385e+01 1.200753e+02
      vertex   -1.322465e+01 -4.659395e+01 1.201742e+02
    endloop
  endfacet
  facet normal -3.417585e-01 -9.237367e-01 1.729500e-01
    outer loop
      vertex   -1.322465e+01 -4.659395e+01 1.201742e+02
      vertex   -1.300468e+01 -4.669385e+01 1.200753e+02
      vertex   -1.262344e+01 -4.659395e+01 1.213623e+02
    endloop
  endfacet
  facet normal -5.435307e-01 -7.930430e-01 2.750586e-01
    outer loop
      vertex   -1.322465e+01 -4.659395e+01 1.201742e+02
      vertex   -1.262344e+01 -4.659395e+01 1.213623e+02
      vertex   -1.280374e+01 -4.643503e+01 1.214642e+02
    endloop
  endfacet
  facet normal -5.160079e-01 -7.930430e-01 3.237572e-01
    outer loop
      vertex   -1.280374e+01 -4.643503e+01 1.214642e+02
      vertex   -1.262344e+01 -4.659395e+01 1.213623e+02
      vertex   -1.208597e+01 -4.643503e+01 1.226082e+02
    endloop
  endfacet
  facet normal -6.722909e-01 -6.083571e-01 4.218134e-01
    outer loop
      vertex   -1.280374e+01 -4.643503e+01 1.214642e+02
      vertex   -1.208597e+01 -4.643503e+01 1.226082e+02
      vertex   -1.221657e+01 -4.622792e+01 1.226987e+02
    endloop
  endfacet
  facet normal -6.307634e-01 -6.083571e-01 4.817044e-01
    outer loop
      vertex   -1.221657e+01 -4.622792e+01 1.226987e+02
      vertex   -1.208597e+01 -4.643503e+01 1.226082e+02
      vertex   -1.138804e+01 -4.622792e+01 1.237836e+02
    endloop
  endfacet
  facet normal -7.343659e-01 -3.823389e-01 5.608241e-01
    outer loop
      vertex   -1.221657e+01 -4.622792e+01 1.226987e+02
      vertex   -1.138804e+01 -4.622792e+01 1.237836e+02
      vertex   -1.146456e+01 -4.598674e+01 1.238478e+02
    endloop
  endfacet
  facet normal -6.798252e-01 -3.823389e-01 6.258232e-01
    outer loop
      vertex   -1.146456e+01 -4.598674e+01 1.238478e+02
      vertex   -1.138804e+01 -4.622792e+01 1.237836e+02
      vertex   -1.053379e+01 -4.598674e+01 1.248589e+02
    endloop
  endfacet
  facet normal -1.242941e-01 -9.915884e-01 3.610180e-02
    outer loop
      vertex   -1.361530e+01 -4.672792e+01 1.174873e+02
      vertex   -1.324285e+01 -4.672792e+01 1.187696e+02
      vertex   -1.385407e+01 -4.669385e+01 1.176011e+02
    endloop
  endfacet
  facet normal -1.254194e-01 -9.914250e-01 3.669517e-02
    outer loop
      vertex   -1.385407e+01 -4.669385e+01 1.176011e+02
      vertex   -1.324285e+01 -4.672792e+01 1.187696e+02
      vertex   -1.348743e+01 -4.669385e+01 1.188543e+02
    endloop
  endfacet
  facet normal -1.214953e-01 -9.914291e-01 4.803368e-02
    outer loop
      vertex   -1.348743e+01 -4.669385e+01 1.188543e+02
      vertex   -1.324285e+01 -4.672792e+01 1.187696e+02
      vertex   -1.300468e+01 -4.669385e+01 1.200753e+02
    endloop
  endfacet
  facet normal -1.204658e-01 -9.915636e-01 4.784940e-02
    outer loop
      vertex   -1.300468e+01 -4.669385e+01 1.200753e+02
      vertex   -1.324285e+01 -4.672792e+01 1.187696e+02
      vertex   -1.274991e+01 -4.672792e+01 1.200106e+02
    endloop
  endfacet
  facet normal -1.174828e-01 -9.912937e-01 5.945324e-02
    outer loop
      vertex   -1.300468e+01 -4.669385e+01 1.200753e+02
      vertex   -1.274991e+01 -4.672792e+01 1.200106e+02
      vertex   -1.241347e+01 -4.669385e+01 1.212436e+02
    endloop
  endfacet
  facet normal -1.144251e-01 -9.917003e-01 5.863011e-02
    outer loop
      vertex   -1.241347e+01 -4.669385e+01 1.212436e+02
      vertex   -1.274991e+01 -4.672792e+01 1.200106e+02
      vertex   -1.214099e+01 -4.672792e+01 1.211990e+02
    endloop
  endfacet
  facet normal -1.124106e-01 -9.911556e-01 7.052940e-02
    outer loop
      vertex   -1.241347e+01 -4.669385e+01 1.212436e+02
      vertex   -1.214099e+01 -4.672792e+01 1.211990e+02
      vertex   -1.171758e+01 -4.669385e+01 1.223527e+02
    endloop
  endfacet
  facet normal -1.075206e-01 -9.918226e-01 6.875446e-02
    outer loop
      vertex   -1.171758e+01 -4.669385e+01 1.223527e+02
      vertex   -1.214099e+01 -4.672792e+01 1.211990e+02
      vertex   -1.142162e+01 -4.672792e+01 1.223240e+02
    endloop
  endfacet
  facet normal -1.062293e-01 -9.910267e-01 8.112570e-02
    outer loop
      vertex   -1.171758e+01 -4.669385e+01 1.223527e+02
      vertex   -1.142162e+01 -4.672792e+01 1.223240e+02
      vertex   -1.092289e+01 -4.669385e+01 1.233933e+02
    endloop
  endfacet
  facet normal -9.981245e-02 -9.919316e-01 7.816168e-02
    outer loop
      vertex   -1.092289e+01 -4.669385e+01 1.233933e+02
      vertex   -1.142162e+01 -4.672792e+01 1.223240e+02
      vertex   -1.059834e+01 -4.672792e+01 1.233753e+02
    endloop
  endfacet
  facet normal -9.898707e-02 -9.909077e-01 9.112402e-02
    outer loop
      vertex   -1.092289e+01 -4.669385e+01 1.233933e+02
      vertex   -1.059834e+01 -4.672792e+01 1.233753e+02
      vertex   -1.003609e+01 -4.669385e+01 1.243566e+02
    endloop
  endfacet
  facet normal -9.136450e-02 -9.920278e-01 8.679546e-02
    outer loop
      vertex   -1.003609e+01 -4.669385e+01 1.243566e+02
      vertex   -1.059834e+01 -4.672792e+01 1.233753e+02
      vertex   -9.678640e+00 -4.672792e+01 1.243435e+02
    endloop
  endfacet
  facet normal -9.074531e-02 -9.907991e-01 1.004113e-01
    outer loop
      vertex   -1.003609e+01 -4.669385e+01 1.243566e+02
      vertex   -9.678640e+00 -4.672792e+01 1.243435e+02
      vertex   -9.064670e+00 -4.669385e+01 1.252345e+02
    endloop
  endfacet
  facet normal -8.224436e-02 -9.921118e-01 9.460424e-02
    outer loop
      vertex   -9.064670e+00 -4.669385e+01 1.252345e+02
      vertex   -9.678640e+00 -4.672792e+01 1.243435e+02
      vertex   -8.670893e+00 -4.672792e+01 1.252195e+02
    endloop
  endfacet
  facet normal -8.157835e-02 -9.907017e-01 1.088811e-01
    outer loop
      vertex   -9.064670e+00 -4.669385e+01 1.252345e+02
      vertex   -8.670893e+00 -4.672792e+01 1.252195e+02
      vertex   -8.016812e+00 -4.669385e+01 1.260196e+02
    endloop
  endfacet
  facet normal -7.252294e-02 -9.921843e-01 1.015415e-01
    outer loop
      vertex   -8.016812e+00 -4.669385e+01 1.260196e+02
      vertex   -8.670893e+00 -4.672792e+01 1.252195e+02
      vertex   -7.584263e+00 -4.672792e+01 1.259956e+02
    endloop
  endfacet
  facet normal -7.157261e-02 -9.906160e-01 1.164355e-01
    outer loop
      vertex   -8.016812e+00 -4.669385e+01 1.260196e+02
      vertex   -7.584263e+00 -4.672792e+01 1.259956e+02
      vertex   -6.901354e+00 -4.669385e+01 1.267053e+02
    endloop
  endfacet
  facet normal -6.227416e-02 -9.922457e-01 1.075660e-01
    outer loop
      vertex   -6.901354e+00 -4.669385e+01 1.267053e+02
      vertex   -7.584263e+00 -4.672792e+01 1.259956e+02
      vertex   -6.428637e+00 -4.672792e+01 1.266647e+02
    endloop
  endfacet
  facet normal -6.082560e-02 -9.905426e-01 1.229859e-01
    outer loop
      vertex   -6.901354e+00 -4.669385e+01 1.267053e+02
      vertex   -6.428637e+00 -4.672792e+01 1.266647e+02
      vertex   -5.727702e+00 -4.669385e+01 1.272858e+02
    endloop
  endfacet
  facet normal -5.157455e-02 -9.922963e-01 1.126420e-01
    outer loop
      vertex   -5.727702e+00 -4.669385e+01 1.272858e+02
      vertex   -6.428637e+00 -4.672792e+01 1.266647e+02
      vertex   -5.214527e+00 -4.672792e+01 1.272206e+02
    endloop
  endfacet
  facet normal -4.944479e-02 -9.904819e-01 1.284553e-01
    outer loop
      vertex   -5.727702e+00 -4.669385e+01 1.272858e+02
      vertex   -5.214527e+00 -4.672792e+01 1.272206e+02
      vertex   -4.505754e+00 -4.669385e+01 1.277561e+02
    endloop
  endfacet
  facet normal -4.050294e-02 -9.923364e-01 1.167393e-01
    outer loop
      vertex   -4.505754e+00 -4.669385e+01 1.277561e+02
      vertex   -5.214527e+00 -4.672792e+01 1.272206e+02
      vertex   -3.952979e+00 -4.672792e+01 1.276583e+02
    endloop
  endfacet
  facet normal -3.754620e-02 -9.904343e-01 1.327786e-01
    outer loop
      vertex   -4.505754e+00 -4.669385e+01 1.277561e+02
      vertex   -3.952979e+00 -4.672792e+01 1.276583e+02
      vertex   -3.245811e+00 -4.669385e+01 1.281124e+02
    endloop
  endfacet
  facet normal -2.914002e-02 -9.923662e-01 1.198337e-01
    outer loop
      vertex   -3.245811e+00 -4.669385e+01 1.281124e+02
      vertex   -3.952979e+00 -4.672792e+01 1.276583e+02
      vertex   -2.655469e+00 -4.672792e+01 1.279738e+02
    endloop
  endfacet
  facet normal -2.525293e-02 -9.904001e-01 1.359042e-01
    outer loop
      vertex   -3.245811e+00 -4.669385e+01 1.281124e+02
      vertex   -2.655469e+00 -4.672792e+01 1.279738e+02
      vertex   -1.958500e+00 -4.669385e+01 1.283516e+02
    endloop
  endfacet
  facet normal -1.756797e-02 -9.923861e-01 1.219069e-01
    outer loop
      vertex   -1.958500e+00 -4.669385e+01 1.283516e+02
      vertex   -2.655469e+00 -4.672792e+01 1.279738e+02
      vertex   -1.333802e+00 -4.672792e+01 1.281642e+02
    endloop
  endfacet
  facet normal -1.269348e-02 -9.903795e-01 1.377948e-01
    outer loop
      vertex   -1.958500e+00 -4.669385e+01 1.283516e+02
      vertex   -1.333802e+00 -4.672792e+01 1.281642e+02
      vertex   -6.546733e-01 -4.669385e+01 1.284717e+02
    endloop
  endfacet
  facet normal -5.870003e-03 -9.923959e-01 1.229465e-01
    outer loop
      vertex   -6.546733e-01 -4.669385e+01 1.284717e+02
      vertex   -1.333802e+00 -4.672792e+01 1.281642e+02
      vertex   -3.061617e-16 -4.672792e+01 1.282279e+02
    endloop
  endfacet
  facet normal 0.000000e+00 -9.903726e-01 1.384275e-01
    outer loop
      vertex   -6.546733e-01 -4.669385e+01 1.284717e+02
      vertex   -3.061617e-16 -4.672792e+01 1.282279e+02
      vertex   6.546733e-01 -4.669385e+01 1.284717e+02
    endloop
  endfacet
  facet normal 5.870003e-03 -9.923959e-01 1.229465e-01
    outer loop
      vertex   6.546733e-01 -4.669385e+01 1.284717e+02
      vertex   -3.061617e-16 -4.672792e+01 1.282279e+02
      vertex   1.333802e+00 -4.672792e+01 1.281642e+02
    endloop
  endfacet
  facet normal 1.269348e-02 -9.903795e-01 1.377948e-01
    outer loop
      vertex   6.546733e-01 -4.669385e+01 1.284717e+02
      vertex   1.333802e+00 -4.672792e+01 1.281642e+02
      vertex   1.958500e+00 -4.669385e+01 1.283516e+02
    endloop
  endfacet
  facet normal 1.756797e-02 -9.923861e-01 1.219069e-01
    outer loop
      vertex   1.958500e+00 -4.669385e+01 1.283516e+02
      vertex   1.333802e+00 -4.672792e+01 1.281642e+02
      vertex   2.655469e+00 -4.672792e+01 1.279738e+02
    endloop
  endfacet
  facet normal 2.525293e-02 -9.904001e-01 1.359042e-01
    outer loop
      vertex   1.958500e+00 -4.669385e+01 1.283516e+02
      vertex   2.655469e+00 -4.672792e+01 1.279738e+02
      vertex   3.245811e+00 -4.669385e+01 1.281124e+02
    endloop
  endfacet
  facet normal 2.914002e-02 -9.923662e-01 1.198337e-01
    outer loop
      vertex   3.245811e+00 -4.669385e+01 1.281124e+02
      vertex   2.655469e+00 -4.672792e+01 1.279738e+02
      vertex   3.952979e+00 -4.672792e+01 1.276583e+02
    endloop
  endfacet
  facet normal 3.754620e-02 -9.904343e-01 1.327786e-01
    outer loop
      vertex   3.245811e+00 -4.669385e+01 1.281124e+02
      vertex   3.952979e+00 -4.672792e+01 1.276583e+02
      vertex   4.505754e+00 -4.669385e+01 1.277561e+02
    endloop
  endfacet
  facet normal 4.050294e-02 -9.923364e-01 1.167393e-01
    outer loop
      vertex   4.505754e+00 -4.669385e+01 1.277561e+02
      vertex   3.952979e+00 -4.672792e+01 1.276583e+02
      vertex   5.214527e+00 -4.672792e+01 1.272206e+02
    endloop
  endfacet
  facet normal 4.944479e-02 -9.904819e-01 1.284553e-01
    outer loop
      vertex   4.505754e+00 -4.669385e+01 1.277561e+02
      vertex   5.214527e+00 -4.672792e+01 1.272206e+02
      vertex   5.727702e+00 -4.669385e+01 1.272858e+02
    endloop
  endfacet
  facet normal 5.157455e-02 -9.922963e-01 1.126420e-01
    outer loop
      vertex   5.727702e+00 -4.669385e+01 1.272858e+02
      vertex   5.214527e+00 -4.672792e+01 1.272206e+02
      vertex   6.428637e+00 -4.672792e+01 1.266647e+02
    endloop
  endfacet
  facet normal 6.082560e-02 -9.905426e-01 1.229859e-01
    outer loop
      vertex   5.727702e+00 -4.669385e+01 1.272858e+02
      vertex   6.428637e+00 -4.672792e+01 1.266647e+02
      vertex   6.901354e+00 -4.669385e+01 1.267053e+02
    endloop
  endfacet
  facet normal 6.227416e-02 -9.922457e-01 1.075660e-01
    outer loop
      vertex   6.901354e+00 -4.669385e+01 1.267053e+02
      vertex   6.428637e+00 -4.672792e+01 1.266647e+02
      vertex   7.584263e+00 -4.672792e+01 1.259956e+02
    endloop
  endfacet
  facet normal 7.157261e-02 -9.906160e-01 1.164355e-01
    outer loop
      vertex   6.901354e+00 -4.669385e+01 1.267053e+02
      vertex   7.584263e+00 -4.672792e+01 1.259956e+02
      vertex   8.016812e+00 -4.669385e+01 1.260196e+02
    endloop
  endfacet
  facet normal 7.252294e-02 -9.921843e-01 1.015415e-01
    outer loop
      vertex   8.016812e+00 -4.669385e+01 1.260196e+02
      vertex   7.584263e+00 -4.672792e+01 1.259956e+02
      vertex   8.670893e+00 -4.672792e+01 1.252195e+02
    endloop
  endfacet
  facet normal 8.157835e-02 -9.907017e-01 1.088811e-01
    outer loop
      vertex   8.016812e+00 -4.669385e+01 1.260196e+02
      vertex   8.670893e+00 -4.672792e+01 1.252195e+02
      vertex   9.064670e+00 -4.669385e+01 1.252345e+02
    endloop
  endfacet
  facet normal 8.224436e-02 -9.921118e-01 9.460424e-02
    outer loop
      vertex   9.064670e+00 -4.669385e+01 1.252345e+02
      vertex   8.670893e+00 -4.672792e+01 1.252195e+02
      vertex   9.678640e+00 -4.672792e+01 1.243435e+02
    endloop
  endfacet
  facet normal 9.074531e-02 -9.907991e-01 1.004113e-01
    outer loop
      vertex   9.064670e+00 -4.669385e+01 1.252345e+02
      vertex   9.678640e+00 -4.672792e+01 1.243435e+02
      vertex   1.003609e+01 -4.669385e+01 1.243566e+02
    endloop
  endfacet
  facet normal 9.136450e-02 -9.920278e-01 8.679546e-02
    outer loop
      vertex   1.003609e+01 -4.669385e+01 1.243566e+02
      vertex   9.678640e+00 -4.672792e+01 1.243435e+02
      vertex   1.059834e+01 -4.672792e+01 1.233753e+02
    endloop
  endfacet
  facet normal 9.898707e-02 -9.909077e-01 9.112402e-02
    outer loop
      vertex   1.003609e+01 -4.669385e+01 1.243566e+02
      vertex   1.059834e+01 -4.672792e+01 1.233753e+02
      vertex   1.092289e+01 -4.669385e+01 1.233933e+02
    endloop
  endfacet
  facet normal 9.981245e-02 -9.919316e-01 7.816168e-02
    outer loop
      vertex   1.092289e+01 -4.669385e+01 1.233933e+02
      vertex   1.059834e+01 -4.672792e+01 1.233753e+02
      vertex   1.142162e+01 -4.672792e+01 1.223240e+02
    endloop
  endfacet
  facet normal 1.062293e-01 -9.910267e-01 8.112570e-02
    outer loop
      vertex   1.092289e+01 -4.669385e+01 1.233933e+02
      vertex   1.142162e+01 -4.672792e+01 1.223240e+02
      vertex   1.171758e+01 -4.669385e+01 1.223527e+02
    endloop
  endfacet
  facet normal 1.075206e-01 -9.918226e-01 6.875446e-02
    outer loop
      vertex   1.171758e+01 -4.669385e+01 1.223527e+02
      vertex   1.142162e+01 -4.672792e+01 1.223240e+02
      vertex   1.214099e+01 -4.672792e+01 1.211990e+02
    endloop
  endfacet
  facet normal 1.124106e-01 -9.911556e-01 7.052940e-02
    outer loop
      vertex   1.171758e+01 -4.669385e+01 1.223527e+02
      vertex   1.214099e+01 -4.672792e+01 1.211990e+02
      vertex   1.241347e+01 -4.669385e+01 1.212436e+02
    endloop
  endfacet
  facet normal 1.144251e-01 -9.917003e-01 5.863011e-02
    outer loop
      vertex   1.241347e+01 -4.669385e+01 1.212436e+02
      vertex   1.214099e+01 -4.672792e+01 1.211990e+02
      vertex   1.274991e+01 -4.672792e+01 1.200106e+02
    endloop
  endfacet
  facet normal 1.174828e-01 -9.912937e-01 5.945324e-02
    outer loop
      vertex   1.241347e+01 -4.669385e+01 1.212436e+02
      vertex   1.274991e+01 -4.672792e+01 1.200106e+02
      vertex   1.300468e+01 -4.669385e+01 1.200753e+02
    endloop
  endfacet
  facet normal 1.204658e-01 -9.915636e-01 4.784940e-02
    outer loop
      vertex   1.300468e+01 -4.669385e+01 1.200753e+02
      vertex   1.274991e+01 -4.672792e+01 1.200106e+02
      vertex   1.324285e+01 -4.672792e+01 1.187696e+02
    endloop
  endfacet
  facet normal 1.214953e-01 -9.914291e-01 4.803368e-02
    outer loop
      vertex   1.300468e+01 -4.669385e+01 1.200753e+02
      vertex   1.324285e+01 -4.672792e+01 1.187696e+02
      vertex   1.348743e+01 -4.669385e+01 1.188543e+02
    endloop
  endfacet
  facet normal 1.254194e-01 -9.914250e-01 3.669517e-02
    outer loop
      vertex   1.348743e+01 -4.669385e+01 1.188543e+02
      vertex   1.324285e+01 -4.672792e+01 1.187696e+02
      vertex   1.385407e+01 -4.669385e+01 1.176011e+02
    endloop
  endfacet
  facet normal 3.676148e-01 -9.237375e-01 1.075567e-01
    outer loop
      vertex   1.348743e+01 -4.669385e+01 1.188543e+02
      vertex   1.385407e+01 -4.669385e+01 1.176011e+02
      vertex   1.408841e+01 -4.659395e+01 1.176582e+02
    endloop
  endfacet
  facet normal 3.759236e-01 -9.237367e-01 7.343058e-02
    outer loop
      vertex   1.408841e+01 -4.659395e+01 1.176582e+02
      vertex   1.385407e+01 -4.669385e+01 1.176011e+02
      vertex   1.434367e+01 -4.659395e+01 1.163514e+02
    endloop
  endfacet
  facet normal 5.978666e-01 -7.930430e-01 1.167835e-01
    outer loop
      vertex   1.408841e+01 -4.659395e+01 1.176582e+02
      vertex   1.434367e+01 -4.659395e+01 1.163514e+02
      vertex   1.454854e+01 -4.643503e+01 1.163817e+02
    endloop
  endfacet
  facet normal 6.060585e-01 -7.930430e-01 6.144869e-02
    outer loop
      vertex   1.454854e+01 -4.643503e+01 1.163817e+02
      vertex   1.434367e+01 -4.659395e+01 1.163514e+02
      vertex   1.468477e+01 -4.643503e+01 1.150381e+02
    endloop
  endfacet
  facet normal 7.896151e-01 -6.083571e-01 8.005962e-02
    outer loop
      vertex   1.454854e+01 -4.643503e+01 1.163817e+02
      vertex   1.468477e+01 -4.643503e+01 1.150381e+02
      vertex   1.484345e+01 -4.622792e+01 1.150469e+02
    endloop
  endfacet
  facet normal 7.936299e-01 -6.083571e-01 7.290445e-03
    outer loop
      vertex   1.484345e+01 -4.622792e+01 1.150469e+02
      vertex   1.468477e+01 -4.643503e+01 1.150381e+02
      vertex   1.485599e+01 -4.622792e+01 1.136818e+02
    endloop
  endfacet
  facet normal 9.239832e-01 -3.823389e-01 8.487896e-03
    outer loop
      vertex   1.484345e+01 -4.622792e+01 1.150469e+02
      vertex   1.485599e+01 -4.622792e+01 1.136818e+02
      vertex   1.495582e+01 -4.598674e+01 1.136781e+02
    endloop
  endfacet
  facet normal 9.208662e-01 -3.823389e-01 -7.630515e-02
    outer loop
      vertex   1.495582e+01 -4.598674e+01 1.136781e+02
      vertex   1.485599e+01 -4.622792e+01 1.136818e+02
      vertex   1.484234e+01 -4.598674e+01 1.123086e+02
    endloop
  endfacet
  facet normal 1.242941e-01 -9.915884e-01 3.610180e-02
    outer loop
      vertex   1.324285e+01 -4.672792e+01 1.187696e+02
      vertex   1.361530e+01 -4.672792e+01 1.174873e+02
      vertex   1.385407e+01 -4.669385e+01 1.176011e+02
    endloop
  endfacet
  facet normal 1.294091e-01 -9.912690e-01 2.527797e-02
    outer loop
      vertex   1.385407e+01 -4.669385e+01 1.176011e+02
      vertex   1.361530e+01 -4.672792e+01 1.174873e+02
      vertex   1.410509e+01 -4.669385e+01 1.163161e+02
    endloop
  endfacet
  facet normal 3.759236e-01 -9.237367e-01 7.343058e-02
    outer loop
      vertex   1.385407e+01 -4.669385e+01 1.176011e+02
      vertex   1.410509e+01 -4.669385e+01 1.163161e+02
      vertex   1.434367e+01 -4.659395e+01 1.163514e+02
    endloop
  endfacet
  facet normal 3.810745e-01 -9.237367e-01 3.863740e-02
    outer loop
      vertex   1.434367e+01 -4.659395e+01 1.163514e+02
      vertex   1.410509e+01 -4.669385e+01 1.163161e+02
      vertex   1.447798e+01 -4.659395e+01 1.150267e+02
    endloop
  endfacet
  facet normal 6.060585e-01 -7.930430e-01 6.144869e-02
    outer loop
      vertex   1.434367e+01 -4.659395e+01 1.163514e+02
      vertex   1.447798e+01 -4.659395e+01 1.150267e+02
      vertex   1.468477e+01 -4.643503e+01 1.150381e+02
    endloop
  endfacet
  facet normal 6.091400e-01 -7.930430e-01 5.595683e-03
    outer loop
      vertex   1.468477e+01 -4.643503e+01 1.150381e+02
      vertex   1.447798e+01 -4.659395e+01 1.150267e+02
      vertex   1.469718e+01 -4.643503e+01 1.136876e+02
    endloop
  endfacet
  facet normal 7.936299e-01 -6.083571e-01 7.290445e-03
    outer loop
      vertex   1.468477e+01 -4.643503e+01 1.150381e+02
      vertex   1.469718e+01 -4.643503e+01 1.136876e+02
      vertex   1.485599e+01 -4.622792e+01 1.136818e+02
    endloop
  endfacet
  facet normal 7.909527e-01 -6.083571e-01 -6.554021e-02
    outer loop
      vertex   1.485599e+01 -4.622792e+01 1.136818e+02
      vertex   1.469718e+01 -4.643503e+01 1.136876e+02
      vertex   1.474326e+01 -4.622792e+01 1.123214e+02
    endloop
  endfacet
  facet normal 9.208662e-01 -3.823389e-01 -7.630515e-02
    outer loop
      vertex   1.485599e+01 -4.622792e+01 1.136818e+02
      vertex   1.474326e+01 -4.622792e+01 1.123214e+02
      vertex   1.484234e+01 -4.598674e+01 1.123086e+02
    endloop
  endfacet
  facet normal 9.099842e-01 -3.823389e-01 -1.604548e-01
    outer loop
      vertex   1.484234e+01 -4.598674e+01 1.123086e+02
      vertex   1.474326e+01 -4.622792e+01 1.123214e+02
      vertex   1.460370e+01 -4.598674e+01 1.109552e+02
    endloop
  endfacet
  facet normal 1.261548e-01 -9.917225e-01 2.390386e-02
    outer loop
      vertex   1.361530e+01 -4.672792e+01 1.174873e+02
      vertex   1.386390e+01 -4.672792e+01 1.161753e+02
      vertex   1.410509e+01 -4.669385e+01 1.163161e+02
    endloop
  endfacet
  facet normal 1.321992e-01 -9.911325e-01 1.340377e-02
    outer loop
      vertex   1.410509e+01 -4.669385e+01 1.163161e+02
      vertex   1.386390e+01 -4.672792e+01 1.161753e+02
      vertex   1.423717e+01 -4.669385e+01 1.150134e+02
    endloop
  endfacet
  facet normal 3.810745e-01 -9.237367e-01 3.863740e-02
    outer loop
      vertex   1.410509e+01 -4.669385e+01 1.163161e+02
      vertex   1.423717e+01 -4.669385e+01 1.150134e+02
      vertex   1.447798e+01 -4.659395e+01 1.150267e+02
    endloop
  endfacet
  facet normal 3.830120e-01 -9.237367e-01 3.518426e-03
    outer loop
      vertex   1.447798e+01 -4.659395e+01 1.150267e+02
      vertex   1.423717e+01 -4.669385e+01 1.150134e+02
      vertex   1.449021e+01 -4.659395e+01 1.136953e+02
    endloop
  endfacet
  facet normal 6.091400e-01 -7.930430e-01 5.595683e-03
    outer loop
      vertex   1.447798e+01 -4.659395e+01 1.150267e+02
      vertex   1.449021e+01 -4.659395e+01 1.136953e+02
      vertex   1.469718e+01 -4.643503e+01 1.136876e+02
    endloop
  endfacet
  facet normal 6.070851e-01 -7.930430e-01 -5.030450e-02
    outer loop
      vertex   1.469718e+01 -4.643503e+01 1.136876e+02
      vertex   1.449021e+01 -4.659395e+01 1.136953e+02
      vertex   1.458566e+01 -4.643503e+01 1.123418e+02
    endloop
  endfacet
  facet normal 7.909527e-01 -6.083571e-01 -6.554021e-02
    outer loop
      vertex   1.469718e+01 -4.643503e+01 1.136876e+02
      vertex   1.458566e+01 -4.643503e+01 1.123418e+02
      vertex   1.474326e+01 -4.622792e+01 1.123214e+02
    endloop
  endfacet
  facet normal 7.816059e-01 -6.083571e-01 -1.378182e-01
    outer loop
      vertex   1.474326e+01 -4.622792e+01 1.123214e+02
      vertex   1.458566e+01 -4.643503e+01 1.123418e+02
      vertex   1.450621e+01 -4.622792e+01 1.109770e+02
    endloop
  endfacet
  facet normal 9.099842e-01 -3.823389e-01 -1.604548e-01
    outer loop
      vertex   1.474326e+01 -4.622792e+01 1.123214e+02
      vertex   1.450621e+01 -4.622792e+01 1.109770e+02
      vertex   1.460370e+01 -4.598674e+01 1.109552e+02
    endloop
  endfacet
  facet normal 8.914290e-01 -3.823389e-01 -2.432514e-01
    outer loop
      vertex   1.460370e+01 -4.598674e+01 1.109552e+02
      vertex   1.450621e+01 -4.622792e+01 1.109770e+02
      vertex   1.424191e+01 -4.598674e+01 1.096294e+02
    endloop
  endfacet
  facet normal 1.269321e-01 -9.918425e-01 1.169086e-02
    outer loop
      vertex   1.386390e+01 -4.672792e+01 1.161753e+02
      vertex   1.398637e+01 -4.672792e+01 1.148456e+02
      vertex   1.423717e+01 -4.669385e+01 1.150134e+02
    endloop
  endfacet
  facet normal 1.338170e-01 -9.910053e-01 1.229270e-03
    outer loop
      vertex   1.423717e+01 -4.669385e+01 1.150134e+02
      vertex   1.398637e+01 -4.672792e+01 1.148456e+02
      vertex   1.424919e+01 -4.669385e+01 1.137041e+02
    endloop
  endfacet
  facet normal 3.830120e-01 -9.237367e-01 3.518426e-03
    outer loop
      vertex   1.423717e+01 -4.669385e+01 1.150134e+02
      vertex   1.424919e+01 -4.669385e+01 1.137041e+02
      vertex   1.449021e+01 -4.659395e+01 1.136953e+02
    endloop
  endfacet
  facet normal 3.817200e-01 -9.237367e-01 -3.163022e-02
    outer loop
      vertex   1.449021e+01 -4.659395e+01 1.136953e+02
      vertex   1.424919e+01 -4.669385e+01 1.137041e+02
      vertex   1.438026e+01 -4.659395e+01 1.123683e+02
    endloop
  endfacet
  facet normal 6.070851e-01 -7.930430e-01 -5.030450e-02
    outer loop
      vertex   1.449021e+01 -4.659395e+01 1.136953e+02
      vertex   1.438026e+01 -4.659395e+01 1.123683e+02
      vertex   1.458566e+01 -4.643503e+01 1.123418e+02
    endloop
  endfacet
  facet normal 5.999111e-01 -7.930430e-01 -1.057805e-01
    outer loop
      vertex   1.458566e+01 -4.643503e+01 1.123418e+02
      vertex   1.438026e+01 -4.659395e+01 1.123683e+02
      vertex   1.435114e+01 -4.643503e+01 1.110118e+02
    endloop
  endfacet
  facet normal 7.816059e-01 -6.083571e-01 -1.378182e-01
    outer loop
      vertex   1.458566e+01 -4.643503e+01 1.123418e+02
      vertex   1.435114e+01 -4.643503e+01 1.110118e+02
      vertex   1.450621e+01 -4.622792e+01 1.109770e+02
    endloop
  endfacet
  facet normal 7.656684e-01 -6.083571e-01 -2.089341e-01
    outer loop
      vertex   1.450621e+01 -4.622792e+01 1.109770e+02
      vertex   1.435114e+01 -4.643503e+01 1.110118e+02
      vertex   1.414685e+01 -4.622792e+01 1.096601e+02
    endloop
  endfacet
  facet normal 8.914290e-01 -3.823389e-01 -2.432514e-01
    outer loop
      vertex   1.450621e+01 -4.622792e+01 1.109770e+02
      vertex   1.414685e+01 -4.622792e+01 1.096601e+02
      vertex   1.424191e+01 -4.598674e+01 1.096294e+02
    endloop
  endfacet
  facet normal 8.653572e-01 -3.823389e-01 -3.239969e-01
    outer loop
      vertex   1.424191e+01 -4.598674e+01 1.096294e+02
      vertex   1.414685e+01 -4.622792e+01 1.096601e+02
      vertex   1.376004e+01 -4.598674e+01 1.083423e+02
    endloop
  endfacet
  facet normal 1.266358e-01 -9.919492e-01 -4.523560e-04
    outer loop
      vertex   1.398637e+01 -4.672792e+01 1.148456e+02
      vertex   1.398160e+01 -4.672792e+01 1.135103e+02
      vertex   1.424919e+01 -4.669385e+01 1.137041e+02
    endloop
  endfacet
  facet normal 1.342283e-01 -9.908880e-01 -1.112248e-02
    outer loop
      vertex   1.424919e+01 -4.669385e+01 1.137041e+02
      vertex   1.398160e+01 -4.672792e+01 1.135103e+02
      vertex   1.414107e+01 -4.669385e+01 1.123992e+02
    endloop
  endfacet
  facet normal 3.817200e-01 -9.237367e-01 -3.163022e-02
    outer loop
      vertex   1.424919e+01 -4.669385e+01 1.137041e+02
      vertex   1.414107e+01 -4.669385e+01 1.123992e+02
      vertex   1.438026e+01 -4.659395e+01 1.123683e+02
    endloop
  endfacet
  facet normal 3.772091e-01 -9.237367e-01 -6.651215e-02
    outer loop
      vertex   1.438026e+01 -4.659395e+01 1.123683e+02
      vertex   1.414107e+01 -4.669385e+01 1.123992e+02
      vertex   1.414905e+01 -4.659395e+01 1.110570e+02
    endloop
  endfacet
  facet normal 5.999111e-01 -7.930430e-01 -1.057805e-01
    outer loop
      vertex   1.438026e+01 -4.659395e+01 1.123683e+02
      vertex   1.414905e+01 -4.659395e+01 1.110570e+02
      vertex   1.435114e+01 -4.643503e+01 1.110118e+02
    endloop
  endfacet
  facet normal 5.876785e-01 -7.930430e-01 -1.603646e-01
    outer loop
      vertex   1.435114e+01 -4.643503e+01 1.110118e+02
      vertex   1.414905e+01 -4.659395e+01 1.110570e+02
      vertex   1.399562e+01 -4.643503e+01 1.097089e+02
    endloop
  endfacet
  facet normal 7.656684e-01 -6.083571e-01 -2.089341e-01
    outer loop
      vertex   1.435114e+01 -4.643503e+01 1.110118e+02
      vertex   1.399562e+01 -4.643503e+01 1.097089e+02
      vertex   1.414685e+01 -4.622792e+01 1.096601e+02
    endloop
  endfacet
  facet normal 7.432747e-01 -6.083571e-01 -2.782882e-01
    outer loop
      vertex   1.414685e+01 -4.622792e+01 1.096601e+02
      vertex   1.399562e+01 -4.643503e+01 1.097089e+02
      vertex   1.366819e+01 -4.622792e+01 1.083816e+02
    endloop
  endfacet
  facet normal 8.653572e-01 -3.823389e-01 -3.239969e-01
    outer loop
      vertex   1.414685e+01 -4.622792e+01 1.096601e+02
      vertex   1.366819e+01 -4.622792e+01 1.083816e+02
      vertex   1.376004e+01 -4.598674e+01 1.083423e+02
    endloop
  endfacet
  facet normal 8.319884e-01 -3.823389e-01 -4.020103e-01
    outer loop
      vertex   1.376004e+01 -4.598674e+01 1.083423e+02
      vertex   1.366819e+01 -4.622792e+01 1.083816e+02
      vertex   1.316214e+01 -4.598674e+01 1.071049e+02
    endloop
  endfacet
  facet normal 1.252814e-01 -9.920432e-01 -1.244206e-02
    outer loop
      vertex   1.398160e+01 -4.672792e+01 1.135103e+02
      vertex   1.384963e+01 -4.672792e+01 1.121815e+02
      vertex   1.414107e+01 -4.669385e+01 1.123992e+02
    endloop
  endfacet
  facet normal 1.334126e-01 -9.907814e-01 -2.352424e-02
    outer loop
      vertex   1.414107e+01 -4.669385e+01 1.123992e+02
      vertex   1.384963e+01 -4.672792e+01 1.121815e+02
      vertex   1.391370e+01 -4.669385e+01 1.111098e+02
    endloop
  endfacet
  facet normal 3.772091e-01 -9.237367e-01 -6.651215e-02
    outer loop
      vertex   1.414107e+01 -4.669385e+01 1.123992e+02
      vertex   1.391370e+01 -4.669385e+01 1.111098e+02
      vertex   1.414905e+01 -4.659395e+01 1.110570e+02
    endloop
  endfacet
  facet normal 3.695176e-01 -9.237367e-01 -1.008332e-01
    outer loop
      vertex   1.414905e+01 -4.659395e+01 1.110570e+02
      vertex   1.391370e+01 -4.669385e+01 1.111098e+02
      vertex   1.379853e+01 -4.659395e+01 1.097725e+02
    endloop
  endfacet
  facet normal 5.876785e-01 -7.930430e-01 -1.603646e-01
    outer loop
      vertex   1.414905e+01 -4.659395e+01 1.110570e+02
      vertex   1.379853e+01 -4.659395e+01 1.097725e+02
      vertex   1.399562e+01 -4.643503e+01 1.097089e+02
    endloop
  endfacet
  facet normal 5.704905e-01 -7.930430e-01 -2.135964e-01
    outer loop
      vertex   1.399562e+01 -4.643503e+01 1.097089e+02
      vertex   1.379853e+01 -4.659395e+01 1.097725e+02
      vertex   1.352208e+01 -4.643503e+01 1.084441e+02
    endloop
  endfacet
  facet normal 7.432747e-01 -6.083571e-01 -2.782882e-01
    outer loop
      vertex   1.399562e+01 -4.643503e+01 1.097089e+02
      vertex   1.352208e+01 -4.643503e+01 1.084441e+02
      vertex   1.366819e+01 -4.622792e+01 1.083816e+02
    endloop
  endfacet
  facet normal 7.146135e-01 -6.083571e-01 -3.452957e-01
    outer loop
      vertex   1.366819e+01 -4.622792e+01 1.083816e+02
      vertex   1.352208e+01 -4.643503e+01 1.084441e+02
      vertex   1.307428e+01 -4.622792e+01 1.071525e+02
    endloop
  endfacet
  facet normal 8.319884e-01 -3.823389e-01 -4.020103e-01
    outer loop
      vertex   1.366819e+01 -4.622792e+01 1.083816e+02
      vertex   1.307428e+01 -4.622792e+01 1.071525e+02
      vertex   1.316214e+01 -4.598674e+01 1.071049e+02
    endloop
  endfacet
  facet normal 7.916041e-01 -3.823389e-01 -4.766340e-01
    outer loop
      vertex   1.316214e+01 -4.598674e+01 1.071049e+02
      vertex   1.307428e+01 -4.622792e+01 1.071525e+02
      vertex   1.245325e+01 -4.598674e+01 1.059276e+02
    endloop
  endfacet
  facet normal 1.228903e-01 -9.921253e-01 -2.419603e-02
    outer loop
      vertex   1.384963e+01 -4.672792e+01 1.121815e+02
      vertex   1.359167e+01 -4.672792e+01 1.108714e+02
      vertex   1.391370e+01 -4.669385e+01 1.111098e+02
    endloop
  endfacet
  facet normal 1.313635e-01 -9.906860e-01 -3.584622e-02
    outer loop
      vertex   1.391370e+01 -4.669385e+01 1.111098e+02
      vertex   1.359167e+01 -4.672792e+01 1.108714e+02
      vertex   1.356901e+01 -4.669385e+01 1.098466e+02
    endloop
  endfacet
  facet normal 3.695176e-01 -9.237367e-01 -1.008332e-01
    outer loop
      vertex   1.391370e+01 -4.669385e+01 1.111098e+02
      vertex   1.356901e+01 -4.669385e+01 1.098466e+02
      vertex   1.379853e+01 -4.659395e+01 1.097725e+02
    endloop
  endfacet
  facet normal 3.587102e-01 -9.237367e-01 -1.343041e-01
    outer loop
      vertex   1.379853e+01 -4.659395e+01 1.097725e+02
      vertex   1.356901e+01 -4.669385e+01 1.098466e+02
      vertex   1.333166e+01 -4.659395e+01 1.085256e+02
    endloop
  endfacet
  facet normal 5.704905e-01 -7.930430e-01 -2.135964e-01
    outer loop
      vertex   1.379853e+01 -4.659395e+01 1.097725e+02
      vertex   1.333166e+01 -4.659395e+01 1.085256e+02
      vertex   1.352208e+01 -4.643503e+01 1.084441e+02
    endloop
  endfacet
  facet normal 5.484920e-01 -7.930430e-01 -2.650271e-01
    outer loop
      vertex   1.352208e+01 -4.643503e+01 1.084441e+02
      vertex   1.333166e+01 -4.659395e+01 1.085256e+02
      vertex   1.293451e+01 -4.643503e+01 1.072281e+02
    endloop
  endfacet
  facet normal 7.146135e-01 -6.083571e-01 -3.452957e-01
    outer loop
      vertex   1.352208e+01 -4.643503e+01 1.084441e+02
      vertex   1.293451e+01 -4.643503e+01 1.072281e+02
      vertex   1.307428e+01 -4.622792e+01 1.071525e+02
    endloop
  endfacet
  facet normal 6.799265e-01 -6.083571e-01 -4.093916e-01
    outer loop
      vertex   1.307428e+01 -4.622792e+01 1.071525e+02
      vertex   1.293451e+01 -4.643503e+01 1.072281e+02
      vertex   1.237012e+01 -4.622792e+01 1.059830e+02
    endloop
  endfacet
  facet normal 7.916041e-01 -3.823389e-01 -4.766340e-01
    outer loop
      vertex   1.307428e+01 -4.622792e+01 1.071525e+02
      vertex   1.237012e+01 -4.622792e+01 1.059830e+02
      vertex   1.245325e+01 -4.598674e+01 1.059276e+02
    endloop
  endfacet
  facet normal 7.445448e-01 -3.823389e-01 -5.472385e-01
    outer loop
      vertex   1.245325e+01 -4.598674e+01 1.059276e+02
      vertex   1.237012e+01 -4.622792e+01 1.059830e+02
      vertex   1.163936e+01 -4.598674e+01 1.048202e+02
    endloop
  endfacet
  facet normal 1.194896e-01 -9.921958e-01 -3.563391e-02
    outer loop
      vertex   1.359167e+01 -4.672792e+01 1.108714e+02
      vertex   1.321006e+01 -4.672792e+01 1.095917e+02
      vertex   1.356901e+01 -4.669385e+01 1.098466e+02
    endloop
  endfacet
  facet normal 1.280896e-01 -9.906024e-01 -4.795781e-02
    outer loop
      vertex   1.356901e+01 -4.669385e+01 1.098466e+02
      vertex   1.321006e+01 -4.672792e+01 1.095917e+02
      vertex   1.310991e+01 -4.669385e+01 1.086204e+02
    endloop
  endfacet
  facet normal 3.587102e-01 -9.237367e-01 -1.343041e-01
    outer loop
      vertex   1.356901e+01 -4.669385e+01 1.098466e+02
      vertex   1.310991e+01 -4.669385e+01 1.086204e+02
      vertex   1.333166e+01 -4.659395e+01 1.085256e+02
    endloop
  endfacet
  facet normal 3.448781e-01 -9.237367e-01 -1.666424e-01
    outer loop
      vertex   1.333166e+01 -4.659395e+01 1.085256e+02
      vertex   1.310991e+01 -4.669385e+01 1.086204e+02
      vertex   1.275237e+01 -4.659395e+01 1.073267e+02
    endloop
  endfacet
  facet normal 5.484920e-01 -7.930430e-01 -2.650271e-01
    outer loop
      vertex   1.333166e+01 -4.659395e+01 1.085256e+02
      vertex   1.275237e+01 -4.659395e+01 1.073267e+02
      vertex   1.293451e+01 -4.643503e+01 1.072281e+02
    endloop
  endfacet
  facet normal 5.218685e-01 -7.930430e-01 -3.142230e-01
    outer loop
      vertex   1.293451e+01 -4.643503e+01 1.072281e+02
      vertex   1.275237e+01 -4.659395e+01 1.073267e+02
      vertex   1.223789e+01 -4.643503e+01 1.060711e+02
    endloop
  endfacet
  facet normal 6.799265e-01 -6.083571e-01 -4.093916e-01
    outer loop
      vertex   1.293451e+01 -4.643503e+01 1.072281e+02
      vertex   1.223789e+01 -4.643503e+01 1.060711e+02
      vertex   1.237012e+01 -4.622792e+01 1.059830e+02
    endloop
  endfacet
  facet normal 6.395063e-01 -6.083571e-01 -4.700355e-01
    outer loop
      vertex   1.237012e+01 -4.622792e+01 1.059830e+02
      vertex   1.223789e+01 -4.643503e+01 1.060711e+02
      vertex   1.156166e+01 -4.622792e+01 1.048830e+02
    endloop
  endfacet
  facet normal 7.445448e-01 -3.823389e-01 -5.472385e-01
    outer loop
      vertex   1.237012e+01 -4.622792e+01 1.059830e+02
      vertex   1.156166e+01 -4.622792e+01 1.048830e+02
      vertex   1.163936e+01 -4.598674e+01 1.048202e+02
    endloop
  endfacet
  facet normal 6.912074e-01 -3.823389e-01 -6.132286e-01
    outer loop
      vertex   1.163936e+01 -4.598674e+01 1.048202e+02
      vertex   1.156166e+01 -4.622792e+01 1.048830e+02
      vertex   1.072731e+01 -4.598674e+01 1.037922e+02
    endloop
  endfacet
  facet normal 1.151119e-01 -9.922552e-01 -4.667767e-02
    outer loop
      vertex   1.321006e+01 -4.672792e+01 1.095917e+02
      vertex   1.270828e+01 -4.672792e+01 1.083543e+02
      vertex   1.310991e+01 -4.669385e+01 1.086204e+02
    endloop
  endfacet
  facet normal 1.236140e-01 -9.905312e-01 -5.972934e-02
    outer loop
      vertex   1.310991e+01 -4.669385e+01 1.086204e+02
      vertex   1.270828e+01 -4.672792e+01 1.083543e+02
      vertex   1.254026e+01 -4.669385e+01 1.074415e+02
    endloop
  endfacet
  facet normal 3.448781e-01 -9.237367e-01 -1.666424e-01
    outer loop
      vertex   1.310991e+01 -4.669385e+01 1.086204e+02
      vertex   1.254026e+01 -4.669385e+01 1.074415e+02
      vertex   1.275237e+01 -4.659395e+01 1.073267e+02
    endloop
  endfacet
  facet normal 3.281379e-01 -9.237367e-01 -1.975756e-01
    outer loop
      vertex   1.275237e+01 -4.659395e+01 1.073267e+02
      vertex   1.254026e+01 -4.669385e+01 1.074415e+02
      vertex   1.206555e+01 -4.659395e+01 1.061860e+02
    endloop
  endfacet
  facet normal 5.218685e-01 -7.930430e-01 -3.142230e-01
    outer loop
      vertex   1.275237e+01 -4.659395e+01 1.073267e+02
      vertex   1.206555e+01 -4.659395e+01 1.061860e+02
      vertex   1.223789e+01 -4.643503e+01 1.060711e+02
    endloop
  endfacet
  facet normal 4.908445e-01 -7.930430e-01 -3.607694e-01
    outer loop
      vertex   1.223789e+01 -4.643503e+01 1.060711e+02
      vertex   1.206555e+01 -4.659395e+01 1.061860e+02
      vertex   1.143807e+01 -4.643503e+01 1.049829e+02
    endloop
  endfacet
  facet normal 6.395063e-01 -6.083571e-01 -4.700355e-01
    outer loop
      vertex   1.223789e+01 -4.643503e+01 1.060711e+02
      vertex   1.143807e+01 -4.643503e+01 1.049829e+02
      vertex   1.156166e+01 -4.622792e+01 1.048830e+02
    endloop
  endfacet
  facet normal 5.936936e-01 -6.083571e-01 -5.267158e-01
    outer loop
      vertex   1.156166e+01 -4.622792e+01 1.048830e+02
      vertex   1.143807e+01 -4.643503e+01 1.049829e+02
      vertex   1.065571e+01 -4.622792e+01 1.038619e+02
    endloop
  endfacet
  facet normal 6.912074e-01 -3.823389e-01 -6.132286e-01
    outer loop
      vertex   1.156166e+01 -4.622792e+01 1.048830e+02
      vertex   1.065571e+01 -4.622792e+01 1.038619e+02
      vertex   1.072731e+01 -4.598674e+01 1.037922e+02
    endloop
  endfacet
  facet normal 6.320415e-01 -3.823389e-01 -6.740478e-01
    outer loop
      vertex   1.072731e+01 -4.598674e+01 1.037922e+02
      vertex   1.065571e+01 -4.622792e+01 1.038619e+02
      vertex   9.724817e+00 -4.598674e+01 1.028522e+02
    endloop
  endfacet
  facet normal 1.097955e-01 -9.923040e-01 -5.725195e-02
    outer loop
      vertex   1.270828e+01 -4.672792e+01 1.083543e+02
      vertex   1.209088e+01 -4.672792e+01 1.071703e+02
      vertex   1.254026e+01 -4.669385e+01 1.074415e+02
    endloop
  endfacet
  facet normal 1.179746e-01 -9.904727e-01 -7.103387e-02
    outer loop
      vertex   1.254026e+01 -4.669385e+01 1.074415e+02
      vertex   1.209088e+01 -4.672792e+01 1.071703e+02
      vertex   1.186486e+01 -4.669385e+01 1.063198e+02
    endloop
  endfacet
  facet normal 3.281379e-01 -9.237367e-01 -1.975756e-01
    outer loop
      vertex   1.254026e+01 -4.669385e+01 1.074415e+02
      vertex   1.186486e+01 -4.669385e+01 1.063198e+02
      vertex   1.206555e+01 -4.659395e+01 1.061860e+02
    endloop
  endfacet
  facet normal 3.086307e-01 -9.237367e-01 -2.268428e-01
    outer loop
      vertex   1.206555e+01 -4.659395e+01 1.061860e+02
      vertex   1.186486e+01 -4.669385e+01 1.063198e+02
      vertex   1.127699e+01 -4.659395e+01 1.051131e+02
    endloop
  endfacet
  facet normal 4.908445e-01 -7.930430e-01 -3.607694e-01
    outer loop
      vertex   1.206555e+01 -4.659395e+01 1.061860e+02
      vertex   1.127699e+01 -4.659395e+01 1.051131e+02
      vertex   1.143807e+01 -4.643503e+01 1.049829e+02
    endloop
  endfacet
  facet normal 4.556815e-01 -7.930430e-01 -4.042737e-01
    outer loop
      vertex   1.143807e+01 -4.643503e+01 1.049829e+02
      vertex   1.127699e+01 -4.659395e+01 1.051131e+02
      vertex   1.054180e+01 -4.643503e+01 1.039727e+02
    endloop
  endfacet
  facet normal 5.936936e-01 -6.083571e-01 -5.267158e-01
    outer loop
      vertex   1.143807e+01 -4.643503e+01 1.049829e+02
      vertex   1.054180e+01 -4.643503e+01 1.039727e+02
      vertex   1.065571e+01 -4.622792e+01 1.038619e+02
    endloop
  endfacet
  facet normal 5.428747e-01 -6.083571e-01 -5.789548e-01
    outer loop
      vertex   1.065571e+01 -4.622792e+01 1.038619e+02
      vertex   1.054180e+01 -4.643503e+01 1.039727e+02
      vertex   9.659902e+00 -4.622792e+01 1.029281e+02
    endloop
  endfacet
  facet normal 6.320415e-01 -3.823389e-01 -6.740478e-01
    outer loop
      vertex   1.065571e+01 -4.622792e+01 1.038619e+02
      vertex   9.659902e+00 -4.622792e+01 1.029281e+02
      vertex   9.724817e+00 -4.598674e+01 1.028522e+02
    endloop
  endfacet
  facet normal 1.035838e-01 -9.923423e-01 -6.728445e-02
    outer loop
      vertex   1.209088e+01 -4.672792e+01 1.071703e+02
      vertex   1.136349e+01 -4.672792e+01 1.060504e+02
      vertex   1.186486e+01 -4.669385e+01 1.063198e+02
    endloop
  endfacet
  facet normal 1.112235e-01 -9.904274e-01 -8.174900e-02
    outer loop
      vertex   1.186486e+01 -4.669385e+01 1.063198e+02
      vertex   1.136349e+01 -4.672792e+01 1.060504e+02
      vertex   1.108942e+01 -4.669385e+01 1.052647e+02
    endloop
  endfacet
  facet normal 3.086307e-01 -9.237367e-01 -2.268428e-01
    outer loop
      vertex   1.186486e+01 -4.669385e+01 1.063198e+02
      vertex   1.108942e+01 -4.669385e+01 1.052647e+02
      vertex   1.127699e+01 -4.659395e+01 1.051131e+02
    endloop
  endfacet
  facet normal 2.865212e-01 -9.237367e-01 -2.541972e-01
    outer loop
      vertex   1.127699e+01 -4.659395e+01 1.051131e+02
      vertex   1.108942e+01 -4.669385e+01 1.052647e+02
      vertex   1.039335e+01 -4.659395e+01 1.041171e+02
    endloop
  endfacet
  facet normal 4.556815e-01 -7.930430e-01 -4.042737e-01
    outer loop
      vertex   1.127699e+01 -4.659395e+01 1.051131e+02
      vertex   1.039335e+01 -4.659395e+01 1.041171e+02
      vertex   1.054180e+01 -4.643503e+01 1.039727e+02
    endloop
  endfacet
  facet normal 4.166762e-01 -7.930430e-01 -4.443690e-01
    outer loop
      vertex   1.054180e+01 -4.643503e+01 1.039727e+02
      vertex   1.039335e+01 -4.659395e+01 1.041171e+02
      vertex   9.556637e+00 -4.643503e+01 1.030489e+02
    endloop
  endfacet
  facet normal 5.428747e-01 -6.083571e-01 -5.789548e-01
    outer loop
      vertex   1.054180e+01 -4.643503e+01 1.039727e+02
      vertex   9.556637e+00 -4.643503e+01 1.030489e+02
      vertex   9.659902e+00 -4.622792e+01 1.029281e+02
    endloop
  endfacet
  facet normal 9.652531e-02 -9.923704e-01 -7.670631e-02
    outer loop
      vertex   1.136349e+01 -4.672792e+01 1.060504e+02
      vertex   1.053272e+01 -4.672792e+01 1.050050e+02
      vertex   1.108942e+01 -4.669385e+01 1.052647e+02
    endloop
  endfacet
  facet normal 1.034267e-01 -9.903955e-01 -9.175858e-02
    outer loop
      vertex   1.108942e+01 -4.669385e+01 1.052647e+02
      vertex   1.053272e+01 -4.672792e+01 1.050050e+02
      vertex   1.022047e+01 -4.669385e+01 1.042853e+02
    endloop
  endfacet
  facet normal 2.865212e-01 -9.237367e-01 -2.541972e-01
    outer loop
      vertex   1.108942e+01 -4.669385e+01 1.052647e+02
      vertex   1.022047e+01 -4.669385e+01 1.042853e+02
      vertex   1.039335e+01 -4.659395e+01 1.041171e+02
    endloop
  endfacet
  facet normal 2.619956e-01 -9.237367e-01 -2.794081e-01
    outer loop
      vertex   1.039335e+01 -4.659395e+01 1.041171e+02
      vertex   1.022047e+01 -4.669385e+01 1.042853e+02
      vertex   9.422060e+00 -4.659395e+01 1.032064e+02
    endloop
  endfacet
  facet normal 4.166762e-01 -7.930430e-01 -4.443690e-01
    outer loop
      vertex   1.039335e+01 -4.659395e+01 1.041171e+02
      vertex   9.422060e+00 -4.659395e+01 1.032064e+02
      vertex   9.556637e+00 -4.643503e+01 1.030489e+02
    endloop
  endfacet
  facet normal 8.867342e-02 -9.923885e-01 -8.545244e-02
    outer loop
      vertex   1.053272e+01 -4.672792e+01 1.050050e+02
      vertex   9.606126e+00 -4.672792e+01 1.040435e+02
      vertex   1.022047e+01 -4.669385e+01 1.042853e+02
    endloop
  endfacet
  facet normal 9.466295e-02 -9.903773e-01 -1.009544e-01
    outer loop
      vertex   1.022047e+01 -4.669385e+01 1.042853e+02
      vertex   9.606126e+00 -4.672792e+01 1.040435e+02
      vertex   9.265341e+00 -4.669385e+01 1.033897e+02
    endloop
  endfacet
  facet normal 2.619956e-01 -9.237367e-01 -2.794081e-01
    outer loop
      vertex   1.022047e+01 -4.669385e+01 1.042853e+02
      vertex   9.265341e+00 -4.669385e+01 1.033897e+02
      vertex   9.422060e+00 -4.659395e+01 1.032064e+02
    endloop
  endfacet
  facet normal 8.008608e-02 -9.923966e-01 -9.346184e-02
    outer loop
      vertex   9.606126e+00 -4.672792e+01 1.040435e+02
      vertex   8.592146e+00 -4.672792e+01 1.031746e+02
      vertex   9.265341e+00 -4.669385e+01 1.033897e+02
    endloop
  endfacet
  facet normal 9.239832e-01 -3.823389e-01 8.487896e-03
    outer loop
      vertex   1.484345e+01 -4.622792e+01 1.150469e+02
      vertex   1.495582e+01 -4.598674e+01 1.136781e+02
      vertex   1.494320e+01 -4.598674e+01 1.150524e+02
    endloop
  endfacet
  facet normal 9.193090e-01 -3.823389e-01 9.320937e-02
    outer loop
      vertex   1.484345e+01 -4.622792e+01 1.150469e+02
      vertex   1.494320e+01 -4.598674e+01 1.150524e+02
      vertex   1.470575e+01 -4.622792e+01 1.164050e+02
    endloop
  endfacet
  facet normal 9.193090e-01 -3.823389e-01 9.320937e-02
    outer loop
      vertex   1.470575e+01 -4.622792e+01 1.164050e+02
      vertex   1.494320e+01 -4.598674e+01 1.150524e+02
      vertex   1.480457e+01 -4.598674e+01 1.164196e+02
    endloop
  endfacet
  facet normal 9.068829e-01 -3.823389e-01 1.771449e-01
    outer loop
      vertex   1.470575e+01 -4.622792e+01 1.164050e+02
      vertex   1.480457e+01 -4.598674e+01 1.164196e+02
      vertex   1.444404e+01 -4.622792e+01 1.177448e+02
    endloop
  endfacet
  facet normal 9.068829e-01 -3.823389e-01 1.771449e-01
    outer loop
      vertex   1.444404e+01 -4.622792e+01 1.177448e+02
      vertex   1.480457e+01 -4.598674e+01 1.164196e+02
      vertex   1.454111e+01 -4.598674e+01 1.177684e+02
    endloop
  endfacet
  facet normal 8.868229e-01 -3.823397e-01 2.595409e-01
    outer loop
      vertex   1.444404e+01 -4.622792e+01 1.177448e+02
      vertex   1.454111e+01 -4.598674e+01 1.177684e+02
      vertex   1.406104e+01 -4.622792e+01 1.190535e+02
    endloop
  endfacet
  facet normal 8.868620e-01 -3.822244e-01 2.595771e-01
    outer loop
      vertex   1.406104e+01 -4.622792e+01 1.190535e+02
      vertex   1.454111e+01 -4.598674e+01 1.177684e+02
      vertex   1.415528e+01 -4.598674e+01 1.190866e+02
    endloop
  endfacet
  facet normal 8.592322e-01 -3.824540e-01 3.397778e-01
    outer loop
      vertex   1.406104e+01 -4.622792e+01 1.190535e+02
      vertex   1.415528e+01 -4.598674e+01 1.190866e+02
      vertex   1.355848e+01 -4.622792e+01 1.203243e+02
    endloop
  endfacet
  facet normal 8.592679e-01 -3.823385e-01 3.398175e-01
    outer loop
      vertex   1.355848e+01 -4.622792e+01 1.203243e+02
      vertex   1.415528e+01 -4.598674e+01 1.190866e+02
      vertex   1.364959e+01 -4.598674e+01 1.203653e+02
    endloop
  endfacet
  facet normal 8.244627e-01 -3.823389e-01 4.172268e-01
    outer loop
      vertex   1.355848e+01 -4.622792e+01 1.203243e+02
      vertex   1.364959e+01 -4.598674e+01 1.203653e+02
      vertex   1.294209e+01 -4.622792e+01 1.215424e+02
    endloop
  endfacet
  facet normal 8.244627e-01 -3.823389e-01 4.172268e-01
    outer loop
      vertex   1.294209e+01 -4.622792e+01 1.215424e+02
      vertex   1.364959e+01 -4.598674e+01 1.203653e+02
      vertex   1.302906e+01 -4.598674e+01 1.215915e+02
    endloop
  endfacet
  facet normal 7.827143e-01 -3.823389e-01 4.910960e-01
    outer loop
      vertex   1.294209e+01 -4.622792e+01 1.215424e+02
      vertex   1.302906e+01 -4.598674e+01 1.215915e+02
      vertex   1.221657e+01 -4.622792e+01 1.226987e+02
    endloop
  endfacet
  facet normal 7.827143e-01 -3.823389e-01 4.910960e-01
    outer loop
      vertex   1.221657e+01 -4.622792e+01 1.226987e+02
      vertex   1.302906e+01 -4.598674e+01 1.215915e+02
      vertex   1.229867e+01 -4.598674e+01 1.227556e+02
    endloop
  endfacet
  facet normal 7.343659e-01 -3.823389e-01 5.608241e-01
    outer loop
      vertex   1.221657e+01 -4.622792e+01 1.226987e+02
      vertex   1.229867e+01 -4.598674e+01 1.227556e+02
      vertex   1.138804e+01 -4.622792e+01 1.237836e+02
    endloop
  endfacet
  facet normal 7.343659e-01 -3.823389e-01 5.608241e-01
    outer loop
      vertex   1.138804e+01 -4.622792e+01 1.237836e+02
      vertex   1.229867e+01 -4.598674e+01 1.227556e+02
      vertex   1.146456e+01 -4.598674e+01 1.238478e+02
    endloop
  endfacet
  facet normal 6.798252e-01 -3.823389e-01 6.258232e-01
    outer loop
      vertex   1.138804e+01 -4.622792e+01 1.237836e+02
      vertex   1.146456e+01 -4.598674e+01 1.238478e+02
      vertex   1.046348e+01 -4.622792e+01 1.247880e+02
    endloop
  endfacet
  facet normal 6.798252e-01 -3.823389e-01 6.258232e-01
    outer loop
      vertex   1.046348e+01 -4.622792e+01 1.247880e+02
      vertex   1.146456e+01 -4.598674e+01 1.238478e+02
      vertex   1.053379e+01 -4.598674e+01 1.248589e+02
    endloop
  endfacet
  facet normal 6.195520e-01 -3.823389e-01 6.855452e-01
    outer loop
      vertex   1.046348e+01 -4.622792e+01 1.247880e+02
      vertex   1.053379e+01 -4.598674e+01 1.248589e+02
      vertex   9.450685e+00 -4.622792e+01 1.257033e+02
    endloop
  endfacet
  facet normal 6.195520e-01 -3.823389e-01 6.855452e-01
    outer loop
      vertex   9.450685e+00 -4.622792e+01 1.257033e+02
      vertex   1.053379e+01 -4.598674e+01 1.248589e+02
      vertex   9.514194e+00 -4.598674e+01 1.257804e+02
    endloop
  endfacet
  facet normal 5.540547e-01 -3.823389e-01 7.394866e-01
    outer loop
      vertex   9.450685e+00 -4.622792e+01 1.257033e+02
      vertex   9.514194e+00 -4.598674e+01 1.257804e+02
      vertex   8.358205e+00 -4.622792e+01 1.265218e+02
    endloop
  endfacet
  facet normal 5.540547e-01 -3.823389e-01 7.394866e-01
    outer loop
      vertex   8.358205e+00 -4.622792e+01 1.265218e+02
      vertex   9.514194e+00 -4.598674e+01 1.257804e+02
      vertex   8.414372e+00 -4.598674e+01 1.266044e+02
    endloop
  endfacet
  facet normal 4.838854e-01 -3.823389e-01 7.871924e-01
    outer loop
      vertex   8.358205e+00 -4.622792e+01 1.265218e+02
      vertex   8.414372e+00 -4.598674e+01 1.266044e+02
      vertex   7.195245e+00 -4.622792e+01 1.272367e+02
    endloop
  endfacet
  facet normal 4.838854e-01 -3.823389e-01 7.871924e-01
    outer loop
      vertex   7.195245e+00 -4.622792e+01 1.272367e+02
      vertex   8.414372e+00 -4.598674e+01 1.266044e+02
      vertex   7.243598e+00 -4.598674e+01 1.273241e+02
    endloop
  endfacet
  facet normal 4.096359e-01 -3.823389e-01 8.282605e-01
    outer loop
      vertex   7.195245e+00 -4.622792e+01 1.272367e+02
      vertex   7.243598e+00 -4.598674e+01 1.273241e+02
      vertex   5.971614e+00 -4.622792e+01 1.278418e+02
    endloop
  endfacet
  facet normal 4.096359e-01 -3.823389e-01 8.282605e-01
    outer loop
      vertex   5.971614e+00 -4.622792e+01 1.278418e+02
      vertex   7.243598e+00 -4.598674e+01 1.273241e+02
      vertex   6.011744e+00 -4.598674e+01 1.279333e+02
    endloop
  endfacet
  facet normal 3.319322e-01 -3.823389e-01 8.623445e-01
    outer loop
      vertex   5.971614e+00 -4.622792e+01 1.278418e+02
      vertex   6.011744e+00 -4.598674e+01 1.279333e+02
      vertex   4.697629e+00 -4.622792e+01 1.283322e+02
    endloop
  endfacet
  facet normal 3.319322e-01 -3.823389e-01 8.623445e-01
    outer loop
      vertex   4.697629e+00 -4.622792e+01 1.283322e+02
      vertex   6.011744e+00 -4.598674e+01 1.279333e+02
      vertex   4.729198e+00 -4.598674e+01 1.284270e+02
    endloop
  endfacet
  facet normal 2.514296e-01 -3.823389e-01 8.891570e-01
    outer loop
      vertex   4.697629e+00 -4.622792e+01 1.283322e+02
      vertex   4.729198e+00 -4.598674e+01 1.284270e+02
      vertex   3.384033e+00 -4.622792e+01 1.287037e+02
    endloop
  endfacet
  facet normal 2.514296e-01 -3.823389e-01 8.891570e-01
    outer loop
      vertex   3.384033e+00 -4.622792e+01 1.287037e+02
      vertex   4.729198e+00 -4.598674e+01 1.284270e+02
      vertex   3.406774e+00 -4.598674e+01 1.288009e+02
    endloop
  endfacet
  facet normal 1.688069e-01 -3.823389e-01 9.084719e-01
    outer loop
      vertex   3.384033e+00 -4.622792e+01 1.287037e+02
      vertex   3.406774e+00 -4.598674e+01 1.288009e+02
      vertex   2.041901e+00 -4.622792e+01 1.289530e+02
    endloop
  endfacet
  facet normal 1.688069e-01 -3.823389e-01 9.084719e-01
    outer loop
      vertex   2.041901e+00 -4.622792e+01 1.289530e+02
      vertex   3.406774e+00 -4.598674e+01 1.288009e+02
      vertex   2.055623e+00 -4.598674e+01 1.290520e+02
    endloop
  endfacet
  facet normal 8.476083e-02 -3.823389e-01 9.201264e-01
    outer loop
      vertex   2.041901e+00 -4.622792e+01 1.289530e+02
      vertex   2.055623e+00 -4.598674e+01 1.290520e+02
      vertex   6.825523e-01 -4.622792e+01 1.290783e+02
    endloop
  endfacet
  facet normal 8.476083e-02 -3.823389e-01 9.201264e-01
    outer loop
      vertex   6.825523e-01 -4.622792e+01 1.290783e+02
      vertex   2.055623e+00 -4.598674e+01 1.290520e+02
      vertex   6.871391e-01 -4.598674e+01 1.291781e+02
    endloop
  endfacet
  facet normal 0.000000e+00 -3.823389e-01 9.240222e-01
    outer loop
      vertex   6.825523e-01 -4.622792e+01 1.290783e+02
      vertex   6.871391e-01 -4.598674e+01 1.291781e+02
      vertex   -6.825523e-01 -4.622792e+01 1.290783e+02
    endloop
  endfacet
  facet normal 0.000000e+00 -3.823389e-01 9.240222e-01
    outer loop
      vertex   -6.825523e-01 -4.622792e+01 1.290783e+02
      vertex   6.871391e-01 -4.598674e+01 1.291781e+02
      vertex   -6.871391e-01 -4.598674e+01 1.291781e+02
    endloop
  endfacet
  facet normal -8.476083e-02 -3.823389e-01 9.201264e-01
    outer loop
      vertex   -6.825523e-01 -4.622792e+01 1.290783e+02
      vertex   -6.871391e-01 -4.598674e+01 1.291781e+02
      vertex   -2.041901e+00 -4.622792e+01 1.289530e+02
    endloop
  endfacet
  facet normal -8.476083e-02 -3.823389e-01 9.201264e-01
    outer loop
      vertex   -2.041901e+00 -4.622792e+01 1.289530e+02
      vertex   -6.871391e-01 -4.598674e+01 1.291781e+02
      vertex   -2.055623e+00 -4.598674e+01 1.290520e+02
    endloop
  endfacet
  facet normal -1.688069e-01 -3.823389e-01 9.084719e-01
    outer loop
      vertex   -2.041901e+00 -4.622792e+01 1.289530e+02
      vertex   -2.055623e+00 -4.598674e+01 1.290520e+02
      vertex   -3.384033e+00 -4.622792e+01 1.287037e+02
    endloop
  endfacet
  facet normal -1.688069e-01 -3.823389e-01 9.084719e-01
    outer loop
      vertex   -3.384033e+00 -4.622792e+01 1.287037e+02
      vertex   -2.055623e+00 -4.598674e+01 1.290520e+02
      vertex   -3.406774e+00 -4.598674e+01 1.288009e+02
    endloop
  endfacet
  facet normal -2.514296e-01 -3.823389e-01 8.891570e-01
    outer loop
      vertex   -3.384033e+00 -4.622792e+01 1.287037e+02
      vertex   -3.406774e+00 -4.598674e+01 1.288009e+02
      vertex   -4.697629e+00 -4.622792e+01 1.283322e+02
    endloop
  endfacet
  facet normal -2.514296e-01 -3.823389e-01 8.891570e-01
    outer loop
      vertex   -4.697629e+00 -4.622792e+01 1.283322e+02
      vertex   -3.406774e+00 -4.598674e+01 1.288009e+02
      vertex   -4.729198e+00 -4.598674e+01 1.284270e+02
    endloop
  endfacet
  facet normal -3.319322e-01 -3.823389e-01 8.623445e-01
    outer loop
      vertex   -4.697629e+00 -4.622792e+01 1.283322e+02
      vertex   -4.729198e+00 -4.598674e+01 1.284270e+02
      vertex   -5.971614e+00 -4.622792e+01 1.278418e+02
    endloop
  endfacet
  facet normal -3.319322e-01 -3.823389e-01 8.623445e-01
    outer loop
      vertex   -5.971614e+00 -4.622792e+01 1.278418e+02
      vertex   -4.729198e+00 -4.598674e+01 1.284270e+02
      vertex   -6.011744e+00 -4.598674e+01 1.279333e+02
    endloop
  endfacet
  facet normal -4.096359e-01 -3.823389e-01 8.282605e-01
    outer loop
      vertex   -5.971614e+00 -4.622792e+01 1.278418e+02
      vertex   -6.011744e+00 -4.598674e+01 1.279333e+02
      vertex   -7.195245e+00 -4.622792e+01 1.272367e+02
    endloop
  endfacet
  facet normal -4.096359e-01 -3.823389e-01 8.282605e-01
    outer loop
      vertex   -7.195245e+00 -4.622792e+01 1.272367e+02
      vertex   -6.011744e+00 -4.598674e+01 1.279333e+02
      vertex   -7.243598e+00 -4.598674e+01 1.273241e+02
    endloop
  endfacet
  facet normal -4.838854e-01 -3.823389e-01 7.871924e-01
    outer loop
      vertex   -7.195245e+00 -4.622792e+01 1.272367e+02
      vertex   -7.243598e+00 -4.598674e+01 1.273241e+02
      vertex   -8.358205e+00 -4.622792e+01 1.265218e+02
    endloop
  endfacet
  facet normal -4.838854e-01 -3.823389e-01 7.871924e-01
    outer loop
      vertex   -8.358205e+00 -4.622792e+01 1.265218e+02
      vertex   -7.243598e+00 -4.598674e+01 1.273241e+02
      vertex   -8.414372e+00 -4.598674e+01 1.266044e+02
    endloop
  endfacet
  facet normal -5.540547e-01 -3.823389e-01 7.394866e-01
    outer loop
      vertex   -8.358205e+00 -4.622792e+01 1.265218e+02
      vertex   -8.414372e+00 -4.598674e+01 1.266044e+02
      vertex   -9.450685e+00 -4.622792e+01 1.257033e+02
    endloop
  endfacet
  facet normal -5.540547e-01 -3.823389e-01 7.394866e-01
    outer loop
      vertex   -9.450685e+00 -4.622792e+01 1.257033e+02
      vertex   -8.414372e+00 -4.598674e+01 1.266044e+02
      vertex   -9.514194e+00 -4.598674e+01 1.257804e+02
    endloop
  endfacet
  facet normal -6.195520e-01 -3.823389e-01 6.855452e-01
    outer loop
      vertex   -9.450685e+00 -4.622792e+01 1.257033e+02
      vertex   -9.514194e+00 -4.598674e+01 1.257804e+02
      vertex   -1.046348e+01 -4.622792e+01 1.247880e+02
    endloop
  endfacet
  facet normal -6.195520e-01 -3.823389e-01 6.855452e-01
    outer loop
      vertex   -1.046348e+01 -4.622792e+01 1.247880e+02
      vertex   -9.514194e+00 -4.598674e+01 1.257804e+02
      vertex   -1.053379e+01 -4.598674e+01 1.248589e+02
    endloop
  endfacet
  facet normal -6.798252e-01 -3.823389e-01 6.258232e-01
    outer loop
      vertex   -1.046348e+01 -4.622792e+01 1.247880e+02
      vertex   -1.053379e+01 -4.598674e+01 1.248589e+02
      vertex   -1.138804e+01 -4.622792e+01 1.237836e+02
    endloop
  endfacet
  facet normal 7.896151e-01 -6.083571e-01 8.005962e-02
    outer loop
      vertex   1.484345e+01 -4.622792e+01 1.150469e+02
      vertex   1.470575e+01 -4.622792e+01 1.164050e+02
      vertex   1.454854e+01 -4.643503e+01 1.163817e+02
    endloop
  endfacet
  facet normal 7.789421e-01 -6.083571e-01 1.521537e-01
    outer loop
      vertex   1.454854e+01 -4.643503e+01 1.163817e+02
      vertex   1.470575e+01 -4.622792e+01 1.164050e+02
      vertex   1.428964e+01 -4.643503e+01 1.177072e+02
    endloop
  endfacet
  facet normal 5.978666e-01 -7.930430e-01 1.167835e-01
    outer loop
      vertex   1.454854e+01 -4.643503e+01 1.163817e+02
      vertex   1.428964e+01 -4.643503e+01 1.177072e+02
      vertex   1.408841e+01 -4.659395e+01 1.176582e+02
    endloop
  endfacet
  facet normal 5.846492e-01 -7.930444e-01 1.710729e-01
    outer loop
      vertex   1.408841e+01 -4.659395e+01 1.176582e+02
      vertex   1.428964e+01 -4.643503e+01 1.177072e+02
      vertex   1.371532e+01 -4.659395e+01 1.189332e+02
    endloop
  endfacet
  facet normal 3.676562e-01 -9.237184e-01 1.075791e-01
    outer loop
      vertex   1.408841e+01 -4.659395e+01 1.176582e+02
      vertex   1.371532e+01 -4.659395e+01 1.189332e+02
      vertex   1.348743e+01 -4.669385e+01 1.188543e+02
    endloop
  endfacet
  facet normal 3.561590e-01 -9.237552e-01 1.408089e-01
    outer loop
      vertex   1.348743e+01 -4.669385e+01 1.188543e+02
      vertex   1.371532e+01 -4.659395e+01 1.189332e+02
      vertex   1.300468e+01 -4.669385e+01 1.200753e+02
    endloop
  endfacet
  facet normal 7.789421e-01 -6.083571e-01 1.521537e-01
    outer loop
      vertex   1.428964e+01 -4.643503e+01 1.177072e+02
      vertex   1.470575e+01 -4.622792e+01 1.164050e+02
      vertex   1.444404e+01 -4.622792e+01 1.177448e+02
    endloop
  endfacet
  facet normal 7.617172e-01 -6.083585e-01 2.229057e-01
    outer loop
      vertex   1.428964e+01 -4.643503e+01 1.177072e+02
      vertex   1.444404e+01 -4.622792e+01 1.177448e+02
      vertex   1.391097e+01 -4.643503e+01 1.190012e+02
    endloop
  endfacet
  facet normal 7.617734e-01 -6.082742e-01 2.229434e-01
    outer loop
      vertex   1.391097e+01 -4.643503e+01 1.190012e+02
      vertex   1.444404e+01 -4.622792e+01 1.177448e+02
      vertex   1.406104e+01 -4.622792e+01 1.190535e+02
    endloop
  endfacet
  facet normal 7.379998e-01 -6.084407e-01 2.918152e-01
    outer loop
      vertex   1.391097e+01 -4.643503e+01 1.190012e+02
      vertex   1.406104e+01 -4.622792e+01 1.190535e+02
      vertex   1.341354e+01 -4.643503e+01 1.202592e+02
    endloop
  endfacet
  facet normal 7.380526e-01 -6.083562e-01 2.918581e-01
    outer loop
      vertex   1.341354e+01 -4.643503e+01 1.202592e+02
      vertex   1.406104e+01 -4.622792e+01 1.190535e+02
      vertex   1.355848e+01 -4.622792e+01 1.203243e+02
    endloop
  endfacet
  facet normal 7.081495e-01 -6.083571e-01 3.583655e-01
    outer loop
      vertex   1.341354e+01 -4.643503e+01 1.202592e+02
      vertex   1.355848e+01 -4.622792e+01 1.203243e+02
      vertex   1.280374e+01 -4.643503e+01 1.214642e+02
    endloop
  endfacet
  facet normal 7.081495e-01 -6.083571e-01 3.583655e-01
    outer loop
      vertex   1.280374e+01 -4.643503e+01 1.214642e+02
      vertex   1.355848e+01 -4.622792e+01 1.203243e+02
      vertex   1.294209e+01 -4.622792e+01 1.215424e+02
    endloop
  endfacet
  facet normal 6.722909e-01 -6.083571e-01 4.218134e-01
    outer loop
      vertex   1.280374e+01 -4.643503e+01 1.214642e+02
      vertex   1.294209e+01 -4.622792e+01 1.215424e+02
      vertex   1.208597e+01 -4.643503e+01 1.226082e+02
    endloop
  endfacet
  facet normal 6.722909e-01 -6.083571e-01 4.218134e-01
    outer loop
      vertex   1.208597e+01 -4.643503e+01 1.226082e+02
      vertex   1.294209e+01 -4.622792e+01 1.215424e+02
      vertex   1.221657e+01 -4.622792e+01 1.226987e+02
    endloop
  endfacet
  facet normal 6.307634e-01 -6.083571e-01 4.817044e-01
    outer loop
      vertex   1.208597e+01 -4.643503e+01 1.226082e+02
      vertex   1.221657e+01 -4.622792e+01 1.226987e+02
      vertex   1.126630e+01 -4.643503e+01 1.236815e+02
    endloop
  endfacet
  facet normal 6.307634e-01 -6.083571e-01 4.817044e-01
    outer loop
      vertex   1.126630e+01 -4.643503e+01 1.236815e+02
      vertex   1.221657e+01 -4.622792e+01 1.226987e+02
      vertex   1.138804e+01 -4.622792e+01 1.237836e+02
    endloop
  endfacet
  facet normal 5.839172e-01 -6.083571e-01 5.375336e-01
    outer loop
      vertex   1.126630e+01 -4.643503e+01 1.236815e+02
      vertex   1.138804e+01 -4.622792e+01 1.237836e+02
      vertex   1.035162e+01 -4.643503e+01 1.246751e+02
    endloop
  endfacet
  facet normal 5.839172e-01 -6.083571e-01 5.375336e-01
    outer loop
      vertex   1.035162e+01 -4.643503e+01 1.246751e+02
      vertex   1.138804e+01 -4.622792e+01 1.237836e+02
      vertex   1.046348e+01 -4.622792e+01 1.247880e+02
    endloop
  endfacet
  facet normal 5.321472e-01 -6.083571e-01 5.888302e-01
    outer loop
      vertex   1.035162e+01 -4.643503e+01 1.246751e+02
      vertex   1.046348e+01 -4.622792e+01 1.247880e+02
      vertex   9.349657e+00 -4.643503e+01 1.255806e+02
    endloop
  endfacet
  facet normal 5.321472e-01 -6.083571e-01 5.888302e-01
    outer loop
      vertex   9.349657e+00 -4.643503e+01 1.255806e+02
      vertex   1.046348e+01 -4.622792e+01 1.247880e+02
      vertex   9.450685e+00 -4.622792e+01 1.257033e+02
    endloop
  endfacet
  facet normal 4.758900e-01 -6.083571e-01 6.351616e-01
    outer loop
      vertex   9.349657e+00 -4.643503e+01 1.255806e+02
      vertex   9.450685e+00 -4.622792e+01 1.257033e+02
      vertex   8.268855e+00 -4.643503e+01 1.263904e+02
    endloop
  endfacet
  facet normal 4.758900e-01 -6.083571e-01 6.351616e-01
    outer loop
      vertex   8.268855e+00 -4.643503e+01 1.263904e+02
      vertex   9.450685e+00 -4.622792e+01 1.257033e+02
      vertex   8.358205e+00 -4.622792e+01 1.265218e+02
    endloop
  endfacet
  facet normal 4.156200e-01 -6.083571e-01 6.761373e-01
    outer loop
      vertex   8.268855e+00 -4.643503e+01 1.263904e+02
      vertex   8.358205e+00 -4.622792e+01 1.265218e+02
      vertex   7.118328e+00 -4.643503e+01 1.270976e+02
    endloop
  endfacet
  facet normal 4.156200e-01 -6.083571e-01 6.761373e-01
    outer loop
      vertex   7.118328e+00 -4.643503e+01 1.270976e+02
      vertex   8.358205e+00 -4.622792e+01 1.265218e+02
      vertex   7.195245e+00 -4.622792e+01 1.272367e+02
    endloop
  endfacet
  facet normal 3.518455e-01 -6.083571e-01 7.114115e-01
    outer loop
      vertex   7.118328e+00 -4.643503e+01 1.270976e+02
      vertex   7.195245e+00 -4.622792e+01 1.272367e+02
      vertex   5.907778e+00 -4.643503e+01 1.276963e+02
    endloop
  endfacet
  facet normal 3.518455e-01 -6.083571e-01 7.114115e-01
    outer loop
      vertex   5.907778e+00 -4.643503e+01 1.276963e+02
      vertex   7.195245e+00 -4.622792e+01 1.272367e+02
      vertex   5.971614e+00 -4.622792e+01 1.278418e+02
    endloop
  endfacet
  facet normal 2.851040e-01 -6.083571e-01 7.406870e-01
    outer loop
      vertex   5.907778e+00 -4.643503e+01 1.276963e+02
      vertex   5.971614e+00 -4.622792e+01 1.278418e+02
      vertex   4.647411e+00 -4.643503e+01 1.281814e+02
    endloop
  endfacet
  facet normal 2.851040e-01 -6.083571e-01 7.406870e-01
    outer loop
      vertex   4.647411e+00 -4.643503e+01 1.281814e+02
      vertex   5.971614e+00 -4.622792e+01 1.278418e+02
      vertex   4.697629e+00 -4.622792e+01 1.283322e+02
    endloop
  endfacet
  facet normal 2.159586e-01 -6.083571e-01 7.637169e-01
    outer loop
      vertex   4.647411e+00 -4.643503e+01 1.281814e+02
      vertex   4.697629e+00 -4.622792e+01 1.283322e+02
      vertex   3.347857e+00 -4.643503e+01 1.285489e+02
    endloop
  endfacet
  facet normal 2.159586e-01 -6.083571e-01 7.637169e-01
    outer loop
      vertex   3.347857e+00 -4.643503e+01 1.285489e+02
      vertex   4.697629e+00 -4.622792e+01 1.283322e+02
      vertex   3.384033e+00 -4.622792e+01 1.287037e+02
    endloop
  endfacet
  facet normal 1.449921e-01 -6.083571e-01 7.803069e-01
    outer loop
      vertex   3.347857e+00 -4.643503e+01 1.285489e+02
      vertex   3.384033e+00 -4.622792e+01 1.287037e+02
      vertex   2.020073e+00 -4.643503e+01 1.287956e+02
    endloop
  endfacet
  facet normal 1.449921e-01 -6.083571e-01 7.803069e-01
    outer loop
      vertex   2.020073e+00 -4.643503e+01 1.287956e+02
      vertex   3.384033e+00 -4.622792e+01 1.287037e+02
      vertex   2.041901e+00 -4.622792e+01 1.289530e+02
    endloop
  endfacet
  facet normal 7.280298e-02 -6.083571e-01 7.903172e-01
    outer loop
      vertex   2.020073e+00 -4.643503e+01 1.287956e+02
      vertex   2.041901e+00 -4.622792e+01 1.289530e+02
      vertex   6.752558e-01 -4.643503e+01 1.289195e+02
    endloop
  endfacet
  facet normal 7.280298e-02 -6.083571e-01 7.903172e-01
    outer loop
      vertex   6.752558e-01 -4.643503e+01 1.289195e+02
      vertex   2.041901e+00 -4.622792e+01 1.289530e+02
      vertex   6.825523e-01 -4.622792e+01 1.290783e+02
    endloop
  endfacet
  facet normal 0.000000e+00 -6.083571e-01 7.936634e-01
    outer loop
      vertex   6.752558e-01 -4.643503e+01 1.289195e+02
      vertex   6.825523e-01 -4.622792e+01 1.290783e+02
      vertex   -6.752558e-01 -4.643503e+01 1.289195e+02
    endloop
  endfacet
  facet normal 0.000000e+00 -6.083571e-01 7.936634e-01
    outer loop
      vertex   -6.752558e-01 -4.643503e+01 1.289195e+02
      vertex   6.825523e-01 -4.622792e+01 1.290783e+02
      vertex   -6.825523e-01 -4.622792e+01 1.290783e+02
    endloop
  endfacet
  facet normal -7.280298e-02 -6.083571e-01 7.903172e-01
    outer loop
      vertex   -6.752558e-01 -4.643503e+01 1.289195e+02
      vertex   -6.825523e-01 -4.622792e+01 1.290783e+02
      vertex   -2.020073e+00 -4.643503e+01 1.287956e+02
    endloop
  endfacet
  facet normal -7.280298e-02 -6.083571e-01 7.903172e-01
    outer loop
      vertex   -2.020073e+00 -4.643503e+01 1.287956e+02
      vertex   -6.825523e-01 -4.622792e+01 1.290783e+02
      vertex   -2.041901e+00 -4.622792e+01 1.289530e+02
    endloop
  endfacet
  facet normal -1.449921e-01 -6.083571e-01 7.803069e-01
    outer loop
      vertex   -2.020073e+00 -4.643503e+01 1.287956e+02
      vertex   -2.041901e+00 -4.622792e+01 1.289530e+02
      vertex   -3.347857e+00 -4.643503e+01 1.285489e+02
    endloop
  endfacet
  facet normal -1.449921e-01 -6.083571e-01 7.803069e-01
    outer loop
      vertex   -3.347857e+00 -4.643503e+01 1.285489e+02
      vertex   -2.041901e+00 -4.622792e+01 1.289530e+02
      vertex   -3.384033e+00 -4.622792e+01 1.287037e+02
    endloop
  endfacet
  facet normal -2.159586e-01 -6.083571e-01 7.637169e-01
    outer loop
      vertex   -3.347857e+00 -4.643503e+01 1.285489e+02
      vertex   -3.384033e+00 -4.622792e+01 1.287037e+02
      vertex   -4.647411e+00 -4.643503e+01 1.281814e+02
    endloop
  endfacet
  facet normal -2.159586e-01 -6.083571e-01 7.637169e-01
    outer loop
      vertex   -4.647411e+00 -4.643503e+01 1.281814e+02
      vertex   -3.384033e+00 -4.622792e+01 1.287037e+02
      vertex   -4.697629e+00 -4.622792e+01 1.283322e+02
    endloop
  endfacet
  facet normal -2.851040e-01 -6.083571e-01 7.406870e-01
    outer loop
      vertex   -4.647411e+00 -4.643503e+01 1.281814e+02
      vertex   -4.697629e+00 -4.622792e+01 1.283322e+02
      vertex   -5.907778e+00 -4.643503e+01 1.276963e+02
    endloop
  endfacet
  facet normal -2.851040e-01 -6.083571e-01 7.406870e-01
    outer loop
      vertex   -5.907778e+00 -4.643503e+01 1.276963e+02
      vertex   -4.697629e+00 -4.622792e+01 1.283322e+02
      vertex   -5.971614e+00 -4.622792e+01 1.278418e+02
    endloop
  endfacet
  facet normal -3.518455e-01 -6.083571e-01 7.114115e-01
    outer loop
      vertex   -5.907778e+00 -4.643503e+01 1.276963e+02
      vertex   -5.971614e+00 -4.622792e+01 1.278418e+02
      vertex   -7.118328e+00 -4.643503e+01 1.270976e+02
    endloop
  endfacet
  facet normal -3.518455e-01 -6.083571e-01 7.114115e-01
    outer loop
      vertex   -7.118328e+00 -4.643503e+01 1.270976e+02
      vertex   -5.971614e+00 -4.622792e+01 1.278418e+02
      vertex   -7.195245e+00 -4.622792e+01 1.272367e+02
    endloop
  endfacet
  facet normal -4.156200e-01 -6.083571e-01 6.761373e-01
    outer loop
      vertex   -7.118328e+00 -4.643503e+01 1.270976e+02
      vertex   -7.195245e+00 -4.622792e+01 1.272367e+02
      vertex   -8.268855e+00 -4.643503e+01 1.263904e+02
    endloop
  endfacet
  facet normal -4.156200e-01 -6.083571e-01 6.761373e-01
    outer loop
      vertex   -8.268855e+00 -4.643503e+01 1.263904e+02
      vertex   -7.195245e+00 -4.622792e+01 1.272367e+02
      vertex   -8.358205e+00 -4.622792e+01 1.265218e+02
    endloop
  endfacet
  facet normal -4.758900e-01 -6.083571e-01 6.351616e-01
    outer loop
      vertex   -8.268855e+00 -4.643503e+01 1.263904e+02
      vertex   -8.358205e+00 -4.622792e+01 1.265218e+02
      vertex   -9.349657e+00 -4.643503e+01 1.255806e+02
    endloop
  endfacet
  facet normal -4.758900e-01 -6.083571e-01 6.351616e-01
    outer loop
      vertex   -9.349657e+00 -4.643503e+01 1.255806e+02
      vertex   -8.358205e+00 -4.622792e+01 1.265218e+02
      vertex   -9.450685e+00 -4.622792e+01 1.257033e+02
    endloop
  endfacet
  facet normal -5.321472e-01 -6.083571e-01 5.888302e-01
    outer loop
      vertex   -9.349657e+00 -4.643503e+01 1.255806e+02
      vertex   -9.450685e+00 -4.622792e+01 1.257033e+02
      vertex   -1.035162e+01 -4.643503e+01 1.246751e+02
    endloop
  endfacet
  facet normal -5.321472e-01 -6.083571e-01 5.888302e-01
    outer loop
      vertex   -1.035162e+01 -4.643503e+01 1.246751e+02
      vertex   -9.450685e+00 -4.622792e+01 1.257033e+02
      vertex   -1.046348e+01 -4.622792e+01 1.247880e+02
    endloop
  endfacet
  facet normal -5.839172e-01 -6.083571e-01 5.375336e-01
    outer loop
      vertex   -1.035162e+01 -4.643503e+01 1.246751e+02
      vertex   -1.046348e+01 -4.622792e+01 1.247880e+02
      vertex   -1.126630e+01 -4.643503e+01 1.236815e+02
    endloop
  endfacet
  facet normal -5.839172e-01 -6.083571e-01 5.375336e-01
    outer loop
      vertex   -1.126630e+01 -4.643503e+01 1.236815e+02
      vertex   -1.046348e+01 -4.622792e+01 1.247880e+02
      vertex   -1.138804e+01 -4.622792e+01 1.237836e+02
    endloop
  endfacet
  facet normal -6.307634e-01 -6.083571e-01 4.817044e-01
    outer loop
      vertex   -1.126630e+01 -4.643503e+01 1.236815e+02
      vertex   -1.138804e+01 -4.622792e+01 1.237836e+02
      vertex   -1.208597e+01 -4.643503e+01 1.226082e+02
    endloop
  endfacet
  facet normal 5.847061e-01 -7.929953e-01 1.711059e-01
    outer loop
      vertex   1.428964e+01 -4.643503e+01 1.177072e+02
      vertex   1.391097e+01 -4.643503e+01 1.190012e+02
      vertex   1.371532e+01 -4.659395e+01 1.189332e+02
    endloop
  endfacet
  facet normal 5.664351e-01 -7.930911e-01 2.239593e-01
    outer loop
      vertex   1.371532e+01 -4.659395e+01 1.189332e+02
      vertex   1.391097e+01 -4.643503e+01 1.190012e+02
      vertex   1.322465e+01 -4.659395e+01 1.201742e+02
    endloop
  endfacet
  facet normal 3.561983e-01 -9.237360e-01 1.408351e-01
    outer loop
      vertex   1.371532e+01 -4.659395e+01 1.189332e+02
      vertex   1.322465e+01 -4.659395e+01 1.201742e+02
      vertex   1.300468e+01 -4.669385e+01 1.200753e+02
    endloop
  endfacet
  facet normal 3.417585e-01 -9.237367e-01 1.729500e-01
    outer loop
      vertex   1.300468e+01 -4.669385e+01 1.200753e+02
      vertex   1.322465e+01 -4.659395e+01 1.201742e+02
      vertex   1.241347e+01 -4.669385e+01 1.212436e+02
    endloop
  endfacet
  facet normal 5.664889e-01 -7.930419e-01 2.239974e-01
    outer loop
      vertex   1.322465e+01 -4.659395e+01 1.201742e+02
      vertex   1.391097e+01 -4.643503e+01 1.190012e+02
      vertex   1.341354e+01 -4.643503e+01 1.202592e+02
    endloop
  endfacet
  facet normal 5.435307e-01 -7.930430e-01 2.750586e-01
    outer loop
      vertex   1.322465e+01 -4.659395e+01 1.201742e+02
      vertex   1.341354e+01 -4.643503e+01 1.202592e+02
      vertex   1.262344e+01 -4.659395e+01 1.213623e+02
    endloop
  endfacet
  facet normal 5.435307e-01 -7.930430e-01 2.750586e-01
    outer loop
      vertex   1.262344e+01 -4.659395e+01 1.213623e+02
      vertex   1.341354e+01 -4.643503e+01 1.202592e+02
      vertex   1.280374e+01 -4.643503e+01 1.214642e+02
    endloop
  endfacet
  facet normal 5.160079e-01 -7.930430e-01 3.237572e-01
    outer loop
      vertex   1.262344e+01 -4.659395e+01 1.213623e+02
      vertex   1.280374e+01 -4.643503e+01 1.214642e+02
      vertex   1.191578e+01 -4.659395e+01 1.224901e+02
    endloop
  endfacet
  facet normal 5.160079e-01 -7.930430e-01 3.237572e-01
    outer loop
      vertex   1.191578e+01 -4.659395e+01 1.224901e+02
      vertex   1.280374e+01 -4.643503e+01 1.214642e+02
      vertex   1.208597e+01 -4.643503e+01 1.226082e+02
    endloop
  endfacet
  facet normal 4.841340e-01 -7.930430e-01 3.697257e-01
    outer loop
      vertex   1.191578e+01 -4.659395e+01 1.224901e+02
      vertex   1.208597e+01 -4.643503e+01 1.226082e+02
      vertex   1.110764e+01 -4.659395e+01 1.235483e+02
    endloop
  endfacet
  facet normal 4.841340e-01 -7.930430e-01 3.697257e-01
    outer loop
      vertex   1.110764e+01 -4.659395e+01 1.235483e+02
      vertex   1.208597e+01 -4.643503e+01 1.226082e+02
      vertex   1.126630e+01 -4.643503e+01 1.236815e+02
    endloop
  endfacet
  facet normal 4.481778e-01 -7.930430e-01 4.125767e-01
    outer loop
      vertex   1.110764e+01 -4.659395e+01 1.235483e+02
      vertex   1.126630e+01 -4.643503e+01 1.236815e+02
      vertex   1.020585e+01 -4.659395e+01 1.245280e+02
    endloop
  endfacet
  facet normal 4.481778e-01 -7.930430e-01 4.125767e-01
    outer loop
      vertex   1.020585e+01 -4.659395e+01 1.245280e+02
      vertex   1.126630e+01 -4.643503e+01 1.236815e+02
      vertex   1.035162e+01 -4.643503e+01 1.246751e+02
    endloop
  endfacet
  facet normal 4.084424e-01 -7.930430e-01 4.519487e-01
    outer loop
      vertex   1.020585e+01 -4.659395e+01 1.245280e+02
      vertex   1.035162e+01 -4.643503e+01 1.246751e+02
      vertex   9.217994e+00 -4.659395e+01 1.254207e+02
    endloop
  endfacet
  facet normal 4.084424e-01 -7.930430e-01 4.519487e-01
    outer loop
      vertex   9.217994e+00 -4.659395e+01 1.254207e+02
      vertex   1.035162e+01 -4.643503e+01 1.246751e+02
      vertex   9.349657e+00 -4.643503e+01 1.255806e+02
    endloop
  endfacet
  facet normal 3.652630e-01 -7.930430e-01 4.875098e-01
    outer loop
      vertex   9.217994e+00 -4.659395e+01 1.254207e+02
      vertex   9.349657e+00 -4.643503e+01 1.255806e+02
      vertex   8.152412e+00 -4.659395e+01 1.262191e+02
    endloop
  endfacet
  facet normal 3.652630e-01 -7.930430e-01 4.875098e-01
    outer loop
      vertex   8.152412e+00 -4.659395e+01 1.262191e+02
      vertex   9.349657e+00 -4.643503e+01 1.255806e+02
      vertex   8.268855e+00 -4.643503e+01 1.263904e+02
    endloop
  endfacet
  facet normal 3.190036e-01 -7.930430e-01 5.189601e-01
    outer loop
      vertex   8.152412e+00 -4.659395e+01 1.262191e+02
      vertex   8.268855e+00 -4.643503e+01 1.263904e+02
      vertex   7.018087e+00 -4.659395e+01 1.269164e+02
    endloop
  endfacet
  facet normal 3.190036e-01 -7.930430e-01 5.189601e-01
    outer loop
      vertex   7.018087e+00 -4.659395e+01 1.269164e+02
      vertex   8.268855e+00 -4.643503e+01 1.263904e+02
      vertex   7.118328e+00 -4.643503e+01 1.270976e+02
    endloop
  endfacet
  facet normal 2.700543e-01 -7.930430e-01 5.460344e-01
    outer loop
      vertex   7.018087e+00 -4.659395e+01 1.269164e+02
      vertex   7.118328e+00 -4.643503e+01 1.270976e+02
      vertex   5.824584e+00 -4.659395e+01 1.275066e+02
    endloop
  endfacet
  facet normal 2.700543e-01 -7.930430e-01 5.460344e-01
    outer loop
      vertex   5.824584e+00 -4.659395e+01 1.275066e+02
      vertex   7.118328e+00 -4.643503e+01 1.270976e+02
      vertex   5.907778e+00 -4.643503e+01 1.276963e+02
    endloop
  endfacet
  facet normal 2.188278e-01 -7.930430e-01 5.685044e-01
    outer loop
      vertex   5.824584e+00 -4.659395e+01 1.275066e+02
      vertex   5.907778e+00 -4.643503e+01 1.276963e+02
      vertex   4.581966e+00 -4.659395e+01 1.279849e+02
    endloop
  endfacet
  facet normal 2.188278e-01 -7.930430e-01 5.685044e-01
    outer loop
      vertex   4.581966e+00 -4.659395e+01 1.279849e+02
      vertex   5.907778e+00 -4.643503e+01 1.276963e+02
      vertex   4.647411e+00 -4.643503e+01 1.281814e+02
    endloop
  endfacet
  facet normal 1.657561e-01 -7.930430e-01 5.861807e-01
    outer loop
      vertex   4.581966e+00 -4.659395e+01 1.279849e+02
      vertex   4.647411e+00 -4.643503e+01 1.281814e+02
      vertex   3.300713e+00 -4.659395e+01 1.283472e+02
    endloop
  endfacet
  facet normal 1.657561e-01 -7.930430e-01 5.861807e-01
    outer loop
      vertex   3.300713e+00 -4.659395e+01 1.283472e+02
      vertex   4.647411e+00 -4.643503e+01 1.281814e+02
      vertex   3.347857e+00 -4.643503e+01 1.285489e+02
    endloop
  endfacet
  facet normal 1.112867e-01 -7.930430e-01 5.989141e-01
    outer loop
      vertex   3.300713e+00 -4.659395e+01 1.283472e+02
      vertex   3.347857e+00 -4.643503e+01 1.285489e+02
      vertex   1.991627e+00 -4.659395e+01 1.285905e+02
    endloop
  endfacet
  facet normal 1.112867e-01 -7.930430e-01 5.989141e-01
    outer loop
      vertex   1.991627e+00 -4.659395e+01 1.285905e+02
      vertex   3.347857e+00 -4.643503e+01 1.285489e+02
      vertex   2.020073e+00 -4.643503e+01 1.287956e+02
    endloop
  endfacet
  facet normal 5.587895e-02 -7.930430e-01 6.065974e-01
    outer loop
      vertex   1.991627e+00 -4.659395e+01 1.285905e+02
      vertex   2.020073e+00 -4.643503e+01 1.287956e+02
      vertex   6.657468e-01 -4.659395e+01 1.287126e+02
    endloop
  endfacet
  facet normal 5.587895e-02 -7.930430e-01 6.065974e-01
    outer loop
      vertex   6.657468e-01 -4.659395e+01 1.287126e+02
      vertex   2.020073e+00 -4.643503e+01 1.287956e+02
      vertex   6.752558e-01 -4.643503e+01 1.289195e+02
    endloop
  endfacet
  facet normal 0.000000e+00 -7.930430e-01 6.091657e-01
    outer loop
      vertex   6.657468e-01 -4.659395e+01 1.287126e+02
      vertex   6.752558e-01 -4.643503e+01 1.289195e+02
      vertex   -6.657468e-01 -4.659395e+01 1.287126e+02
    endloop
  endfacet
  facet normal 0.000000e+00 -7.930430e-01 6.091657e-01
    outer loop
      vertex   -6.657468e-01 -4.659395e+01 1.287126e+02
      vertex   6.752558e-01 -4.643503e+01 1.289195e+02
      vertex   -6.752558e-01 -4.643503e+01 1.289195e+02
    endloop
  endfacet
  facet normal -5.587895e-02 -7.930430e-01 6.065974e-01
    outer loop
      vertex   -6.657468e-01 -4.659395e+01 1.287126e+02
      vertex   -6.752558e-01 -4.643503e+01 1.289195e+02
      vertex   -1.991627e+00 -4.659395e+01 1.285905e+02
    endloop
  endfacet
  facet normal -5.587895e-02 -7.930430e-01 6.065974e-01
    outer loop
      vertex   -1.991627e+00 -4.659395e+01 1.285905e+02
      vertex   -6.752558e-01 -4.643503e+01 1.289195e+02
      vertex   -2.020073e+00 -4.643503e+01 1.287956e+02
    endloop
  endfacet
  facet normal -1.112867e-01 -7.930430e-01 5.989141e-01
    outer loop
      vertex   -1.991627e+00 -4.659395e+01 1.285905e+02
      vertex   -2.020073e+00 -4.643503e+01 1.287956e+02
      vertex   -3.300713e+00 -4.659395e+01 1.283472e+02
    endloop
  endfacet
  facet normal -1.112867e-01 -7.930430e-01 5.989141e-01
    outer loop
      vertex   -3.300713e+00 -4.659395e+01 1.283472e+02
      vertex   -2.020073e+00 -4.643503e+01 1.287956e+02
      vertex   -3.347857e+00 -4.643503e+01 1.285489e+02
    endloop
  endfacet
  facet normal -1.657561e-01 -7.930430e-01 5.861807e-01
    outer loop
      vertex   -3.300713e+00 -4.659395e+01 1.283472e+02
      vertex   -3.347857e+00 -4.643503e+01 1.285489e+02
      vertex   -4.581966e+00 -4.659395e+01 1.279849e+02
    endloop
  endfacet
  facet normal -1.657561e-01 -7.930430e-01 5.861807e-01
    outer loop
      vertex   -4.581966e+00 -4.659395e+01 1.279849e+02
      vertex   -3.347857e+00 -4.643503e+01 1.285489e+02
      vertex   -4.647411e+00 -4.643503e+01 1.281814e+02
    endloop
  endfacet
  facet normal -2.188278e-01 -7.930430e-01 5.685044e-01
    outer loop
      vertex   -4.581966e+00 -4.659395e+01 1.279849e+02
      vertex   -4.647411e+00 -4.643503e+01 1.281814e+02
      vertex   -5.824584e+00 -4.659395e+01 1.275066e+02
    endloop
  endfacet
  facet normal -2.188278e-01 -7.930430e-01 5.685044e-01
    outer loop
      vertex   -5.824584e+00 -4.659395e+01 1.275066e+02
      vertex   -4.647411e+00 -4.643503e+01 1.281814e+02
      vertex   -5.907778e+00 -4.643503e+01 1.276963e+02
    endloop
  endfacet
  facet normal -2.700543e-01 -7.930430e-01 5.460344e-01
    outer loop
      vertex   -5.824584e+00 -4.659395e+01 1.275066e+02
      vertex   -5.907778e+00 -4.643503e+01 1.276963e+02
      vertex   -7.018087e+00 -4.659395e+01 1.269164e+02
    endloop
  endfacet
  facet normal -2.700543e-01 -7.930430e-01 5.460344e-01
    outer loop
      vertex   -7.018087e+00 -4.659395e+01 1.269164e+02
      vertex   -5.907778e+00 -4.643503e+01 1.276963e+02
      vertex   -7.118328e+00 -4.643503e+01 1.270976e+02
    endloop
  endfacet
  facet normal -3.190036e-01 -7.930430e-01 5.189601e-01
    outer loop
      vertex   -7.018087e+00 -4.659395e+01 1.269164e+02
      vertex   -7.118328e+00 -4.643503e+01 1.270976e+02
      vertex   -8.152412e+00 -4.659395e+01 1.262191e+02
    endloop
  endfacet
  facet normal -3.190036e-01 -7.930430e-01 5.189601e-01
    outer loop
      vertex   -8.152412e+00 -4.659395e+01 1.262191e+02
      vertex   -7.118328e+00 -4.643503e+01 1.270976e+02
      vertex   -8.268855e+00 -4.643503e+01 1.263904e+02
    endloop
  endfacet
  facet normal -3.652630e-01 -7.930430e-01 4.875098e-01
    outer loop
      vertex   -8.152412e+00 -4.659395e+01 1.262191e+02
      vertex   -8.268855e+00 -4.643503e+01 1.263904e+02
      vertex   -9.217994e+00 -4.659395e+01 1.254207e+02
    endloop
  endfacet
  facet normal -3.652630e-01 -7.930430e-01 4.875098e-01
    outer loop
      vertex   -9.217994e+00 -4.659395e+01 1.254207e+02
      vertex   -8.268855e+00 -4.643503e+01 1.263904e+02
      vertex   -9.349657e+00 -4.643503e+01 1.255806e+02
    endloop
  endfacet
  facet normal -4.084424e-01 -7.930430e-01 4.519487e-01
    outer loop
      vertex   -9.217994e+00 -4.659395e+01 1.254207e+02
      vertex   -9.349657e+00 -4.643503e+01 1.255806e+02
      vertex   -1.020585e+01 -4.659395e+01 1.245280e+02
    endloop
  endfacet
  facet normal -4.084424e-01 -7.930430e-01 4.519487e-01
    outer loop
      vertex   -1.020585e+01 -4.659395e+01 1.245280e+02
      vertex   -9.349657e+00 -4.643503e+01 1.255806e+02
      vertex   -1.035162e+01 -4.643503e+01 1.246751e+02
    endloop
  endfacet
  facet normal -4.481778e-01 -7.930430e-01 4.125767e-01
    outer loop
      vertex   -1.020585e+01 -4.659395e+01 1.245280e+02
      vertex   -1.035162e+01 -4.643503e+01 1.246751e+02
      vertex   -1.110764e+01 -4.659395e+01 1.235483e+02
    endloop
  endfacet
  facet normal -4.481778e-01 -7.930430e-01 4.125767e-01
    outer loop
      vertex   -1.110764e+01 -4.659395e+01 1.235483e+02
      vertex   -1.035162e+01 -4.643503e+01 1.246751e+02
      vertex   -1.126630e+01 -4.643503e+01 1.236815e+02
    endloop
  endfacet
  facet normal -4.841340e-01 -7.930430e-01 3.697257e-01
    outer loop
      vertex   -1.110764e+01 -4.659395e+01 1.235483e+02
      vertex   -1.126630e+01 -4.643503e+01 1.236815e+02
      vertex   -1.191578e+01 -4.659395e+01 1.224901e+02
    endloop
  endfacet
  facet normal -4.841340e-01 -7.930430e-01 3.697257e-01
    outer loop
      vertex   -1.191578e+01 -4.659395e+01 1.224901e+02
      vertex   -1.126630e+01 -4.643503e+01 1.236815e+02
      vertex   -1.208597e+01 -4.643503e+01 1.226082e+02
    endloop
  endfacet
  facet normal -5.160079e-01 -7.930430e-01 3.237572e-01
    outer loop
      vertex   -1.191578e+01 -4.659395e+01 1.224901e+02
      vertex   -1.208597e+01 -4.643503e+01 1.226082e+02
      vertex   -1.262344e+01 -4.659395e+01 1.213623e+02
    endloop
  endfacet
  facet normal 3.244529e-01 -9.237367e-01 2.035704e-01
    outer loop
      vertex   1.171758e+01 -4.669385e+01 1.223527e+02
      vertex   1.241347e+01 -4.669385e+01 1.212436e+02
      vertex   1.262344e+01 -4.659395e+01 1.213623e+02
    endloop
  endfacet
  facet normal 3.417585e-01 -9.237367e-01 1.729500e-01
    outer loop
      vertex   1.262344e+01 -4.659395e+01 1.213623e+02
      vertex   1.241347e+01 -4.669385e+01 1.212436e+02
      vertex   1.322465e+01 -4.659395e+01 1.201742e+02
    endloop
  endfacet
  facet normal 3.244529e-01 -9.237367e-01 2.035704e-01
    outer loop
      vertex   1.171758e+01 -4.669385e+01 1.223527e+02
      vertex   1.262344e+01 -4.659395e+01 1.213623e+02
      vertex   1.191578e+01 -4.659395e+01 1.224901e+02
    endloop
  endfacet
  facet normal 3.044114e-01 -9.237367e-01 2.324743e-01
    outer loop
      vertex   1.092289e+01 -4.669385e+01 1.233933e+02
      vertex   1.171758e+01 -4.669385e+01 1.223527e+02
      vertex   1.191578e+01 -4.659395e+01 1.224901e+02
    endloop
  endfacet
  facet normal 3.044114e-01 -9.237367e-01 2.324743e-01
    outer loop
      vertex   1.092289e+01 -4.669385e+01 1.233933e+02
      vertex   1.191578e+01 -4.659395e+01 1.224901e+02
      vertex   1.110764e+01 -4.659395e+01 1.235483e+02
    endloop
  endfacet
  facet normal 2.818030e-01 -9.237367e-01 2.594179e-01
    outer loop
      vertex   1.003609e+01 -4.669385e+01 1.243566e+02
      vertex   1.092289e+01 -4.669385e+01 1.233933e+02
      vertex   1.110764e+01 -4.659395e+01 1.235483e+02
    endloop
  endfacet
  facet normal 2.818030e-01 -9.237367e-01 2.594179e-01
    outer loop
      vertex   1.003609e+01 -4.669385e+01 1.243566e+02
      vertex   1.110764e+01 -4.659395e+01 1.235483e+02
      vertex   1.020585e+01 -4.659395e+01 1.245280e+02
    endloop
  endfacet
  facet normal 2.568184e-01 -9.237367e-01 2.841741e-01
    outer loop
      vertex   9.064670e+00 -4.669385e+01 1.252345e+02
      vertex   1.003609e+01 -4.669385e+01 1.243566e+02
      vertex   1.020585e+01 -4.659395e+01 1.245280e+02
    endloop
  endfacet
  facet normal 2.568184e-01 -9.237367e-01 2.841741e-01
    outer loop
      vertex   9.064670e+00 -4.669385e+01 1.252345e+02
      vertex   1.020585e+01 -4.659395e+01 1.245280e+02
      vertex   9.217994e+00 -4.659395e+01 1.254207e+02
    endloop
  endfacet
  facet normal 2.296682e-01 -9.237367e-01 3.065340e-01
    outer loop
      vertex   8.016812e+00 -4.669385e+01 1.260196e+02
      vertex   9.064670e+00 -4.669385e+01 1.252345e+02
      vertex   9.217994e+00 -4.659395e+01 1.254207e+02
    endloop
  endfacet
  facet normal 2.296682e-01 -9.237367e-01 3.065340e-01
    outer loop
      vertex   8.016812e+00 -4.669385e+01 1.260196e+02
      vertex   9.217994e+00 -4.659395e+01 1.254207e+02
      vertex   8.152412e+00 -4.659395e+01 1.262191e+02
    endloop
  endfacet
  facet normal 2.005815e-01 -9.237367e-01 3.263091e-01
    outer loop
      vertex   6.901354e+00 -4.669385e+01 1.267053e+02
      vertex   8.016812e+00 -4.669385e+01 1.260196e+02
      vertex   8.152412e+00 -4.659395e+01 1.262191e+02
    endloop
  endfacet
  facet normal 2.005815e-01 -9.237367e-01 3.263091e-01
    outer loop
      vertex   6.901354e+00 -4.669385e+01 1.267053e+02
      vertex   8.152412e+00 -4.659395e+01 1.262191e+02
      vertex   7.018087e+00 -4.659395e+01 1.269164e+02
    endloop
  endfacet
  facet normal 1.698034e-01 -9.237367e-01 3.433328e-01
    outer loop
      vertex   5.727702e+00 -4.669385e+01 1.272858e+02
      vertex   6.901354e+00 -4.669385e+01 1.267053e+02
      vertex   7.018087e+00 -4.659395e+01 1.269164e+02
    endloop
  endfacet
  facet normal 1.698034e-01 -9.237367e-01 3.433328e-01
    outer loop
      vertex   5.727702e+00 -4.669385e+01 1.272858e+02
      vertex   7.018087e+00 -4.659395e+01 1.269164e+02
      vertex   5.824584e+00 -4.659395e+01 1.275066e+02
    endloop
  endfacet
  facet normal 1.375934e-01 -9.237367e-01 3.574614e-01
    outer loop
      vertex   4.505754e+00 -4.669385e+01 1.277561e+02
      vertex   5.727702e+00 -4.669385e+01 1.272858e+02
      vertex   5.824584e+00 -4.659395e+01 1.275066e+02
    endloop
  endfacet
  facet normal 1.375934e-01 -9.237367e-01 3.574614e-01
    outer loop
      vertex   4.505754e+00 -4.669385e+01 1.277561e+02
      vertex   5.824584e+00 -4.659395e+01 1.275066e+02
      vertex   4.581966e+00 -4.659395e+01 1.279849e+02
    endloop
  endfacet
  facet normal 1.042233e-01 -9.237367e-01 3.685758e-01
    outer loop
      vertex   3.245811e+00 -4.669385e+01 1.281124e+02
      vertex   4.505754e+00 -4.669385e+01 1.277561e+02
      vertex   4.581966e+00 -4.659395e+01 1.279849e+02
    endloop
  endfacet
  facet normal 1.042233e-01 -9.237367e-01 3.685758e-01
    outer loop
      vertex   3.245811e+00 -4.669385e+01 1.281124e+02
      vertex   4.581966e+00 -4.659395e+01 1.279849e+02
      vertex   3.300713e+00 -4.659395e+01 1.283472e+02
    endloop
  endfacet
  facet normal 6.997431e-02 -9.237367e-01 3.765822e-01
    outer loop
      vertex   1.958500e+00 -4.669385e+01 1.283516e+02
      vertex   3.245811e+00 -4.669385e+01 1.281124e+02
      vertex   3.300713e+00 -4.659395e+01 1.283472e+02
    endloop
  endfacet
  facet normal 6.997431e-02 -9.237367e-01 3.765822e-01
    outer loop
      vertex   1.958500e+00 -4.669385e+01 1.283516e+02
      vertex   3.300713e+00 -4.659395e+01 1.283472e+02
      vertex   1.991627e+00 -4.659395e+01 1.285905e+02
    endloop
  endfacet
  facet normal 3.513529e-02 -9.237367e-01 3.814133e-01
    outer loop
      vertex   6.546733e-01 -4.669385e+01 1.284717e+02
      vertex   1.958500e+00 -4.669385e+01 1.283516e+02
      vertex   1.991627e+00 -4.659395e+01 1.285905e+02
    endloop
  endfacet
  facet normal 3.513529e-02 -9.237367e-01 3.814133e-01
    outer loop
      vertex   6.546733e-01 -4.669385e+01 1.284717e+02
      vertex   1.991627e+00 -4.659395e+01 1.285905e+02
      vertex   6.657468e-01 -4.659395e+01 1.287126e+02
    endloop
  endfacet
  facet normal 0.000000e+00 -9.237367e-01 3.830282e-01
    outer loop
      vertex   -6.546733e-01 -4.669385e+01 1.284717e+02
      vertex   6.546733e-01 -4.669385e+01 1.284717e+02
      vertex   6.657468e-01 -4.659395e+01 1.287126e+02
    endloop
  endfacet
  facet normal 0.000000e+00 -9.237367e-01 3.830282e-01
    outer loop
      vertex   -6.546733e-01 -4.669385e+01 1.284717e+02
      vertex   6.657468e-01 -4.659395e+01 1.287126e+02
      vertex   -6.657468e-01 -4.659395e+01 1.287126e+02
    endloop
  endfacet
  facet normal -3.513529e-02 -9.237367e-01 3.814133e-01
    outer loop
      vertex   -1.958500e+00 -4.669385e+01 1.283516e+02
      vertex   -6.546733e-01 -4.669385e+01 1.284717e+02
      vertex   -6.657468e-01 -4.659395e+01 1.287126e+02
    endloop
  endfacet
  facet normal -3.513529e-02 -9.237367e-01 3.814133e-01
    outer loop
      vertex   -1.958500e+00 -4.669385e+01 1.283516e+02
      vertex   -6.657468e-01 -4.659395e+01 1.287126e+02
      vertex   -1.991627e+00 -4.659395e+01 1.285905e+02
    endloop
  endfacet
  facet normal -6.997431e-02 -9.237367e-01 3.765822e-01
    outer loop
      vertex   -3.245811e+00 -4.669385e+01 1.281124e+02
      vertex   -1.958500e+00 -4.669385e+01 1.283516e+02
      vertex   -1.991627e+00 -4.659395e+01 1.285905e+02
    endloop
  endfacet
  facet normal -6.997431e-02 -9.237367e-01 3.765822e-01
    outer loop
      vertex   -3.245811e+00 -4.669385e+01 1.281124e+02
      vertex   -1.991627e+00 -4.659395e+01 1.285905e+02
      vertex   -3.300713e+00 -4.659395e+01 1.283472e+02
    endloop
  endfacet
  facet normal -1.042233e-01 -9.237367e-01 3.685758e-01
    outer loop
      vertex   -4.505754e+00 -4.669385e+01 1.277561e+02
      vertex   -3.245811e+00 -4.669385e+01 1.281124e+02
      vertex   -3.300713e+00 -4.659395e+01 1.283472e+02
    endloop
  endfacet
  facet normal -1.042233e-01 -9.237367e-01 3.685758e-01
    outer loop
      vertex   -4.505754e+00 -4.669385e+01 1.277561e+02
      vertex   -3.300713e+00 -4.659395e+01 1.283472e+02
      vertex   -4.581966e+00 -4.659395e+01 1.279849e+02
    endloop
  endfacet
  facet normal -1.375934e-01 -9.237367e-01 3.574614e-01
    outer loop
      vertex   -5.727702e+00 -4.669385e+01 1.272858e+02
      vertex   -4.505754e+00 -4.669385e+01 1.277561e+02
      vertex   -4.581966e+00 -4.659395e+01 1.279849e+02
    endloop
  endfacet
  facet normal -1.375934e-01 -9.237367e-01 3.574614e-01
    outer loop
      vertex   -5.727702e+00 -4.669385e+01 1.272858e+02
      vertex   -4.581966e+00 -4.659395e+01 1.279849e+02
      vertex   -5.824584e+00 -4.659395e+01 1.275066e+02
    endloop
  endfacet
  facet normal -1.698034e-01 -9.237367e-01 3.433328e-01
    outer loop
      vertex   -6.901354e+00 -4.669385e+01 1.267053e+02
      vertex   -5.727702e+00 -4.669385e+01 1.272858e+02
      vertex   -5.824584e+00 -4.659395e+01 1.275066e+02
    endloop
  endfacet
  facet normal -1.698034e-01 -9.237367e-01 3.433328e-01
    outer loop
      vertex   -6.901354e+00 -4.669385e+01 1.267053e+02
      vertex   -5.824584e+00 -4.659395e+01 1.275066e+02
      vertex   -7.018087e+00 -4.659395e+01 1.269164e+02
    endloop
  endfacet
  facet normal -2.005815e-01 -9.237367e-01 3.263091e-01
    outer loop
      vertex   -8.016812e+00 -4.669385e+01 1.260196e+02
      vertex   -6.901354e+00 -4.669385e+01 1.267053e+02
      vertex   -7.018087e+00 -4.659395e+01 1.269164e+02
    endloop
  endfacet
  facet normal -2.005815e-01 -9.237367e-01 3.263091e-01
    outer loop
      vertex   -8.016812e+00 -4.669385e+01 1.260196e+02
      vertex   -7.018087e+00 -4.659395e+01 1.269164e+02
      vertex   -8.152412e+00 -4.659395e+01 1.262191e+02
    endloop
  endfacet
  facet normal -2.296682e-01 -9.237367e-01 3.065340e-01
    outer loop
      vertex   -9.064670e+00 -4.669385e+01 1.252345e+02
      vertex   -8.016812e+00 -4.669385e+01 1.260196e+02
      vertex   -8.152412e+00 -4.659395e+01 1.262191e+02
    endloop
  endfacet
  facet normal -2.296682e-01 -9.237367e-01 3.065340e-01
    outer loop
      vertex   -9.064670e+00 -4.669385e+01 1.252345e+02
      vertex   -8.152412e+00 -4.659395e+01 1.262191e+02
      vertex   -9.217994e+00 -4.659395e+01 1.254207e+02
    endloop
  endfacet
  facet normal -2.568184e-01 -9.237367e-01 2.841741e-01
    outer loop
      vertex   -1.003609e+01 -4.669385e+01 1.243566e+02
      vertex   -9.064670e+00 -4.669385e+01 1.252345e+02
      vertex   -9.217994e+00 -4.659395e+01 1.254207e+02
    endloop
  endfacet
  facet normal -2.568184e-01 -9.237367e-01 2.841741e-01
    outer loop
      vertex   -1.003609e+01 -4.669385e+01 1.243566e+02
      vertex   -9.217994e+00 -4.659395e+01 1.254207e+02
      vertex   -1.020585e+01 -4.659395e+01 1.245280e+02
    endloop
  endfacet
  facet normal -2.818030e-01 -9.237367e-01 2.594179e-01
    outer loop
      vertex   -1.092289e+01 -4.669385e+01 1.233933e+02
      vertex   -1.003609e+01 -4.669385e+01 1.243566e+02
      vertex   -1.020585e+01 -4.659395e+01 1.245280e+02
    endloop
  endfacet
  facet normal -2.818030e-01 -9.237367e-01 2.594179e-01
    outer loop
      vertex   -1.092289e+01 -4.669385e+01 1.233933e+02
      vertex   -1.020585e+01 -4.659395e+01 1.245280e+02
      vertex   -1.110764e+01 -4.659395e+01 1.235483e+02
    endloop
  endfacet
  facet normal -3.044114e-01 -9.237367e-01 2.324743e-01
    outer loop
      vertex   -1.171758e+01 -4.669385e+01 1.223527e+02
      vertex   -1.092289e+01 -4.669385e+01 1.233933e+02
      vertex   -1.110764e+01 -4.659395e+01 1.235483e+02
    endloop
  endfacet
  facet normal -3.044114e-01 -9.237367e-01 2.324743e-01
    outer loop
      vertex   -1.171758e+01 -4.669385e+01 1.223527e+02
      vertex   -1.110764e+01 -4.659395e+01 1.235483e+02
      vertex   -1.191578e+01 -4.659395e+01 1.224901e+02
    endloop
  endfacet
  facet normal -3.244529e-01 -9.237367e-01 2.035704e-01
    outer loop
      vertex   -1.241347e+01 -4.669385e+01 1.212436e+02
      vertex   -1.171758e+01 -4.669385e+01 1.223527e+02
      vertex   -1.191578e+01 -4.659395e+01 1.224901e+02
    endloop
  endfacet
  facet normal -3.244529e-01 -9.237367e-01 2.035704e-01
    outer loop
      vertex   -1.241347e+01 -4.669385e+01 1.212436e+02
      vertex   -1.191578e+01 -4.659395e+01 1.224901e+02
      vertex   -1.262344e+01 -4.659395e+01 1.213623e+02
    endloop
  endfacet
  facet normal -3.417585e-01 -9.237367e-01 1.729500e-01
    outer loop
      vertex   -1.300468e+01 -4.669385e+01 1.200753e+02
      vertex   -1.241347e+01 -4.669385e+01 1.212436e+02
      vertex   -1.262344e+01 -4.659395e+01 1.213623e+02
    endloop
  endfacet
  facet normal -5.392350e-01 -0.000000e+00 -8.421553e-01
    outer loop
      vertex   -7.500000e+00 -4.272792e+01 1.012375e+02
      vertex   -7.500000e+00 -4.572792e+01 1.012375e+02
      vertex   -8.659991e+00 -4.272792e+01 1.019803e+02
    endloop
  endfacet
  facet normal -5.392350e-01 3.192913e-16 -8.421553e-01
    outer loop
      vertex   -8.659991e+00 -4.272792e+01 1.019803e+02
      vertex   -7.500000e+00 -4.572792e+01 1.012375e+02
      vertex   -8.659991e+00 -4.572792e+01 1.019803e+02
    endloop
  endfacet
  facet normal -6.142127e-01 3.636870e-16 -7.891405e-01
    outer loop
      vertex   -8.659991e+00 -4.272792e+01 1.019803e+02
      vertex   -8.659991e+00 -4.572792e+01 1.019803e+02
      vertex   -9.746958e+00 -4.272792e+01 1.028263e+02
    endloop
  endfacet
  facet normal -6.142127e-01 -1.818435e-15 -7.891405e-01
    outer loop
      vertex   -9.746958e+00 -4.272792e+01 1.028263e+02
      vertex   -8.659991e+00 -4.572792e+01 1.019803e+02
      vertex   -9.746958e+00 -4.572792e+01 1.028263e+02
    endloop
  endfacet
  facet normal -6.840112e-01 -2.025080e-15 -7.294715e-01
    outer loop
      vertex   -9.746958e+00 -4.272792e+01 1.028263e+02
      vertex   -9.746958e+00 -4.572792e+01 1.028263e+02
      vertex   -1.075174e+01 -4.272792e+01 1.037685e+02
    endloop
  endfacet
  facet normal -6.840112e-01 4.050160e-16 -7.294715e-01
    outer loop
      vertex   -1.075174e+01 -4.272792e+01 1.037685e+02
      vertex   -9.746958e+00 -4.572792e+01 1.028263e+02
      vertex   -1.075174e+01 -4.572792e+01 1.037685e+02
    endloop
  endfacet
  facet normal -7.480420e-01 4.429298e-16 -6.636514e-01
    outer loop
      vertex   -1.075174e+01 -4.272792e+01 1.037685e+02
      vertex   -1.075174e+01 -4.572792e+01 1.037685e+02
      vertex   -1.166586e+01 -4.272792e+01 1.047988e+02
    endloop
  endfacet
  facet normal -7.480420e-01 9.290354e-16 -6.636514e-01
    outer loop
      vertex   -1.166586e+01 -4.272792e+01 1.047988e+02
      vertex   -1.075174e+01 -4.572792e+01 1.037685e+02
      vertex   -1.166586e+01 -4.572792e+01 1.047988e+02
    endloop
  endfacet
  facet normal -8.057651e-01 4.198458e-16 -5.922353e-01
    outer loop
      vertex   -1.166586e+01 -4.272792e+01 1.047988e+02
      vertex   -1.166586e+01 -4.572792e+01 1.047988e+02
      vertex   -1.248160e+01 -4.272792e+01 1.059087e+02
    endloop
  endfacet
  facet normal -8.057651e-01 9.542176e-16 -5.922353e-01
    outer loop
      vertex   -1.248160e+01 -4.272792e+01 1.059087e+02
      vertex   -1.166586e+01 -4.572792e+01 1.047988e+02
      vertex   -1.248160e+01 -4.572792e+01 1.059087e+02
    endloop
  endfacet
  facet normal -8.566938e-01 1.014529e-15 -5.158252e-01
    outer loop
      vertex   -1.248160e+01 -4.272792e+01 1.059087e+02
      vertex   -1.248160e+01 -4.572792e+01 1.059087e+02
      vertex   -1.319211e+01 -4.272792e+01 1.070887e+02
    endloop
  endfacet
  facet normal -8.566938e-01 -2.029059e-15 -5.158252e-01
    outer loop
      vertex   -1.319211e+01 -4.272792e+01 1.070887e+02
      vertex   -1.248160e+01 -4.572792e+01 1.059087e+02
      vertex   -1.319211e+01 -4.572792e+01 1.070887e+02
    endloop
  endfacet
  facet normal -9.003987e-01 -2.132573e-15 -4.350657e-01
    outer loop
      vertex   -1.319211e+01 -4.272792e+01 1.070887e+02
      vertex   -1.319211e+01 -4.572792e+01 1.070887e+02
      vertex   -1.379137e+01 -4.272792e+01 1.083289e+02
    endloop
  endfacet
  facet normal -9.003987e-01 5.331431e-16 -4.350657e-01
    outer loop
      vertex   -1.379137e+01 -4.272792e+01 1.083289e+02
      vertex   -1.319211e+01 -4.572792e+01 1.070887e+02
      vertex   -1.379137e+01 -4.572792e+01 1.083289e+02
    endloop
  endfacet
  facet normal -9.365112e-01 5.545260e-16 -3.506376e-01
    outer loop
      vertex   -1.379137e+01 -4.272792e+01 1.083289e+02
      vertex   -1.379137e+01 -4.572792e+01 1.083289e+02
      vertex   -1.427434e+01 -4.272792e+01 1.096189e+02
    endloop
  endfacet
  facet normal -9.365112e-01 -2.625030e-18 -3.506376e-01
    outer loop
      vertex   -1.427434e+01 -4.272792e+01 1.096189e+02
      vertex   -1.379137e+01 -4.572792e+01 1.083289e+02
      vertex   -1.427434e+01 -4.572792e+01 1.096189e+02
    endloop
  endfacet
  facet normal -9.647269e-01 -4.666836e-16 -2.632528e-01
    outer loop
      vertex   -1.427434e+01 -4.272792e+01 1.096189e+02
      vertex   -1.427434e+01 -4.572792e+01 1.096189e+02
      vertex   -1.463695e+01 -4.272792e+01 1.109477e+02
    endloop
  endfacet
  facet normal -9.647269e-01 -0.000000e+00 -2.632528e-01
    outer loop
      vertex   -1.463695e+01 -4.272792e+01 1.109477e+02
      vertex   -1.427434e+01 -4.572792e+01 1.096189e+02
      vertex   -1.463695e+01 -4.572792e+01 1.109477e+02
    endloop
  endfacet
  facet normal -9.848078e-01 -0.000000e+00 -1.736482e-01
    outer loop
      vertex   -1.463695e+01 -4.272792e+01 1.109477e+02
      vertex   -1.463695e+01 -4.572792e+01 1.109477e+02
      vertex   -1.487613e+01 -4.272792e+01 1.123042e+02
    endloop
  endfacet
  facet normal -9.848078e-01 -5.831233e-16 -1.736482e-01
    outer loop
      vertex   -1.487613e+01 -4.272792e+01 1.123042e+02
      vertex   -1.463695e+01 -4.572792e+01 1.109477e+02
      vertex   -1.487613e+01 -4.572792e+01 1.123042e+02
    endloop
  endfacet
  facet normal -9.965845e-01 -5.900966e-16 -8.257935e-02
    outer loop
      vertex   -1.487613e+01 -4.272792e+01 1.123042e+02
      vertex   -1.487613e+01 -4.572792e+01 1.123042e+02
      vertex   -1.498988e+01 -4.272792e+01 1.136769e+02
    endloop
  endfacet
  facet normal -9.965845e-01 -0.000000e+00 -8.257935e-02
    outer loop
      vertex   -1.498988e+01 -4.272792e+01 1.136769e+02
      vertex   -1.487613e+01 -4.572792e+01 1.123042e+02
      vertex   -1.498988e+01 -4.572792e+01 1.136769e+02
    endloop
  endfacet
  facet normal -9.999578e-01 0.000000e+00 9.185814e-03
    outer loop
      vertex   -1.498988e+01 -4.272792e+01 1.136769e+02
      vertex   -1.498988e+01 -4.572792e+01 1.136769e+02
      vertex   -1.497722e+01 -4.272792e+01 1.150542e+02
    endloop
  endfacet
  facet normal -9.999578e-01 0.000000e+00 9.185814e-03
    outer loop
      vertex   -1.497722e+01 -4.272792e+01 1.150542e+02
      vertex   -1.498988e+01 -4.572792e+01 1.136769e+02
      vertex   -1.497722e+01 -4.572792e+01 1.150542e+02
    endloop
  endfacet
  facet normal -9.948993e-01 0.000000e+00 1.008735e-01
    outer loop
      vertex   -1.497722e+01 -4.272792e+01 1.150542e+02
      vertex   -1.497722e+01 -4.572792e+01 1.150542e+02
      vertex   -1.483828e+01 -4.272792e+01 1.164246e+02
    endloop
  endfacet
  facet normal -9.948993e-01 -5.890987e-16 1.008735e-01
    outer loop
      vertex   -1.483828e+01 -4.272792e+01 1.164246e+02
      vertex   -1.497722e+01 -4.572792e+01 1.150542e+02
      vertex   -1.483828e+01 -4.572792e+01 1.164246e+02
    endloop
  endfacet
  facet normal -9.814515e-01 -5.811360e-16 1.917106e-01
    outer loop
      vertex   -1.483828e+01 -4.272792e+01 1.164246e+02
      vertex   -1.483828e+01 -4.572792e+01 1.164246e+02
      vertex   -1.457422e+01 -4.272792e+01 1.177765e+02
    endloop
  endfacet
  facet normal -9.814515e-01 2.541481e-16 1.917106e-01
    outer loop
      vertex   -1.457422e+01 -4.272792e+01 1.177765e+02
      vertex   -1.483828e+01 -4.572792e+01 1.164246e+02
      vertex   -1.457422e+01 -4.572792e+01 1.177765e+02
    endloop
  endfacet
  facet normal -9.597279e-01 -1.942113e-16 2.809312e-01
    outer loop
      vertex   -1.457422e+01 -4.272792e+01 1.177765e+02
      vertex   -1.457422e+01 -4.572792e+01 1.177765e+02
      vertex   -1.418726e+01 -4.272792e+01 1.190984e+02
    endloop
  endfacet
  facet normal -9.597279e-01 0.000000e+00 2.809312e-01
    outer loop
      vertex   -1.418726e+01 -4.272792e+01 1.190984e+02
      vertex   -1.457422e+01 -4.572792e+01 1.177765e+02
      vertex   -1.418726e+01 -4.572792e+01 1.190984e+02
    endloop
  endfacet
  facet normal -9.299117e-01 0.000000e+00 3.677829e-01
    outer loop
      vertex   -1.418726e+01 -4.272792e+01 1.190984e+02
      vertex   -1.418726e+01 -4.572792e+01 1.190984e+02
      vertex   -1.368067e+01 -4.272792e+01 1.203793e+02
    endloop
  endfacet
  facet normal -9.299117e-01 0.000000e+00 3.677829e-01
    outer loop
      vertex   -1.368067e+01 -4.272792e+01 1.203793e+02
      vertex   -1.418726e+01 -4.572792e+01 1.190984e+02
      vertex   -1.368067e+01 -4.572792e+01 1.203793e+02
    endloop
  endfacet
  facet normal -8.922542e-01 0.000000e+00 4.515334e-01
    outer loop
      vertex   -1.368067e+01 -4.272792e+01 1.203793e+02
      vertex   -1.368067e+01 -4.572792e+01 1.203793e+02
      vertex   -1.305873e+01 -4.272792e+01 1.216083e+02
    endloop
  endfacet
  facet normal -8.922542e-01 -4.277783e-15 4.515334e-01
    outer loop
      vertex   -1.305873e+01 -4.272792e+01 1.216083e+02
      vertex   -1.368067e+01 -4.572792e+01 1.203793e+02
      vertex   -1.305873e+01 -4.572792e+01 1.216083e+02
    endloop
  endfacet
  facet normal -8.470731e-01 -5.035156e-15 5.314764e-01
    outer loop
      vertex   -1.305873e+01 -4.272792e+01 1.216083e+02
      vertex   -1.305873e+01 -4.572792e+01 1.216083e+02
      vertex   -1.232667e+01 -4.272792e+01 1.227750e+02
    endloop
  endfacet
  facet normal -8.470731e-01 1.504704e-15 5.314764e-01
    outer loop
      vertex   -1.232667e+01 -4.272792e+01 1.227750e+02
      vertex   -1.305873e+01 -4.572792e+01 1.216083e+02
      vertex   -1.232667e+01 -4.572792e+01 1.227750e+02
    endloop
  endfacet
  facet normal -7.947493e-01 1.411758e-15 6.069379e-01
    outer loop
      vertex   -1.232667e+01 -4.272792e+01 1.227750e+02
      vertex   -1.232667e+01 -4.572792e+01 1.227750e+02
      vertex   -1.149067e+01 -4.272792e+01 1.238697e+02
    endloop
  endfacet
  facet normal -7.947493e-01 -2.404449e-15 6.069379e-01
    outer loop
      vertex   -1.149067e+01 -4.272792e+01 1.238697e+02
      vertex   -1.232667e+01 -4.572792e+01 1.227750e+02
      vertex   -1.149067e+01 -4.572792e+01 1.238697e+02
    endloop
  endfacet
  facet normal -7.357239e-01 -2.772614e-15 6.772816e-01
    outer loop
      vertex   -1.149067e+01 -4.272792e+01 1.238697e+02
      vertex   -1.149067e+01 -4.572792e+01 1.238697e+02
      vertex   -1.055777e+01 -4.272792e+01 1.248831e+02
    endloop
  endfacet
  facet normal -7.357239e-01 -8.712721e-16 6.772816e-01
    outer loop
      vertex   -1.055777e+01 -4.272792e+01 1.248831e+02
      vertex   -1.149067e+01 -4.572792e+01 1.238697e+02
      vertex   -1.055777e+01 -4.572792e+01 1.248831e+02
    endloop
  endfacet
  facet normal -6.704948e-01 -7.940253e-16 7.419143e-01
    outer loop
      vertex   -1.055777e+01 -4.272792e+01 1.248831e+02
      vertex   -1.055777e+01 -4.572792e+01 1.248831e+02
      vertex   -9.535856e+00 -4.272792e+01 1.258067e+02
    endloop
  endfacet
  facet normal -6.704948e-01 3.970127e-16 7.419143e-01
    outer loop
      vertex   -9.535856e+00 -4.272792e+01 1.258067e+02
      vertex   -1.055777e+01 -4.572792e+01 1.248831e+02
      vertex   -9.535856e+00 -4.572792e+01 1.258067e+02
    endloop
  endfacet
  facet normal -5.996119e-01 3.550416e-16 8.002909e-01
    outer loop
      vertex   -9.535856e+00 -4.272792e+01 1.258067e+02
      vertex   -9.535856e+00 -4.572792e+01 1.258067e+02
      vertex   -8.433530e+00 -4.272792e+01 1.266326e+02
    endloop
  endfacet
  facet normal -5.996119e-01 -5.806671e-15 8.002909e-01
    outer loop
      vertex   -8.433530e+00 -4.272792e+01 1.266326e+02
      vertex   -9.535856e+00 -4.572792e+01 1.258067e+02
      vertex   -8.433530e+00 -4.572792e+01 1.266326e+02
    endloop
  endfacet
  facet normal -5.236729e-01 -6.520619e-15 8.519194e-01
    outer loop
      vertex   -8.433530e+00 -4.272792e+01 1.266326e+02
      vertex   -8.433530e+00 -4.572792e+01 1.266326e+02
      vertex   -7.260090e+00 -4.272792e+01 1.273539e+02
    endloop
  endfacet
  facet normal -5.236729e-01 4.651150e-16 8.519194e-01
    outer loop
      vertex   -7.260090e+00 -4.272792e+01 1.273539e+02
      vertex   -8.433530e+00 -4.572792e+01 1.266326e+02
      vertex   -7.260090e+00 -4.572792e+01 1.273539e+02
    endloop
  endfacet
  facet normal -4.433182e-01 3.937457e-16 8.963643e-01
    outer loop
      vertex   -7.260090e+00 -4.272792e+01 1.273539e+02
      vertex   -7.260090e+00 -4.572792e+01 1.273539e+02
      vertex   -6.025431e+00 -4.272792e+01 1.279645e+02
    endloop
  endfacet
  facet normal -4.433182e-01 -5.249942e-16 8.963643e-01
    outer loop
      vertex   -6.025431e+00 -4.272792e+01 1.279645e+02
      vertex   -7.260090e+00 -4.572792e+01 1.273539e+02
      vertex   -6.025431e+00 -4.572792e+01 1.279645e+02
    endloop
  endfacet
  facet normal -3.592254e-01 -4.254083e-16 9.332508e-01
    outer loop
      vertex   -6.025431e+00 -4.272792e+01 1.279645e+02
      vertex   -6.025431e+00 -4.572792e+01 1.279645e+02
      vertex   -4.739965e+00 -4.272792e+01 1.284593e+02
    endloop
  endfacet
  facet normal -3.592254e-01 4.254083e-16 9.332508e-01
    outer loop
      vertex   -4.739965e+00 -4.272792e+01 1.284593e+02
      vertex   -6.025431e+00 -4.572792e+01 1.279645e+02
      vertex   -4.739965e+00 -4.572792e+01 1.284593e+02
    endloop
  endfacet
  facet normal -2.721035e-01 3.222352e-16 9.622680e-01
    outer loop
      vertex   -4.739965e+00 -4.272792e+01 1.284593e+02
      vertex   -4.739965e+00 -4.572792e+01 1.284593e+02
      vertex   -3.414530e+00 -4.272792e+01 1.288341e+02
    endloop
  endfacet
  facet normal -2.721035e-01 -2.013970e-16 9.622680e-01
    outer loop
      vertex   -3.414530e+00 -4.272792e+01 1.288341e+02
      vertex   -4.739965e+00 -4.572792e+01 1.284593e+02
      vertex   -3.414530e+00 -4.572792e+01 1.288341e+02
    endloop
  endfacet
  facet normal -1.826871e-01 -1.352156e-16 9.831711e-01
    outer loop
      vertex   -3.414530e+00 -4.272792e+01 1.288341e+02
      vertex   -3.414530e+00 -4.572792e+01 1.288341e+02
      vertex   -2.060303e+00 -4.272792e+01 1.290858e+02
    endloop
  endfacet
  facet normal -1.826871e-01 -5.949488e-16 9.831711e-01
    outer loop
      vertex   -2.060303e+00 -4.272792e+01 1.290858e+02
      vertex   -3.414530e+00 -4.572792e+01 1.288341e+02
      vertex   -2.060303e+00 -4.572792e+01 1.290858e+02
    endloop
  endfacet
  facet normal -9.173030e-02 -2.987339e-16 9.957839e-01
    outer loop
      vertex   -2.060303e+00 -4.272792e+01 1.290858e+02
      vertex   -2.060303e+00 -4.572792e+01 1.290858e+02
      vertex   -6.887036e-01 -4.272792e+01 1.292121e+02
    endloop
  endfacet
  facet normal -9.173030e-02 -8.826228e-17 9.957839e-01
    outer loop
      vertex   -6.887036e-01 -4.272792e+01 1.292121e+02
      vertex   -2.060303e+00 -4.572792e+01 1.290858e+02
      vertex   -6.887036e-01 -4.572792e+01 1.292121e+02
    endloop
  endfacet
  facet normal -0.000000e+00 0.000000e+00 1.000000e+00
    outer loop
      vertex   -6.887036e-01 -4.272792e+01 1.292121e+02
      vertex   -6.887036e-01 -4.572792e+01 1.292121e+02
      vertex   6.887036e-01 -4.272792e+01 1.292121e+02
    endloop
  endfacet
  facet normal 0.000000e+00 0.000000e+00 1.000000e+00
    outer loop
      vertex   6.887036e-01 -4.272792e+01 1.292121e+02
      vertex   -6.887036e-01 -4.572792e+01 1.292121e+02
      vertex   6.887036e-01 -4.572792e+01 1.292121e+02
    endloop
  endfacet
  facet normal 9.173030e-02 -1.120252e-16 9.957839e-01
    outer loop
      vertex   6.887036e-01 -4.272792e+01 1.292121e+02
      vertex   6.887036e-01 -4.572792e+01 1.292121e+02
      vertex   2.060303e+00 -4.272792e+01 1.290858e+02
    endloop
  endfacet
  facet normal 9.173030e-02 9.505169e-17 9.957839e-01
    outer loop
      vertex   2.060303e+00 -4.272792e+01 1.290858e+02
      vertex   6.887036e-01 -4.572792e+01 1.292121e+02
      vertex   2.060303e+00 -4.572792e+01 1.290858e+02
    endloop
  endfacet
  facet normal 1.826871e-01 1.893019e-16 9.831711e-01
    outer loop
      vertex   2.060303e+00 -4.272792e+01 1.290858e+02
      vertex   2.060303e+00 -4.572792e+01 1.290858e+02
      vertex   3.414530e+00 -4.272792e+01 1.288341e+02
    endloop
  endfacet
  facet normal 1.826871e-01 5.679056e-16 9.831711e-01
    outer loop
      vertex   3.414530e+00 -4.272792e+01 1.288341e+02
      vertex   2.060303e+00 -4.572792e+01 1.290858e+02
      vertex   3.414530e+00 -4.572792e+01 1.288341e+02
    endloop
  endfacet
  facet normal 2.721035e-01 8.458675e-16 9.622680e-01
    outer loop
      vertex   3.414530e+00 -4.272792e+01 1.288341e+02
      vertex   3.414530e+00 -4.572792e+01 1.288341e+02
      vertex   4.739965e+00 -4.272792e+01 1.284593e+02
    endloop
  endfacet
  facet normal 2.721035e-01 2.416764e-16 9.622680e-01
    outer loop
      vertex   4.739965e+00 -4.272792e+01 1.284593e+02
      vertex   3.414530e+00 -4.572792e+01 1.288341e+02
      vertex   4.739965e+00 -4.572792e+01 1.284593e+02
    endloop
  endfacet
  facet normal 3.592254e-01 3.190562e-16 9.332508e-01
    outer loop
      vertex   4.739965e+00 -4.272792e+01 1.284593e+02
      vertex   4.739965e+00 -4.572792e+01 1.284593e+02
      vertex   6.025431e+00 -4.272792e+01 1.279645e+02
    endloop
  endfacet
  facet normal 3.592254e-01 -4.254083e-16 9.332508e-01
    outer loop
      vertex   6.025431e+00 -4.272792e+01 1.279645e+02
      vertex   4.739965e+00 -4.572792e+01 1.284593e+02
      vertex   6.025431e+00 -4.572792e+01 1.279645e+02
    endloop
  endfacet
  facet normal 4.433182e-01 -5.249942e-16 8.963643e-01
    outer loop
      vertex   6.025431e+00 -4.272792e+01 1.279645e+02
      vertex   6.025431e+00 -4.572792e+01 1.279645e+02
      vertex   7.260090e+00 -4.272792e+01 1.273539e+02
    endloop
  endfacet
  facet normal 4.433182e-01 5.249942e-16 8.963643e-01
    outer loop
      vertex   7.260090e+00 -4.272792e+01 1.273539e+02
      vertex   6.025431e+00 -4.572792e+01 1.279645e+02
      vertex   7.260090e+00 -4.572792e+01 1.273539e+02
    endloop
  endfacet
  facet normal 5.236729e-01 6.201533e-16 8.519194e-01
    outer loop
      vertex   7.260090e+00 -4.272792e+01 1.273539e+02
      vertex   7.260090e+00 -4.572792e+01 1.273539e+02
      vertex   8.433530e+00 -4.272792e+01 1.266326e+02
    endloop
  endfacet
  facet normal 5.236729e-01 -6.520619e-15 8.519194e-01
    outer loop
      vertex   8.433530e+00 -4.272792e+01 1.266326e+02
      vertex   7.260090e+00 -4.572792e+01 1.273539e+02
      vertex   8.433530e+00 -4.572792e+01 1.266326e+02
    endloop
  endfacet
  facet normal 5.996119e-01 -5.806671e-15 8.002909e-01
    outer loop
      vertex   8.433530e+00 -4.272792e+01 1.266326e+02
      vertex   8.433530e+00 -4.572792e+01 1.266326e+02
      vertex   9.535856e+00 -4.272792e+01 1.258067e+02
    endloop
  endfacet
  facet normal 5.996119e-01 -3.550416e-16 8.002909e-01
    outer loop
      vertex   9.535856e+00 -4.272792e+01 1.258067e+02
      vertex   8.433530e+00 -4.572792e+01 1.266326e+02
      vertex   9.535856e+00 -4.572792e+01 1.258067e+02
    endloop
  endfacet
  facet normal 6.704948e-01 -3.970127e-16 7.419143e-01
    outer loop
      vertex   9.535856e+00 -4.272792e+01 1.258067e+02
      vertex   9.535856e+00 -4.572792e+01 1.258067e+02
      vertex   1.055777e+01 -4.272792e+01 1.248831e+02
    endloop
  endfacet
  facet normal 6.704948e-01 0.000000e+00 7.419143e-01
    outer loop
      vertex   1.055777e+01 -4.272792e+01 1.248831e+02
      vertex   9.535856e+00 -4.572792e+01 1.258067e+02
      vertex   1.055777e+01 -4.572792e+01 1.248831e+02
    endloop
  endfacet
  facet normal 7.357239e-01 0.000000e+00 6.772816e-01
    outer loop
      vertex   1.055777e+01 -4.272792e+01 1.248831e+02
      vertex   1.055777e+01 -4.572792e+01 1.248831e+02
      vertex   1.149067e+01 -4.272792e+01 1.238697e+02
    endloop
  endfacet
  facet normal 7.357239e-01 0.000000e+00 6.772816e-01
    outer loop
      vertex   1.149067e+01 -4.272792e+01 1.238697e+02
      vertex   1.055777e+01 -4.572792e+01 1.248831e+02
      vertex   1.149067e+01 -4.572792e+01 1.238697e+02
    endloop
  endfacet
  facet normal 7.947493e-01 0.000000e+00 6.069379e-01
    outer loop
      vertex   1.149067e+01 -4.272792e+01 1.238697e+02
      vertex   1.149067e+01 -4.572792e+01 1.238697e+02
      vertex   1.232667e+01 -4.272792e+01 1.227750e+02
    endloop
  endfacet
  facet normal 7.947493e-01 0.000000e+00 6.069379e-01
    outer loop
      vertex   1.232667e+01 -4.272792e+01 1.227750e+02
      vertex   1.149067e+01 -4.572792e+01 1.238697e+02
      vertex   1.232667e+01 -4.572792e+01 1.227750e+02
    endloop
  endfacet
  facet normal 8.470731e-01 0.000000e+00 5.314764e-01
    outer loop
      vertex   1.232667e+01 -4.272792e+01 1.227750e+02
      vertex   1.232667e+01 -4.572792e+01 1.227750e+02
      vertex   1.305873e+01 -4.272792e+01 1.216083e+02
    endloop
  endfacet
  facet normal 8.470731e-01 5.536724e-15 5.314764e-01
    outer loop
      vertex   1.305873e+01 -4.272792e+01 1.216083e+02
      vertex   1.232667e+01 -4.572792e+01 1.227750e+02
      vertex   1.305873e+01 -4.572792e+01 1.216083e+02
    endloop
  endfacet
  facet normal 8.922542e-01 4.806104e-15 4.515334e-01
    outer loop
      vertex   1.305873e+01 -4.272792e+01 1.216083e+02
      vertex   1.305873e+01 -4.572792e+01 1.216083e+02
      vertex   1.368067e+01 -4.272792e+01 1.203793e+02
    endloop
  endfacet
  facet normal 8.922542e-01 1.584962e-15 4.515334e-01
    outer loop
      vertex   1.368067e+01 -4.272792e+01 1.203793e+02
      vertex   1.305873e+01 -4.572792e+01 1.216083e+02
      vertex   1.368067e+01 -4.572792e+01 1.203793e+02
    endloop
  endfacet
  facet normal 9.299117e-01 1.651855e-15 3.677829e-01
    outer loop
      vertex   1.368067e+01 -4.272792e+01 1.203793e+02
      vertex   1.368067e+01 -4.572792e+01 1.203793e+02
      vertex   1.418726e+01 -4.272792e+01 1.190984e+02
    endloop
  endfacet
  facet normal 9.299117e-01 5.506183e-16 3.677829e-01
    outer loop
      vertex   1.418726e+01 -4.272792e+01 1.190984e+02
      vertex   1.368067e+01 -4.572792e+01 1.203793e+02
      vertex   1.418726e+01 -4.572792e+01 1.190984e+02
    endloop
  endfacet
  facet normal 9.597279e-01 5.682731e-16 2.809312e-01
    outer loop
      vertex   1.418726e+01 -4.272792e+01 1.190984e+02
      vertex   1.418726e+01 -4.572792e+01 1.190984e+02
      vertex   1.457422e+01 -4.272792e+01 1.177765e+02
    endloop
  endfacet
  facet normal 9.597279e-01 5.682731e-16 2.809312e-01
    outer loop
      vertex   1.457422e+01 -4.272792e+01 1.177765e+02
      vertex   1.418726e+01 -4.572792e+01 1.190984e+02
      vertex   1.457422e+01 -4.572792e+01 1.177765e+02
    endloop
  endfacet
  facet normal 9.814515e-01 5.811360e-16 1.917106e-01
    outer loop
      vertex   1.457422e+01 -4.272792e+01 1.177765e+02
      vertex   1.457422e+01 -4.572792e+01 1.177765e+02
      vertex   1.483828e+01 -4.272792e+01 1.164246e+02
    endloop
  endfacet
  facet normal 9.814515e-01 0.000000e+00 1.917106e-01
    outer loop
      vertex   1.483828e+01 -4.272792e+01 1.164246e+02
      vertex   1.457422e+01 -4.572792e+01 1.177765e+02
      vertex   1.483828e+01 -4.572792e+01 1.164246e+02
    endloop
  endfacet
  facet normal 9.948993e-01 0.000000e+00 1.008735e-01
    outer loop
      vertex   1.483828e+01 -4.272792e+01 1.164246e+02
      vertex   1.483828e+01 -4.572792e+01 1.164246e+02
      vertex   1.497722e+01 -4.272792e+01 1.150542e+02
    endloop
  endfacet
  facet normal 9.948993e-01 0.000000e+00 1.008735e-01
    outer loop
      vertex   1.497722e+01 -4.272792e+01 1.150542e+02
      vertex   1.483828e+01 -4.572792e+01 1.164246e+02
      vertex   1.497722e+01 -4.572792e+01 1.150542e+02
    endloop
  endfacet
  facet normal 9.999578e-01 0.000000e+00 9.185814e-03
    outer loop
      vertex   1.497722e+01 -4.272792e+01 1.150542e+02
      vertex   1.497722e+01 -4.572792e+01 1.150542e+02
      vertex   1.498988e+01 -4.272792e+01 1.136769e+02
    endloop
  endfacet
  facet normal 9.999578e-01 5.920940e-16 9.185814e-03
    outer loop
      vertex   1.498988e+01 -4.272792e+01 1.136769e+02
      vertex   1.497722e+01 -4.572792e+01 1.150542e+02
      vertex   1.498988e+01 -4.572792e+01 1.136769e+02
    endloop
  endfacet
  facet normal 9.965845e-01 5.900966e-16 -8.257935e-02
    outer loop
      vertex   1.498988e+01 -4.272792e+01 1.136769e+02
      vertex   1.498988e+01 -4.572792e+01 1.136769e+02
      vertex   1.487613e+01 -4.272792e+01 1.123042e+02
    endloop
  endfacet
  facet normal 9.965845e-01 0.000000e+00 -8.257935e-02
    outer loop
      vertex   1.487613e+01 -4.272792e+01 1.123042e+02
      vertex   1.498988e+01 -4.572792e+01 1.136769e+02
      vertex   1.487613e+01 -4.572792e+01 1.123042e+02
    endloop
  endfacet
  facet normal 9.848078e-01 0.000000e+00 -1.736482e-01
    outer loop
      vertex   1.487613e+01 -4.272792e+01 1.123042e+02
      vertex   1.487613e+01 -4.572792e+01 1.123042e+02
      vertex   1.463695e+01 -4.272792e+01 1.109477e+02
    endloop
  endfacet
  facet normal 9.848078e-01 0.000000e+00 -1.736482e-01
    outer loop
      vertex   1.463695e+01 -4.272792e+01 1.109477e+02
      vertex   1.487613e+01 -4.572792e+01 1.123042e+02
      vertex   1.463695e+01 -4.572792e+01 1.109477e+02
    endloop
  endfacet
  facet normal 9.647269e-01 0.000000e+00 -2.632528e-01
    outer loop
      vertex   1.463695e+01 -4.272792e+01 1.109477e+02
      vertex   1.463695e+01 -4.572792e+01 1.109477e+02
      vertex   1.427434e+01 -4.272792e+01 1.096189e+02
    endloop
  endfacet
  facet normal 9.647269e-01 -5.712331e-16 -2.632528e-01
    outer loop
      vertex   1.427434e+01 -4.272792e+01 1.096189e+02
      vertex   1.463695e+01 -4.572792e+01 1.109477e+02
      vertex   1.427434e+01 -4.572792e+01 1.096189e+02
    endloop
  endfacet
  facet normal 9.365112e-01 -5.545260e-16 -3.506376e-01
    outer loop
      vertex   1.427434e+01 -4.272792e+01 1.096189e+02
      vertex   1.427434e+01 -4.572792e+01 1.096189e+02
      vertex   1.379137e+01 -4.272792e+01 1.083289e+02
    endloop
  endfacet
  facet normal 9.365112e-01 -5.545260e-16 -3.506376e-01
    outer loop
      vertex   1.379137e+01 -4.272792e+01 1.083289e+02
      vertex   1.427434e+01 -4.572792e+01 1.096189e+02
      vertex   1.379137e+01 -4.572792e+01 1.083289e+02
    endloop
  endfacet
  facet normal 9.003987e-01 -5.331431e-16 -4.350657e-01
    outer loop
      vertex   1.379137e+01 -4.272792e+01 1.083289e+02
      vertex   1.379137e+01 -4.572792e+01 1.083289e+02
      vertex   1.319211e+01 -4.272792e+01 1.070887e+02
    endloop
  endfacet
  facet normal 9.003987e-01 -5.331431e-16 -4.350657e-01
    outer loop
      vertex   1.319211e+01 -4.272792e+01 1.070887e+02
      vertex   1.379137e+01 -4.572792e+01 1.083289e+02
      vertex   1.319211e+01 -4.572792e+01 1.070887e+02
    endloop
  endfacet
  facet normal 8.566938e-01 -5.072646e-16 -5.158252e-01
    outer loop
      vertex   1.319211e+01 -4.272792e+01 1.070887e+02
      vertex   1.319211e+01 -4.572792e+01 1.070887e+02
      vertex   1.248160e+01 -4.272792e+01 1.059087e+02
    endloop
  endfacet
  facet normal 8.566938e-01 -5.072646e-16 -5.158252e-01
    outer loop
      vertex   1.248160e+01 -4.272792e+01 1.059087e+02
      vertex   1.319211e+01 -4.572792e+01 1.070887e+02
      vertex   1.248160e+01 -4.572792e+01 1.059087e+02
    endloop
  endfacet
  facet normal 8.057651e-01 -4.771088e-16 -5.922353e-01
    outer loop
      vertex   1.248160e+01 -4.272792e+01 1.059087e+02
      vertex   1.248160e+01 -4.572792e+01 1.059087e+02
      vertex   1.166586e+01 -4.272792e+01 1.047988e+02
    endloop
  endfacet
  facet normal 8.057651e-01 -4.771088e-16 -5.922353e-01
    outer loop
      vertex   1.166586e+01 -4.272792e+01 1.047988e+02
      vertex   1.248160e+01 -4.572792e+01 1.059087e+02
      vertex   1.166586e+01 -4.572792e+01 1.047988e+02
    endloop
  endfacet
  facet normal 7.480420e-01 -4.429298e-16 -6.636514e-01
    outer loop
      vertex   1.166586e+01 -4.272792e+01 1.047988e+02
      vertex   1.166586e+01 -4.572792e+01 1.047988e+02
      vertex   1.075174e+01 -4.272792e+01 1.037685e+02
    endloop
  endfacet
  facet normal 7.480420e-01 -1.328790e-15 -6.636514e-01
    outer loop
      vertex   1.075174e+01 -4.272792e+01 1.037685e+02
      vertex   1.166586e+01 -4.572792e+01 1.047988e+02
      vertex   1.075174e+01 -4.572792e+01 1.037685e+02
    endloop
  endfacet
  facet normal 6.840112e-01 -1.215048e-15 -7.294715e-01
    outer loop
      vertex   1.075174e+01 -4.272792e+01 1.037685e+02
      vertex   1.075174e+01 -4.572792e+01 1.037685e+02
      vertex   9.746958e+00 -4.272792e+01 1.028263e+02
    endloop
  endfacet
  facet normal 6.840112e-01 0.000000e+00 -7.294715e-01
    outer loop
      vertex   9.746958e+00 -4.272792e+01 1.028263e+02
      vertex   1.075174e+01 -4.572792e+01 1.037685e+02
      vertex   9.746958e+00 -4.572792e+01 1.028263e+02
    endloop
  endfacet
  facet normal 6.142127e-01 0.000000e+00 -7.891405e-01
    outer loop
      vertex   9.746958e+00 -4.272792e+01 1.028263e+02
      vertex   9.746958e+00 -4.572792e+01 1.028263e+02
      vertex   8.659991e+00 -4.272792e+01 1.019803e+02
    endloop
  endfacet
  facet normal 6.142127e-01 -1.454748e-15 -7.891405e-01
    outer loop
      vertex   8.659991e+00 -4.272792e+01 1.019803e+02
      vertex   9.746958e+00 -4.572792e+01 1.028263e+02
      vertex   8.659991e+00 -4.572792e+01 1.019803e+02
    endloop
  endfacet
  facet normal 5.392350e-01 -1.277165e-15 -8.421553e-01
    outer loop
      vertex   8.659991e+00 -4.272792e+01 1.019803e+02
      vertex   8.659991e+00 -4.572792e+01 1.019803e+02
      vertex   7.500000e+00 -4.272792e+01 1.012375e+02
    endloop
  endfacet
  facet normal 5.392350e-01 0.000000e+00 -8.421553e-01
    outer loop
      vertex   7.500000e+00 -4.272792e+01 1.012375e+02
      vertex   8.659991e+00 -4.572792e+01 1.019803e+02
      vertex   7.500000e+00 -4.572792e+01 1.012375e+02
    endloop
  endfacet
  facet normal 8.325026e-02 -7.817987e-02 9.934572e-01
    outer loop
      vertex   7.500000e+00 -1.104579e+01 6.446637e+01
      vertex   7.757542e+00 -1.098133e+01 6.444986e+01
      vertex   7.500000e+00 -1.061838e+01 6.450000e+01
    endloop
  endfacet
  facet normal 6.881678e-02 -8.845502e-02 9.937001e-01
    outer loop
      vertex   7.500000e+00 -1.061838e+01 6.450000e+01
      vertex   7.757542e+00 -1.098133e+01 6.444986e+01
      vertex   8.736551e+00 -1.021968e+01 6.444986e+01
    endloop
  endfacet
  facet normal 6.849333e-02 -8.743774e-02 9.938125e-01
    outer loop
      vertex   7.500000e+00 -1.061838e+01 6.450000e+01
      vertex   8.736551e+00 -1.021968e+01 6.444986e+01
      vertex   8.513603e+00 -9.824387e+00 6.450000e+01
    endloop
  endfacet
  facet normal 7.730333e-02 -8.244101e-02 9.935933e-01
    outer loop
      vertex   8.513603e+00 -9.824387e+00 6.450000e+01
      vertex   8.736551e+00 -1.021968e+01 6.444986e+01
      vertex   9.637171e+00 -9.375185e+00 6.444986e+01
    endloop
  endfacet
  facet normal 7.616848e-02 -7.956652e-02 9.939153e-01
    outer loop
      vertex   8.513603e+00 -9.824387e+00 6.450000e+01
      vertex   9.637171e+00 -9.375185e+00 6.444986e+01
      vertex   9.443690e+00 -8.934020e+00 6.450000e+01
    endloop
  endfacet
  facet normal 8.517722e-02 -7.556793e-02 9.934960e-01
    outer loop
      vertex   9.443690e+00 -8.934020e+00 6.450000e+01
      vertex   9.637171e+00 -9.375185e+00 6.444986e+01
      vertex   1.045653e+01 -8.451637e+00 6.444986e+01
    endloop
  endfacet
  facet normal 8.310219e-02 -7.115899e-02 9.939972e-01
    outer loop
      vertex   9.443690e+00 -8.934020e+00 6.450000e+01
      vertex   1.045653e+01 -8.451637e+00 6.444986e+01
      vertex   1.028114e+01 -7.956014e+00 6.450000e+01
    endloop
  endfacet
  facet normal 9.230472e-02 -6.784373e-02 9.934169e-01
    outer loop
      vertex   1.028114e+01 -7.956014e+00 6.450000e+01
      vertex   1.045653e+01 -8.451637e+00 6.444986e+01
      vertex   1.118771e+01 -7.456824e+00 6.444986e+01
    endloop
  endfacet
  facet normal 8.926823e-02 -6.226465e-02 9.940595e-01
    outer loop
      vertex   1.028114e+01 -7.956014e+00 6.450000e+01
      vertex   1.118771e+01 -7.456824e+00 6.444986e+01
      vertex   1.101774e+01 -6.899964e+00 6.450000e+01
    endloop
  endfacet
  facet normal 9.858316e-02 -5.935806e-02 9.933569e-01
    outer loop
      vertex   1.101774e+01 -6.899964e+00 6.450000e+01
      vertex   1.118771e+01 -7.456824e+00 6.444986e+01
      vertex   1.182456e+01 -6.399133e+00 6.444986e+01
    endloop
  endfacet
  facet normal 9.464195e-02 -5.293418e-02 9.941030e-01
    outer loop
      vertex   1.101774e+01 -6.899964e+00 6.450000e+01
      vertex   1.182456e+01 -6.399133e+00 6.444986e+01
      vertex   1.164625e+01 -5.776228e+00 6.450000e+01
    endloop
  endfacet
  facet normal 1.039222e-01 -5.021440e-02 9.933170e-01
    outer loop
      vertex   1.164625e+01 -5.776228e+00 6.450000e+01
      vertex   1.182456e+01 -6.399133e+00 6.444986e+01
      vertex   1.236170e+01 -5.287483e+00 6.444986e+01
    endloop
  endfacet
  facet normal 9.920054e-02 -4.321936e-02 9.941284e-01
    outer loop
      vertex   1.164625e+01 -5.776228e+00 6.450000e+01
      vertex   1.236170e+01 -5.287483e+00 6.444986e+01
      vertex   1.216052e+01 -4.595829e+00 6.450000e+01
    endloop
  endfacet
  facet normal 1.082459e-01 -4.052816e-02 9.932977e-01
    outer loop
      vertex   1.216052e+01 -4.595829e+00 6.450000e+01
      vertex   1.236170e+01 -5.287483e+00 6.444986e+01
      vertex   1.279461e+01 -4.131247e+00 6.444986e+01
    endloop
  endfacet
  facet normal 1.029231e-01 -3.317296e-02 9.941360e-01
    outer loop
      vertex   1.216052e+01 -4.595829e+00 6.450000e+01
      vertex   1.279461e+01 -4.131247e+00 6.444986e+01
      vertex   1.255551e+01 -3.370348e+00 6.450000e+01
    endloop
  endfacet
  facet normal 1.114945e-01 -3.042441e-02 9.932992e-01
    outer loop
      vertex   1.255551e+01 -3.370348e+00 6.450000e+01
      vertex   1.279461e+01 -4.131247e+00 6.444986e+01
      vertex   1.311962e+01 -2.940176e+00 6.444986e+01
    endloop
  endfacet
  facet normal 1.057910e-01 -2.284862e-02 9.941258e-01
    outer loop
      vertex   1.255551e+01 -3.370348e+00 6.450000e+01
      vertex   1.311962e+01 -2.940176e+00 6.444986e+01
      vertex   1.282733e+01 -2.111805e+00 6.450000e+01
    endloop
  endfacet
  facet normal 1.136259e-01 -2.003532e-02 9.933216e-01
    outer loop
      vertex   1.282733e+01 -2.111805e+00 6.450000e+01
      vertex   1.311962e+01 -2.940176e+00 6.444986e+01
      vertex   1.333401e+01 -1.724313e+00 6.444986e+01
    endloop
  endfacet
  facet normal 1.077876e-01 -1.230065e-02 9.940978e-01
    outer loop
      vertex   1.282733e+01 -2.111805e+00 6.450000e+01
      vertex   1.333401e+01 -1.724313e+00 6.444986e+01
      vertex   1.297331e+01 -8.325455e-01 6.450000e+01
    endloop
  endfacet
  facet normal 1.146163e-01 -9.497377e-03 9.933644e-01
    outer loop
      vertex   1.297331e+01 -8.325455e-01 6.450000e+01
      vertex   1.333401e+01 -1.724313e+00 6.444986e+01
      vertex   1.343597e+01 -4.939104e-01 6.444986e+01
    endloop
  endfacet
  facet normal 1.088986e-01 -1.583926e-03 9.940516e-01
    outer loop
      vertex   1.297331e+01 -8.325455e-01 6.450000e+01
      vertex   1.343597e+01 -4.939104e-01 6.444986e+01
      vertex   1.299204e+01 4.548804e-01 6.450000e+01
    endloop
  endfacet
  facet normal 1.144606e-01 1.051458e-03 9.934272e-01
    outer loop
      vertex   1.299204e+01 4.548804e-01 6.450000e+01
      vertex   1.343597e+01 -4.939104e-01 6.444986e+01
      vertex   1.342463e+01 7.406572e-01 6.444986e+01
    endloop
  endfacet
  facet normal 1.091117e-01 9.246322e-03 9.939865e-01
    outer loop
      vertex   1.299204e+01 4.548804e-01 6.450000e+01
      vertex   1.342463e+01 7.406572e-01 6.444986e+01
      vertex   1.288332e+01 1.737844e+00 6.450000e+01
    endloop
  endfacet
  facet normal 1.131724e-01 1.147463e-02 9.935091e-01
    outer loop
      vertex   1.288332e+01 1.737844e+00 6.450000e+01
      vertex   1.342463e+01 7.406572e-01 6.444986e+01
      vertex   1.330009e+01 1.968980e+00 6.444986e+01
    endloop
  endfacet
  facet normal 1.084168e-01 2.013470e-02 9.939016e-01
    outer loop
      vertex   1.288332e+01 1.737844e+00 6.450000e+01
      vertex   1.330009e+01 1.968980e+00 6.444986e+01
      vertex   1.264822e+01 3.003760e+00 6.450000e+01
    endloop
  endfacet
  facet normal 1.107835e-01 2.163975e-02 9.936089e-01
    outer loop
      vertex   1.264822e+01 3.003760e+00 6.450000e+01
      vertex   1.330009e+01 1.968980e+00 6.444986e+01
      vertex   1.306340e+01 3.180699e+00 6.444986e+01
    endloop
  endfacet
  facet normal 1.068059e-01 3.102582e-02 9.937957e-01
    outer loop
      vertex   1.264822e+01 3.003760e+00 6.450000e+01
      vertex   1.306340e+01 3.180699e+00 6.444986e+01
      vertex   1.228904e+01 4.240211e+00 6.450000e+01
    endloop
  endfacet
  facet normal 1.073424e-01 3.142122e-02 9.937255e-01
    outer loop
      vertex   1.228904e+01 4.240211e+00 6.450000e+01
      vertex   1.306340e+01 3.180699e+00 6.444986e+01
      vertex   1.271655e+01 4.365598e+00 6.444986e+01
    endloop
  endfacet
  facet normal 1.044373e-01 4.130527e-02 9.936733e-01
    outer loop
      vertex   1.228904e+01 4.240211e+00 6.450000e+01
      vertex   1.271655e+01 4.365598e+00 6.444986e+01
      vertex   1.226248e+01 5.513685e+00 6.444986e+01
    endloop
  endfacet
  facet normal 3.074192e-01 1.215852e-01 9.437746e-01
    outer loop
      vertex   1.226248e+01 5.513685e+00 6.444986e+01
      vertex   1.271655e+01 4.365598e+00 6.444986e+01
      vertex   1.311637e+01 4.502857e+00 6.430194e+01
    endloop
  endfacet
  facet normal 3.074192e-01 1.215852e-01 9.437746e-01
    outer loop
      vertex   1.226248e+01 5.513685e+00 6.444986e+01
      vertex   1.311637e+01 4.502857e+00 6.430194e+01
      vertex   1.264803e+01 5.687041e+00 6.430194e+01
    endloop
  endfacet
  facet normal 4.951171e-01 1.958203e-01 8.464712e-01
    outer loop
      vertex   1.264803e+01 5.687041e+00 6.430194e+01
      vertex   1.311637e+01 4.502857e+00 6.430194e+01
      vertex   1.347504e+01 4.625987e+00 6.406366e+01
    endloop
  endfacet
  facet normal 4.951171e-01 1.958203e-01 8.464712e-01
    outer loop
      vertex   1.264803e+01 5.687041e+00 6.430194e+01
      vertex   1.347504e+01 4.625987e+00 6.406366e+01
      vertex   1.299388e+01 5.842552e+00 6.406366e+01
    endloop
  endfacet
  facet normal 6.578937e-01 2.601989e-01 7.067336e-01
    outer loop
      vertex   1.299388e+01 5.842552e+00 6.406366e+01
      vertex   1.347504e+01 4.625987e+00 6.406366e+01
      vertex   1.377456e+01 4.728814e+00 6.374698e+01
    endloop
  endfacet
  facet normal 6.578937e-01 2.601989e-01 7.067336e-01
    outer loop
      vertex   1.299388e+01 5.842552e+00 6.406366e+01
      vertex   1.377456e+01 4.728814e+00 6.374698e+01
      vertex   1.328271e+01 5.972421e+00 6.374698e+01
    endloop
  endfacet
  facet normal 7.876137e-01 3.115036e-01 5.316296e-01
    outer loop
      vertex   1.328271e+01 5.972421e+00 6.374698e+01
      vertex   1.377456e+01 4.728814e+00 6.374698e+01
      vertex   1.399993e+01 4.806181e+00 6.336777e+01
    endloop
  endfacet
  facet normal 7.876137e-01 3.115036e-01 5.316296e-01
    outer loop
      vertex   1.328271e+01 5.972421e+00 6.374698e+01
      vertex   1.399993e+01 4.806181e+00 6.336777e+01
      vertex   1.350003e+01 6.070136e+00 6.336777e+01
    endloop
  endfacet
  facet normal 8.778291e-01 3.471841e-01 3.299687e-01
    outer loop
      vertex   1.350003e+01 6.070136e+00 6.336777e+01
      vertex   1.399993e+01 4.806181e+00 6.336777e+01
      vertex   1.413983e+01 4.854210e+00 6.294504e+01
    endloop
  endfacet
  facet normal 8.778291e-01 3.471841e-01 3.299687e-01
    outer loop
      vertex   1.350003e+01 6.070136e+00 6.336777e+01
      vertex   1.413983e+01 4.854210e+00 6.294504e+01
      vertex   1.363494e+01 6.130795e+00 6.294504e+01
    endloop
  endfacet
  facet normal 9.240768e-01 3.654752e-01 1.118479e-01
    outer loop
      vertex   1.363494e+01 6.130795e+00 6.294504e+01
      vertex   1.413983e+01 4.854210e+00 6.294504e+01
      vertex   1.418726e+01 4.870492e+00 6.250000e+01
    endloop
  endfacet
  facet normal 9.240768e-01 3.654752e-01 1.118479e-01
    outer loop
      vertex   1.363494e+01 6.130795e+00 6.294504e+01
      vertex   1.418726e+01 4.870492e+00 6.250000e+01
      vertex   1.368067e+01 6.151359e+00 6.250000e+01
    endloop
  endfacet
  facet normal 1.166768e-01 -2.180153e-01 9.689457e-01
    outer loop
      vertex   7.500000e+00 -1.104579e+01 6.446637e+01
      vertex   7.500000e+00 -1.147281e+01 6.437028e+01
      vertex   7.757542e+00 -1.098133e+01 6.444986e+01
    endloop
  endfacet
  facet normal 2.043810e-01 -2.598960e-01 9.437598e-01
    outer loop
      vertex   7.757542e+00 -1.098133e+01 6.444986e+01
      vertex   7.500000e+00 -1.147281e+01 6.437028e+01
      vertex   8.002258e+00 -1.132602e+01 6.430194e+01
    endloop
  endfacet
  facet normal 2.029785e-01 -2.609024e-01 9.437848e-01
    outer loop
      vertex   7.757542e+00 -1.098133e+01 6.444986e+01
      vertex   8.002258e+00 -1.132602e+01 6.430194e+01
      vertex   8.736551e+00 -1.021968e+01 6.444986e+01
    endloop
  endfacet
  facet normal 2.030071e-01 -2.609200e-01 9.437737e-01
    outer loop
      vertex   8.736551e+00 -1.021968e+01 6.444986e+01
      vertex   8.002258e+00 -1.132602e+01 6.430194e+01
      vertex   9.011237e+00 -1.054100e+01 6.430194e+01
    endloop
  endfacet
  facet normal 2.261270e-01 -2.411557e-01 9.437746e-01
    outer loop
      vertex   8.736551e+00 -1.021968e+01 6.444986e+01
      vertex   9.011237e+00 -1.054100e+01 6.430194e+01
      vertex   9.637171e+00 -9.375185e+00 6.444986e+01
    endloop
  endfacet
  facet normal 2.261270e-01 -2.411557e-01 9.437746e-01
    outer loop
      vertex   9.637171e+00 -9.375185e+00 6.444986e+01
      vertex   9.011237e+00 -1.054100e+01 6.430194e+01
      vertex   9.940173e+00 -9.669950e+00 6.430194e+01
    endloop
  endfacet
  facet normal 2.472949e-01 -2.193963e-01 9.437746e-01
    outer loop
      vertex   9.637171e+00 -9.375185e+00 6.444986e+01
      vertex   9.940173e+00 -9.669950e+00 6.430194e+01
      vertex   1.045653e+01 -8.451637e+00 6.444986e+01
    endloop
  endfacet
  facet normal 2.472949e-01 -2.193963e-01 9.437746e-01
    outer loop
      vertex   1.045653e+01 -8.451637e+00 6.444986e+01
      vertex   9.940173e+00 -9.669950e+00 6.430194e+01
      vertex   1.078529e+01 -8.717365e+00 6.430194e+01
    endloop
  endfacet
  facet normal 2.663776e-01 -1.957868e-01 9.437746e-01
    outer loop
      vertex   1.045653e+01 -8.451637e+00 6.444986e+01
      vertex   1.078529e+01 -8.717365e+00 6.430194e+01
      vertex   1.118771e+01 -7.456824e+00 6.444986e+01
    endloop
  endfacet
  facet normal 2.663776e-01 -1.957868e-01 9.437746e-01
    outer loop
      vertex   1.118771e+01 -7.456824e+00 6.444986e+01
      vertex   1.078529e+01 -8.717365e+00 6.430194e+01
      vertex   1.153947e+01 -7.691274e+00 6.430194e+01
    endloop
  endfacet
  facet normal 2.832141e-01 -1.705265e-01 9.437746e-01
    outer loop
      vertex   1.118771e+01 -7.456824e+00 6.444986e+01
      vertex   1.153947e+01 -7.691274e+00 6.430194e+01
      vertex   1.182456e+01 -6.399133e+00 6.444986e+01
    endloop
  endfacet
  facet normal 2.832141e-01 -1.705265e-01 9.437746e-01
    outer loop
      vertex   1.182456e+01 -6.399133e+00 6.444986e+01
      vertex   1.153947e+01 -7.691274e+00 6.430194e+01
      vertex   1.219634e+01 -6.600328e+00 6.430194e+01
    endloop
  endfacet
  facet normal 2.976625e-01 -1.438282e-01 9.437746e-01
    outer loop
      vertex   1.182456e+01 -6.399133e+00 6.444986e+01
      vertex   1.219634e+01 -6.600328e+00 6.430194e+01
      vertex   1.236170e+01 -5.287483e+00 6.444986e+01
    endloop
  endfacet
  facet normal 2.976625e-01 -1.438282e-01 9.437746e-01
    outer loop
      vertex   1.236170e+01 -5.287483e+00 6.444986e+01
      vertex   1.219634e+01 -6.600328e+00 6.430194e+01
      vertex   1.275037e+01 -5.453726e+00 6.430194e+01
    endloop
  endfacet
  facet normal 3.096009e-01 -1.159171e-01 9.437746e-01
    outer loop
      vertex   1.236170e+01 -5.287483e+00 6.444986e+01
      vertex   1.275037e+01 -5.453726e+00 6.430194e+01
      vertex   1.279461e+01 -4.131247e+00 6.444986e+01
    endloop
  endfacet
  facet normal 3.096009e-01 -1.159171e-01 9.437746e-01
    outer loop
      vertex   1.279461e+01 -4.131247e+00 6.444986e+01
      vertex   1.275037e+01 -5.453726e+00 6.430194e+01
      vertex   1.319688e+01 -4.261138e+00 6.430194e+01
    endloop
  endfacet
  facet normal 3.189287e-01 -8.702864e-02 9.437746e-01
    outer loop
      vertex   1.279461e+01 -4.131247e+00 6.444986e+01
      vertex   1.319688e+01 -4.261138e+00 6.430194e+01
      vertex   1.311962e+01 -2.940176e+00 6.444986e+01
    endloop
  endfacet
  facet normal 3.189287e-01 -8.702864e-02 9.437746e-01
    outer loop
      vertex   1.311962e+01 -2.940176e+00 6.444986e+01
      vertex   1.319688e+01 -4.261138e+00 6.430194e+01
      vertex   1.353212e+01 -3.032619e+00 6.430194e+01
    endloop
  endfacet
  facet normal 3.255672e-01 -5.740629e-02 9.437746e-01
    outer loop
      vertex   1.311962e+01 -2.940176e+00 6.444986e+01
      vertex   1.353212e+01 -3.032619e+00 6.430194e+01
      vertex   1.333401e+01 -1.724313e+00 6.444986e+01
    endloop
  endfacet
  facet normal 3.255672e-01 -5.740629e-02 9.437746e-01
    outer loop
      vertex   1.333401e+01 -1.724313e+00 6.444986e+01
      vertex   1.353212e+01 -3.032619e+00 6.430194e+01
      vertex   1.375325e+01 -1.778527e+00 6.430194e+01
    endloop
  endfacet
  facet normal 3.294605e-01 -2.729988e-02 9.437746e-01
    outer loop
      vertex   1.333401e+01 -1.724313e+00 6.444986e+01
      vertex   1.375325e+01 -1.778527e+00 6.430194e+01
      vertex   1.343597e+01 -4.939104e-01 6.444986e+01
    endloop
  endfacet
  facet normal 3.294605e-01 -2.729988e-02 9.437746e-01
    outer loop
      vertex   1.343597e+01 -4.939104e-01 6.444986e+01
      vertex   1.375325e+01 -1.778527e+00 6.430194e+01
      vertex   1.385841e+01 -5.094395e-01 6.430194e+01
    endloop
  endfacet
  facet normal 3.305757e-01 3.036735e-03 9.437746e-01
    outer loop
      vertex   1.343597e+01 -4.939104e-01 6.444986e+01
      vertex   1.385841e+01 -5.094395e-01 6.430194e+01
      vertex   1.342463e+01 7.406572e-01 6.444986e+01
    endloop
  endfacet
  facet normal 3.305757e-01 3.036735e-03 9.437746e-01
    outer loop
      vertex   1.342463e+01 7.406572e-01 6.444986e+01
      vertex   1.385841e+01 -5.094395e-01 6.430194e+01
      vertex   1.384671e+01 7.639443e-01 6.430194e+01
    endloop
  endfacet
  facet normal 3.289034e-01 3.334774e-02 9.437746e-01
    outer loop
      vertex   1.342463e+01 7.406572e-01 6.444986e+01
      vertex   1.384671e+01 7.639443e-01 6.430194e+01
      vertex   1.330009e+01 1.968980e+00 6.444986e+01
    endloop
  endfacet
  facet normal 3.289034e-01 3.334774e-02 9.437746e-01
    outer loop
      vertex   1.330009e+01 1.968980e+00 6.444986e+01
      vertex   1.384671e+01 7.639443e-01 6.430194e+01
      vertex   1.371825e+01 2.030886e+00 6.430194e+01
    endloop
  endfacet
  facet normal 3.244577e-01 6.337755e-02 9.437746e-01
    outer loop
      vertex   1.330009e+01 1.968980e+00 6.444986e+01
      vertex   1.371825e+01 2.030886e+00 6.430194e+01
      vertex   1.306340e+01 3.180699e+00 6.444986e+01
    endloop
  endfacet
  facet normal 3.244577e-01 6.337755e-02 9.437746e-01
    outer loop
      vertex   1.306340e+01 3.180699e+00 6.444986e+01
      vertex   1.371825e+01 2.030886e+00 6.430194e+01
      vertex   1.347412e+01 3.280703e+00 6.430194e+01
    endloop
  endfacet
  facet normal 3.172761e-01 9.287295e-02 9.437746e-01
    outer loop
      vertex   1.306340e+01 3.180699e+00 6.444986e+01
      vertex   1.347412e+01 3.280703e+00 6.430194e+01
      vertex   1.271655e+01 4.365598e+00 6.444986e+01
    endloop
  endfacet
  facet normal 3.172761e-01 9.287295e-02 9.437746e-01
    outer loop
      vertex   1.271655e+01 4.365598e+00 6.444986e+01
      vertex   1.347412e+01 3.280703e+00 6.430194e+01
      vertex   1.311637e+01 4.502857e+00 6.430194e+01
    endloop
  endfacet
  facet normal 2.308285e-01 -3.710059e-01 8.994847e-01
    outer loop
      vertex   7.500000e+00 -1.147281e+01 6.437028e+01
      vertex   7.500000e+00 -1.186224e+01 6.420966e+01
      vertex   8.002258e+00 -1.132602e+01 6.430194e+01
    endloop
  endfacet
  facet normal 3.077575e-01 -4.339841e-01 8.467249e-01
    outer loop
      vertex   8.002258e+00 -1.132602e+01 6.430194e+01
      vertex   7.500000e+00 -1.186224e+01 6.420966e+01
      vertex   8.221913e+00 -1.163514e+01 6.406366e+01
    endloop
  endfacet
  facet normal 3.269257e-01 -4.201894e-01 8.464990e-01
    outer loop
      vertex   8.002258e+00 -1.132602e+01 6.430194e+01
      vertex   8.221913e+00 -1.163514e+01 6.406366e+01
      vertex   9.011237e+00 -1.054100e+01 6.430194e+01
    endloop
  endfacet
  facet normal 3.269694e-01 -4.202145e-01 8.464696e-01
    outer loop
      vertex   9.011237e+00 -1.054100e+01 6.430194e+01
      vertex   8.221913e+00 -1.163514e+01 6.406366e+01
      vertex   9.257648e+00 -1.082924e+01 6.406366e+01
    endloop
  endfacet
  facet normal 3.641912e-01 -3.883958e-01 8.464712e-01
    outer loop
      vertex   9.011237e+00 -1.054100e+01 6.430194e+01
      vertex   9.257648e+00 -1.082924e+01 6.406366e+01
      vertex   9.940173e+00 -9.669950e+00 6.430194e+01
    endloop
  endfacet
  facet normal 3.641912e-01 -3.883958e-01 8.464712e-01
    outer loop
      vertex   9.940173e+00 -9.669950e+00 6.430194e+01
      vertex   9.257648e+00 -1.082924e+01 6.406366e+01
      vertex   1.021199e+01 -9.934373e+00 6.406366e+01
    endloop
  endfacet
  facet normal 3.982834e-01 -3.533510e-01 8.464712e-01
    outer loop
      vertex   9.940173e+00 -9.669950e+00 6.430194e+01
      vertex   1.021199e+01 -9.934373e+00 6.406366e+01
      vertex   1.078529e+01 -8.717365e+00 6.430194e+01
    endloop
  endfacet
  facet normal 3.982834e-01 -3.533510e-01 8.464712e-01
    outer loop
      vertex   1.078529e+01 -8.717365e+00 6.430194e+01
      vertex   1.021199e+01 -9.934373e+00 6.406366e+01
      vertex   1.108021e+01 -8.955740e+00 6.406366e+01
    endloop
  endfacet
  facet normal 4.290172e-01 -3.153265e-01 8.464712e-01
    outer loop
      vertex   1.078529e+01 -8.717365e+00 6.430194e+01
      vertex   1.108021e+01 -8.955740e+00 6.406366e+01
      vertex   1.153947e+01 -7.691274e+00 6.430194e+01
    endloop
  endfacet
  facet normal 4.290172e-01 -3.153265e-01 8.464712e-01
    outer loop
      vertex   1.153947e+01 -7.691274e+00 6.430194e+01
      vertex   1.108021e+01 -8.955740e+00 6.406366e+01
      vertex   1.185501e+01 -7.901591e+00 6.406366e+01
    endloop
  endfacet
  facet normal 4.561334e-01 -2.746432e-01 8.464712e-01
    outer loop
      vertex   1.153947e+01 -7.691274e+00 6.430194e+01
      vertex   1.185501e+01 -7.901591e+00 6.406366e+01
      vertex   1.219634e+01 -6.600328e+00 6.430194e+01
    endloop
  endfacet
  facet normal 4.561334e-01 -2.746432e-01 8.464712e-01
    outer loop
      vertex   1.219634e+01 -6.600328e+00 6.430194e+01
      vertex   1.185501e+01 -7.901591e+00 6.406366e+01
      vertex   1.252984e+01 -6.780813e+00 6.406366e+01
    endloop
  endfacet
  facet normal 4.794034e-01 -2.316440e-01 8.464712e-01
    outer loop
      vertex   1.219634e+01 -6.600328e+00 6.430194e+01
      vertex   1.252984e+01 -6.780813e+00 6.406366e+01
      vertex   1.275037e+01 -5.453726e+00 6.430194e+01
    endloop
  endfacet
  facet normal 4.794034e-01 -2.316440e-01 8.464712e-01
    outer loop
      vertex   1.275037e+01 -5.453726e+00 6.430194e+01
      vertex   1.252984e+01 -6.780813e+00 6.406366e+01
      vertex   1.309902e+01 -5.602858e+00 6.406366e+01
    endloop
  endfacet
  facet normal 4.986310e-01 -1.866916e-01 8.464712e-01
    outer loop
      vertex   1.275037e+01 -5.453726e+00 6.430194e+01
      vertex   1.309902e+01 -5.602858e+00 6.406366e+01
      vertex   1.319688e+01 -4.261138e+00 6.430194e+01
    endloop
  endfacet
  facet normal 4.986310e-01 -1.866916e-01 8.464712e-01
    outer loop
      vertex   1.319688e+01 -4.261138e+00 6.430194e+01
      vertex   1.309902e+01 -5.602858e+00 6.406366e+01
      vertex   1.355775e+01 -4.377658e+00 6.406366e+01
    endloop
  endfacet
  facet normal 5.136540e-01 -1.401649e-01 8.464712e-01
    outer loop
      vertex   1.319688e+01 -4.261138e+00 6.430194e+01
      vertex   1.355775e+01 -4.377658e+00 6.406366e+01
      vertex   1.353212e+01 -3.032619e+00 6.430194e+01
    endloop
  endfacet
  facet normal 5.136540e-01 -1.401649e-01 8.464712e-01
    outer loop
      vertex   1.353212e+01 -3.032619e+00 6.430194e+01
      vertex   1.355775e+01 -4.377658e+00 6.406366e+01
      vertex   1.390215e+01 -3.115545e+00 6.406366e+01
    endloop
  endfacet
  facet normal 5.243457e-01 -9.245629e-02 8.464712e-01
    outer loop
      vertex   1.353212e+01 -3.032619e+00 6.430194e+01
      vertex   1.390215e+01 -3.115545e+00 6.406366e+01
      vertex   1.375325e+01 -1.778527e+00 6.430194e+01
    endloop
  endfacet
  facet normal 5.243457e-01 -9.245629e-02 8.464712e-01
    outer loop
      vertex   1.375325e+01 -1.778527e+00 6.430194e+01
      vertex   1.390215e+01 -3.115545e+00 6.406366e+01
      vertex   1.412933e+01 -1.827161e+00 6.406366e+01
    endloop
  endfacet
  facet normal 5.306160e-01 -4.396810e-02 8.464712e-01
    outer loop
      vertex   1.375325e+01 -1.778527e+00 6.430194e+01
      vertex   1.412933e+01 -1.827161e+00 6.406366e+01
      vertex   1.385841e+01 -5.094395e-01 6.430194e+01
    endloop
  endfacet
  facet normal 5.306160e-01 -4.396810e-02 8.464712e-01
    outer loop
      vertex   1.385841e+01 -5.094395e-01 6.430194e+01
      vertex   1.412933e+01 -1.827161e+00 6.406366e+01
      vertex   1.423736e+01 -5.233700e-01 6.406366e+01
    endloop
  endfacet
  facet normal 5.324121e-01 4.890845e-03 8.464712e-01
    outer loop
      vertex   1.385841e+01 -5.094395e-01 6.430194e+01
      vertex   1.423736e+01 -5.233700e-01 6.406366e+01
      vertex   1.384671e+01 7.639443e-01 6.430194e+01
    endloop
  endfacet
  facet normal 5.324121e-01 4.890845e-03 8.464712e-01
    outer loop
      vertex   1.384671e+01 7.639443e-01 6.430194e+01
      vertex   1.423736e+01 -5.233700e-01 6.406366e+01
      vertex   1.422535e+01 7.848342e-01 6.406366e+01
    endloop
  endfacet
  facet normal 5.297188e-01 5.370855e-02 8.464712e-01
    outer loop
      vertex   1.384671e+01 7.639443e-01 6.430194e+01
      vertex   1.422535e+01 7.848342e-01 6.406366e+01
      vertex   1.371825e+01 2.030886e+00 6.430194e+01
    endloop
  endfacet
  facet normal 5.297188e-01 5.370855e-02 8.464712e-01
    outer loop
      vertex   1.371825e+01 2.030886e+00 6.430194e+01
      vertex   1.422535e+01 7.848342e-01 6.406366e+01
      vertex   1.409338e+01 2.086421e+00 6.406366e+01
    endloop
  endfacet
  facet normal 5.225587e-01 1.020734e-01 8.464712e-01
    outer loop
      vertex   1.371825e+01 2.030886e+00 6.430194e+01
      vertex   1.409338e+01 2.086421e+00 6.406366e+01
      vertex   1.347412e+01 3.280703e+00 6.430194e+01
    endloop
  endfacet
  facet normal 5.225587e-01 1.020734e-01 8.464712e-01
    outer loop
      vertex   1.347412e+01 3.280703e+00 6.430194e+01
      vertex   1.409338e+01 2.086421e+00 6.406366e+01
      vertex   1.384257e+01 3.370414e+00 6.406366e+01
    endloop
  endfacet
  facet normal 5.109923e-01 1.495775e-01 8.464712e-01
    outer loop
      vertex   1.347412e+01 3.280703e+00 6.430194e+01
      vertex   1.384257e+01 3.370414e+00 6.406366e+01
      vertex   1.311637e+01 4.502857e+00 6.430194e+01
    endloop
  endfacet
  facet normal 5.109923e-01 1.495775e-01 8.464712e-01
    outer loop
      vertex   1.311637e+01 4.502857e+00 6.430194e+01
      vertex   1.384257e+01 3.370414e+00 6.406366e+01
      vertex   1.347504e+01 4.625987e+00 6.406366e+01
    endloop
  endfacet
  facet normal 3.211171e-01 -5.062561e-01 8.003678e-01
    outer loop
      vertex   7.500000e+00 -1.186224e+01 6.420966e+01
      vertex   7.500000e+00 -1.223330e+01 6.397495e+01
      vertex   8.221913e+00 -1.163514e+01 6.406366e+01
    endloop
  endfacet
  facet normal 3.976575e-01 -5.847899e-01 7.070285e-01
    outer loop
      vertex   8.221913e+00 -1.163514e+01 6.406366e+01
      vertex   7.500000e+00 -1.223330e+01 6.397495e+01
      vertex   8.405523e+00 -1.189317e+01 6.374698e+01
    endloop
  endfacet
  facet normal 4.344315e-01 -5.583227e-01 7.067850e-01
    outer loop
      vertex   8.221913e+00 -1.163514e+01 6.406366e+01
      vertex   8.405523e+00 -1.189317e+01 6.374698e+01
      vertex   9.257648e+00 -1.082924e+01 6.406366e+01
    endloop
  endfacet
  facet normal 4.344841e-01 -5.583490e-01 7.067319e-01
    outer loop
      vertex   9.257648e+00 -1.082924e+01 6.406366e+01
      vertex   8.405523e+00 -1.189317e+01 6.374698e+01
      vertex   9.463428e+00 -1.106995e+01 6.374698e+01
    endloop
  endfacet
  facet normal 4.839241e-01 -5.160863e-01 7.067336e-01
    outer loop
      vertex   9.257648e+00 -1.082924e+01 6.406366e+01
      vertex   9.463428e+00 -1.106995e+01 6.374698e+01
      vertex   1.021199e+01 -9.934373e+00 6.406366e+01
    endloop
  endfacet
  facet normal 4.839241e-01 -5.160863e-01 7.067336e-01
    outer loop
      vertex   1.021199e+01 -9.934373e+00 6.406366e+01
      vertex   9.463428e+00 -1.106995e+01 6.374698e+01
      vertex   1.043898e+01 -1.015520e+01 6.374698e+01
    endloop
  endfacet
  facet normal 5.292245e-01 -4.695199e-01 7.067336e-01
    outer loop
      vertex   1.021199e+01 -9.934373e+00 6.406366e+01
      vertex   1.043898e+01 -1.015520e+01 6.374698e+01
      vertex   1.108021e+01 -8.955740e+00 6.406366e+01
    endloop
  endfacet
  facet normal 5.292245e-01 -4.695199e-01 7.067336e-01
    outer loop
      vertex   1.108021e+01 -8.955740e+00 6.406366e+01
      vertex   1.043898e+01 -1.015520e+01 6.374698e+01
      vertex   1.132651e+01 -9.154809e+00 6.374698e+01
    endloop
  endfacet
  facet normal 5.700625e-01 -4.189944e-01 7.067336e-01
    outer loop
      vertex   1.108021e+01 -8.955740e+00 6.406366e+01
      vertex   1.132651e+01 -9.154809e+00 6.374698e+01
      vertex   1.185501e+01 -7.901591e+00 6.406366e+01
    endloop
  endfacet
  facet normal 5.700625e-01 -4.189944e-01 7.067336e-01
    outer loop
      vertex   1.185501e+01 -7.901591e+00 6.406366e+01
      vertex   1.132651e+01 -9.154809e+00 6.374698e+01
      vertex   1.211853e+01 -8.077228e+00 6.374698e+01
    endloop
  endfacet
  facet normal 6.060935e-01 -3.649359e-01 7.067336e-01
    outer loop
      vertex   1.185501e+01 -7.901591e+00 6.406366e+01
      vertex   1.211853e+01 -8.077228e+00 6.374698e+01
      vertex   1.252984e+01 -6.780813e+00 6.406366e+01
    endloop
  endfacet
  facet normal 6.060935e-01 -3.649359e-01 7.067336e-01
    outer loop
      vertex   1.252984e+01 -6.780813e+00 6.406366e+01
      vertex   1.211853e+01 -8.077228e+00 6.374698e+01
      vertex   1.280836e+01 -6.931537e+00 6.374698e+01
    endloop
  endfacet
  facet normal 6.370138e-01 -3.078002e-01 7.067336e-01
    outer loop
      vertex   1.252984e+01 -6.780813e+00 6.406366e+01
      vertex   1.280836e+01 -6.931537e+00 6.374698e+01
      vertex   1.309902e+01 -5.602858e+00 6.406366e+01
    endloop
  endfacet
  facet normal 6.370138e-01 -3.078002e-01 7.067336e-01
    outer loop
      vertex   1.309902e+01 -5.602858e+00 6.406366e+01
      vertex   1.280836e+01 -6.931537e+00 6.374698e+01
      vertex   1.339019e+01 -5.727399e+00 6.374698e+01
    endloop
  endfacet
  facet normal 6.625627e-01 -2.480690e-01 7.067336e-01
    outer loop
      vertex   1.309902e+01 -5.602858e+00 6.406366e+01
      vertex   1.339019e+01 -5.727399e+00 6.374698e+01
      vertex   1.355775e+01 -4.377658e+00 6.406366e+01
    endloop
  endfacet
  facet normal 6.625627e-01 -2.480690e-01 7.067336e-01
    outer loop
      vertex   1.355775e+01 -4.377658e+00 6.406366e+01
      vertex   1.339019e+01 -5.727399e+00 6.374698e+01
      vertex   1.385911e+01 -4.474965e+00 6.374698e+01
    endloop
  endfacet
  facet normal 6.825247e-01 -1.862460e-01 7.067336e-01
    outer loop
      vertex   1.355775e+01 -4.377658e+00 6.406366e+01
      vertex   1.385911e+01 -4.474965e+00 6.374698e+01
      vertex   1.390215e+01 -3.115545e+00 6.406366e+01
    endloop
  endfacet
  facet normal 6.825247e-01 -1.862460e-01 7.067336e-01
    outer loop
      vertex   1.390215e+01 -3.115545e+00 6.406366e+01
      vertex   1.385911e+01 -4.474965e+00 6.374698e+01
      vertex   1.421117e+01 -3.184798e+00 6.374698e+01
    endloop
  endfacet
  facet normal 6.967315e-01 -1.228526e-01 7.067336e-01
    outer loop
      vertex   1.390215e+01 -3.115545e+00 6.406366e+01
      vertex   1.421117e+01 -3.184798e+00 6.374698e+01
      vertex   1.412933e+01 -1.827161e+00 6.406366e+01
    endloop
  endfacet
  facet normal 6.967315e-01 -1.228526e-01 7.067336e-01
    outer loop
      vertex   1.412933e+01 -1.827161e+00 6.406366e+01
      vertex   1.421117e+01 -3.184798e+00 6.374698e+01
      vertex   1.444340e+01 -1.867775e+00 6.374698e+01
    endloop
  endfacet
  facet normal 7.050633e-01 -5.842321e-02 7.067336e-01
    outer loop
      vertex   1.412933e+01 -1.827161e+00 6.406366e+01
      vertex   1.444340e+01 -1.867775e+00 6.374698e+01
      vertex   1.423736e+01 -5.233700e-01 6.406366e+01
    endloop
  endfacet
  facet normal 7.050633e-01 -5.842321e-02 7.067336e-01
    outer loop
      vertex   1.423736e+01 -5.233700e-01 6.406366e+01
      vertex   1.444340e+01 -1.867775e+00 6.374698e+01
      vertex   1.455383e+01 -5.350035e-01 6.374698e+01
    endloop
  endfacet
  facet normal 7.074499e-01 6.498777e-03 7.067336e-01
    outer loop
      vertex   1.423736e+01 -5.233700e-01 6.406366e+01
      vertex   1.455383e+01 -5.350035e-01 6.374698e+01
      vertex   1.422535e+01 7.848342e-01 6.406366e+01
    endloop
  endfacet
  facet normal 7.074499e-01 6.498777e-03 7.067336e-01
    outer loop
      vertex   1.422535e+01 7.848342e-01 6.406366e+01
      vertex   1.455383e+01 -5.350035e-01 6.374698e+01
      vertex   1.454155e+01 8.022796e-01 6.374698e+01
    endloop
  endfacet
  facet normal 7.038711e-01 7.136597e-02 7.067336e-01
    outer loop
      vertex   1.422535e+01 7.848342e-01 6.406366e+01
      vertex   1.454155e+01 8.022796e-01 6.374698e+01
      vertex   1.409338e+01 2.086421e+00 6.406366e+01
    endloop
  endfacet
  facet normal 7.038711e-01 7.136597e-02 7.067336e-01
    outer loop
      vertex   1.409338e+01 2.086421e+00 6.406366e+01
      vertex   1.454155e+01 8.022796e-01 6.374698e+01
      vertex   1.440665e+01 2.132798e+00 6.374698e+01
    endloop
  endfacet
  facet normal 6.943570e-01 1.356314e-01 7.067336e-01
    outer loop
      vertex   1.409338e+01 2.086421e+00 6.406366e+01
      vertex   1.440665e+01 2.132798e+00 6.374698e+01
      vertex   1.384257e+01 3.370414e+00 6.406366e+01
    endloop
  endfacet
  facet normal 6.943570e-01 1.356314e-01 7.067336e-01
    outer loop
      vertex   1.384257e+01 3.370414e+00 6.406366e+01
      vertex   1.440665e+01 2.132798e+00 6.374698e+01
      vertex   1.415026e+01 3.445332e+00 6.374698e+01
    endloop
  endfacet
  facet normal 6.789880e-01 1.987531e-01 7.067336e-01
    outer loop
      vertex   1.384257e+01 3.370414e+00 6.406366e+01
      vertex   1.415026e+01 3.445332e+00 6.374698e+01
      vertex   1.347504e+01 4.625987e+00 6.406366e+01
    endloop
  endfacet
  facet normal 6.789880e-01 1.987531e-01 7.067336e-01
    outer loop
      vertex   1.347504e+01 4.625987e+00 6.406366e+01
      vertex   1.415026e+01 3.445332e+00 6.374698e+01
      vertex   1.377456e+01 4.728814e+00 6.374698e+01
    endloop
  endfacet
  facet normal 4.039023e-01 -6.320094e-01 6.613827e-01
    outer loop
      vertex   7.500000e+00 -1.223330e+01 6.397495e+01
      vertex   7.500000e+00 -1.253783e+01 6.368395e+01
      vertex   8.405523e+00 -1.189317e+01 6.374698e+01
    endloop
  endfacet
  facet normal 4.662818e-01 -7.069593e-01 5.317799e-01
    outer loop
      vertex   8.405523e+00 -1.189317e+01 6.374698e+01
      vertex   7.500000e+00 -1.253783e+01 6.368395e+01
      vertex   8.543911e+00 -1.208714e+01 6.336777e+01
    endloop
  endfacet
  facet normal 5.201228e-01 -6.684019e-01 5.317059e-01
    outer loop
      vertex   8.405523e+00 -1.189317e+01 6.374698e+01
      vertex   8.543911e+00 -1.208714e+01 6.336777e+01
      vertex   9.463428e+00 -1.106995e+01 6.374698e+01
    endloop
  endfacet
  facet normal 5.201766e-01 -6.684217e-01 5.316284e-01
    outer loop
      vertex   9.463428e+00 -1.106995e+01 6.374698e+01
      vertex   8.543911e+00 -1.208714e+01 6.336777e+01
      vertex   9.618258e+00 -1.125107e+01 6.336777e+01
    endloop
  endfacet
  facet normal 5.793417e-01 -6.178455e-01 5.316296e-01
    outer loop
      vertex   9.463428e+00 -1.106995e+01 6.374698e+01
      vertex   9.618258e+00 -1.125107e+01 6.336777e+01
      vertex   1.043898e+01 -1.015520e+01 6.374698e+01
    endloop
  endfacet
  facet normal 5.793417e-01 -6.178455e-01 5.316296e-01
    outer loop
      vertex   1.043898e+01 -1.015520e+01 6.374698e+01
      vertex   9.618258e+00 -1.125107e+01 6.336777e+01
      vertex   1.060977e+01 -1.032134e+01 6.336777e+01
    endloop
  endfacet
  facet normal 6.335743e-01 -5.620974e-01 5.316296e-01
    outer loop
      vertex   1.043898e+01 -1.015520e+01 6.374698e+01
      vertex   1.060977e+01 -1.032134e+01 6.336777e+01
      vertex   1.132651e+01 -9.154809e+00 6.374698e+01
    endloop
  endfacet
  facet normal 6.335743e-01 -5.620974e-01 5.316296e-01
    outer loop
      vertex   1.132651e+01 -9.154809e+00 6.374698e+01
      vertex   1.060977e+01 -1.032134e+01 6.336777e+01
      vertex   1.151182e+01 -9.304590e+00 6.336777e+01
    endloop
  endfacet
  facet normal 6.824645e-01 -5.016096e-01 5.316296e-01
    outer loop
      vertex   1.132651e+01 -9.154809e+00 6.374698e+01
      vertex   1.151182e+01 -9.304590e+00 6.336777e+01
      vertex   1.211853e+01 -8.077228e+00 6.374698e+01
    endloop
  endfacet
  facet normal 6.824645e-01 -5.016096e-01 5.316296e-01
    outer loop
      vertex   1.211853e+01 -8.077228e+00 6.374698e+01
      vertex   1.151182e+01 -9.304590e+00 6.336777e+01
      vertex   1.231680e+01 -8.209379e+00 6.336777e+01
    endloop
  endfacet
  facet normal 7.255999e-01 -4.368921e-01 5.316296e-01
    outer loop
      vertex   1.211853e+01 -8.077228e+00 6.374698e+01
      vertex   1.231680e+01 -8.209379e+00 6.336777e+01
      vertex   1.280836e+01 -6.931537e+00 6.374698e+01
    endloop
  endfacet
  facet normal 7.255999e-01 -4.368921e-01 5.316296e-01
    outer loop
      vertex   1.280836e+01 -6.931537e+00 6.374698e+01
      vertex   1.231680e+01 -8.209379e+00 6.336777e+01
      vertex   1.301792e+01 -7.044944e+00 6.336777e+01
    endloop
  endfacet
  facet normal 7.626169e-01 -3.684906e-01 5.316296e-01
    outer loop
      vertex   1.280836e+01 -6.931537e+00 6.374698e+01
      vertex   1.301792e+01 -7.044944e+00 6.336777e+01
      vertex   1.339019e+01 -5.727399e+00 6.374698e+01
    endloop
  endfacet
  facet normal 7.626169e-01 -3.684906e-01 5.316296e-01
    outer loop
      vertex   1.339019e+01 -5.727399e+00 6.374698e+01
      vertex   1.301792e+01 -7.044944e+00 6.336777e+01
      vertex   1.360927e+01 -5.821104e+00 6.336777e+01
    endloop
  endfacet
  facet normal 7.932034e-01 -2.969819e-01 5.316296e-01
    outer loop
      vertex   1.339019e+01 -5.727399e+00 6.374698e+01
      vertex   1.360927e+01 -5.821104e+00 6.336777e+01
      vertex   1.385911e+01 -4.474965e+00 6.374698e+01
    endloop
  endfacet
  facet normal 7.932034e-01 -2.969819e-01 5.316296e-01
    outer loop
      vertex   1.385911e+01 -4.474965e+00 6.374698e+01
      vertex   1.360927e+01 -5.821104e+00 6.336777e+01
      vertex   1.408586e+01 -4.548180e+00 6.336777e+01
    endloop
  endfacet
  facet normal 8.171014e-01 -2.229690e-01 5.316296e-01
    outer loop
      vertex   1.385911e+01 -4.474965e+00 6.374698e+01
      vertex   1.408586e+01 -4.548180e+00 6.336777e+01
      vertex   1.421117e+01 -3.184798e+00 6.374698e+01
    endloop
  endfacet
  facet normal 8.171014e-01 -2.229690e-01 5.316296e-01
    outer loop
      vertex   1.421117e+01 -3.184798e+00 6.374698e+01
      vertex   1.408586e+01 -4.548180e+00 6.336777e+01
      vertex   1.444368e+01 -3.236904e+00 6.336777e+01
    endloop
  endfacet
  facet normal 8.341095e-01 -1.470760e-01 5.316296e-01
    outer loop
      vertex   1.421117e+01 -3.184798e+00 6.374698e+01
      vertex   1.444368e+01 -3.236904e+00 6.336777e+01
      vertex   1.444340e+01 -1.867775e+00 6.374698e+01
    endloop
  endfacet
  facet normal 8.341095e-01 -1.470760e-01 5.316296e-01
    outer loop
      vertex   1.444340e+01 -1.867775e+00 6.374698e+01
      vertex   1.444368e+01 -3.236904e+00 6.336777e+01
      vertex   1.467970e+01 -1.898334e+00 6.336777e+01
    endloop
  endfacet
  facet normal 8.440841e-01 -6.994280e-02 5.316296e-01
    outer loop
      vertex   1.444340e+01 -1.867775e+00 6.374698e+01
      vertex   1.467970e+01 -1.898334e+00 6.336777e+01
      vertex   1.455383e+01 -5.350035e-01 6.374698e+01
    endloop
  endfacet
  facet normal 8.440841e-01 -6.994280e-02 5.316296e-01
    outer loop
      vertex   1.455383e+01 -5.350035e-01 6.374698e+01
      vertex   1.467970e+01 -1.898334e+00 6.336777e+01
      vertex   1.479195e+01 -5.437567e-01 6.336777e+01
    endloop
  endfacet
  facet normal 8.469412e-01 7.780173e-03 5.316296e-01
    outer loop
      vertex   1.455383e+01 -5.350035e-01 6.374698e+01
      vertex   1.479195e+01 -5.437567e-01 6.336777e+01
      vertex   1.454155e+01 8.022796e-01 6.374698e+01
    endloop
  endfacet
  facet normal 8.469412e-01 7.780173e-03 5.316296e-01
    outer loop
      vertex   1.454155e+01 8.022796e-01 6.374698e+01
      vertex   1.479195e+01 -5.437567e-01 6.336777e+01
      vertex   1.477946e+01 8.154056e-01 6.336777e+01
    endloop
  endfacet
  facet normal 8.426567e-01 8.543754e-02 5.316296e-01
    outer loop
      vertex   1.454155e+01 8.022796e-01 6.374698e+01
      vertex   1.477946e+01 8.154056e-01 6.336777e+01
      vertex   1.440665e+01 2.132798e+00 6.374698e+01
    endloop
  endfacet
  facet normal 8.426567e-01 8.543754e-02 5.316296e-01
    outer loop
      vertex   1.440665e+01 2.132798e+00 6.374698e+01
      vertex   1.477946e+01 8.154056e-01 6.336777e+01
      vertex   1.464235e+01 2.167692e+00 6.336777e+01
    endloop
  endfacet
  facet normal 8.312668e-01 1.623745e-01 5.316296e-01
    outer loop
      vertex   1.440665e+01 2.132798e+00 6.374698e+01
      vertex   1.464235e+01 2.167692e+00 6.336777e+01
      vertex   1.415026e+01 3.445332e+00 6.374698e+01
    endloop
  endfacet
  facet normal 8.312668e-01 1.623745e-01 5.316296e-01
    outer loop
      vertex   1.415026e+01 3.445332e+00 6.374698e+01
      vertex   1.464235e+01 2.167692e+00 6.336777e+01
      vertex   1.438178e+01 3.501700e+00 6.336777e+01
    endloop
  endfacet
  facet normal 8.128674e-01 2.379422e-01 5.316296e-01
    outer loop
      vertex   1.415026e+01 3.445332e+00 6.374698e+01
      vertex   1.438178e+01 3.501700e+00 6.336777e+01
      vertex   1.377456e+01 4.728814e+00 6.374698e+01
    endloop
  endfacet
  facet normal 8.128674e-01 2.379422e-01 5.316296e-01
    outer loop
      vertex   1.377456e+01 4.728814e+00 6.374698e+01
      vertex   1.438178e+01 3.501700e+00 6.336777e+01
      vertex   1.399993e+01 4.806181e+00 6.336777e+01
    endloop
  endfacet
  facet normal 4.664565e-01 -7.300959e-01 4.993779e-01
    outer loop
      vertex   7.500000e+00 -1.253783e+01 6.368395e+01
      vertex   7.500000e+00 -1.278460e+01 6.332316e+01
      vertex   8.543911e+00 -1.208714e+01 6.336777e+01
    endloop
  endfacet
  facet normal 5.146339e-01 -7.913709e-01 3.299758e-01
    outer loop
      vertex   8.543911e+00 -1.208714e+01 6.336777e+01
      vertex   7.500000e+00 -1.278460e+01 6.332316e+01
      vertex   8.630166e+00 -1.220731e+01 6.294504e+01
    endloop
  endfacet
  facet normal 5.797376e-01 -7.449570e-01 3.300657e-01
    outer loop
      vertex   8.543911e+00 -1.208714e+01 6.336777e+01
      vertex   8.630166e+00 -1.220731e+01 6.294504e+01
      vertex   9.618258e+00 -1.125107e+01 6.336777e+01
    endloop
  endfacet
  facet normal 5.797852e-01 -7.449631e-01 3.299682e-01
    outer loop
      vertex   9.618258e+00 -1.125107e+01 6.336777e+01
      vertex   8.630166e+00 -1.220731e+01 6.294504e+01
      vertex   9.714375e+00 -1.136350e+01 6.294504e+01
    endloop
  endfacet
  facet normal 6.457010e-01 -6.886152e-01 3.299687e-01
    outer loop
      vertex   9.618258e+00 -1.125107e+01 6.336777e+01
      vertex   9.714375e+00 -1.136350e+01 6.294504e+01
      vertex   1.060977e+01 -1.032134e+01 6.336777e+01
    endloop
  endfacet
  facet normal 6.457010e-01 -6.886152e-01 3.299687e-01
    outer loop
      vertex   1.060977e+01 -1.032134e+01 6.336777e+01
      vertex   9.714375e+00 -1.136350e+01 6.294504e+01
      vertex   1.071580e+01 -1.042449e+01 6.294504e+01
    endloop
  endfacet
  facet normal 7.061456e-01 -6.264815e-01 3.299687e-01
    outer loop
      vertex   1.060977e+01 -1.032134e+01 6.336777e+01
      vertex   1.071580e+01 -1.042449e+01 6.294504e+01
      vertex   1.151182e+01 -9.304590e+00 6.336777e+01
    endloop
  endfacet
  facet normal 7.061456e-01 -6.264815e-01 3.299687e-01
    outer loop
      vertex   1.151182e+01 -9.304590e+00 6.336777e+01
      vertex   1.071580e+01 -1.042449e+01 6.294504e+01
      vertex   1.162686e+01 -9.397573e+00 6.294504e+01
    endloop
  endfacet
  facet normal 7.606357e-01 -5.590653e-01 3.299687e-01
    outer loop
      vertex   1.151182e+01 -9.304590e+00 6.336777e+01
      vertex   1.162686e+01 -9.397573e+00 6.294504e+01
      vertex   1.231680e+01 -8.209379e+00 6.336777e+01
    endloop
  endfacet
  facet normal 7.606357e-01 -5.590653e-01 3.299687e-01
    outer loop
      vertex   1.231680e+01 -8.209379e+00 6.336777e+01
      vertex   1.162686e+01 -9.397573e+00 6.294504e+01
      vertex   1.243988e+01 -8.291416e+00 6.294504e+01
    endloop
  endfacet
  facet normal 8.087120e-01 -4.869348e-01 3.299687e-01
    outer loop
      vertex   1.231680e+01 -8.209379e+00 6.336777e+01
      vertex   1.243988e+01 -8.291416e+00 6.294504e+01
      vertex   1.301792e+01 -7.044944e+00 6.336777e+01
    endloop
  endfacet
  facet normal 8.087120e-01 -4.869348e-01 3.299687e-01
    outer loop
      vertex   1.301792e+01 -7.044944e+00 6.336777e+01
      vertex   1.243988e+01 -8.291416e+00 6.294504e+01
      vertex   1.314801e+01 -7.115345e+00 6.294504e+01
    endloop
  endfacet
  facet normal 8.499691e-01 -4.106985e-01 3.299687e-01
    outer loop
      vertex   1.301792e+01 -7.044944e+00 6.336777e+01
      vertex   1.314801e+01 -7.115345e+00 6.294504e+01
      vertex   1.360927e+01 -5.821104e+00 6.336777e+01
    endloop
  endfacet
  facet normal 8.499691e-01 -4.106985e-01 3.299687e-01
    outer loop
      vertex   1.360927e+01 -5.821104e+00 6.336777e+01
      vertex   1.314801e+01 -7.115345e+00 6.294504e+01
      vertex   1.374527e+01 -5.879275e+00 6.294504e+01
    endloop
  endfacet
  facet normal 8.840590e-01 -3.309990e-01 3.299687e-01
    outer loop
      vertex   1.360927e+01 -5.821104e+00 6.336777e+01
      vertex   1.374527e+01 -5.879275e+00 6.294504e+01
      vertex   1.408586e+01 -4.548180e+00 6.336777e+01
    endloop
  endfacet
  facet normal 8.840590e-01 -3.309990e-01 3.299687e-01
    outer loop
      vertex   1.408586e+01 -4.548180e+00 6.336777e+01
      vertex   1.374527e+01 -5.879275e+00 6.294504e+01
      vertex   1.422662e+01 -4.593630e+00 6.294504e+01
    endloop
  endfacet
  facet normal 9.106943e-01 -2.485085e-01 3.299687e-01
    outer loop
      vertex   1.408586e+01 -4.548180e+00 6.336777e+01
      vertex   1.422662e+01 -4.593630e+00 6.294504e+01
      vertex   1.444368e+01 -3.236904e+00 6.336777e+01
    endloop
  endfacet
  facet normal 9.106943e-01 -2.485085e-01 3.299687e-01
    outer loop
      vertex   1.444368e+01 -3.236904e+00 6.336777e+01
      vertex   1.422662e+01 -4.593630e+00 6.294504e+01
      vertex   1.458802e+01 -3.269251e+00 6.294504e+01
    endloop
  endfacet
  facet normal 9.296505e-01 -1.639225e-01 3.299687e-01
    outer loop
      vertex   1.444368e+01 -3.236904e+00 6.336777e+01
      vertex   1.458802e+01 -3.269251e+00 6.294504e+01
      vertex   1.467970e+01 -1.898334e+00 6.336777e+01
    endloop
  endfacet
  facet normal 9.296505e-01 -1.639225e-01 3.299687e-01
    outer loop
      vertex   1.467970e+01 -1.898334e+00 6.336777e+01
      vertex   1.458802e+01 -3.269251e+00 6.294504e+01
      vertex   1.482640e+01 -1.917304e+00 6.294504e+01
    endloop
  endfacet
  facet normal 9.407677e-01 -7.795423e-02 3.299687e-01
    outer loop
      vertex   1.467970e+01 -1.898334e+00 6.336777e+01
      vertex   1.482640e+01 -1.917304e+00 6.294504e+01
      vertex   1.479195e+01 -5.437567e-01 6.336777e+01
    endloop
  endfacet
  facet normal 9.407677e-01 -7.795423e-02 3.299687e-01
    outer loop
      vertex   1.479195e+01 -5.437567e-01 6.336777e+01
      vertex   1.482640e+01 -1.917304e+00 6.294504e+01
      vertex   1.493977e+01 -5.491905e-01 6.294504e+01
    endloop
  endfacet
  facet normal 9.439520e-01 8.671334e-03 3.299687e-01
    outer loop
      vertex   1.479195e+01 -5.437567e-01 6.336777e+01
      vertex   1.493977e+01 -5.491905e-01 6.294504e+01
      vertex   1.477946e+01 8.154056e-01 6.336777e+01
    endloop
  endfacet
  facet normal 9.439520e-01 8.671334e-03 3.299687e-01
    outer loop
      vertex   1.477946e+01 8.154056e-01 6.336777e+01
      vertex   1.493977e+01 -5.491905e-01 6.294504e+01
      vertex   1.492715e+01 8.235541e-01 6.294504e+01
    endloop
  endfacet
  facet normal 9.391768e-01 9.522378e-02 3.299687e-01
    outer loop
      vertex   1.477946e+01 8.154056e-01 6.336777e+01
      vertex   1.492715e+01 8.235541e-01 6.294504e+01
      vertex   1.464235e+01 2.167692e+00 6.336777e+01
    endloop
  endfacet
  facet normal 9.391768e-01 9.522378e-02 3.299687e-01
    outer loop
      vertex   1.464235e+01 2.167692e+00 6.336777e+01
      vertex   1.492715e+01 8.235541e-01 6.294504e+01
      vertex   1.478868e+01 2.189354e+00 6.294504e+01
    endloop
  endfacet
  facet normal 9.264822e-01 1.809733e-01 3.299687e-01
    outer loop
      vertex   1.464235e+01 2.167692e+00 6.336777e+01
      vertex   1.478868e+01 2.189354e+00 6.294504e+01
      vertex   1.438178e+01 3.501700e+00 6.336777e+01
    endloop
  endfacet
  facet normal 9.264822e-01 1.809733e-01 3.299687e-01
    outer loop
      vertex   1.438178e+01 3.501700e+00 6.336777e+01
      vertex   1.478868e+01 2.189354e+00 6.294504e+01
      vertex   1.452549e+01 3.536693e+00 6.294504e+01
    endloop
  endfacet
  facet normal 9.059753e-01 2.651968e-01 3.299687e-01
    outer loop
      vertex   1.438178e+01 3.501700e+00 6.336777e+01
      vertex   1.452549e+01 3.536693e+00 6.294504e+01
      vertex   1.399993e+01 4.806181e+00 6.336777e+01
    endloop
  endfacet
  facet normal 9.059753e-01 2.651968e-01 3.299687e-01
    outer loop
      vertex   1.399993e+01 4.806181e+00 6.336777e+01
      vertex   1.452549e+01 3.536693e+00 6.294504e+01
      vertex   1.413983e+01 4.854210e+00 6.294504e+01
    endloop
  endfacet
  facet normal 5.121050e-01 -8.031776e-01 3.043916e-01
    outer loop
      vertex   7.500000e+00 -1.278460e+01 6.332316e+01
      vertex   7.500000e+00 -1.293470e+01 6.292710e+01
      vertex   8.630166e+00 -1.220731e+01 6.294504e+01
    endloop
  endfacet
  facet normal 5.365639e-01 -8.364282e-01 1.117457e-01
    outer loop
      vertex   8.630166e+00 -1.220731e+01 6.294504e+01
      vertex   7.500000e+00 -1.293470e+01 6.292710e+01
      vertex   8.659991e+00 -1.224763e+01 6.250000e+01
    endloop
  endfacet
  facet normal 6.103231e-01 -7.842011e-01 1.119565e-01
    outer loop
      vertex   8.630166e+00 -1.220731e+01 6.294504e+01
      vertex   8.659991e+00 -1.224763e+01 6.250000e+01
      vertex   9.714375e+00 -1.136350e+01 6.294504e+01
    endloop
  endfacet
  facet normal 6.103587e-01 -7.841889e-01 1.118479e-01
    outer loop
      vertex   9.714375e+00 -1.136350e+01 6.294504e+01
      vertex   8.659991e+00 -1.224763e+01 6.250000e+01
      vertex   9.746958e+00 -1.140161e+01 6.250000e+01
    endloop
  endfacet
  facet normal 6.797193e-01 -7.248943e-01 1.118479e-01
    outer loop
      vertex   9.714375e+00 -1.136350e+01 6.294504e+01
      vertex   9.746958e+00 -1.140161e+01 6.250000e+01
      vertex   1.071580e+01 -1.042449e+01 6.294504e+01
    endloop
  endfacet
  facet normal 6.797193e-01 -7.248943e-01 1.118479e-01
    outer loop
      vertex   1.071580e+01 -1.042449e+01 6.294504e+01
      vertex   9.746958e+00 -1.140161e+01 6.250000e+01
      vertex   1.075174e+01 -1.045945e+01 6.250000e+01
    endloop
  endfacet
  facet normal 7.433483e-01 -6.594872e-01 1.118479e-01
    outer loop
      vertex   1.071580e+01 -1.042449e+01 6.294504e+01
      vertex   1.075174e+01 -1.045945e+01 6.250000e+01
      vertex   1.162686e+01 -9.397573e+00 6.294504e+01
    endloop
  endfacet
  facet normal 7.433483e-01 -6.594872e-01 1.118479e-01
    outer loop
      vertex   1.162686e+01 -9.397573e+00 6.294504e+01
      vertex   1.075174e+01 -1.045945e+01 6.250000e+01
      vertex   1.166586e+01 -9.429094e+00 6.250000e+01
    endloop
  endfacet
  facet normal 8.007092e-01 -5.885192e-01 1.118479e-01
    outer loop
      vertex   1.162686e+01 -9.397573e+00 6.294504e+01
      vertex   1.166586e+01 -9.429094e+00 6.250000e+01
      vertex   1.243988e+01 -8.291416e+00 6.294504e+01
    endloop
  endfacet
  facet normal 8.007092e-01 -5.885192e-01 1.118479e-01
    outer loop
      vertex   1.243988e+01 -8.291416e+00 6.294504e+01
      vertex   1.166586e+01 -9.429094e+00 6.250000e+01
      vertex   1.248160e+01 -8.319227e+00 6.250000e+01
    endloop
  endfacet
  facet normal 8.513184e-01 -5.125886e-01 1.118479e-01
    outer loop
      vertex   1.243988e+01 -8.291416e+00 6.294504e+01
      vertex   1.248160e+01 -8.319227e+00 6.250000e+01
      vertex   1.314801e+01 -7.115345e+00 6.294504e+01
    endloop
  endfacet
  facet normal 8.513184e-01 -5.125886e-01 1.118479e-01
    outer loop
      vertex   1.314801e+01 -7.115345e+00 6.294504e+01
      vertex   1.248160e+01 -8.319227e+00 6.250000e+01
      vertex   1.319211e+01 -7.139211e+00 6.250000e+01
    endloop
  endfacet
  facet normal 8.947490e-01 -4.323358e-01 1.118479e-01
    outer loop
      vertex   1.314801e+01 -7.115345e+00 6.294504e+01
      vertex   1.319211e+01 -7.139211e+00 6.250000e+01
      vertex   1.374527e+01 -5.879275e+00 6.294504e+01
    endloop
  endfacet
  facet normal 8.947490e-01 -4.323358e-01 1.118479e-01
    outer loop
      vertex   1.374527e+01 -5.879275e+00 6.294504e+01
      vertex   1.319211e+01 -7.139211e+00 6.250000e+01
      vertex   1.379137e+01 -5.898995e+00 6.250000e+01
    endloop
  endfacet
  facet normal 9.306350e-01 -3.484374e-01 1.118479e-01
    outer loop
      vertex   1.374527e+01 -5.879275e+00 6.294504e+01
      vertex   1.379137e+01 -5.898995e+00 6.250000e+01
      vertex   1.422662e+01 -4.593630e+00 6.294504e+01
    endloop
  endfacet
  facet normal 9.306350e-01 -3.484374e-01 1.118479e-01
    outer loop
      vertex   1.422662e+01 -4.593630e+00 6.294504e+01
      vertex   1.379137e+01 -5.898995e+00 6.250000e+01
      vertex   1.427434e+01 -4.609038e+00 6.250000e+01
    endloop
  endfacet
  facet normal 9.586736e-01 -2.616009e-01 1.118479e-01
    outer loop
      vertex   1.422662e+01 -4.593630e+00 6.294504e+01
      vertex   1.427434e+01 -4.609038e+00 6.250000e+01
      vertex   1.458802e+01 -3.269251e+00 6.294504e+01
    endloop
  endfacet
  facet normal 9.586736e-01 -2.616009e-01 1.118479e-01
    outer loop
      vertex   1.458802e+01 -3.269251e+00 6.294504e+01
      vertex   1.427434e+01 -4.609038e+00 6.250000e+01
      vertex   1.463695e+01 -3.280216e+00 6.250000e+01
    endloop
  endfacet
  facet normal 9.786284e-01 -1.725586e-01 1.118479e-01
    outer loop
      vertex   1.458802e+01 -3.269251e+00 6.294504e+01
      vertex   1.463695e+01 -3.280216e+00 6.250000e+01
      vertex   1.482640e+01 -1.917304e+00 6.294504e+01
    endloop
  endfacet
  facet normal 9.786284e-01 -1.725586e-01 1.118479e-01
    outer loop
      vertex   1.482640e+01 -1.917304e+00 6.294504e+01
      vertex   1.463695e+01 -3.280216e+00 6.250000e+01
      vertex   1.487613e+01 -1.923735e+00 6.250000e+01
    endloop
  endfacet
  facet normal 9.903313e-01 -8.206119e-02 1.118479e-01
    outer loop
      vertex   1.482640e+01 -1.917304e+00 6.294504e+01
      vertex   1.487613e+01 -1.923735e+00 6.250000e+01
      vertex   1.493977e+01 -5.491905e-01 6.294504e+01
    endloop
  endfacet
  facet normal 9.903313e-01 -8.206119e-02 1.118479e-01
    outer loop
      vertex   1.493977e+01 -5.491905e-01 6.294504e+01
      vertex   1.487613e+01 -1.923735e+00 6.250000e+01
      vertex   1.498988e+01 -5.510326e-01 6.250000e+01
    endloop
  endfacet
  facet normal 9.936834e-01 9.128176e-03 1.118479e-01
    outer loop
      vertex   1.493977e+01 -5.491905e-01 6.294504e+01
      vertex   1.498988e+01 -5.510326e-01 6.250000e+01
      vertex   1.492715e+01 8.235541e-01 6.294504e+01
    endloop
  endfacet
  facet normal 9.936834e-01 9.128176e-03 1.118479e-01
    outer loop
      vertex   1.492715e+01 8.235541e-01 6.294504e+01
      vertex   1.498988e+01 -5.510326e-01 6.250000e+01
      vertex   1.497722e+01 8.263164e-01 6.250000e+01
    endloop
  endfacet
  facet normal 9.886566e-01 1.002406e-01 1.118479e-01
    outer loop
      vertex   1.492715e+01 8.235541e-01 6.294504e+01
      vertex   1.497722e+01 8.263164e-01 6.250000e+01
      vertex   1.478868e+01 2.189354e+00 6.294504e+01
    endloop
  endfacet
  facet normal 9.886566e-01 1.002406e-01 1.118479e-01
    outer loop
      vertex   1.478868e+01 2.189354e+00 6.294504e+01
      vertex   1.497722e+01 8.263164e-01 6.250000e+01
      vertex   1.483828e+01 2.196698e+00 6.250000e+01
    endloop
  endfacet
  facet normal 9.752932e-01 1.905077e-01 1.118479e-01
    outer loop
      vertex   1.478868e+01 2.189354e+00 6.294504e+01
      vertex   1.483828e+01 2.196698e+00 6.250000e+01
      vertex   1.452549e+01 3.536693e+00 6.294504e+01
    endloop
  endfacet
  facet normal 9.752932e-01 1.905077e-01 1.118479e-01
    outer loop
      vertex   1.452549e+01 3.536693e+00 6.294504e+01
      vertex   1.483828e+01 2.196698e+00 6.250000e+01
      vertex   1.457422e+01 3.548556e+00 6.250000e+01
    endloop
  endfacet
  facet normal 9.537059e-01 2.791685e-01 1.118479e-01
    outer loop
      vertex   1.452549e+01 3.536693e+00 6.294504e+01
      vertex   1.457422e+01 3.548556e+00 6.250000e+01
      vertex   1.413983e+01 4.854210e+00 6.294504e+01
    endloop
  endfacet
  facet normal 9.537059e-01 2.791685e-01 1.118479e-01
    outer loop
      vertex   1.413983e+01 4.854210e+00 6.294504e+01
      vertex   1.457422e+01 3.548556e+00 6.250000e+01
      vertex   1.418726e+01 4.870492e+00 6.250000e+01
    endloop
  endfacet
  facet normal 5.360143e-01 -8.371254e-01 1.091317e-01
    outer loop
      vertex   7.500000e+00 -1.293470e+01 6.292710e+01
      vertex   7.500000e+00 -1.299038e+01 6.250000e+01
      vertex   8.659991e+00 -1.224763e+01 6.250000e+01
    endloop
  endfacet
  facet normal 8.866556e-01 4.487001e-01 1.118479e-01
    outer loop
      vertex   1.363494e+01 6.130795e+00 6.294504e+01
      vertex   1.368067e+01 6.151359e+00 6.250000e+01
      vertex   1.301507e+01 7.355684e+00 6.294504e+01
    endloop
  endfacet
  facet normal 8.866556e-01 4.487001e-01 1.118479e-01
    outer loop
      vertex   1.301507e+01 7.355684e+00 6.294504e+01
      vertex   1.368067e+01 6.151359e+00 6.250000e+01
      vertex   1.305873e+01 7.380356e+00 6.250000e+01
    endloop
  endfacet
  facet normal 8.417580e-01 5.281416e-01 1.118479e-01
    outer loop
      vertex   1.301507e+01 7.355684e+00 6.294504e+01
      vertex   1.305873e+01 7.380356e+00 6.250000e+01
      vertex   1.228546e+01 8.518548e+00 6.294504e+01
    endloop
  endfacet
  facet normal 8.417580e-01 5.281416e-01 1.118479e-01
    outer loop
      vertex   1.228546e+01 8.518548e+00 6.294504e+01
      vertex   1.305873e+01 7.380356e+00 6.250000e+01
      vertex   1.232667e+01 8.547121e+00 6.250000e+01
    endloop
  endfacet
  facet normal 7.897625e-01 6.031296e-01 1.118479e-01
    outer loop
      vertex   1.228546e+01 8.518548e+00 6.294504e+01
      vertex   1.232667e+01 8.547121e+00 6.250000e+01
      vertex   1.145225e+01 9.609582e+00 6.294504e+01
    endloop
  endfacet
  facet normal 7.897625e-01 6.031296e-01 1.118479e-01
    outer loop
      vertex   1.145225e+01 9.609582e+00 6.294504e+01
      vertex   1.232667e+01 8.547121e+00 6.250000e+01
      vertex   1.149067e+01 9.641814e+00 6.250000e+01
    endloop
  endfacet
  facet normal 7.311075e-01 6.730319e-01 1.118479e-01
    outer loop
      vertex   1.145225e+01 9.609582e+00 6.294504e+01
      vertex   1.149067e+01 9.641814e+00 6.250000e+01
      vertex   1.052248e+01 1.061959e+01 6.294504e+01
    endloop
  endfacet
  facet normal 7.311075e-01 6.730319e-01 1.118479e-01
    outer loop
      vertex   1.052248e+01 1.061959e+01 6.294504e+01
      vertex   1.149067e+01 9.641814e+00 6.250000e+01
      vertex   1.055777e+01 1.065521e+01 6.250000e+01
    endloop
  endfacet
  facet normal 6.662876e-01 7.372590e-01 1.118479e-01
    outer loop
      vertex   1.052248e+01 1.061959e+01 6.294504e+01
      vertex   1.055777e+01 1.065521e+01 6.250000e+01
      vertex   9.503978e+00 1.154004e+01 6.294504e+01
    endloop
  endfacet
  facet normal 6.662876e-01 7.372590e-01 1.118479e-01
    outer loop
      vertex   9.503978e+00 1.154004e+01 6.294504e+01
      vertex   1.055777e+01 1.065521e+01 6.250000e+01
      vertex   9.535856e+00 1.157875e+01 6.250000e+01
    endloop
  endfacet
  facet normal 5.958495e-01 7.952694e-01 1.118479e-01
    outer loop
      vertex   9.503978e+00 1.154004e+01 6.294504e+01
      vertex   9.535856e+00 1.157875e+01 6.250000e+01
      vertex   8.405337e+00 1.236319e+01 6.294504e+01
    endloop
  endfacet
  facet normal 5.958495e-01 7.952694e-01 1.118479e-01
    outer loop
      vertex   8.405337e+00 1.236319e+01 6.294504e+01
      vertex   9.535856e+00 1.157875e+01 6.250000e+01
      vertex   8.433530e+00 1.240466e+01 6.250000e+01
    endloop
  endfacet
  facet normal 5.203870e-01 8.465739e-01 1.118479e-01
    outer loop
      vertex   8.405337e+00 1.236319e+01 6.294504e+01
      vertex   8.433530e+00 1.240466e+01 6.250000e+01
      vertex   7.235820e+00 1.308209e+01 6.294504e+01
    endloop
  endfacet
  facet normal 5.203870e-01 8.465739e-01 1.118479e-01
    outer loop
      vertex   7.235820e+00 1.308209e+01 6.294504e+01
      vertex   8.433530e+00 1.240466e+01 6.250000e+01
      vertex   7.260090e+00 1.312597e+01 6.250000e+01
    endloop
  endfacet
  facet normal 4.405366e-01 8.907399e-01 1.118479e-01
    outer loop
      vertex   7.235820e+00 1.308209e+01 6.294504e+01
      vertex   7.260090e+00 1.312597e+01 6.250000e+01
      vertex   6.005289e+00 1.369068e+01 6.294504e+01
    endloop
  endfacet
  facet normal 4.405366e-01 8.907399e-01 1.118479e-01
    outer loop
      vertex   6.005289e+00 1.369068e+01 6.294504e+01
      vertex   7.260090e+00 1.312597e+01 6.250000e+01
      vertex   6.025431e+00 1.373660e+01 6.250000e+01
    endloop
  endfacet
  facet normal 3.569714e-01 9.273950e-01 1.118479e-01
    outer loop
      vertex   6.005289e+00 1.369068e+01 6.294504e+01
      vertex   6.025431e+00 1.373660e+01 6.250000e+01
      vertex   4.724120e+00 1.418382e+01 6.294504e+01
    endloop
  endfacet
  facet normal 3.569714e-01 9.273950e-01 1.118479e-01
    outer loop
      vertex   4.724120e+00 1.418382e+01 6.294504e+01
      vertex   6.025431e+00 1.373660e+01 6.250000e+01
      vertex   4.739965e+00 1.423140e+01 6.250000e+01
    endloop
  endfacet
  facet normal 2.703961e-01 9.562301e-01 1.118479e-01
    outer loop
      vertex   4.724120e+00 1.418382e+01 6.294504e+01
      vertex   4.739965e+00 1.423140e+01 6.250000e+01
      vertex   3.403116e+00 1.455737e+01 6.294504e+01
    endloop
  endfacet
  facet normal 2.703961e-01 9.562301e-01 1.118479e-01
    outer loop
      vertex   3.403116e+00 1.455737e+01 6.294504e+01
      vertex   4.739965e+00 1.423140e+01 6.250000e+01
      vertex   3.414530e+00 1.460620e+01 6.250000e+01
    endloop
  endfacet
  facet normal 1.815408e-01 9.770020e-01 1.118479e-01
    outer loop
      vertex   3.403116e+00 1.455737e+01 6.294504e+01
      vertex   3.414530e+00 1.460620e+01 6.250000e+01
      vertex   2.053416e+00 1.480816e+01 6.294504e+01
    endloop
  endfacet
  facet normal 1.815408e-01 9.770020e-01 1.118479e-01
    outer loop
      vertex   2.053416e+00 1.480816e+01 6.294504e+01
      vertex   3.414530e+00 1.460620e+01 6.250000e+01
      vertex   2.060303e+00 1.485783e+01 6.250000e+01
    endloop
  endfacet
  facet normal 9.115473e-02 9.895357e-01 1.118479e-01
    outer loop
      vertex   2.053416e+00 1.480816e+01 6.294504e+01
      vertex   2.060303e+00 1.485783e+01 6.250000e+01
      vertex   6.864013e-01 1.493409e+01 6.294504e+01
    endloop
  endfacet
  facet normal 9.115473e-02 9.895357e-01 1.118479e-01
    outer loop
      vertex   6.864013e-01 1.493409e+01 6.294504e+01
      vertex   2.060303e+00 1.485783e+01 6.250000e+01
      vertex   6.887036e-01 1.498418e+01 6.250000e+01
    endloop
  endfacet
  facet normal 0.000000e+00 9.937253e-01 1.118479e-01
    outer loop
      vertex   6.864013e-01 1.493409e+01 6.294504e+01
      vertex   6.887036e-01 1.498418e+01 6.250000e+01
      vertex   -6.864013e-01 1.493409e+01 6.294504e+01
    endloop
  endfacet
  facet normal 0.000000e+00 9.937253e-01 1.118479e-01
    outer loop
      vertex   -6.864013e-01 1.493409e+01 6.294504e+01
      vertex   6.887036e-01 1.498418e+01 6.250000e+01
      vertex   -6.887036e-01 1.498418e+01 6.250000e+01
    endloop
  endfacet
  facet normal -9.115473e-02 9.895357e-01 1.118479e-01
    outer loop
      vertex   -6.864013e-01 1.493409e+01 6.294504e+01
      vertex   -6.887036e-01 1.498418e+01 6.250000e+01
      vertex   -2.053416e+00 1.480816e+01 6.294504e+01
    endloop
  endfacet
  facet normal -9.115473e-02 9.895357e-01 1.118479e-01
    outer loop
      vertex   -2.053416e+00 1.480816e+01 6.294504e+01
      vertex   -6.887036e-01 1.498418e+01 6.250000e+01
      vertex   -2.060303e+00 1.485783e+01 6.250000e+01
    endloop
  endfacet
  facet normal -1.815408e-01 9.770020e-01 1.118479e-01
    outer loop
      vertex   -2.053416e+00 1.480816e+01 6.294504e+01
      vertex   -2.060303e+00 1.485783e+01 6.250000e+01
      vertex   -3.403116e+00 1.455737e+01 6.294504e+01
    endloop
  endfacet
  facet normal -1.815408e-01 9.770020e-01 1.118479e-01
    outer loop
      vertex   -3.403116e+00 1.455737e+01 6.294504e+01
      vertex   -2.060303e+00 1.485783e+01 6.250000e+01
      vertex   -3.414530e+00 1.460620e+01 6.250000e+01
    endloop
  endfacet
  facet normal -2.703961e-01 9.562301e-01 1.118479e-01
    outer loop
      vertex   -3.403116e+00 1.455737e+01 6.294504e+01
      vertex   -3.414530e+00 1.460620e+01 6.250000e+01
      vertex   -4.724120e+00 1.418382e+01 6.294504e+01
    endloop
  endfacet
  facet normal -2.703961e-01 9.562301e-01 1.118479e-01
    outer loop
      vertex   -4.724120e+00 1.418382e+01 6.294504e+01
      vertex   -3.414530e+00 1.460620e+01 6.250000e+01
      vertex   -4.739965e+00 1.423140e+01 6.250000e+01
    endloop
  endfacet
  facet normal -3.569714e-01 9.273950e-01 1.118479e-01
    outer loop
      vertex   -4.724120e+00 1.418382e+01 6.294504e+01
      vertex   -4.739965e+00 1.423140e+01 6.250000e+01
      vertex   -6.005289e+00 1.369068e+01 6.294504e+01
    endloop
  endfacet
  facet normal -3.569714e-01 9.273950e-01 1.118479e-01
    outer loop
      vertex   -6.005289e+00 1.369068e+01 6.294504e+01
      vertex   -4.739965e+00 1.423140e+01 6.250000e+01
      vertex   -6.025431e+00 1.373660e+01 6.250000e+01
    endloop
  endfacet
  facet normal -4.405366e-01 8.907399e-01 1.118479e-01
    outer loop
      vertex   -6.005289e+00 1.369068e+01 6.294504e+01
      vertex   -6.025431e+00 1.373660e+01 6.250000e+01
      vertex   -7.235820e+00 1.308209e+01 6.294504e+01
    endloop
  endfacet
  facet normal -4.405366e-01 8.907399e-01 1.118479e-01
    outer loop
      vertex   -7.235820e+00 1.308209e+01 6.294504e+01
      vertex   -6.025431e+00 1.373660e+01 6.250000e+01
      vertex   -7.260090e+00 1.312597e+01 6.250000e+01
    endloop
  endfacet
  facet normal -5.203870e-01 8.465739e-01 1.118479e-01
    outer loop
      vertex   -7.235820e+00 1.308209e+01 6.294504e+01
      vertex   -7.260090e+00 1.312597e+01 6.250000e+01
      vertex   -8.405337e+00 1.236319e+01 6.294504e+01
    endloop
  endfacet
  facet normal -5.203870e-01 8.465739e-01 1.118479e-01
    outer loop
      vertex   -8.405337e+00 1.236319e+01 6.294504e+01
      vertex   -7.260090e+00 1.312597e+01 6.250000e+01
      vertex   -8.433530e+00 1.240466e+01 6.250000e+01
    endloop
  endfacet
  facet normal -5.958495e-01 7.952694e-01 1.118479e-01
    outer loop
      vertex   -8.405337e+00 1.236319e+01 6.294504e+01
      vertex   -8.433530e+00 1.240466e+01 6.250000e+01
      vertex   -9.503978e+00 1.154004e+01 6.294504e+01
    endloop
  endfacet
  facet normal -5.958495e-01 7.952694e-01 1.118479e-01
    outer loop
      vertex   -9.503978e+00 1.154004e+01 6.294504e+01
      vertex   -8.433530e+00 1.240466e+01 6.250000e+01
      vertex   -9.535856e+00 1.157875e+01 6.250000e+01
    endloop
  endfacet
  facet normal -6.662876e-01 7.372590e-01 1.118479e-01
    outer loop
      vertex   -9.503978e+00 1.154004e+01 6.294504e+01
      vertex   -9.535856e+00 1.157875e+01 6.250000e+01
      vertex   -1.052248e+01 1.061959e+01 6.294504e+01
    endloop
  endfacet
  facet normal -6.662876e-01 7.372590e-01 1.118479e-01
    outer loop
      vertex   -1.052248e+01 1.061959e+01 6.294504e+01
      vertex   -9.535856e+00 1.157875e+01 6.250000e+01
      vertex   -1.055777e+01 1.065521e+01 6.250000e+01
    endloop
  endfacet
  facet normal -7.311075e-01 6.730319e-01 1.118479e-01
    outer loop
      vertex   -1.052248e+01 1.061959e+01 6.294504e+01
      vertex   -1.055777e+01 1.065521e+01 6.250000e+01
      vertex   -1.145225e+01 9.609582e+00 6.294504e+01
    endloop
  endfacet
  facet normal -7.311075e-01 6.730319e-01 1.118479e-01
    outer loop
      vertex   -1.145225e+01 9.609582e+00 6.294504e+01
      vertex   -1.055777e+01 1.065521e+01 6.250000e+01
      vertex   -1.149067e+01 9.641814e+00 6.250000e+01
    endloop
  endfacet
  facet normal -7.897625e-01 6.031296e-01 1.118479e-01
    outer loop
      vertex   -1.145225e+01 9.609582e+00 6.294504e+01
      vertex   -1.149067e+01 9.641814e+00 6.250000e+01
      vertex   -1.228546e+01 8.518548e+00 6.294504e+01
    endloop
  endfacet
  facet normal -7.897625e-01 6.031296e-01 1.118479e-01
    outer loop
      vertex   -1.228546e+01 8.518548e+00 6.294504e+01
      vertex   -1.149067e+01 9.641814e+00 6.250000e+01
      vertex   -1.232667e+01 8.547121e+00 6.250000e+01
    endloop
  endfacet
  facet normal -8.417580e-01 5.281416e-01 1.118479e-01
    outer loop
      vertex   -1.228546e+01 8.518548e+00 6.294504e+01
      vertex   -1.232667e+01 8.547121e+00 6.250000e+01
      vertex   -1.301507e+01 7.355684e+00 6.294504e+01
    endloop
  endfacet
  facet normal -8.417580e-01 5.281416e-01 1.118479e-01
    outer loop
      vertex   -1.301507e+01 7.355684e+00 6.294504e+01
      vertex   -1.232667e+01 8.547121e+00 6.250000e+01
      vertex   -1.305873e+01 7.380356e+00 6.250000e+01
    endloop
  endfacet
  facet normal -8.866556e-01 4.487001e-01 1.118479e-01
    outer loop
      vertex   -1.301507e+01 7.355684e+00 6.294504e+01
      vertex   -1.305873e+01 7.380356e+00 6.250000e+01
      vertex   -1.363494e+01 6.130795e+00 6.294504e+01
    endloop
  endfacet
  facet normal -8.866556e-01 4.487001e-01 1.118479e-01
    outer loop
      vertex   -1.363494e+01 6.130795e+00 6.294504e+01
      vertex   -1.305873e+01 7.380356e+00 6.250000e+01
      vertex   -1.368067e+01 6.151359e+00 6.250000e+01
    endloop
  endfacet
  facet normal -9.240768e-01 3.654752e-01 1.118479e-01
    outer loop
      vertex   -1.363494e+01 6.130795e+00 6.294504e+01
      vertex   -1.368067e+01 6.151359e+00 6.250000e+01
      vertex   -1.413983e+01 4.854210e+00 6.294504e+01
    endloop
  endfacet
  facet normal -9.240768e-01 3.654752e-01 1.118479e-01
    outer loop
      vertex   -1.413983e+01 4.854210e+00 6.294504e+01
      vertex   -1.368067e+01 6.151359e+00 6.250000e+01
      vertex   -1.418726e+01 4.870492e+00 6.250000e+01
    endloop
  endfacet
  facet normal -9.537059e-01 2.791685e-01 1.118479e-01
    outer loop
      vertex   -1.413983e+01 4.854210e+00 6.294504e+01
      vertex   -1.418726e+01 4.870492e+00 6.250000e+01
      vertex   -1.452549e+01 3.536693e+00 6.294504e+01
    endloop
  endfacet
  facet normal -9.537059e-01 2.791685e-01 1.118479e-01
    outer loop
      vertex   -1.452549e+01 3.536693e+00 6.294504e+01
      vertex   -1.418726e+01 4.870492e+00 6.250000e+01
      vertex   -1.457422e+01 3.548556e+00 6.250000e+01
    endloop
  endfacet
  facet normal -9.752932e-01 1.905077e-01 1.118479e-01
    outer loop
      vertex   -1.452549e+01 3.536693e+00 6.294504e+01
      vertex   -1.457422e+01 3.548556e+00 6.250000e+01
      vertex   -1.478868e+01 2.189354e+00 6.294504e+01
    endloop
  endfacet
  facet normal -9.752932e-01 1.905077e-01 1.118479e-01
    outer loop
      vertex   -1.478868e+01 2.189354e+00 6.294504e+01
      vertex   -1.457422e+01 3.548556e+00 6.250000e+01
      vertex   -1.483828e+01 2.196698e+00 6.250000e+01
    endloop
  endfacet
  facet normal -9.886566e-01 1.002406e-01 1.118479e-01
    outer loop
      vertex   -1.478868e+01 2.189354e+00 6.294504e+01
      vertex   -1.483828e+01 2.196698e+00 6.250000e+01
      vertex   -1.492715e+01 8.235541e-01 6.294504e+01
    endloop
  endfacet
  facet normal -9.886566e-01 1.002406e-01 1.118479e-01
    outer loop
      vertex   -1.492715e+01 8.235541e-01 6.294504e+01
      vertex   -1.483828e+01 2.196698e+00 6.250000e+01
      vertex   -1.497722e+01 8.263164e-01 6.250000e+01
    endloop
  endfacet
  facet normal -9.936834e-01 9.128176e-03 1.118479e-01
    outer loop
      vertex   -1.492715e+01 8.235541e-01 6.294504e+01
      vertex   -1.497722e+01 8.263164e-01 6.250000e+01
      vertex   -1.493977e+01 -5.491905e-01 6.294504e+01
    endloop
  endfacet
  facet normal -9.936834e-01 9.128176e-03 1.118479e-01
    outer loop
      vertex   -1.493977e+01 -5.491905e-01 6.294504e+01
      vertex   -1.497722e+01 8.263164e-01 6.250000e+01
      vertex   -1.498988e+01 -5.510326e-01 6.250000e+01
    endloop
  endfacet
  facet normal -9.903313e-01 -8.206119e-02 1.118479e-01
    outer loop
      vertex   -1.493977e+01 -5.491905e-01 6.294504e+01
      vertex   -1.498988e+01 -5.510326e-01 6.250000e+01
      vertex   -1.482640e+01 -1.917304e+00 6.294504e+01
    endloop
  endfacet
  facet normal -9.903313e-01 -8.206119e-02 1.118479e-01
    outer loop
      vertex   -1.482640e+01 -1.917304e+00 6.294504e+01
      vertex   -1.498988e+01 -5.510326e-01 6.250000e+01
      vertex   -1.487613e+01 -1.923735e+00 6.250000e+01
    endloop
  endfacet
  facet normal -9.786284e-01 -1.725586e-01 1.118479e-01
    outer loop
      vertex   -1.482640e+01 -1.917304e+00 6.294504e+01
      vertex   -1.487613e+01 -1.923735e+00 6.250000e+01
      vertex   -1.458802e+01 -3.269251e+00 6.294504e+01
    endloop
  endfacet
  facet normal -9.786284e-01 -1.725586e-01 1.118479e-01
    outer loop
      vertex   -1.458802e+01 -3.269251e+00 6.294504e+01
      vertex   -1.487613e+01 -1.923735e+00 6.250000e+01
      vertex   -1.463695e+01 -3.280216e+00 6.250000e+01
    endloop
  endfacet
  facet normal -9.586736e-01 -2.616009e-01 1.118479e-01
    outer loop
      vertex   -1.458802e+01 -3.269251e+00 6.294504e+01
      vertex   -1.463695e+01 -3.280216e+00 6.250000e+01
      vertex   -1.422662e+01 -4.593630e+00 6.294504e+01
    endloop
  endfacet
  facet normal -9.586736e-01 -2.616009e-01 1.118479e-01
    outer loop
      vertex   -1.422662e+01 -4.593630e+00 6.294504e+01
      vertex   -1.463695e+01 -3.280216e+00 6.250000e+01
      vertex   -1.427434e+01 -4.609038e+00 6.250000e+01
    endloop
  endfacet
  facet normal -9.306350e-01 -3.484374e-01 1.118479e-01
    outer loop
      vertex   -1.422662e+01 -4.593630e+00 6.294504e+01
      vertex   -1.427434e+01 -4.609038e+00 6.250000e+01
      vertex   -1.374527e+01 -5.879275e+00 6.294504e+01
    endloop
  endfacet
  facet normal -9.306350e-01 -3.484374e-01 1.118479e-01
    outer loop
      vertex   -1.374527e+01 -5.879275e+00 6.294504e+01
      vertex   -1.427434e+01 -4.609038e+00 6.250000e+01
      vertex   -1.379137e+01 -5.898995e+00 6.250000e+01
    endloop
  endfacet
  facet normal -8.947490e-01 -4.323358e-01 1.118479e-01
    outer loop
      vertex   -1.374527e+01 -5.879275e+00 6.294504e+01
      vertex   -1.379137e+01 -5.898995e+00 6.250000e+01
      vertex   -1.314801e+01 -7.115345e+00 6.294504e+01
    endloop
  endfacet
  facet normal -8.947490e-01 -4.323358e-01 1.118479e-01
    outer loop
      vertex   -1.314801e+01 -7.115345e+00 6.294504e+01
      vertex   -1.379137e+01 -5.898995e+00 6.250000e+01
      vertex   -1.319211e+01 -7.139211e+00 6.250000e+01
    endloop
  endfacet
  facet normal -8.513184e-01 -5.125886e-01 1.118479e-01
    outer loop
      vertex   -1.314801e+01 -7.115345e+00 6.294504e+01
      vertex   -1.319211e+01 -7.139211e+00 6.250000e+01
      vertex   -1.243988e+01 -8.291416e+00 6.294504e+01
    endloop
  endfacet
  facet normal -8.513184e-01 -5.125886e-01 1.118479e-01
    outer loop
      vertex   -1.243988e+01 -8.291416e+00 6.294504e+01
      vertex   -1.319211e+01 -7.139211e+00 6.250000e+01
      vertex   -1.248160e+01 -8.319227e+00 6.250000e+01
    endloop
  endfacet
  facet normal -8.007092e-01 -5.885192e-01 1.118479e-01
    outer loop
      vertex   -1.243988e+01 -8.291416e+00 6.294504e+01
      vertex   -1.248160e+01 -8.319227e+00 6.250000e+01
      vertex   -1.162686e+01 -9.397573e+00 6.294504e+01
    endloop
  endfacet
  facet normal -8.007092e-01 -5.885192e-01 1.118479e-01
    outer loop
      vertex   -1.162686e+01 -9.397573e+00 6.294504e+01
      vertex   -1.248160e+01 -8.319227e+00 6.250000e+01
      vertex   -1.166586e+01 -9.429094e+00 6.250000e+01
    endloop
  endfacet
  facet normal -7.433483e-01 -6.594872e-01 1.118479e-01
    outer loop
      vertex   -1.162686e+01 -9.397573e+00 6.294504e+01
      vertex   -1.166586e+01 -9.429094e+00 6.250000e+01
      vertex   -1.071580e+01 -1.042449e+01 6.294504e+01
    endloop
  endfacet
  facet normal -7.433483e-01 -6.594872e-01 1.118479e-01
    outer loop
      vertex   -1.071580e+01 -1.042449e+01 6.294504e+01
      vertex   -1.166586e+01 -9.429094e+00 6.250000e+01
      vertex   -1.075174e+01 -1.045945e+01 6.250000e+01
    endloop
  endfacet
  facet normal -6.797193e-01 -7.248943e-01 1.118479e-01
    outer loop
      vertex   -1.071580e+01 -1.042449e+01 6.294504e+01
      vertex   -1.075174e+01 -1.045945e+01 6.250000e+01
      vertex   -9.714375e+00 -1.136350e+01 6.294504e+01
    endloop
  endfacet
  facet normal -6.797193e-01 -7.248943e-01 1.118479e-01
    outer loop
      vertex   -9.714375e+00 -1.136350e+01 6.294504e+01
      vertex   -1.075174e+01 -1.045945e+01 6.250000e+01
      vertex   -9.746958e+00 -1.140161e+01 6.250000e+01
    endloop
  endfacet
  facet normal -6.103587e-01 -7.841889e-01 1.118479e-01
    outer loop
      vertex   -9.714375e+00 -1.136350e+01 6.294504e+01
      vertex   -9.746958e+00 -1.140161e+01 6.250000e+01
      vertex   -8.659991e+00 -1.224763e+01 6.250000e+01
    endloop
  endfacet
  facet normal -5.360143e-01 -8.371254e-01 1.091317e-01
    outer loop
      vertex   -7.500000e+00 -1.299038e+01 6.250000e+01
      vertex   -7.500000e+00 -1.293470e+01 6.292710e+01
      vertex   -8.659991e+00 -1.224763e+01 6.250000e+01
    endloop
  endfacet
  facet normal -5.365639e-01 -8.364282e-01 1.117457e-01
    outer loop
      vertex   -8.659991e+00 -1.224763e+01 6.250000e+01
      vertex   -7.500000e+00 -1.293470e+01 6.292710e+01
      vertex   -8.630166e+00 -1.220731e+01 6.294504e+01
    endloop
  endfacet
  facet normal -6.103231e-01 -7.842011e-01 1.119565e-01
    outer loop
      vertex   -8.659991e+00 -1.224763e+01 6.250000e+01
      vertex   -8.630166e+00 -1.220731e+01 6.294504e+01
      vertex   -9.714375e+00 -1.136350e+01 6.294504e+01
    endloop
  endfacet
  facet normal -5.797852e-01 -7.449631e-01 3.299682e-01
    outer loop
      vertex   -9.714375e+00 -1.136350e+01 6.294504e+01
      vertex   -8.630166e+00 -1.220731e+01 6.294504e+01
      vertex   -9.618258e+00 -1.125107e+01 6.336777e+01
    endloop
  endfacet
  facet normal -6.457010e-01 -6.886152e-01 3.299687e-01
    outer loop
      vertex   -9.714375e+00 -1.136350e+01 6.294504e+01
      vertex   -9.618258e+00 -1.125107e+01 6.336777e+01
      vertex   -1.071580e+01 -1.042449e+01 6.294504e+01
    endloop
  endfacet
  facet normal -6.457010e-01 -6.886152e-01 3.299687e-01
    outer loop
      vertex   -1.071580e+01 -1.042449e+01 6.294504e+01
      vertex   -9.618258e+00 -1.125107e+01 6.336777e+01
      vertex   -1.060977e+01 -1.032134e+01 6.336777e+01
    endloop
  endfacet
  facet normal -7.061456e-01 -6.264815e-01 3.299687e-01
    outer loop
      vertex   -1.071580e+01 -1.042449e+01 6.294504e+01
      vertex   -1.060977e+01 -1.032134e+01 6.336777e+01
      vertex   -1.162686e+01 -9.397573e+00 6.294504e+01
    endloop
  endfacet
  facet normal -7.061456e-01 -6.264815e-01 3.299687e-01
    outer loop
      vertex   -1.162686e+01 -9.397573e+00 6.294504e+01
      vertex   -1.060977e+01 -1.032134e+01 6.336777e+01
      vertex   -1.151182e+01 -9.304590e+00 6.336777e+01
    endloop
  endfacet
  facet normal -7.606357e-01 -5.590653e-01 3.299687e-01
    outer loop
      vertex   -1.162686e+01 -9.397573e+00 6.294504e+01
      vertex   -1.151182e+01 -9.304590e+00 6.336777e+01
      vertex   -1.243988e+01 -8.291416e+00 6.294504e+01
    endloop
  endfacet
  facet normal -7.606357e-01 -5.590653e-01 3.299687e-01
    outer loop
      vertex   -1.243988e+01 -8.291416e+00 6.294504e+01
      vertex   -1.151182e+01 -9.304590e+00 6.336777e+01
      vertex   -1.231680e+01 -8.209379e+00 6.336777e+01
    endloop
  endfacet
  facet normal -8.087120e-01 -4.869348e-01 3.299687e-01
    outer loop
      vertex   -1.243988e+01 -8.291416e+00 6.294504e+01
      vertex   -1.231680e+01 -8.209379e+00 6.336777e+01
      vertex   -1.314801e+01 -7.115345e+00 6.294504e+01
    endloop
  endfacet
  facet normal -8.087120e-01 -4.869348e-01 3.299687e-01
    outer loop
      vertex   -1.314801e+01 -7.115345e+00 6.294504e+01
      vertex   -1.231680e+01 -8.209379e+00 6.336777e+01
      vertex   -1.301792e+01 -7.044944e+00 6.336777e+01
    endloop
  endfacet
  facet normal -8.499691e-01 -4.106985e-01 3.299687e-01
    outer loop
      vertex   -1.314801e+01 -7.115345e+00 6.294504e+01
      vertex   -1.301792e+01 -7.044944e+00 6.336777e+01
      vertex   -1.374527e+01 -5.879275e+00 6.294504e+01
    endloop
  endfacet
  facet normal -8.499691e-01 -4.106985e-01 3.299687e-01
    outer loop
      vertex   -1.374527e+01 -5.879275e+00 6.294504e+01
      vertex   -1.301792e+01 -7.044944e+00 6.336777e+01
      vertex   -1.360927e+01 -5.821104e+00 6.336777e+01
    endloop
  endfacet
  facet normal -8.840590e-01 -3.309990e-01 3.299687e-01
    outer loop
      vertex   -1.374527e+01 -5.879275e+00 6.294504e+01
      vertex   -1.360927e+01 -5.821104e+00 6.336777e+01
      vertex   -1.422662e+01 -4.593630e+00 6.294504e+01
    endloop
  endfacet
  facet normal -8.840590e-01 -3.309990e-01 3.299687e-01
    outer loop
      vertex   -1.422662e+01 -4.593630e+00 6.294504e+01
      vertex   -1.360927e+01 -5.821104e+00 6.336777e+01
      vertex   -1.408586e+01 -4.548180e+00 6.336777e+01
    endloop
  endfacet
  facet normal -9.106943e-01 -2.485085e-01 3.299687e-01
    outer loop
      vertex   -1.422662e+01 -4.593630e+00 6.294504e+01
      vertex   -1.408586e+01 -4.548180e+00 6.336777e+01
      vertex   -1.458802e+01 -3.269251e+00 6.294504e+01
    endloop
  endfacet
  facet normal -9.106943e-01 -2.485085e-01 3.299687e-01
    outer loop
      vertex   -1.458802e+01 -3.269251e+00 6.294504e+01
      vertex   -1.408586e+01 -4.548180e+00 6.336777e+01
      vertex   -1.444368e+01 -3.236904e+00 6.336777e+01
    endloop
  endfacet
  facet normal -9.296505e-01 -1.639225e-01 3.299687e-01
    outer loop
      vertex   -1.458802e+01 -3.269251e+00 6.294504e+01
      vertex   -1.444368e+01 -3.236904e+00 6.336777e+01
      vertex   -1.482640e+01 -1.917304e+00 6.294504e+01
    endloop
  endfacet
  facet normal -9.296505e-01 -1.639225e-01 3.299687e-01
    outer loop
      vertex   -1.482640e+01 -1.917304e+00 6.294504e+01
      vertex   -1.444368e+01 -3.236904e+00 6.336777e+01
      vertex   -1.467970e+01 -1.898334e+00 6.336777e+01
    endloop
  endfacet
  facet normal -9.407677e-01 -7.795423e-02 3.299687e-01
    outer loop
      vertex   -1.482640e+01 -1.917304e+00 6.294504e+01
      vertex   -1.467970e+01 -1.898334e+00 6.336777e+01
      vertex   -1.493977e+01 -5.491905e-01 6.294504e+01
    endloop
  endfacet
  facet normal -9.407677e-01 -7.795423e-02 3.299687e-01
    outer loop
      vertex   -1.493977e+01 -5.491905e-01 6.294504e+01
      vertex   -1.467970e+01 -1.898334e+00 6.336777e+01
      vertex   -1.479195e+01 -5.437567e-01 6.336777e+01
    endloop
  endfacet
  facet normal -9.439520e-01 8.671334e-03 3.299687e-01
    outer loop
      vertex   -1.493977e+01 -5.491905e-01 6.294504e+01
      vertex   -1.479195e+01 -5.437567e-01 6.336777e+01
      vertex   -1.492715e+01 8.235541e-01 6.294504e+01
    endloop
  endfacet
  facet normal -9.439520e-01 8.671334e-03 3.299687e-01
    outer loop
      vertex   -1.492715e+01 8.235541e-01 6.294504e+01
      vertex   -1.479195e+01 -5.437567e-01 6.336777e+01
      vertex   -1.477946e+01 8.154056e-01 6.336777e+01
    endloop
  endfacet
  facet normal -9.391768e-01 9.522378e-02 3.299687e-01
    outer loop
      vertex   -1.492715e+01 8.235541e-01 6.294504e+01
      vertex   -1.477946e+01 8.154056e-01 6.336777e+01
      vertex   -1.478868e+01 2.189354e+00 6.294504e+01
    endloop
  endfacet
  facet normal -9.391768e-01 9.522378e-02 3.299687e-01
    outer loop
      vertex   -1.478868e+01 2.189354e+00 6.294504e+01
      vertex   -1.477946e+01 8.154056e-01 6.336777e+01
      vertex   -1.464235e+01 2.167692e+00 6.336777e+01
    endloop
  endfacet
  facet normal -9.264822e-01 1.809733e-01 3.299687e-01
    outer loop
      vertex   -1.478868e+01 2.189354e+00 6.294504e+01
      vertex   -1.464235e+01 2.167692e+00 6.336777e+01
      vertex   -1.452549e+01 3.536693e+00 6.294504e+01
    endloop
  endfacet
  facet normal -9.264822e-01 1.809733e-01 3.299687e-01
    outer loop
      vertex   -1.452549e+01 3.536693e+00 6.294504e+01
      vertex   -1.464235e+01 2.167692e+00 6.336777e+01
      vertex   -1.438178e+01 3.501700e+00 6.336777e+01
    endloop
  endfacet
  facet normal -9.059753e-01 2.651968e-01 3.299687e-01
    outer loop
      vertex   -1.452549e+01 3.536693e+00 6.294504e+01
      vertex   -1.438178e+01 3.501700e+00 6.336777e+01
      vertex   -1.413983e+01 4.854210e+00 6.294504e+01
    endloop
  endfacet
  facet normal -9.059753e-01 2.651968e-01 3.299687e-01
    outer loop
      vertex   -1.413983e+01 4.854210e+00 6.294504e+01
      vertex   -1.438178e+01 3.501700e+00 6.336777e+01
      vertex   -1.399993e+01 4.806181e+00 6.336777e+01
    endloop
  endfacet
  facet normal -8.778291e-01 3.471841e-01 3.299687e-01
    outer loop
      vertex   -1.413983e+01 4.854210e+00 6.294504e+01
      vertex   -1.399993e+01 4.806181e+00 6.336777e+01
      vertex   -1.363494e+01 6.130795e+00 6.294504e+01
    endloop
  endfacet
  facet normal -8.778291e-01 3.471841e-01 3.299687e-01
    outer loop
      vertex   -1.363494e+01 6.130795e+00 6.294504e+01
      vertex   -1.399993e+01 4.806181e+00 6.336777e+01
      vertex   -1.350003e+01 6.070136e+00 6.336777e+01
    endloop
  endfacet
  facet normal -8.422808e-01 4.262438e-01 3.299687e-01
    outer loop
      vertex   -1.363494e+01 6.130795e+00 6.294504e+01
      vertex   -1.350003e+01 6.070136e+00 6.336777e+01
      vertex   -1.301507e+01 7.355684e+00 6.294504e+01
    endloop
  endfacet
  facet normal -8.422808e-01 4.262438e-01 3.299687e-01
    outer loop
      vertex   -1.301507e+01 7.355684e+00 6.294504e+01
      vertex   -1.350003e+01 6.070136e+00 6.336777e+01
      vertex   -1.288630e+01 7.282905e+00 6.336777e+01
    endloop
  endfacet
  facet normal -7.996301e-01 5.017094e-01 3.299687e-01
    outer loop
      vertex   -1.301507e+01 7.355684e+00 6.294504e+01
      vertex   -1.288630e+01 7.282905e+00 6.336777e+01
      vertex   -1.228546e+01 8.518548e+00 6.294504e+01
    endloop
  endfacet
  facet normal -7.996301e-01 5.017094e-01 3.299687e-01
    outer loop
      vertex   -1.228546e+01 8.518548e+00 6.294504e+01
      vertex   -1.288630e+01 7.282905e+00 6.336777e+01
      vertex   -1.216390e+01 8.434263e+00 6.336777e+01
    endloop
  endfacet
  facet normal -7.502368e-01 5.729444e-01 3.299687e-01
    outer loop
      vertex   -1.228546e+01 8.518548e+00 6.294504e+01
      vertex   -1.216390e+01 8.434263e+00 6.336777e+01
      vertex   -1.145225e+01 9.609582e+00 6.294504e+01
    endloop
  endfacet
  facet normal -7.502368e-01 5.729444e-01 3.299687e-01
    outer loop
      vertex   -1.145225e+01 9.609582e+00 6.294504e+01
      vertex   -1.216390e+01 8.434263e+00 6.336777e+01
      vertex   -1.133894e+01 9.514502e+00 6.336777e+01
    endloop
  endfacet
  facet normal -6.945174e-01 6.393483e-01 3.299687e-01
    outer loop
      vertex   -1.145225e+01 9.609582e+00 6.294504e+01
      vertex   -1.133894e+01 9.514502e+00 6.336777e+01
      vertex   -1.052248e+01 1.061959e+01 6.294504e+01
    endloop
  endfacet
  facet normal -6.945174e-01 6.393483e-01 3.299687e-01
    outer loop
      vertex   -1.052248e+01 1.061959e+01 6.294504e+01
      vertex   -1.133894e+01 9.514502e+00 6.336777e+01
      vertex   -1.041837e+01 1.051451e+01 6.336777e+01
    endloop
  endfacet
  facet normal -6.329416e-01 7.003610e-01 3.299687e-01
    outer loop
      vertex   -1.052248e+01 1.061959e+01 6.294504e+01
      vertex   -1.041837e+01 1.051451e+01 6.336777e+01
      vertex   -9.503978e+00 1.154004e+01 6.294504e+01
    endloop
  endfacet
  facet normal -6.329416e-01 7.003610e-01 3.299687e-01
    outer loop
      vertex   -9.503978e+00 1.154004e+01 6.294504e+01
      vertex   -1.041837e+01 1.051451e+01 6.336777e+01
      vertex   -9.409943e+00 1.142586e+01 6.336777e+01
    endloop
  endfacet
  facet normal -5.660287e-01 7.554682e-01 3.299687e-01
    outer loop
      vertex   -9.503978e+00 1.154004e+01 6.294504e+01
      vertex   -9.409943e+00 1.142586e+01 6.336777e+01
      vertex   -8.405337e+00 1.236319e+01 6.294504e+01
    endloop
  endfacet
  facet normal -5.660287e-01 7.554682e-01 3.299687e-01
    outer loop
      vertex   -8.405337e+00 1.236319e+01 6.294504e+01
      vertex   -9.409943e+00 1.142586e+01 6.336777e+01
      vertex   -8.322172e+00 1.224087e+01 6.336777e+01
    endloop
  endfacet
  facet normal -4.943430e-01 8.042050e-01 3.299687e-01
    outer loop
      vertex   -8.405337e+00 1.236319e+01 6.294504e+01
      vertex   -8.322172e+00 1.224087e+01 6.336777e+01
      vertex   -7.235820e+00 1.308209e+01 6.294504e+01
    endloop
  endfacet
  facet normal -4.943430e-01 8.042050e-01 3.299687e-01
    outer loop
      vertex   -7.235820e+00 1.308209e+01 6.294504e+01
      vertex   -8.322172e+00 1.224087e+01 6.336777e+01
      vertex   -7.164227e+00 1.295265e+01 6.336777e+01
    endloop
  endfacet
  facet normal -4.184888e-01 8.461606e-01 3.299687e-01
    outer loop
      vertex   -7.235820e+00 1.308209e+01 6.294504e+01
      vertex   -7.164227e+00 1.295265e+01 6.336777e+01
      vertex   -6.005289e+00 1.369068e+01 6.294504e+01
    endloop
  endfacet
  facet normal -4.184888e-01 8.461606e-01 3.299687e-01
    outer loop
      vertex   -6.005289e+00 1.369068e+01 6.294504e+01
      vertex   -7.164227e+00 1.295265e+01 6.336777e+01
      vertex   -5.945871e+00 1.355522e+01 6.336777e+01
    endloop
  endfacet
  facet normal -3.391058e-01 8.809812e-01 3.299687e-01
    outer loop
      vertex   -6.005289e+00 1.369068e+01 6.294504e+01
      vertex   -5.945871e+00 1.355522e+01 6.336777e+01
      vertex   -4.724120e+00 1.418382e+01 6.294504e+01
    endloop
  endfacet
  facet normal -3.391058e-01 8.809812e-01 3.299687e-01
    outer loop
      vertex   -4.724120e+00 1.418382e+01 6.294504e+01
      vertex   -5.945871e+00 1.355522e+01 6.336777e+01
      vertex   -4.677378e+00 1.404349e+01 6.336777e+01
    endloop
  endfacet
  facet normal -2.568635e-01 9.083732e-01 3.299687e-01
    outer loop
      vertex   -4.724120e+00 1.418382e+01 6.294504e+01
      vertex   -4.677378e+00 1.404349e+01 6.336777e+01
      vertex   -3.403116e+00 1.455737e+01 6.294504e+01
    endloop
  endfacet
  facet normal -2.568635e-01 9.083732e-01 3.299687e-01
    outer loop
      vertex   -3.403116e+00 1.455737e+01 6.294504e+01
      vertex   -4.677378e+00 1.404349e+01 6.336777e+01
      vertex   -3.369444e+00 1.441333e+01 6.336777e+01
    endloop
  endfacet
  facet normal -1.724551e-01 9.281055e-01 3.299687e-01
    outer loop
      vertex   -3.403116e+00 1.455737e+01 6.294504e+01
      vertex   -3.369444e+00 1.441333e+01 6.336777e+01
      vertex   -2.053416e+00 1.480816e+01 6.294504e+01
    endloop
  endfacet
  facet normal -1.724551e-01 9.281055e-01 3.299687e-01
    outer loop
      vertex   -2.053416e+00 1.480816e+01 6.294504e+01
      vertex   -3.369444e+00 1.441333e+01 6.336777e+01
      vertex   -2.033099e+00 1.466165e+01 6.336777e+01
    endloop
  endfacet
  facet normal -8.659266e-02 9.400119e-01 3.299687e-01
    outer loop
      vertex   -2.053416e+00 1.480816e+01 6.294504e+01
      vertex   -2.033099e+00 1.466165e+01 6.336777e+01
      vertex   -6.864013e-01 1.493409e+01 6.294504e+01
    endloop
  endfacet
  facet normal -8.659266e-02 9.400119e-01 3.299687e-01
    outer loop
      vertex   -6.864013e-01 1.493409e+01 6.294504e+01
      vertex   -2.033099e+00 1.466165e+01 6.336777e+01
      vertex   -6.796098e-01 1.478633e+01 6.336777e+01
    endloop
  endfacet
  facet normal -0.000000e+00 9.439919e-01 3.299687e-01
    outer loop
      vertex   -6.864013e-01 1.493409e+01 6.294504e+01
      vertex   -6.796098e-01 1.478633e+01 6.336777e+01
      vertex   6.864013e-01 1.493409e+01 6.294504e+01
    endloop
  endfacet
  facet normal 0.000000e+00 9.439919e-01 3.299687e-01
    outer loop
      vertex   6.864013e-01 1.493409e+01 6.294504e+01
      vertex   -6.796098e-01 1.478633e+01 6.336777e+01
      vertex   6.796098e-01 1.478633e+01 6.336777e+01
    endloop
  endfacet
  facet normal 8.659266e-02 9.400119e-01 3.299687e-01
    outer loop
      vertex   6.864013e-01 1.493409e+01 6.294504e+01
      vertex   6.796098e-01 1.478633e+01 6.336777e+01
      vertex   2.053416e+00 1.480816e+01 6.294504e+01
    endloop
  endfacet
  facet normal 8.659266e-02 9.400119e-01 3.299687e-01
    outer loop
      vertex   2.053416e+00 1.480816e+01 6.294504e+01
      vertex   6.796098e-01 1.478633e+01 6.336777e+01
      vertex   2.033099e+00 1.466165e+01 6.336777e+01
    endloop
  endfacet
  facet normal 1.724551e-01 9.281055e-01 3.299687e-01
    outer loop
      vertex   2.053416e+00 1.480816e+01 6.294504e+01
      vertex   2.033099e+00 1.466165e+01 6.336777e+01
      vertex   3.403116e+00 1.455737e+01 6.294504e+01
    endloop
  endfacet
  facet normal 1.724551e-01 9.281055e-01 3.299687e-01
    outer loop
      vertex   3.403116e+00 1.455737e+01 6.294504e+01
      vertex   2.033099e+00 1.466165e+01 6.336777e+01
      vertex   3.369444e+00 1.441333e+01 6.336777e+01
    endloop
  endfacet
  facet normal 2.568635e-01 9.083732e-01 3.299687e-01
    outer loop
      vertex   3.403116e+00 1.455737e+01 6.294504e+01
      vertex   3.369444e+00 1.441333e+01 6.336777e+01
      vertex   4.724120e+00 1.418382e+01 6.294504e+01
    endloop
  endfacet
  facet normal 2.568635e-01 9.083732e-01 3.299687e-01
    outer loop
      vertex   4.724120e+00 1.418382e+01 6.294504e+01
      vertex   3.369444e+00 1.441333e+01 6.336777e+01
      vertex   4.677378e+00 1.404349e+01 6.336777e+01
    endloop
  endfacet
  facet normal 3.391058e-01 8.809812e-01 3.299687e-01
    outer loop
      vertex   4.724120e+00 1.418382e+01 6.294504e+01
      vertex   4.677378e+00 1.404349e+01 6.336777e+01
      vertex   6.005289e+00 1.369068e+01 6.294504e+01
    endloop
  endfacet
  facet normal 3.391058e-01 8.809812e-01 3.299687e-01
    outer loop
      vertex   6.005289e+00 1.369068e+01 6.294504e+01
      vertex   4.677378e+00 1.404349e+01 6.336777e+01
      vertex   5.945871e+00 1.355522e+01 6.336777e+01
    endloop
  endfacet
  facet normal 4.184888e-01 8.461606e-01 3.299687e-01
    outer loop
      vertex   6.005289e+00 1.369068e+01 6.294504e+01
      vertex   5.945871e+00 1.355522e+01 6.336777e+01
      vertex   7.235820e+00 1.308209e+01 6.294504e+01
    endloop
  endfacet
  facet normal 4.184888e-01 8.461606e-01 3.299687e-01
    outer loop
      vertex   7.235820e+00 1.308209e+01 6.294504e+01
      vertex   5.945871e+00 1.355522e+01 6.336777e+01
      vertex   7.164227e+00 1.295265e+01 6.336777e+01
    endloop
  endfacet
  facet normal 4.943430e-01 8.042050e-01 3.299687e-01
    outer loop
      vertex   7.235820e+00 1.308209e+01 6.294504e+01
      vertex   7.164227e+00 1.295265e+01 6.336777e+01
      vertex   8.405337e+00 1.236319e+01 6.294504e+01
    endloop
  endfacet
  facet normal 4.943430e-01 8.042050e-01 3.299687e-01
    outer loop
      vertex   8.405337e+00 1.236319e+01 6.294504e+01
      vertex   7.164227e+00 1.295265e+01 6.336777e+01
      vertex   8.322172e+00 1.224087e+01 6.336777e+01
    endloop
  endfacet
  facet normal 5.660287e-01 7.554682e-01 3.299687e-01
    outer loop
      vertex   8.405337e+00 1.236319e+01 6.294504e+01
      vertex   8.322172e+00 1.224087e+01 6.336777e+01
      vertex   9.503978e+00 1.154004e+01 6.294504e+01
    endloop
  endfacet
  facet normal 5.660287e-01 7.554682e-01 3.299687e-01
    outer loop
      vertex   9.503978e+00 1.154004e+01 6.294504e+01
      vertex   8.322172e+00 1.224087e+01 6.336777e+01
      vertex   9.409943e+00 1.142586e+01 6.336777e+01
    endloop
  endfacet
  facet normal 6.329416e-01 7.003610e-01 3.299687e-01
    outer loop
      vertex   9.503978e+00 1.154004e+01 6.294504e+01
      vertex   9.409943e+00 1.142586e+01 6.336777e+01
      vertex   1.052248e+01 1.061959e+01 6.294504e+01
    endloop
  endfacet
  facet normal 6.329416e-01 7.003610e-01 3.299687e-01
    outer loop
      vertex   1.052248e+01 1.061959e+01 6.294504e+01
      vertex   9.409943e+00 1.142586e+01 6.336777e+01
      vertex   1.041837e+01 1.051451e+01 6.336777e+01
    endloop
  endfacet
  facet normal 6.945174e-01 6.393483e-01 3.299687e-01
    outer loop
      vertex   1.052248e+01 1.061959e+01 6.294504e+01
      vertex   1.041837e+01 1.051451e+01 6.336777e+01
      vertex   1.145225e+01 9.609582e+00 6.294504e+01
    endloop
  endfacet
  facet normal 6.945174e-01 6.393483e-01 3.299687e-01
    outer loop
      vertex   1.145225e+01 9.609582e+00 6.294504e+01
      vertex   1.041837e+01 1.051451e+01 6.336777e+01
      vertex   1.133894e+01 9.514502e+00 6.336777e+01
    endloop
  endfacet
  facet normal 7.502368e-01 5.729444e-01 3.299687e-01
    outer loop
      vertex   1.145225e+01 9.609582e+00 6.294504e+01
      vertex   1.133894e+01 9.514502e+00 6.336777e+01
      vertex   1.228546e+01 8.518548e+00 6.294504e+01
    endloop
  endfacet
  facet normal 7.502368e-01 5.729444e-01 3.299687e-01
    outer loop
      vertex   1.228546e+01 8.518548e+00 6.294504e+01
      vertex   1.133894e+01 9.514502e+00 6.336777e+01
      vertex   1.216390e+01 8.434263e+00 6.336777e+01
    endloop
  endfacet
  facet normal 7.996301e-01 5.017094e-01 3.299687e-01
    outer loop
      vertex   1.228546e+01 8.518548e+00 6.294504e+01
      vertex   1.216390e+01 8.434263e+00 6.336777e+01
      vertex   1.301507e+01 7.355684e+00 6.294504e+01
    endloop
  endfacet
  facet normal 7.996301e-01 5.017094e-01 3.299687e-01
    outer loop
      vertex   1.301507e+01 7.355684e+00 6.294504e+01
      vertex   1.216390e+01 8.434263e+00 6.336777e+01
      vertex   1.288630e+01 7.282905e+00 6.336777e+01
    endloop
  endfacet
  facet normal 8.422808e-01 4.262438e-01 3.299687e-01
    outer loop
      vertex   1.301507e+01 7.355684e+00 6.294504e+01
      vertex   1.288630e+01 7.282905e+00 6.336777e+01
      vertex   1.363494e+01 6.130795e+00 6.294504e+01
    endloop
  endfacet
  facet normal 8.422808e-01 4.262438e-01 3.299687e-01
    outer loop
      vertex   1.363494e+01 6.130795e+00 6.294504e+01
      vertex   1.288630e+01 7.282905e+00 6.336777e+01
      vertex   1.350003e+01 6.070136e+00 6.336777e+01
    endloop
  endfacet
  facet normal -5.121050e-01 -8.031776e-01 3.043916e-01
    outer loop
      vertex   -7.500000e+00 -1.293470e+01 6.292710e+01
      vertex   -7.500000e+00 -1.278460e+01 6.332316e+01
      vertex   -8.630166e+00 -1.220731e+01 6.294504e+01
    endloop
  endfacet
  facet normal -5.146339e-01 -7.913709e-01 3.299758e-01
    outer loop
      vertex   -8.630166e+00 -1.220731e+01 6.294504e+01
      vertex   -7.500000e+00 -1.278460e+01 6.332316e+01
      vertex   -8.543911e+00 -1.208714e+01 6.336777e+01
    endloop
  endfacet
  facet normal -5.797376e-01 -7.449570e-01 3.300657e-01
    outer loop
      vertex   -8.630166e+00 -1.220731e+01 6.294504e+01
      vertex   -8.543911e+00 -1.208714e+01 6.336777e+01
      vertex   -9.618258e+00 -1.125107e+01 6.336777e+01
    endloop
  endfacet
  facet normal -5.201766e-01 -6.684217e-01 5.316284e-01
    outer loop
      vertex   -9.618258e+00 -1.125107e+01 6.336777e+01
      vertex   -8.543911e+00 -1.208714e+01 6.336777e+01
      vertex   -9.463428e+00 -1.106995e+01 6.374698e+01
    endloop
  endfacet
  facet normal -5.793417e-01 -6.178455e-01 5.316296e-01
    outer loop
      vertex   -9.618258e+00 -1.125107e+01 6.336777e+01
      vertex   -9.463428e+00 -1.106995e+01 6.374698e+01
      vertex   -1.060977e+01 -1.032134e+01 6.336777e+01
    endloop
  endfacet
  facet normal -5.793417e-01 -6.178455e-01 5.316296e-01
    outer loop
      vertex   -1.060977e+01 -1.032134e+01 6.336777e+01
      vertex   -9.463428e+00 -1.106995e+01 6.374698e+01
      vertex   -1.043898e+01 -1.015520e+01 6.374698e+01
    endloop
  endfacet
  facet normal -6.335743e-01 -5.620974e-01 5.316296e-01
    outer loop
      vertex   -1.060977e+01 -1.032134e+01 6.336777e+01
      vertex   -1.043898e+01 -1.015520e+01 6.374698e+01
      vertex   -1.151182e+01 -9.304590e+00 6.336777e+01
    endloop
  endfacet
  facet normal -6.335743e-01 -5.620974e-01 5.316296e-01
    outer loop
      vertex   -1.151182e+01 -9.304590e+00 6.336777e+01
      vertex   -1.043898e+01 -1.015520e+01 6.374698e+01
      vertex   -1.132651e+01 -9.154809e+00 6.374698e+01
    endloop
  endfacet
  facet normal -6.824645e-01 -5.016096e-01 5.316296e-01
    outer loop
      vertex   -1.151182e+01 -9.304590e+00 6.336777e+01
      vertex   -1.132651e+01 -9.154809e+00 6.374698e+01
      vertex   -1.231680e+01 -8.209379e+00 6.336777e+01
    endloop
  endfacet
  facet normal -6.824645e-01 -5.016096e-01 5.316296e-01
    outer loop
      vertex   -1.231680e+01 -8.209379e+00 6.336777e+01
      vertex   -1.132651e+01 -9.154809e+00 6.374698e+01
      vertex   -1.211853e+01 -8.077228e+00 6.374698e+01
    endloop
  endfacet
  facet normal -7.255999e-01 -4.368921e-01 5.316296e-01
    outer loop
      vertex   -1.231680e+01 -8.209379e+00 6.336777e+01
      vertex   -1.211853e+01 -8.077228e+00 6.374698e+01
      vertex   -1.301792e+01 -7.044944e+00 6.336777e+01
    endloop
  endfacet
  facet normal -7.255999e-01 -4.368921e-01 5.316296e-01
    outer loop
      vertex   -1.301792e+01 -7.044944e+00 6.336777e+01
      vertex   -1.211853e+01 -8.077228e+00 6.374698e+01
      vertex   -1.280836e+01 -6.931537e+00 6.374698e+01
    endloop
  endfacet
  facet normal -7.626169e-01 -3.684906e-01 5.316296e-01
    outer loop
      vertex   -1.301792e+01 -7.044944e+00 6.336777e+01
      vertex   -1.280836e+01 -6.931537e+00 6.374698e+01
      vertex   -1.360927e+01 -5.821104e+00 6.336777e+01
    endloop
  endfacet
  facet normal -7.626169e-01 -3.684906e-01 5.316296e-01
    outer loop
      vertex   -1.360927e+01 -5.821104e+00 6.336777e+01
      vertex   -1.280836e+01 -6.931537e+00 6.374698e+01
      vertex   -1.339019e+01 -5.727399e+00 6.374698e+01
    endloop
  endfacet
  facet normal -7.932034e-01 -2.969819e-01 5.316296e-01
    outer loop
      vertex   -1.360927e+01 -5.821104e+00 6.336777e+01
      vertex   -1.339019e+01 -5.727399e+00 6.374698e+01
      vertex   -1.408586e+01 -4.548180e+00 6.336777e+01
    endloop
  endfacet
  facet normal -7.932034e-01 -2.969819e-01 5.316296e-01
    outer loop
      vertex   -1.408586e+01 -4.548180e+00 6.336777e+01
      vertex   -1.339019e+01 -5.727399e+00 6.374698e+01
      vertex   -1.385911e+01 -4.474965e+00 6.374698e+01
    endloop
  endfacet
  facet normal -8.171014e-01 -2.229690e-01 5.316296e-01
    outer loop
      vertex   -1.408586e+01 -4.548180e+00 6.336777e+01
      vertex   -1.385911e+01 -4.474965e+00 6.374698e+01
      vertex   -1.444368e+01 -3.236904e+00 6.336777e+01
    endloop
  endfacet
  facet normal -8.171014e-01 -2.229690e-01 5.316296e-01
    outer loop
      vertex   -1.444368e+01 -3.236904e+00 6.336777e+01
      vertex   -1.385911e+01 -4.474965e+00 6.374698e+01
      vertex   -1.421117e+01 -3.184798e+00 6.374698e+01
    endloop
  endfacet
  facet normal -8.341095e-01 -1.470760e-01 5.316296e-01
    outer loop
      vertex   -1.444368e+01 -3.236904e+00 6.336777e+01
      vertex   -1.421117e+01 -3.184798e+00 6.374698e+01
      vertex   -1.467970e+01 -1.898334e+00 6.336777e+01
    endloop
  endfacet
  facet normal -8.341095e-01 -1.470760e-01 5.316296e-01
    outer loop
      vertex   -1.467970e+01 -1.898334e+00 6.336777e+01
      vertex   -1.421117e+01 -3.184798e+00 6.374698e+01
      vertex   -1.444340e+01 -1.867775e+00 6.374698e+01
    endloop
  endfacet
  facet normal -8.440841e-01 -6.994280e-02 5.316296e-01
    outer loop
      vertex   -1.467970e+01 -1.898334e+00 6.336777e+01
      vertex   -1.444340e+01 -1.867775e+00 6.374698e+01
      vertex   -1.479195e+01 -5.437567e-01 6.336777e+01
    endloop
  endfacet
  facet normal -8.440841e-01 -6.994280e-02 5.316296e-01
    outer loop
      vertex   -1.479195e+01 -5.437567e-01 6.336777e+01
      vertex   -1.444340e+01 -1.867775e+00 6.374698e+01
      vertex   -1.455383e+01 -5.350035e-01 6.374698e+01
    endloop
  endfacet
  facet normal -8.469412e-01 7.780173e-03 5.316296e-01
    outer loop
      vertex   -1.479195e+01 -5.437567e-01 6.336777e+01
      vertex   -1.455383e+01 -5.350035e-01 6.374698e+01
      vertex   -1.477946e+01 8.154056e-01 6.336777e+01
    endloop
  endfacet
  facet normal -8.469412e-01 7.780173e-03 5.316296e-01
    outer loop
      vertex   -1.477946e+01 8.154056e-01 6.336777e+01
      vertex   -1.455383e+01 -5.350035e-01 6.374698e+01
      vertex   -1.454155e+01 8.022796e-01 6.374698e+01
    endloop
  endfacet
  facet normal -8.426567e-01 8.543754e-02 5.316296e-01
    outer loop
      vertex   -1.477946e+01 8.154056e-01 6.336777e+01
      vertex   -1.454155e+01 8.022796e-01 6.374698e+01
      vertex   -1.464235e+01 2.167692e+00 6.336777e+01
    endloop
  endfacet
  facet normal -8.426567e-01 8.543754e-02 5.316296e-01
    outer loop
      vertex   -1.464235e+01 2.167692e+00 6.336777e+01
      vertex   -1.454155e+01 8.022796e-01 6.374698e+01
      vertex   -1.440665e+01 2.132798e+00 6.374698e+01
    endloop
  endfacet
  facet normal -8.312668e-01 1.623745e-01 5.316296e-01
    outer loop
      vertex   -1.464235e+01 2.167692e+00 6.336777e+01
      vertex   -1.440665e+01 2.132798e+00 6.374698e+01
      vertex   -1.438178e+01 3.501700e+00 6.336777e+01
    endloop
  endfacet
  facet normal -8.312668e-01 1.623745e-01 5.316296e-01
    outer loop
      vertex   -1.438178e+01 3.501700e+00 6.336777e+01
      vertex   -1.440665e+01 2.132798e+00 6.374698e+01
      vertex   -1.415026e+01 3.445332e+00 6.374698e+01
    endloop
  endfacet
  facet normal -8.128674e-01 2.379422e-01 5.316296e-01
    outer loop
      vertex   -1.438178e+01 3.501700e+00 6.336777e+01
      vertex   -1.415026e+01 3.445332e+00 6.374698e+01
      vertex   -1.399993e+01 4.806181e+00 6.336777e+01
    endloop
  endfacet
  facet normal -8.128674e-01 2.379422e-01 5.316296e-01
    outer loop
      vertex   -1.399993e+01 4.806181e+00 6.336777e+01
      vertex   -1.415026e+01 3.445332e+00 6.374698e+01
      vertex   -1.377456e+01 4.728814e+00 6.374698e+01
    endloop
  endfacet
  facet normal -7.876137e-01 3.115036e-01 5.316296e-01
    outer loop
      vertex   -1.399993e+01 4.806181e+00 6.336777e+01
      vertex   -1.377456e+01 4.728814e+00 6.374698e+01
      vertex   -1.350003e+01 6.070136e+00 6.336777e+01
    endloop
  endfacet
  facet normal -7.876137e-01 3.115036e-01 5.316296e-01
    outer loop
      vertex   -1.350003e+01 6.070136e+00 6.336777e+01
      vertex   -1.377456e+01 4.728814e+00 6.374698e+01
      vertex   -1.328271e+01 5.972421e+00 6.374698e+01
    endloop
  endfacet
  facet normal -7.557188e-01 3.824383e-01 5.316296e-01
    outer loop
      vertex   -1.350003e+01 6.070136e+00 6.336777e+01
      vertex   -1.328271e+01 5.972421e+00 6.374698e+01
      vertex   -1.288630e+01 7.282905e+00 6.336777e+01
    endloop
  endfacet
  facet normal -7.557188e-01 3.824383e-01 5.316296e-01
    outer loop
      vertex   -1.288630e+01 7.282905e+00 6.336777e+01
      vertex   -1.328271e+01 5.972421e+00 6.374698e+01
      vertex   -1.267886e+01 7.165668e+00 6.374698e+01
    endloop
  endfacet
  facet normal -7.174514e-01 4.501482e-01 5.316296e-01
    outer loop
      vertex   -1.288630e+01 7.282905e+00 6.336777e+01
      vertex   -1.267886e+01 7.165668e+00 6.374698e+01
      vertex   -1.216390e+01 8.434263e+00 6.336777e+01
    endloop
  endfacet
  facet normal -7.174514e-01 4.501482e-01 5.316296e-01
    outer loop
      vertex   -1.216390e+01 8.434263e+00 6.336777e+01
      vertex   -1.267886e+01 7.165668e+00 6.374698e+01
      vertex   -1.196810e+01 8.298493e+00 6.374698e+01
    endloop
  endfacet
  facet normal -6.731343e-01 5.140624e-01 5.316296e-01
    outer loop
      vertex   -1.216390e+01 8.434263e+00 6.336777e+01
      vertex   -1.196810e+01 8.298493e+00 6.374698e+01
      vertex   -1.133894e+01 9.514502e+00 6.336777e+01
    endloop
  endfacet
  facet normal -6.731343e-01 5.140624e-01 5.316296e-01
    outer loop
      vertex   -1.133894e+01 9.514502e+00 6.336777e+01
      vertex   -1.196810e+01 8.298493e+00 6.374698e+01
      vertex   -1.115641e+01 9.361342e+00 6.374698e+01
    endloop
  endfacet
  facet normal -6.231412e-01 5.736419e-01 5.316296e-01
    outer loop
      vertex   -1.133894e+01 9.514502e+00 6.336777e+01
      vertex   -1.115641e+01 9.361342e+00 6.374698e+01
      vertex   -1.041837e+01 1.051451e+01 6.336777e+01
    endloop
  endfacet
  facet normal -6.231412e-01 5.736419e-01 5.316296e-01
    outer loop
      vertex   -1.041837e+01 1.051451e+01 6.336777e+01
      vertex   -1.115641e+01 9.361342e+00 6.374698e+01
      vertex   -1.025066e+01 1.034525e+01 6.374698e+01
    endloop
  endfacet
  facet normal -5.678936e-01 6.283843e-01 5.316296e-01
    outer loop
      vertex   -1.041837e+01 1.051451e+01 6.336777e+01
      vertex   -1.025066e+01 1.034525e+01 6.374698e+01
      vertex   -9.409943e+00 1.142586e+01 6.336777e+01
    endloop
  endfacet
  facet normal -5.678936e-01 6.283843e-01 5.316296e-01
    outer loop
      vertex   -9.409943e+00 1.142586e+01 6.336777e+01
      vertex   -1.025066e+01 1.034525e+01 6.374698e+01
      vertex   -9.258466e+00 1.124193e+01 6.374698e+01
    endloop
  endfacet
  facet normal -5.078574e-01 6.778280e-01 5.316296e-01
    outer loop
      vertex   -9.409943e+00 1.142586e+01 6.336777e+01
      vertex   -9.258466e+00 1.124193e+01 6.374698e+01
      vertex   -8.322172e+00 1.224087e+01 6.336777e+01
    endloop
  endfacet
  facet normal -5.078574e-01 6.778280e-01 5.316296e-01
    outer loop
      vertex   -8.322172e+00 1.224087e+01 6.336777e+01
      vertex   -9.258466e+00 1.124193e+01 6.374698e+01
      vertex   -8.188206e+00 1.204382e+01 6.374698e+01
    endloop
  endfacet
  facet normal -4.435389e-01 7.215561e-01 5.316296e-01
    outer loop
      vertex   -8.322172e+00 1.224087e+01 6.336777e+01
      vertex   -8.188206e+00 1.204382e+01 6.374698e+01
      vertex   -7.164227e+00 1.295265e+01 6.336777e+01
    endloop
  endfacet
  facet normal -4.435389e-01 7.215561e-01 5.316296e-01
    outer loop
      vertex   -7.164227e+00 1.295265e+01 6.336777e+01
      vertex   -8.188206e+00 1.204382e+01 6.374698e+01
      vertex   -7.048900e+00 1.274415e+01 6.374698e+01
    endloop
  endfacet
  facet normal -3.754803e-01 7.591999e-01 5.316296e-01
    outer loop
      vertex   -7.164227e+00 1.295265e+01 6.336777e+01
      vertex   -7.048900e+00 1.274415e+01 6.374698e+01
      vertex   -5.945871e+00 1.355522e+01 6.336777e+01
    endloop
  endfacet
  facet normal -3.754803e-01 7.591999e-01 5.316296e-01
    outer loop
      vertex   -5.945871e+00 1.355522e+01 6.336777e+01
      vertex   -7.048900e+00 1.274415e+01 6.374698e+01
      vertex   -5.850157e+00 1.333701e+01 6.374698e+01
    endloop
  endfacet
  facet normal -3.042556e-01 7.904419e-01 5.316296e-01
    outer loop
      vertex   -5.945871e+00 1.355522e+01 6.336777e+01
      vertex   -5.850157e+00 1.333701e+01 6.374698e+01
      vertex   -4.677378e+00 1.404349e+01 6.336777e+01
    endloop
  endfacet
  facet normal -3.042556e-01 7.904419e-01 5.316296e-01
    outer loop
      vertex   -4.677378e+00 1.404349e+01 6.336777e+01
      vertex   -5.850157e+00 1.333701e+01 6.374698e+01
      vertex   -4.602084e+00 1.381742e+01 6.374698e+01
    endloop
  endfacet
  facet normal -2.304654e-01 8.150188e-01 5.316296e-01
    outer loop
      vertex   -4.677378e+00 1.404349e+01 6.336777e+01
      vertex   -4.602084e+00 1.381742e+01 6.374698e+01
      vertex   -3.369444e+00 1.441333e+01 6.336777e+01
    endloop
  endfacet
  facet normal -2.304654e-01 8.150188e-01 5.316296e-01
    outer loop
      vertex   -3.369444e+00 1.441333e+01 6.336777e+01
      vertex   -4.602084e+00 1.381742e+01 6.374698e+01
      vertex   -3.315205e+00 1.418132e+01 6.374698e+01
    endloop
  endfacet
  facet normal -1.547318e-01 8.327232e-01 5.316296e-01
    outer loop
      vertex   -3.369444e+00 1.441333e+01 6.336777e+01
      vertex   -3.315205e+00 1.418132e+01 6.374698e+01
      vertex   -2.033099e+00 1.466165e+01 6.336777e+01
    endloop
  endfacet
  facet normal -1.547318e-01 8.327232e-01 5.316296e-01
    outer loop
      vertex   -2.033099e+00 1.466165e+01 6.336777e+01
      vertex   -3.315205e+00 1.418132e+01 6.374698e+01
      vertex   -2.000371e+00 1.442563e+01 6.374698e+01
    endloop
  endfacet
  facet normal -7.769345e-02 8.434060e-01 5.316296e-01
    outer loop
      vertex   -2.033099e+00 1.466165e+01 6.336777e+01
      vertex   -2.000371e+00 1.442563e+01 6.374698e+01
      vertex   -6.796098e-01 1.478633e+01 6.336777e+01
    endloop
  endfacet
  facet normal -7.769345e-02 8.434060e-01 5.316296e-01
    outer loop
      vertex   -6.796098e-01 1.478633e+01 6.336777e+01
      vertex   -2.000371e+00 1.442563e+01 6.374698e+01
      vertex   -6.686698e-01 1.454830e+01 6.374698e+01
    endloop
  endfacet
  facet normal -0.000000e+00 8.469769e-01 5.316296e-01
    outer loop
      vertex   -6.796098e-01 1.478633e+01 6.336777e+01
      vertex   -6.686698e-01 1.454830e+01 6.374698e+01
      vertex   6.796098e-01 1.478633e+01 6.336777e+01
    endloop
  endfacet
  facet normal 0.000000e+00 8.469769e-01 5.316296e-01
    outer loop
      vertex   6.796098e-01 1.478633e+01 6.336777e+01
      vertex   -6.686698e-01 1.454830e+01 6.374698e+01
      vertex   6.686698e-01 1.454830e+01 6.374698e+01
    endloop
  endfacet
  facet normal 7.769345e-02 8.434060e-01 5.316296e-01
    outer loop
      vertex   6.796098e-01 1.478633e+01 6.336777e+01
      vertex   6.686698e-01 1.454830e+01 6.374698e+01
      vertex   2.033099e+00 1.466165e+01 6.336777e+01
    endloop
  endfacet
  facet normal 7.769345e-02 8.434060e-01 5.316296e-01
    outer loop
      vertex   2.033099e+00 1.466165e+01 6.336777e+01
      vertex   6.686698e-01 1.454830e+01 6.374698e+01
      vertex   2.000371e+00 1.442563e+01 6.374698e+01
    endloop
  endfacet
  facet normal 1.547318e-01 8.327232e-01 5.316296e-01
    outer loop
      vertex   2.033099e+00 1.466165e+01 6.336777e+01
      vertex   2.000371e+00 1.442563e+01 6.374698e+01
      vertex   3.369444e+00 1.441333e+01 6.336777e+01
    endloop
  endfacet
  facet normal 1.547318e-01 8.327232e-01 5.316296e-01
    outer loop
      vertex   3.369444e+00 1.441333e+01 6.336777e+01
      vertex   2.000371e+00 1.442563e+01 6.374698e+01
      vertex   3.315205e+00 1.418132e+01 6.374698e+01
    endloop
  endfacet
  facet normal 2.304654e-01 8.150188e-01 5.316296e-01
    outer loop
      vertex   3.369444e+00 1.441333e+01 6.336777e+01
      vertex   3.315205e+00 1.418132e+01 6.374698e+01
      vertex   4.677378e+00 1.404349e+01 6.336777e+01
    endloop
  endfacet
  facet normal 2.304654e-01 8.150188e-01 5.316296e-01
    outer loop
      vertex   4.677378e+00 1.404349e+01 6.336777e+01
      vertex   3.315205e+00 1.418132e+01 6.374698e+01
      vertex   4.602084e+00 1.381742e+01 6.374698e+01
    endloop
  endfacet
  facet normal 3.042556e-01 7.904419e-01 5.316296e-01
    outer loop
      vertex   4.677378e+00 1.404349e+01 6.336777e+01
      vertex   4.602084e+00 1.381742e+01 6.374698e+01
      vertex   5.945871e+00 1.355522e+01 6.336777e+01
    endloop
  endfacet
  facet normal 3.042556e-01 7.904419e-01 5.316296e-01
    outer loop
      vertex   5.945871e+00 1.355522e+01 6.336777e+01
      vertex   4.602084e+00 1.381742e+01 6.374698e+01
      vertex   5.850157e+00 1.333701e+01 6.374698e+01
    endloop
  endfacet
  facet normal 3.754803e-01 7.591999e-01 5.316296e-01
    outer loop
      vertex   5.945871e+00 1.355522e+01 6.336777e+01
      vertex   5.850157e+00 1.333701e+01 6.374698e+01
      vertex   7.164227e+00 1.295265e+01 6.336777e+01
    endloop
  endfacet
  facet normal 3.754803e-01 7.591999e-01 5.316296e-01
    outer loop
      vertex   7.164227e+00 1.295265e+01 6.336777e+01
      vertex   5.850157e+00 1.333701e+01 6.374698e+01
      vertex   7.048900e+00 1.274415e+01 6.374698e+01
    endloop
  endfacet
  facet normal 4.435389e-01 7.215561e-01 5.316296e-01
    outer loop
      vertex   7.164227e+00 1.295265e+01 6.336777e+01
      vertex   7.048900e+00 1.274415e+01 6.374698e+01
      vertex   8.322172e+00 1.224087e+01 6.336777e+01
    endloop
  endfacet
  facet normal 4.435389e-01 7.215561e-01 5.316296e-01
    outer loop
      vertex   8.322172e+00 1.224087e+01 6.336777e+01
      vertex   7.048900e+00 1.274415e+01 6.374698e+01
      vertex   8.188206e+00 1.204382e+01 6.374698e+01
    endloop
  endfacet
  facet normal 5.078574e-01 6.778280e-01 5.316296e-01
    outer loop
      vertex   8.322172e+00 1.224087e+01 6.336777e+01
      vertex   8.188206e+00 1.204382e+01 6.374698e+01
      vertex   9.409943e+00 1.142586e+01 6.336777e+01
    endloop
  endfacet
  facet normal 5.078574e-01 6.778280e-01 5.316296e-01
    outer loop
      vertex   9.409943e+00 1.142586e+01 6.336777e+01
      vertex   8.188206e+00 1.204382e+01 6.374698e+01
      vertex   9.258466e+00 1.124193e+01 6.374698e+01
    endloop
  endfacet
  facet normal 5.678936e-01 6.283843e-01 5.316296e-01
    outer loop
      vertex   9.409943e+00 1.142586e+01 6.336777e+01
      vertex   9.258466e+00 1.124193e+01 6.374698e+01
      vertex   1.041837e+01 1.051451e+01 6.336777e+01
    endloop
  endfacet
  facet normal 5.678936e-01 6.283843e-01 5.316296e-01
    outer loop
      vertex   1.041837e+01 1.051451e+01 6.336777e+01
      vertex   9.258466e+00 1.124193e+01 6.374698e+01
      vertex   1.025066e+01 1.034525e+01 6.374698e+01
    endloop
  endfacet
  facet normal 6.231412e-01 5.736419e-01 5.316296e-01
    outer loop
      vertex   1.041837e+01 1.051451e+01 6.336777e+01
      vertex   1.025066e+01 1.034525e+01 6.374698e+01
      vertex   1.133894e+01 9.514502e+00 6.336777e+01
    endloop
  endfacet
  facet normal 6.231412e-01 5.736419e-01 5.316296e-01
    outer loop
      vertex   1.133894e+01 9.514502e+00 6.336777e+01
      vertex   1.025066e+01 1.034525e+01 6.374698e+01
      vertex   1.115641e+01 9.361342e+00 6.374698e+01
    endloop
  endfacet
  facet normal 6.731343e-01 5.140624e-01 5.316296e-01
    outer loop
      vertex   1.133894e+01 9.514502e+00 6.336777e+01
      vertex   1.115641e+01 9.361342e+00 6.374698e+01
      vertex   1.216390e+01 8.434263e+00 6.336777e+01
    endloop
  endfacet
  facet normal 6.731343e-01 5.140624e-01 5.316296e-01
    outer loop
      vertex   1.216390e+01 8.434263e+00 6.336777e+01
      vertex   1.115641e+01 9.361342e+00 6.374698e+01
      vertex   1.196810e+01 8.298493e+00 6.374698e+01
    endloop
  endfacet
  facet normal 7.174514e-01 4.501482e-01 5.316296e-01
    outer loop
      vertex   1.216390e+01 8.434263e+00 6.336777e+01
      vertex   1.196810e+01 8.298493e+00 6.374698e+01
      vertex   1.288630e+01 7.282905e+00 6.336777e+01
    endloop
  endfacet
  facet normal 7.174514e-01 4.501482e-01 5.316296e-01
    outer loop
      vertex   1.288630e+01 7.282905e+00 6.336777e+01
      vertex   1.196810e+01 8.298493e+00 6.374698e+01
      vertex   1.267886e+01 7.165668e+00 6.374698e+01
    endloop
  endfacet
  facet normal 7.557188e-01 3.824383e-01 5.316296e-01
    outer loop
      vertex   1.288630e+01 7.282905e+00 6.336777e+01
      vertex   1.267886e+01 7.165668e+00 6.374698e+01
      vertex   1.350003e+01 6.070136e+00 6.336777e+01
    endloop
  endfacet
  facet normal 7.557188e-01 3.824383e-01 5.316296e-01
    outer loop
      vertex   1.350003e+01 6.070136e+00 6.336777e+01
      vertex   1.267886e+01 7.165668e+00 6.374698e+01
      vertex   1.328271e+01 5.972421e+00 6.374698e+01
    endloop
  endfacet
  facet normal -4.664565e-01 -7.300959e-01 4.993779e-01
    outer loop
      vertex   -7.500000e+00 -1.278460e+01 6.332316e+01
      vertex   -7.500000e+00 -1.253783e+01 6.368395e+01
      vertex   -8.543911e+00 -1.208714e+01 6.336777e+01
    endloop
  endfacet
  facet normal -4.662818e-01 -7.069593e-01 5.317799e-01
    outer loop
      vertex   -8.543911e+00 -1.208714e+01 6.336777e+01
      vertex   -7.500000e+00 -1.253783e+01 6.368395e+01
      vertex   -8.405523e+00 -1.189317e+01 6.374698e+01
    endloop
  endfacet
  facet normal -5.201228e-01 -6.684019e-01 5.317059e-01
    outer loop
      vertex   -8.543911e+00 -1.208714e+01 6.336777e+01
      vertex   -8.405523e+00 -1.189317e+01 6.374698e+01
      vertex   -9.463428e+00 -1.106995e+01 6.374698e+01
    endloop
  endfacet
  facet normal -4.344841e-01 -5.583490e-01 7.067319e-01
    outer loop
      vertex   -9.463428e+00 -1.106995e+01 6.374698e+01
      vertex   -8.405523e+00 -1.189317e+01 6.374698e+01
      vertex   -9.257648e+00 -1.082924e+01 6.406366e+01
    endloop
  endfacet
  facet normal -4.839241e-01 -5.160863e-01 7.067336e-01
    outer loop
      vertex   -9.463428e+00 -1.106995e+01 6.374698e+01
      vertex   -9.257648e+00 -1.082924e+01 6.406366e+01
      vertex   -1.043898e+01 -1.015520e+01 6.374698e+01
    endloop
  endfacet
  facet normal -4.839241e-01 -5.160863e-01 7.067336e-01
    outer loop
      vertex   -1.043898e+01 -1.015520e+01 6.374698e+01
      vertex   -9.257648e+00 -1.082924e+01 6.406366e+01
      vertex   -1.021199e+01 -9.934373e+00 6.406366e+01
    endloop
  endfacet
  facet normal -5.292245e-01 -4.695199e-01 7.067336e-01
    outer loop
      vertex   -1.043898e+01 -1.015520e+01 6.374698e+01
      vertex   -1.021199e+01 -9.934373e+00 6.406366e+01
      vertex   -1.132651e+01 -9.154809e+00 6.374698e+01
    endloop
  endfacet
  facet normal -5.292245e-01 -4.695199e-01 7.067336e-01
    outer loop
      vertex   -1.132651e+01 -9.154809e+00 6.374698e+01
      vertex   -1.021199e+01 -9.934373e+00 6.406366e+01
      vertex   -1.108021e+01 -8.955740e+00 6.406366e+01
    endloop
  endfacet
  facet normal -5.700625e-01 -4.189944e-01 7.067336e-01
    outer loop
      vertex   -1.132651e+01 -9.154809e+00 6.374698e+01
      vertex   -1.108021e+01 -8.955740e+00 6.406366e+01
      vertex   -1.211853e+01 -8.077228e+00 6.374698e+01
    endloop
  endfacet
  facet normal -5.700625e-01 -4.189944e-01 7.067336e-01
    outer loop
      vertex   -1.211853e+01 -8.077228e+00 6.374698e+01
      vertex   -1.108021e+01 -8.955740e+00 6.406366e+01
      vertex   -1.185501e+01 -7.901591e+00 6.406366e+01
    endloop
  endfacet
  facet normal -6.060935e-01 -3.649359e-01 7.067336e-01
    outer loop
      vertex   -1.211853e+01 -8.077228e+00 6.374698e+01
      vertex   -1.185501e+01 -7.901591e+00 6.406366e+01
      vertex   -1.280836e+01 -6.931537e+00 6.374698e+01
    endloop
  endfacet
  facet normal -6.060935e-01 -3.649359e-01 7.067336e-01
    outer loop
      vertex   -1.280836e+01 -6.931537e+00 6.374698e+01
      vertex   -1.185501e+01 -7.901591e+00 6.406366e+01
      vertex   -1.252984e+01 -6.780813e+00 6.406366e+01
    endloop
  endfacet
  facet normal -6.370138e-01 -3.078002e-01 7.067336e-01
    outer loop
      vertex   -1.280836e+01 -6.931537e+00 6.374698e+01
      vertex   -1.252984e+01 -6.780813e+00 6.406366e+01
      vertex   -1.339019e+01 -5.727399e+00 6.374698e+01
    endloop
  endfacet
  facet normal -6.370138e-01 -3.078002e-01 7.067336e-01
    outer loop
      vertex   -1.339019e+01 -5.727399e+00 6.374698e+01
      vertex   -1.252984e+01 -6.780813e+00 6.406366e+01
      vertex   -1.309902e+01 -5.602858e+00 6.406366e+01
    endloop
  endfacet
  facet normal -6.625627e-01 -2.480690e-01 7.067336e-01
    outer loop
      vertex   -1.339019e+01 -5.727399e+00 6.374698e+01
      vertex   -1.309902e+01 -5.602858e+00 6.406366e+01
      vertex   -1.385911e+01 -4.474965e+00 6.374698e+01
    endloop
  endfacet
  facet normal -6.625627e-01 -2.480690e-01 7.067336e-01
    outer loop
      vertex   -1.385911e+01 -4.474965e+00 6.374698e+01
      vertex   -1.309902e+01 -5.602858e+00 6.406366e+01
      vertex   -1.355775e+01 -4.377658e+00 6.406366e+01
    endloop
  endfacet
  facet normal -6.825247e-01 -1.862460e-01 7.067336e-01
    outer loop
      vertex   -1.385911e+01 -4.474965e+00 6.374698e+01
      vertex   -1.355775e+01 -4.377658e+00 6.406366e+01
      vertex   -1.421117e+01 -3.184798e+00 6.374698e+01
    endloop
  endfacet
  facet normal -6.825247e-01 -1.862460e-01 7.067336e-01
    outer loop
      vertex   -1.421117e+01 -3.184798e+00 6.374698e+01
      vertex   -1.355775e+01 -4.377658e+00 6.406366e+01
      vertex   -1.390215e+01 -3.115545e+00 6.406366e+01
    endloop
  endfacet
  facet normal -6.967315e-01 -1.228526e-01 7.067336e-01
    outer loop
      vertex   -1.421117e+01 -3.184798e+00 6.374698e+01
      vertex   -1.390215e+01 -3.115545e+00 6.406366e+01
      vertex   -1.444340e+01 -1.867775e+00 6.374698e+01
    endloop
  endfacet
  facet normal -6.967315e-01 -1.228526e-01 7.067336e-01
    outer loop
      vertex   -1.444340e+01 -1.867775e+00 6.374698e+01
      vertex   -1.390215e+01 -3.115545e+00 6.406366e+01
      vertex   -1.412933e+01 -1.827161e+00 6.406366e+01
    endloop
  endfacet
  facet normal -7.050633e-01 -5.842321e-02 7.067336e-01
    outer loop
      vertex   -1.444340e+01 -1.867775e+00 6.374698e+01
      vertex   -1.412933e+01 -1.827161e+00 6.406366e+01
      vertex   -1.455383e+01 -5.350035e-01 6.374698e+01
    endloop
  endfacet
  facet normal -7.050633e-01 -5.842321e-02 7.067336e-01
    outer loop
      vertex   -1.455383e+01 -5.350035e-01 6.374698e+01
      vertex   -1.412933e+01 -1.827161e+00 6.406366e+01
      vertex   -1.423736e+01 -5.233700e-01 6.406366e+01
    endloop
  endfacet
  facet normal -7.074499e-01 6.498777e-03 7.067336e-01
    outer loop
      vertex   -1.455383e+01 -5.350035e-01 6.374698e+01
      vertex   -1.423736e+01 -5.233700e-01 6.406366e+01
      vertex   -1.454155e+01 8.022796e-01 6.374698e+01
    endloop
  endfacet
  facet normal -7.074499e-01 6.498777e-03 7.067336e-01
    outer loop
      vertex   -1.454155e+01 8.022796e-01 6.374698e+01
      vertex   -1.423736e+01 -5.233700e-01 6.406366e+01
      vertex   -1.422535e+01 7.848342e-01 6.406366e+01
    endloop
  endfacet
  facet normal -7.038711e-01 7.136597e-02 7.067336e-01
    outer loop
      vertex   -1.454155e+01 8.022796e-01 6.374698e+01
      vertex   -1.422535e+01 7.848342e-01 6.406366e+01
      vertex   -1.440665e+01 2.132798e+00 6.374698e+01
    endloop
  endfacet
  facet normal -7.038711e-01 7.136597e-02 7.067336e-01
    outer loop
      vertex   -1.440665e+01 2.132798e+00 6.374698e+01
      vertex   -1.422535e+01 7.848342e-01 6.406366e+01
      vertex   -1.409338e+01 2.086421e+00 6.406366e+01
    endloop
  endfacet
  facet normal -6.943570e-01 1.356314e-01 7.067336e-01
    outer loop
      vertex   -1.440665e+01 2.132798e+00 6.374698e+01
      vertex   -1.409338e+01 2.086421e+00 6.406366e+01
      vertex   -1.415026e+01 3.445332e+00 6.374698e+01
    endloop
  endfacet
  facet normal -6.943570e-01 1.356314e-01 7.067336e-01
    outer loop
      vertex   -1.415026e+01 3.445332e+00 6.374698e+01
      vertex   -1.409338e+01 2.086421e+00 6.406366e+01
      vertex   -1.384257e+01 3.370414e+00 6.406366e+01
    endloop
  endfacet
  facet normal -6.789880e-01 1.987531e-01 7.067336e-01
    outer loop
      vertex   -1.415026e+01 3.445332e+00 6.374698e+01
      vertex   -1.384257e+01 3.370414e+00 6.406366e+01
      vertex   -1.377456e+01 4.728814e+00 6.374698e+01
    endloop
  endfacet
  facet normal -6.789880e-01 1.987531e-01 7.067336e-01
    outer loop
      vertex   -1.377456e+01 4.728814e+00 6.374698e+01
      vertex   -1.384257e+01 3.370414e+00 6.406366e+01
      vertex   -1.347504e+01 4.625987e+00 6.406366e+01
    endloop
  endfacet
  facet normal -6.578937e-01 2.601989e-01 7.067336e-01
    outer loop
      vertex   -1.377456e+01 4.728814e+00 6.374698e+01
      vertex   -1.347504e+01 4.625987e+00 6.406366e+01
      vertex   -1.328271e+01 5.972421e+00 6.374698e+01
    endloop
  endfacet
  facet normal -6.578937e-01 2.601989e-01 7.067336e-01
    outer loop
      vertex   -1.328271e+01 5.972421e+00 6.374698e+01
      vertex   -1.347504e+01 4.625987e+00 6.406366e+01
      vertex   -1.299388e+01 5.842552e+00 6.406366e+01
    endloop
  endfacet
  facet normal -6.312518e-01 3.194507e-01 7.067336e-01
    outer loop
      vertex   -1.328271e+01 5.972421e+00 6.374698e+01
      vertex   -1.299388e+01 5.842552e+00 6.406366e+01
      vertex   -1.267886e+01 7.165668e+00 6.374698e+01
    endloop
  endfacet
  facet normal -6.312518e-01 3.194507e-01 7.067336e-01
    outer loop
      vertex   -1.267886e+01 7.165668e+00 6.374698e+01
      vertex   -1.299388e+01 5.842552e+00 6.406366e+01
      vertex   -1.240316e+01 7.009852e+00 6.406366e+01
    endloop
  endfacet
  facet normal -5.992871e-01 3.760088e-01 7.067336e-01
    outer loop
      vertex   -1.267886e+01 7.165668e+00 6.374698e+01
      vertex   -1.240316e+01 7.009852e+00 6.406366e+01
      vertex   -1.196810e+01 8.298493e+00 6.374698e+01
    endloop
  endfacet
  facet normal -5.992871e-01 3.760088e-01 7.067336e-01
    outer loop
      vertex   -1.196810e+01 8.298493e+00 6.374698e+01
      vertex   -1.240316e+01 7.009852e+00 6.406366e+01
      vertex   -1.170785e+01 8.118044e+00 6.406366e+01
    endloop
  endfacet
  facet normal -5.622690e-01 4.293963e-01 7.067336e-01
    outer loop
      vertex   -1.196810e+01 8.298493e+00 6.374698e+01
      vertex   -1.170785e+01 8.118044e+00 6.406366e+01
      vertex   -1.115641e+01 9.361342e+00 6.374698e+01
    endloop
  endfacet
  facet normal -5.622690e-01 4.293963e-01 7.067336e-01
    outer loop
      vertex   -1.115641e+01 9.361342e+00 6.374698e+01
      vertex   -1.170785e+01 8.118044e+00 6.406366e+01
      vertex   -1.091382e+01 9.157782e+00 6.406366e+01
    endloop
  endfacet
  facet normal -5.205098e-01 4.791630e-01 7.067336e-01
    outer loop
      vertex   -1.115641e+01 9.361342e+00 6.374698e+01
      vertex   -1.091382e+01 9.157782e+00 6.406366e+01
      vertex   -1.025066e+01 1.034525e+01 6.374698e+01
    endloop
  endfacet
  facet normal -5.205098e-01 4.791630e-01 7.067336e-01
    outer loop
      vertex   -1.025066e+01 1.034525e+01 6.374698e+01
      vertex   -1.091382e+01 9.157782e+00 6.406366e+01
      vertex   -1.002776e+01 1.012030e+01 6.406366e+01
    endloop
  endfacet
  facet normal -4.743615e-01 5.248893e-01 7.067336e-01
    outer loop
      vertex   -1.025066e+01 1.034525e+01 6.374698e+01
      vertex   -1.002776e+01 1.012030e+01 6.406366e+01
      vertex   -9.258466e+00 1.124193e+01 6.374698e+01
    endloop
  endfacet
  facet normal -4.743615e-01 5.248893e-01 7.067336e-01
    outer loop
      vertex   -9.258466e+00 1.124193e+01 6.374698e+01
      vertex   -1.002776e+01 1.012030e+01 6.406366e+01
      vertex   -9.057143e+00 1.099748e+01 6.406366e+01
    endloop
  endfacet
  facet normal -4.242132e-01 5.661896e-01 7.067336e-01
    outer loop
      vertex   -9.258466e+00 1.124193e+01 6.374698e+01
      vertex   -9.057143e+00 1.099748e+01 6.406366e+01
      vertex   -8.188206e+00 1.204382e+01 6.374698e+01
    endloop
  endfacet
  facet normal -4.242132e-01 5.661896e-01 7.067336e-01
    outer loop
      vertex   -8.188206e+00 1.204382e+01 6.374698e+01
      vertex   -9.057143e+00 1.099748e+01 6.406366e+01
      vertex   -8.010155e+00 1.178193e+01 6.406366e+01
    endloop
  endfacet
  facet normal -3.704880e-01 6.027157e-01 7.067336e-01
    outer loop
      vertex   -8.188206e+00 1.204382e+01 6.374698e+01
      vertex   -8.010155e+00 1.178193e+01 6.406366e+01
      vertex   -7.048900e+00 1.274415e+01 6.374698e+01
    endloop
  endfacet
  facet normal -3.704880e-01 6.027157e-01 7.067336e-01
    outer loop
      vertex   -7.048900e+00 1.274415e+01 6.374698e+01
      vertex   -8.010155e+00 1.178193e+01 6.406366e+01
      vertex   -6.895624e+00 1.246703e+01 6.406366e+01
    endloop
  endfacet
  facet normal -3.136387e-01 6.341596e-01 7.067336e-01
    outer loop
      vertex   -7.048900e+00 1.274415e+01 6.374698e+01
      vertex   -6.895624e+00 1.246703e+01 6.406366e+01
      vertex   -5.850157e+00 1.333701e+01 6.374698e+01
    endloop
  endfacet
  facet normal -3.136387e-01 6.341596e-01 7.067336e-01
    outer loop
      vertex   -5.850157e+00 1.333701e+01 6.374698e+01
      vertex   -6.895624e+00 1.246703e+01 6.406366e+01
      vertex   -5.722947e+00 1.304700e+01 6.406366e+01
    endloop
  endfacet
  facet normal -2.541447e-01 6.602561e-01 7.067336e-01
    outer loop
      vertex   -5.850157e+00 1.333701e+01 6.374698e+01
      vertex   -5.722947e+00 1.304700e+01 6.406366e+01
      vertex   -4.602084e+00 1.381742e+01 6.374698e+01
    endloop
  endfacet
  facet normal -2.541447e-01 6.602561e-01 7.067336e-01
    outer loop
      vertex   -4.602084e+00 1.381742e+01 6.374698e+01
      vertex   -5.722947e+00 1.304700e+01 6.406366e+01
      vertex   -4.502012e+00 1.351696e+01 6.406366e+01
    endloop
  endfacet
  facet normal -1.925077e-01 6.807851e-01 7.067336e-01
    outer loop
      vertex   -4.602084e+00 1.381742e+01 6.374698e+01
      vertex   -4.502012e+00 1.351696e+01 6.406366e+01
      vertex   -3.315205e+00 1.418132e+01 6.374698e+01
    endloop
  endfacet
  facet normal -1.925077e-01 6.807851e-01 7.067336e-01
    outer loop
      vertex   -3.315205e+00 1.418132e+01 6.374698e+01
      vertex   -4.502012e+00 1.351696e+01 6.406366e+01
      vertex   -3.243116e+00 1.387295e+01 6.406366e+01
    endloop
  endfacet
  facet normal -1.292474e-01 6.955736e-01 7.067336e-01
    outer loop
      vertex   -3.315205e+00 1.418132e+01 6.374698e+01
      vertex   -3.243116e+00 1.387295e+01 6.406366e+01
      vertex   -2.000371e+00 1.442563e+01 6.374698e+01
    endloop
  endfacet
  facet normal -1.292474e-01 6.955736e-01 7.067336e-01
    outer loop
      vertex   -2.000371e+00 1.442563e+01 6.374698e+01
      vertex   -3.243116e+00 1.387295e+01 6.406366e+01
      vertex   -1.956873e+00 1.411195e+01 6.406366e+01
    endloop
  endfacet
  facet normal -6.489733e-02 7.044969e-01 7.067336e-01
    outer loop
      vertex   -2.000371e+00 1.442563e+01 6.374698e+01
      vertex   -1.956873e+00 1.411195e+01 6.406366e+01
      vertex   -6.686698e-01 1.454830e+01 6.374698e+01
    endloop
  endfacet
  facet normal -6.489733e-02 7.044969e-01 7.067336e-01
    outer loop
      vertex   -6.686698e-01 1.454830e+01 6.374698e+01
      vertex   -1.956873e+00 1.411195e+01 6.406366e+01
      vertex   -6.541297e-01 1.423195e+01 6.406366e+01
    endloop
  endfacet
  facet normal -0.000000e+00 7.074797e-01 7.067336e-01
    outer loop
      vertex   -6.686698e-01 1.454830e+01 6.374698e+01
      vertex   -6.541297e-01 1.423195e+01 6.406366e+01
      vertex   6.686698e-01 1.454830e+01 6.374698e+01
    endloop
  endfacet
  facet normal 0.000000e+00 7.074797e-01 7.067336e-01
    outer loop
      vertex   6.686698e-01 1.454830e+01 6.374698e+01
      vertex   -6.541297e-01 1.423195e+01 6.406366e+01
      vertex   6.541297e-01 1.423195e+01 6.406366e+01
    endloop
  endfacet
  facet normal 6.489733e-02 7.044969e-01 7.067336e-01
    outer loop
      vertex   6.686698e-01 1.454830e+01 6.374698e+01
      vertex   6.541297e-01 1.423195e+01 6.406366e+01
      vertex   2.000371e+00 1.442563e+01 6.374698e+01
    endloop
  endfacet
  facet normal 6.489733e-02 7.044969e-01 7.067336e-01
    outer loop
      vertex   2.000371e+00 1.442563e+01 6.374698e+01
      vertex   6.541297e-01 1.423195e+01 6.406366e+01
      vertex   1.956873e+00 1.411195e+01 6.406366e+01
    endloop
  endfacet
  facet normal 1.292474e-01 6.955736e-01 7.067336e-01
    outer loop
      vertex   2.000371e+00 1.442563e+01 6.374698e+01
      vertex   1.956873e+00 1.411195e+01 6.406366e+01
      vertex   3.315205e+00 1.418132e+01 6.374698e+01
    endloop
  endfacet
  facet normal 1.292474e-01 6.955736e-01 7.067336e-01
    outer loop
      vertex   3.315205e+00 1.418132e+01 6.374698e+01
      vertex   1.956873e+00 1.411195e+01 6.406366e+01
      vertex   3.243116e+00 1.387295e+01 6.406366e+01
    endloop
  endfacet
  facet normal 1.925077e-01 6.807851e-01 7.067336e-01
    outer loop
      vertex   3.315205e+00 1.418132e+01 6.374698e+01
      vertex   3.243116e+00 1.387295e+01 6.406366e+01
      vertex   4.602084e+00 1.381742e+01 6.374698e+01
    endloop
  endfacet
  facet normal 1.925077e-01 6.807851e-01 7.067336e-01
    outer loop
      vertex   4.602084e+00 1.381742e+01 6.374698e+01
      vertex   3.243116e+00 1.387295e+01 6.406366e+01
      vertex   4.502012e+00 1.351696e+01 6.406366e+01
    endloop
  endfacet
  facet normal 2.541447e-01 6.602561e-01 7.067336e-01
    outer loop
      vertex   4.602084e+00 1.381742e+01 6.374698e+01
      vertex   4.502012e+00 1.351696e+01 6.406366e+01
      vertex   5.850157e+00 1.333701e+01 6.374698e+01
    endloop
  endfacet
  facet normal 2.541447e-01 6.602561e-01 7.067336e-01
    outer loop
      vertex   5.850157e+00 1.333701e+01 6.374698e+01
      vertex   4.502012e+00 1.351696e+01 6.406366e+01
      vertex   5.722947e+00 1.304700e+01 6.406366e+01
    endloop
  endfacet
  facet normal 3.136387e-01 6.341596e-01 7.067336e-01
    outer loop
      vertex   5.850157e+00 1.333701e+01 6.374698e+01
      vertex   5.722947e+00 1.304700e+01 6.406366e+01
      vertex   7.048900e+00 1.274415e+01 6.374698e+01
    endloop
  endfacet
  facet normal 3.136387e-01 6.341596e-01 7.067336e-01
    outer loop
      vertex   7.048900e+00 1.274415e+01 6.374698e+01
      vertex   5.722947e+00 1.304700e+01 6.406366e+01
      vertex   6.895624e+00 1.246703e+01 6.406366e+01
    endloop
  endfacet
  facet normal 3.704880e-01 6.027157e-01 7.067336e-01
    outer loop
      vertex   7.048900e+00 1.274415e+01 6.374698e+01
      vertex   6.895624e+00 1.246703e+01 6.406366e+01
      vertex   8.188206e+00 1.204382e+01 6.374698e+01
    endloop
  endfacet
  facet normal 3.704880e-01 6.027157e-01 7.067336e-01
    outer loop
      vertex   8.188206e+00 1.204382e+01 6.374698e+01
      vertex   6.895624e+00 1.246703e+01 6.406366e+01
      vertex   8.010155e+00 1.178193e+01 6.406366e+01
    endloop
  endfacet
  facet normal 4.242132e-01 5.661896e-01 7.067336e-01
    outer loop
      vertex   8.188206e+00 1.204382e+01 6.374698e+01
      vertex   8.010155e+00 1.178193e+01 6.406366e+01
      vertex   9.258466e+00 1.124193e+01 6.374698e+01
    endloop
  endfacet
  facet normal 4.242132e-01 5.661896e-01 7.067336e-01
    outer loop
      vertex   9.258466e+00 1.124193e+01 6.374698e+01
      vertex   8.010155e+00 1.178193e+01 6.406366e+01
      vertex   9.057143e+00 1.099748e+01 6.406366e+01
    endloop
  endfacet
  facet normal 4.743615e-01 5.248893e-01 7.067336e-01
    outer loop
      vertex   9.258466e+00 1.124193e+01 6.374698e+01
      vertex   9.057143e+00 1.099748e+01 6.406366e+01
      vertex   1.025066e+01 1.034525e+01 6.374698e+01
    endloop
  endfacet
  facet normal 4.743615e-01 5.248893e-01 7.067336e-01
    outer loop
      vertex   1.025066e+01 1.034525e+01 6.374698e+01
      vertex   9.057143e+00 1.099748e+01 6.406366e+01
      vertex   1.002776e+01 1.012030e+01 6.406366e+01
    endloop
  endfacet
  facet normal 5.205098e-01 4.791630e-01 7.067336e-01
    outer loop
      vertex   1.025066e+01 1.034525e+01 6.374698e+01
      vertex   1.002776e+01 1.012030e+01 6.406366e+01
      vertex   1.115641e+01 9.361342e+00 6.374698e+01
    endloop
  endfacet
  facet normal 5.205098e-01 4.791630e-01 7.067336e-01
    outer loop
      vertex   1.115641e+01 9.361342e+00 6.374698e+01
      vertex   1.002776e+01 1.012030e+01 6.406366e+01
      vertex   1.091382e+01 9.157782e+00 6.406366e+01
    endloop
  endfacet
  facet normal 5.622690e-01 4.293963e-01 7.067336e-01
    outer loop
      vertex   1.115641e+01 9.361342e+00 6.374698e+01
      vertex   1.091382e+01 9.157782e+00 6.406366e+01
      vertex   1.196810e+01 8.298493e+00 6.374698e+01
    endloop
  endfacet
  facet normal 5.622690e-01 4.293963e-01 7.067336e-01
    outer loop
      vertex   1.196810e+01 8.298493e+00 6.374698e+01
      vertex   1.091382e+01 9.157782e+00 6.406366e+01
      vertex   1.170785e+01 8.118044e+00 6.406366e+01
    endloop
  endfacet
  facet normal 5.992871e-01 3.760088e-01 7.067336e-01
    outer loop
      vertex   1.196810e+01 8.298493e+00 6.374698e+01
      vertex   1.170785e+01 8.118044e+00 6.406366e+01
      vertex   1.267886e+01 7.165668e+00 6.374698e+01
    endloop
  endfacet
  facet normal 5.992871e-01 3.760088e-01 7.067336e-01
    outer loop
      vertex   1.267886e+01 7.165668e+00 6.374698e+01
      vertex   1.170785e+01 8.118044e+00 6.406366e+01
      vertex   1.240316e+01 7.009852e+00 6.406366e+01
    endloop
  endfacet
  facet normal 6.312518e-01 3.194507e-01 7.067336e-01
    outer loop
      vertex   1.267886e+01 7.165668e+00 6.374698e+01
      vertex   1.240316e+01 7.009852e+00 6.406366e+01
      vertex   1.328271e+01 5.972421e+00 6.374698e+01
    endloop
  endfacet
  facet normal 6.312518e-01 3.194507e-01 7.067336e-01
    outer loop
      vertex   1.328271e+01 5.972421e+00 6.374698e+01
      vertex   1.240316e+01 7.009852e+00 6.406366e+01
      vertex   1.299388e+01 5.842552e+00 6.406366e+01
    endloop
  endfacet
  facet normal -4.039023e-01 -6.320094e-01 6.613827e-01
    outer loop
      vertex   -7.500000e+00 -1.253783e+01 6.368395e+01
      vertex   -7.500000e+00 -1.223330e+01 6.397495e+01
      vertex   -8.405523e+00 -1.189317e+01 6.374698e+01
    endloop
  endfacet
  facet normal -3.976575e-01 -5.847899e-01 7.070285e-01
    outer loop
      vertex   -8.405523e+00 -1.189317e+01 6.374698e+01
      vertex   -7.500000e+00 -1.223330e+01 6.397495e+01
      vertex   -8.221913e+00 -1.163514e+01 6.406366e+01
    endloop
  endfacet
  facet normal -4.344315e-01 -5.583227e-01 7.067850e-01
    outer loop
      vertex   -8.405523e+00 -1.189317e+01 6.374698e+01
      vertex   -8.221913e+00 -1.163514e+01 6.406366e+01
      vertex   -9.257648e+00 -1.082924e+01 6.406366e+01
    endloop
  endfacet
  facet normal -3.269694e-01 -4.202145e-01 8.464696e-01
    outer loop
      vertex   -9.257648e+00 -1.082924e+01 6.406366e+01
      vertex   -8.221913e+00 -1.163514e+01 6.406366e+01
      vertex   -9.011237e+00 -1.054100e+01 6.430194e+01
    endloop
  endfacet
  facet normal -3.641912e-01 -3.883958e-01 8.464712e-01
    outer loop
      vertex   -9.257648e+00 -1.082924e+01 6.406366e+01
      vertex   -9.011237e+00 -1.054100e+01 6.430194e+01
      vertex   -1.021199e+01 -9.934373e+00 6.406366e+01
    endloop
  endfacet
  facet normal -3.641912e-01 -3.883958e-01 8.464712e-01
    outer loop
      vertex   -1.021199e+01 -9.934373e+00 6.406366e+01
      vertex   -9.011237e+00 -1.054100e+01 6.430194e+01
      vertex   -9.940173e+00 -9.669950e+00 6.430194e+01
    endloop
  endfacet
  facet normal -3.982834e-01 -3.533510e-01 8.464712e-01
    outer loop
      vertex   -1.021199e+01 -9.934373e+00 6.406366e+01
      vertex   -9.940173e+00 -9.669950e+00 6.430194e+01
      vertex   -1.108021e+01 -8.955740e+00 6.406366e+01
    endloop
  endfacet
  facet normal -3.982834e-01 -3.533510e-01 8.464712e-01
    outer loop
      vertex   -1.108021e+01 -8.955740e+00 6.406366e+01
      vertex   -9.940173e+00 -9.669950e+00 6.430194e+01
      vertex   -1.078529e+01 -8.717365e+00 6.430194e+01
    endloop
  endfacet
  facet normal -4.290172e-01 -3.153265e-01 8.464712e-01
    outer loop
      vertex   -1.108021e+01 -8.955740e+00 6.406366e+01
      vertex   -1.078529e+01 -8.717365e+00 6.430194e+01
      vertex   -1.185501e+01 -7.901591e+00 6.406366e+01
    endloop
  endfacet
  facet normal -4.290172e-01 -3.153265e-01 8.464712e-01
    outer loop
      vertex   -1.185501e+01 -7.901591e+00 6.406366e+01
      vertex   -1.078529e+01 -8.717365e+00 6.430194e+01
      vertex   -1.153947e+01 -7.691274e+00 6.430194e+01
    endloop
  endfacet
  facet normal -4.561334e-01 -2.746432e-01 8.464712e-01
    outer loop
      vertex   -1.185501e+01 -7.901591e+00 6.406366e+01
      vertex   -1.153947e+01 -7.691274e+00 6.430194e+01
      vertex   -1.252984e+01 -6.780813e+00 6.406366e+01
    endloop
  endfacet
  facet normal -4.561334e-01 -2.746432e-01 8.464712e-01
    outer loop
      vertex   -1.252984e+01 -6.780813e+00 6.406366e+01
      vertex   -1.153947e+01 -7.691274e+00 6.430194e+01
      vertex   -1.219634e+01 -6.600328e+00 6.430194e+01
    endloop
  endfacet
  facet normal -4.794034e-01 -2.316440e-01 8.464712e-01
    outer loop
      vertex   -1.252984e+01 -6.780813e+00 6.406366e+01
      vertex   -1.219634e+01 -6.600328e+00 6.430194e+01
      vertex   -1.309902e+01 -5.602858e+00 6.406366e+01
    endloop
  endfacet
  facet normal -4.794034e-01 -2.316440e-01 8.464712e-01
    outer loop
      vertex   -1.309902e+01 -5.602858e+00 6.406366e+01
      vertex   -1.219634e+01 -6.600328e+00 6.430194e+01
      vertex   -1.275037e+01 -5.453726e+00 6.430194e+01
    endloop
  endfacet
  facet normal -4.986310e-01 -1.866916e-01 8.464712e-01
    outer loop
      vertex   -1.309902e+01 -5.602858e+00 6.406366e+01
      vertex   -1.275037e+01 -5.453726e+00 6.430194e+01
      vertex   -1.355775e+01 -4.377658e+00 6.406366e+01
    endloop
  endfacet
  facet normal -4.986310e-01 -1.866916e-01 8.464712e-01
    outer loop
      vertex   -1.355775e+01 -4.377658e+00 6.406366e+01
      vertex   -1.275037e+01 -5.453726e+00 6.430194e+01
      vertex   -1.319688e+01 -4.261138e+00 6.430194e+01
    endloop
  endfacet
  facet normal -5.136540e-01 -1.401649e-01 8.464712e-01
    outer loop
      vertex   -1.355775e+01 -4.377658e+00 6.406366e+01
      vertex   -1.319688e+01 -4.261138e+00 6.430194e+01
      vertex   -1.390215e+01 -3.115545e+00 6.406366e+01
    endloop
  endfacet
  facet normal -5.136540e-01 -1.401649e-01 8.464712e-01
    outer loop
      vertex   -1.390215e+01 -3.115545e+00 6.406366e+01
      vertex   -1.319688e+01 -4.261138e+00 6.430194e+01
      vertex   -1.353212e+01 -3.032619e+00 6.430194e+01
    endloop
  endfacet
  facet normal -5.243457e-01 -9.245629e-02 8.464712e-01
    outer loop
      vertex   -1.390215e+01 -3.115545e+00 6.406366e+01
      vertex   -1.353212e+01 -3.032619e+00 6.430194e+01
      vertex   -1.412933e+01 -1.827161e+00 6.406366e+01
    endloop
  endfacet
  facet normal -5.243457e-01 -9.245629e-02 8.464712e-01
    outer loop
      vertex   -1.412933e+01 -1.827161e+00 6.406366e+01
      vertex   -1.353212e+01 -3.032619e+00 6.430194e+01
      vertex   -1.375325e+01 -1.778527e+00 6.430194e+01
    endloop
  endfacet
  facet normal -5.306160e-01 -4.396810e-02 8.464712e-01
    outer loop
      vertex   -1.412933e+01 -1.827161e+00 6.406366e+01
      vertex   -1.375325e+01 -1.778527e+00 6.430194e+01
      vertex   -1.423736e+01 -5.233700e-01 6.406366e+01
    endloop
  endfacet
  facet normal -5.306160e-01 -4.396810e-02 8.464712e-01
    outer loop
      vertex   -1.423736e+01 -5.233700e-01 6.406366e+01
      vertex   -1.375325e+01 -1.778527e+00 6.430194e+01
      vertex   -1.385841e+01 -5.094395e-01 6.430194e+01
    endloop
  endfacet
  facet normal -5.324121e-01 4.890845e-03 8.464712e-01
    outer loop
      vertex   -1.423736e+01 -5.233700e-01 6.406366e+01
      vertex   -1.385841e+01 -5.094395e-01 6.430194e+01
      vertex   -1.422535e+01 7.848342e-01 6.406366e+01
    endloop
  endfacet
  facet normal -5.324121e-01 4.890845e-03 8.464712e-01
    outer loop
      vertex   -1.422535e+01 7.848342e-01 6.406366e+01
      vertex   -1.385841e+01 -5.094395e-01 6.430194e+01
      vertex   -1.384671e+01 7.639443e-01 6.430194e+01
    endloop
  endfacet
  facet normal -5.297188e-01 5.370855e-02 8.464712e-01
    outer loop
      vertex   -1.422535e+01 7.848342e-01 6.406366e+01
      vertex   -1.384671e+01 7.639443e-01 6.430194e+01
      vertex   -1.409338e+01 2.086421e+00 6.406366e+01
    endloop
  endfacet
  facet normal -5.297188e-01 5.370855e-02 8.464712e-01
    outer loop
      vertex   -1.409338e+01 2.086421e+00 6.406366e+01
      vertex   -1.384671e+01 7.639443e-01 6.430194e+01
      vertex   -1.371825e+01 2.030886e+00 6.430194e+01
    endloop
  endfacet
  facet normal -5.225587e-01 1.020734e-01 8.464712e-01
    outer loop
      vertex   -1.409338e+01 2.086421e+00 6.406366e+01
      vertex   -1.371825e+01 2.030886e+00 6.430194e+01
      vertex   -1.384257e+01 3.370414e+00 6.406366e+01
    endloop
  endfacet
  facet normal -5.225587e-01 1.020734e-01 8.464712e-01
    outer loop
      vertex   -1.384257e+01 3.370414e+00 6.406366e+01
      vertex   -1.371825e+01 2.030886e+00 6.430194e+01
      vertex   -1.347412e+01 3.280703e+00 6.430194e+01
    endloop
  endfacet
  facet normal -5.109923e-01 1.495775e-01 8.464712e-01
    outer loop
      vertex   -1.384257e+01 3.370414e+00 6.406366e+01
      vertex   -1.347412e+01 3.280703e+00 6.430194e+01
      vertex   -1.347504e+01 4.625987e+00 6.406366e+01
    endloop
  endfacet
  facet normal -5.109923e-01 1.495775e-01 8.464712e-01
    outer loop
      vertex   -1.347504e+01 4.625987e+00 6.406366e+01
      vertex   -1.347412e+01 3.280703e+00 6.430194e+01
      vertex   -1.311637e+01 4.502857e+00 6.430194e+01
    endloop
  endfacet
  facet normal -4.951171e-01 1.958203e-01 8.464712e-01
    outer loop
      vertex   -1.347504e+01 4.625987e+00 6.406366e+01
      vertex   -1.311637e+01 4.502857e+00 6.430194e+01
      vertex   -1.299388e+01 5.842552e+00 6.406366e+01
    endloop
  endfacet
  facet normal -4.951171e-01 1.958203e-01 8.464712e-01
    outer loop
      vertex   -1.299388e+01 5.842552e+00 6.406366e+01
      vertex   -1.311637e+01 4.502857e+00 6.430194e+01
      vertex   -1.264803e+01 5.687041e+00 6.430194e+01
    endloop
  endfacet
  facet normal -4.750670e-01 2.404120e-01 8.464712e-01
    outer loop
      vertex   -1.299388e+01 5.842552e+00 6.406366e+01
      vertex   -1.264803e+01 5.687041e+00 6.430194e+01
      vertex   -1.240316e+01 7.009852e+00 6.406366e+01
    endloop
  endfacet
  facet normal -4.750670e-01 2.404120e-01 8.464712e-01
    outer loop
      vertex   -1.240316e+01 7.009852e+00 6.406366e+01
      vertex   -1.264803e+01 5.687041e+00 6.430194e+01
      vertex   -1.207303e+01 6.823271e+00 6.430194e+01
    endloop
  endfacet
  facet normal -4.510110e-01 2.829764e-01 8.464712e-01
    outer loop
      vertex   -1.240316e+01 7.009852e+00 6.406366e+01
      vertex   -1.207303e+01 6.823271e+00 6.430194e+01
      vertex   -1.170785e+01 8.118044e+00 6.406366e+01
    endloop
  endfacet
  facet normal -4.510110e-01 2.829764e-01 8.464712e-01
    outer loop
      vertex   -1.170785e+01 8.118044e+00 6.406366e+01
      vertex   -1.207303e+01 6.823271e+00 6.430194e+01
      vertex   -1.139622e+01 7.901966e+00 6.430194e+01
    endloop
  endfacet
  facet normal -4.231520e-01 3.231547e-01 8.464712e-01
    outer loop
      vertex   -1.170785e+01 8.118044e+00 6.406366e+01
      vertex   -1.139622e+01 7.901966e+00 6.430194e+01
      vertex   -1.091382e+01 9.157782e+00 6.406366e+01
    endloop
  endfacet
  facet normal -4.231520e-01 3.231547e-01 8.464712e-01
    outer loop
      vertex   -1.091382e+01 9.157782e+00 6.406366e+01
      vertex   -1.139622e+01 7.901966e+00 6.430194e+01
      vertex   -1.062333e+01 8.914029e+00 6.430194e+01
    endloop
  endfacet
  facet normal -3.917248e-01 3.606081e-01 8.464712e-01
    outer loop
      vertex   -1.091382e+01 9.157782e+00 6.406366e+01
      vertex   -1.062333e+01 8.914029e+00 6.430194e+01
      vertex   -1.002776e+01 1.012030e+01 6.406366e+01
    endloop
  endfacet
  facet normal -3.917248e-01 3.606081e-01 8.464712e-01
    outer loop
      vertex   -1.002776e+01 1.012030e+01 6.406366e+01
      vertex   -1.062333e+01 8.914029e+00 6.430194e+01
      vertex   -9.760851e+00 9.850927e+00 6.430194e+01
    endloop
  endfacet
  facet normal -3.569946e-01 3.950208e-01 8.464712e-01
    outer loop
      vertex   -1.002776e+01 1.012030e+01 6.406366e+01
      vertex   -9.760851e+00 9.850927e+00 6.430194e+01
      vertex   -9.057143e+00 1.099748e+01 6.406366e+01
    endloop
  endfacet
  facet normal -3.569946e-01 3.950208e-01 8.464712e-01
    outer loop
      vertex   -9.057143e+00 1.099748e+01 6.406366e+01
      vertex   -9.760851e+00 9.850927e+00 6.430194e+01
      vertex   -8.816069e+00 1.070476e+01 6.430194e+01
    endloop
  endfacet
  facet normal -3.192541e-01 4.261026e-01 8.464712e-01
    outer loop
      vertex   -9.057143e+00 1.099748e+01 6.406366e+01
      vertex   -8.816069e+00 1.070476e+01 6.430194e+01
      vertex   -8.010155e+00 1.178193e+01 6.406366e+01
    endloop
  endfacet
  facet normal -3.192541e-01 4.261026e-01 8.464712e-01
    outer loop
      vertex   -8.010155e+00 1.178193e+01 6.406366e+01
      vertex   -8.816069e+00 1.070476e+01 6.430194e+01
      vertex   -7.796949e+00 1.146833e+01 6.430194e+01
    endloop
  endfacet
  facet normal -2.788216e-01 4.535914e-01 8.464712e-01
    outer loop
      vertex   -8.010155e+00 1.178193e+01 6.406366e+01
      vertex   -7.796949e+00 1.146833e+01 6.430194e+01
      vertex   -6.895624e+00 1.246703e+01 6.406366e+01
    endloop
  endfacet
  facet normal -2.788216e-01 4.535914e-01 8.464712e-01
    outer loop
      vertex   -6.895624e+00 1.246703e+01 6.406366e+01
      vertex   -7.796949e+00 1.146833e+01 6.430194e+01
      vertex   -6.712083e+00 1.213519e+01 6.430194e+01
    endloop
  endfacet
  facet normal -2.360380e-01 4.772553e-01 8.464712e-01
    outer loop
      vertex   -6.895624e+00 1.246703e+01 6.406366e+01
      vertex   -6.712083e+00 1.213519e+01 6.430194e+01
      vertex   -5.722947e+00 1.304700e+01 6.406366e+01
    endloop
  endfacet
  facet normal -2.360380e-01 4.772553e-01 8.464712e-01
    outer loop
      vertex   -5.722947e+00 1.304700e+01 6.406366e+01
      vertex   -6.712083e+00 1.213519e+01 6.430194e+01
      vertex   -5.570619e+00 1.269973e+01 6.430194e+01
    endloop
  endfacet
  facet normal -1.912640e-01 4.968950e-01 8.464712e-01
    outer loop
      vertex   -5.722947e+00 1.304700e+01 6.406366e+01
      vertex   -5.570619e+00 1.269973e+01 6.430194e+01
      vertex   -4.502012e+00 1.351696e+01 6.406366e+01
    endloop
  endfacet
  facet normal -1.912640e-01 4.968950e-01 8.464712e-01
    outer loop
      vertex   -4.502012e+00 1.351696e+01 6.406366e+01
      vertex   -5.570619e+00 1.269973e+01 6.430194e+01
      vertex   -4.382182e+00 1.315718e+01 6.430194e+01
    endloop
  endfacet
  facet normal -1.448773e-01 5.123448e-01 8.464712e-01
    outer loop
      vertex   -4.502012e+00 1.351696e+01 6.406366e+01
      vertex   -4.382182e+00 1.315718e+01 6.430194e+01
      vertex   -3.243116e+00 1.387295e+01 6.406366e+01
    endloop
  endfacet
  facet normal -1.448773e-01 5.123448e-01 8.464712e-01
    outer loop
      vertex   -3.243116e+00 1.387295e+01 6.406366e+01
      vertex   -4.382182e+00 1.315718e+01 6.430194e+01
      vertex   -3.156794e+00 1.350369e+01 6.430194e+01
    endloop
  endfacet
  facet normal -9.726894e-02 5.234743e-01 8.464712e-01
    outer loop
      vertex   -3.243116e+00 1.387295e+01 6.406366e+01
      vertex   -3.156794e+00 1.350369e+01 6.430194e+01
      vertex   -1.956873e+00 1.411195e+01 6.406366e+01
    endloop
  endfacet
  facet normal -9.726894e-02 5.234743e-01 8.464712e-01
    outer loop
      vertex   -1.956873e+00 1.411195e+01 6.406366e+01
      vertex   -3.156794e+00 1.350369e+01 6.430194e+01
      vertex   -1.904787e+00 1.373633e+01 6.430194e+01
    endloop
  endfacet
  facet normal -4.884038e-02 5.301898e-01 8.464712e-01
    outer loop
      vertex   -1.956873e+00 1.411195e+01 6.406366e+01
      vertex   -1.904787e+00 1.373633e+01 6.430194e+01
      vertex   -6.541297e-01 1.423195e+01 6.406366e+01
    endloop
  endfacet
  facet normal -4.884038e-02 5.301898e-01 8.464712e-01
    outer loop
      vertex   -6.541297e-01 1.423195e+01 6.406366e+01
      vertex   -1.904787e+00 1.373633e+01 6.430194e+01
      vertex   -6.367187e-01 1.385314e+01 6.430194e+01
    endloop
  endfacet
  facet normal -0.000000e+00 5.324346e-01 8.464712e-01
    outer loop
      vertex   -6.541297e-01 1.423195e+01 6.406366e+01
      vertex   -6.367187e-01 1.385314e+01 6.430194e+01
      vertex   6.541297e-01 1.423195e+01 6.406366e+01
    endloop
  endfacet
  facet normal 0.000000e+00 5.324346e-01 8.464712e-01
    outer loop
      vertex   6.541297e-01 1.423195e+01 6.406366e+01
      vertex   -6.367187e-01 1.385314e+01 6.430194e+01
      vertex   6.367187e-01 1.385314e+01 6.430194e+01
    endloop
  endfacet
  facet normal 4.884038e-02 5.301898e-01 8.464712e-01
    outer loop
      vertex   6.541297e-01 1.423195e+01 6.406366e+01
      vertex   6.367187e-01 1.385314e+01 6.430194e+01
      vertex   1.956873e+00 1.411195e+01 6.406366e+01
    endloop
  endfacet
  facet normal 4.884038e-02 5.301898e-01 8.464712e-01
    outer loop
      vertex   1.956873e+00 1.411195e+01 6.406366e+01
      vertex   6.367187e-01 1.385314e+01 6.430194e+01
      vertex   1.904787e+00 1.373633e+01 6.430194e+01
    endloop
  endfacet
  facet normal 9.726894e-02 5.234743e-01 8.464712e-01
    outer loop
      vertex   1.956873e+00 1.411195e+01 6.406366e+01
      vertex   1.904787e+00 1.373633e+01 6.430194e+01
      vertex   3.243116e+00 1.387295e+01 6.406366e+01
    endloop
  endfacet
  facet normal 9.726894e-02 5.234743e-01 8.464712e-01
    outer loop
      vertex   3.243116e+00 1.387295e+01 6.406366e+01
      vertex   1.904787e+00 1.373633e+01 6.430194e+01
      vertex   3.156794e+00 1.350369e+01 6.430194e+01
    endloop
  endfacet
  facet normal 1.448773e-01 5.123448e-01 8.464712e-01
    outer loop
      vertex   3.243116e+00 1.387295e+01 6.406366e+01
      vertex   3.156794e+00 1.350369e+01 6.430194e+01
      vertex   4.502012e+00 1.351696e+01 6.406366e+01
    endloop
  endfacet
  facet normal 1.448773e-01 5.123448e-01 8.464712e-01
    outer loop
      vertex   4.502012e+00 1.351696e+01 6.406366e+01
      vertex   3.156794e+00 1.350369e+01 6.430194e+01
      vertex   4.382182e+00 1.315718e+01 6.430194e+01
    endloop
  endfacet
  facet normal 1.912640e-01 4.968950e-01 8.464712e-01
    outer loop
      vertex   4.502012e+00 1.351696e+01 6.406366e+01
      vertex   4.382182e+00 1.315718e+01 6.430194e+01
      vertex   5.722947e+00 1.304700e+01 6.406366e+01
    endloop
  endfacet
  facet normal 1.912640e-01 4.968950e-01 8.464712e-01
    outer loop
      vertex   5.722947e+00 1.304700e+01 6.406366e+01
      vertex   4.382182e+00 1.315718e+01 6.430194e+01
      vertex   5.570619e+00 1.269973e+01 6.430194e+01
    endloop
  endfacet
  facet normal 2.360380e-01 4.772553e-01 8.464712e-01
    outer loop
      vertex   5.722947e+00 1.304700e+01 6.406366e+01
      vertex   5.570619e+00 1.269973e+01 6.430194e+01
      vertex   6.895624e+00 1.246703e+01 6.406366e+01
    endloop
  endfacet
  facet normal 2.360380e-01 4.772553e-01 8.464712e-01
    outer loop
      vertex   6.895624e+00 1.246703e+01 6.406366e+01
      vertex   5.570619e+00 1.269973e+01 6.430194e+01
      vertex   6.712083e+00 1.213519e+01 6.430194e+01
    endloop
  endfacet
  facet normal 2.788216e-01 4.535914e-01 8.464712e-01
    outer loop
      vertex   6.895624e+00 1.246703e+01 6.406366e+01
      vertex   6.712083e+00 1.213519e+01 6.430194e+01
      vertex   8.010155e+00 1.178193e+01 6.406366e+01
    endloop
  endfacet
  facet normal 2.788216e-01 4.535914e-01 8.464712e-01
    outer loop
      vertex   8.010155e+00 1.178193e+01 6.406366e+01
      vertex   6.712083e+00 1.213519e+01 6.430194e+01
      vertex   7.796949e+00 1.146833e+01 6.430194e+01
    endloop
  endfacet
  facet normal 3.192541e-01 4.261026e-01 8.464712e-01
    outer loop
      vertex   8.010155e+00 1.178193e+01 6.406366e+01
      vertex   7.796949e+00 1.146833e+01 6.430194e+01
      vertex   9.057143e+00 1.099748e+01 6.406366e+01
    endloop
  endfacet
  facet normal 3.192541e-01 4.261026e-01 8.464712e-01
    outer loop
      vertex   9.057143e+00 1.099748e+01 6.406366e+01
      vertex   7.796949e+00 1.146833e+01 6.430194e+01
      vertex   8.816069e+00 1.070476e+01 6.430194e+01
    endloop
  endfacet
  facet normal 3.569946e-01 3.950208e-01 8.464712e-01
    outer loop
      vertex   9.057143e+00 1.099748e+01 6.406366e+01
      vertex   8.816069e+00 1.070476e+01 6.430194e+01
      vertex   1.002776e+01 1.012030e+01 6.406366e+01
    endloop
  endfacet
  facet normal 3.569946e-01 3.950208e-01 8.464712e-01
    outer loop
      vertex   1.002776e+01 1.012030e+01 6.406366e+01
      vertex   8.816069e+00 1.070476e+01 6.430194e+01
      vertex   9.760851e+00 9.850927e+00 6.430194e+01
    endloop
  endfacet
  facet normal 3.917248e-01 3.606081e-01 8.464712e-01
    outer loop
      vertex   1.002776e+01 1.012030e+01 6.406366e+01
      vertex   9.760851e+00 9.850927e+00 6.430194e+01
      vertex   1.091382e+01 9.157782e+00 6.406366e+01
    endloop
  endfacet
  facet normal 3.917248e-01 3.606081e-01 8.464712e-01
    outer loop
      vertex   1.091382e+01 9.157782e+00 6.406366e+01
      vertex   9.760851e+00 9.850927e+00 6.430194e+01
      vertex   1.062333e+01 8.914029e+00 6.430194e+01
    endloop
  endfacet
  facet normal 4.231520e-01 3.231547e-01 8.464712e-01
    outer loop
      vertex   1.091382e+01 9.157782e+00 6.406366e+01
      vertex   1.062333e+01 8.914029e+00 6.430194e+01
      vertex   1.170785e+01 8.118044e+00 6.406366e+01
    endloop
  endfacet
  facet normal 4.231520e-01 3.231547e-01 8.464712e-01
    outer loop
      vertex   1.170785e+01 8.118044e+00 6.406366e+01
      vertex   1.062333e+01 8.914029e+00 6.430194e+01
      vertex   1.139622e+01 7.901966e+00 6.430194e+01
    endloop
  endfacet
  facet normal 4.510110e-01 2.829764e-01 8.464712e-01
    outer loop
      vertex   1.170785e+01 8.118044e+00 6.406366e+01
      vertex   1.139622e+01 7.901966e+00 6.430194e+01
      vertex   1.240316e+01 7.009852e+00 6.406366e+01
    endloop
  endfacet
  facet normal 4.510110e-01 2.829764e-01 8.464712e-01
    outer loop
      vertex   1.240316e+01 7.009852e+00 6.406366e+01
      vertex   1.139622e+01 7.901966e+00 6.430194e+01
      vertex   1.207303e+01 6.823271e+00 6.430194e+01
    endloop
  endfacet
  facet normal 4.750670e-01 2.404120e-01 8.464712e-01
    outer loop
      vertex   1.240316e+01 7.009852e+00 6.406366e+01
      vertex   1.207303e+01 6.823271e+00 6.430194e+01
      vertex   1.299388e+01 5.842552e+00 6.406366e+01
    endloop
  endfacet
  facet normal 4.750670e-01 2.404120e-01 8.464712e-01
    outer loop
      vertex   1.299388e+01 5.842552e+00 6.406366e+01
      vertex   1.207303e+01 6.823271e+00 6.430194e+01
      vertex   1.264803e+01 5.687041e+00 6.430194e+01
    endloop
  endfacet
  facet normal -3.211171e-01 -5.062561e-01 8.003678e-01
    outer loop
      vertex   -7.500000e+00 -1.223330e+01 6.397495e+01
      vertex   -7.500000e+00 -1.186224e+01 6.420966e+01
      vertex   -8.221913e+00 -1.163514e+01 6.406366e+01
    endloop
  endfacet
  facet normal -3.077575e-01 -4.339841e-01 8.467249e-01
    outer loop
      vertex   -8.221913e+00 -1.163514e+01 6.406366e+01
      vertex   -7.500000e+00 -1.186224e+01 6.420966e+01
      vertex   -8.002258e+00 -1.132602e+01 6.430194e+01
    endloop
  endfacet
  facet normal -3.269257e-01 -4.201894e-01 8.464990e-01
    outer loop
      vertex   -8.221913e+00 -1.163514e+01 6.406366e+01
      vertex   -8.002258e+00 -1.132602e+01 6.430194e+01
      vertex   -9.011237e+00 -1.054100e+01 6.430194e+01
    endloop
  endfacet
  facet normal -2.030071e-01 -2.609200e-01 9.437737e-01
    outer loop
      vertex   -9.011237e+00 -1.054100e+01 6.430194e+01
      vertex   -8.002258e+00 -1.132602e+01 6.430194e+01
      vertex   -8.736551e+00 -1.021968e+01 6.444986e+01
    endloop
  endfacet
  facet normal -2.261270e-01 -2.411557e-01 9.437746e-01
    outer loop
      vertex   -9.011237e+00 -1.054100e+01 6.430194e+01
      vertex   -8.736551e+00 -1.021968e+01 6.444986e+01
      vertex   -9.940173e+00 -9.669950e+00 6.430194e+01
    endloop
  endfacet
  facet normal -2.261270e-01 -2.411557e-01 9.437746e-01
    outer loop
      vertex   -9.940173e+00 -9.669950e+00 6.430194e+01
      vertex   -8.736551e+00 -1.021968e+01 6.444986e+01
      vertex   -9.637171e+00 -9.375185e+00 6.444986e+01
    endloop
  endfacet
  facet normal -2.472949e-01 -2.193963e-01 9.437746e-01
    outer loop
      vertex   -9.940173e+00 -9.669950e+00 6.430194e+01
      vertex   -9.637171e+00 -9.375185e+00 6.444986e+01
      vertex   -1.078529e+01 -8.717365e+00 6.430194e+01
    endloop
  endfacet
  facet normal -2.472949e-01 -2.193963e-01 9.437746e-01
    outer loop
      vertex   -1.078529e+01 -8.717365e+00 6.430194e+01
      vertex   -9.637171e+00 -9.375185e+00 6.444986e+01
      vertex   -1.045653e+01 -8.451637e+00 6.444986e+01
    endloop
  endfacet
  facet normal -2.663776e-01 -1.957868e-01 9.437746e-01
    outer loop
      vertex   -1.078529e+01 -8.717365e+00 6.430194e+01
      vertex   -1.045653e+01 -8.451637e+00 6.444986e+01
      vertex   -1.153947e+01 -7.691274e+00 6.430194e+01
    endloop
  endfacet
  facet normal -2.663776e-01 -1.957868e-01 9.437746e-01
    outer loop
      vertex   -1.153947e+01 -7.691274e+00 6.430194e+01
      vertex   -1.045653e+01 -8.451637e+00 6.444986e+01
      vertex   -1.118771e+01 -7.456824e+00 6.444986e+01
    endloop
  endfacet
  facet normal -2.832141e-01 -1.705265e-01 9.437746e-01
    outer loop
      vertex   -1.153947e+01 -7.691274e+00 6.430194e+01
      vertex   -1.118771e+01 -7.456824e+00 6.444986e+01
      vertex   -1.219634e+01 -6.600328e+00 6.430194e+01
    endloop
  endfacet
  facet normal -2.832141e-01 -1.705265e-01 9.437746e-01
    outer loop
      vertex   -1.219634e+01 -6.600328e+00 6.430194e+01
      vertex   -1.118771e+01 -7.456824e+00 6.444986e+01
      vertex   -1.182456e+01 -6.399133e+00 6.444986e+01
    endloop
  endfacet
  facet normal -2.976625e-01 -1.438282e-01 9.437746e-01
    outer loop
      vertex   -1.219634e+01 -6.600328e+00 6.430194e+01
      vertex   -1.182456e+01 -6.399133e+00 6.444986e+01
      vertex   -1.275037e+01 -5.453726e+00 6.430194e+01
    endloop
  endfacet
  facet normal -2.976625e-01 -1.438282e-01 9.437746e-01
    outer loop
      vertex   -1.275037e+01 -5.453726e+00 6.430194e+01
      vertex   -1.182456e+01 -6.399133e+00 6.444986e+01
      vertex   -1.236170e+01 -5.287483e+00 6.444986e+01
    endloop
  endfacet
  facet normal -3.096009e-01 -1.159171e-01 9.437746e-01
    outer loop
      vertex   -1.275037e+01 -5.453726e+00 6.430194e+01
      vertex   -1.236170e+01 -5.287483e+00 6.444986e+01
      vertex   -1.319688e+01 -4.261138e+00 6.430194e+01
    endloop
  endfacet
  facet normal -3.096009e-01 -1.159171e-01 9.437746e-01
    outer loop
      vertex   -1.319688e+01 -4.261138e+00 6.430194e+01
      vertex   -1.236170e+01 -5.287483e+00 6.444986e+01
      vertex   -1.279461e+01 -4.131247e+00 6.444986e+01
    endloop
  endfacet
  facet normal -3.189287e-01 -8.702864e-02 9.437746e-01
    outer loop
      vertex   -1.319688e+01 -4.261138e+00 6.430194e+01
      vertex   -1.279461e+01 -4.131247e+00 6.444986e+01
      vertex   -1.353212e+01 -3.032619e+00 6.430194e+01
    endloop
  endfacet
  facet normal -3.189287e-01 -8.702864e-02 9.437746e-01
    outer loop
      vertex   -1.353212e+01 -3.032619e+00 6.430194e+01
      vertex   -1.279461e+01 -4.131247e+00 6.444986e+01
      vertex   -1.311962e+01 -2.940176e+00 6.444986e+01
    endloop
  endfacet
  facet normal -3.255672e-01 -5.740629e-02 9.437746e-01
    outer loop
      vertex   -1.353212e+01 -3.032619e+00 6.430194e+01
      vertex   -1.311962e+01 -2.940176e+00 6.444986e+01
      vertex   -1.375325e+01 -1.778527e+00 6.430194e+01
    endloop
  endfacet
  facet normal -3.255672e-01 -5.740629e-02 9.437746e-01
    outer loop
      vertex   -1.375325e+01 -1.778527e+00 6.430194e+01
      vertex   -1.311962e+01 -2.940176e+00 6.444986e+01
      vertex   -1.333401e+01 -1.724313e+00 6.444986e+01
    endloop
  endfacet
  facet normal -3.294605e-01 -2.729988e-02 9.437746e-01
    outer loop
      vertex   -1.375325e+01 -1.778527e+00 6.430194e+01
      vertex   -1.333401e+01 -1.724313e+00 6.444986e+01
      vertex   -1.385841e+01 -5.094395e-01 6.430194e+01
    endloop
  endfacet
  facet normal -3.294605e-01 -2.729988e-02 9.437746e-01
    outer loop
      vertex   -1.385841e+01 -5.094395e-01 6.430194e+01
      vertex   -1.333401e+01 -1.724313e+00 6.444986e+01
      vertex   -1.343597e+01 -4.939104e-01 6.444986e+01
    endloop
  endfacet
  facet normal -3.305757e-01 3.036735e-03 9.437746e-01
    outer loop
      vertex   -1.385841e+01 -5.094395e-01 6.430194e+01
      vertex   -1.343597e+01 -4.939104e-01 6.444986e+01
      vertex   -1.384671e+01 7.639443e-01 6.430194e+01
    endloop
  endfacet
  facet normal -3.305757e-01 3.036735e-03 9.437746e-01
    outer loop
      vertex   -1.384671e+01 7.639443e-01 6.430194e+01
      vertex   -1.343597e+01 -4.939104e-01 6.444986e+01
      vertex   -1.342463e+01 7.406572e-01 6.444986e+01
    endloop
  endfacet
  facet normal -3.289034e-01 3.334774e-02 9.437746e-01
    outer loop
      vertex   -1.384671e+01 7.639443e-01 6.430194e+01
      vertex   -1.342463e+01 7.406572e-01 6.444986e+01
      vertex   -1.371825e+01 2.030886e+00 6.430194e+01
    endloop
  endfacet
  facet normal -3.289034e-01 3.334774e-02 9.437746e-01
    outer loop
      vertex   -1.371825e+01 2.030886e+00 6.430194e+01
      vertex   -1.342463e+01 7.406572e-01 6.444986e+01
      vertex   -1.330009e+01 1.968980e+00 6.444986e+01
    endloop
  endfacet
  facet normal -3.244577e-01 6.337755e-02 9.437746e-01
    outer loop
      vertex   -1.371825e+01 2.030886e+00 6.430194e+01
      vertex   -1.330009e+01 1.968980e+00 6.444986e+01
      vertex   -1.347412e+01 3.280703e+00 6.430194e+01
    endloop
  endfacet
  facet normal -3.244577e-01 6.337755e-02 9.437746e-01
    outer loop
      vertex   -1.347412e+01 3.280703e+00 6.430194e+01
      vertex   -1.330009e+01 1.968980e+00 6.444986e+01
      vertex   -1.306340e+01 3.180699e+00 6.444986e+01
    endloop
  endfacet
  facet normal -3.172761e-01 9.287295e-02 9.437746e-01
    outer loop
      vertex   -1.347412e+01 3.280703e+00 6.430194e+01
      vertex   -1.306340e+01 3.180699e+00 6.444986e+01
      vertex   -1.311637e+01 4.502857e+00 6.430194e+01
    endloop
  endfacet
  facet normal -3.172761e-01 9.287295e-02 9.437746e-01
    outer loop
      vertex   -1.311637e+01 4.502857e+00 6.430194e+01
      vertex   -1.306340e+01 3.180699e+00 6.444986e+01
      vertex   -1.271655e+01 4.365598e+00 6.444986e+01
    endloop
  endfacet
  facet normal -3.074192e-01 1.215852e-01 9.437746e-01
    outer loop
      vertex   -1.311637e+01 4.502857e+00 6.430194e+01
      vertex   -1.271655e+01 4.365598e+00 6.444986e+01
      vertex   -1.264803e+01 5.687041e+00 6.430194e+01
    endloop
  endfacet
  facet normal -3.074192e-01 1.215852e-01 9.437746e-01
    outer loop
      vertex   -1.264803e+01 5.687041e+00 6.430194e+01
      vertex   -1.271655e+01 4.365598e+00 6.444986e+01
      vertex   -1.226248e+01 5.513685e+00 6.444986e+01
    endloop
  endfacet
  facet normal -2.949700e-01 1.492723e-01 9.437746e-01
    outer loop
      vertex   -1.264803e+01 5.687041e+00 6.430194e+01
      vertex   -1.226248e+01 5.513685e+00 6.444986e+01
      vertex   -1.207303e+01 6.823271e+00 6.430194e+01
    endloop
  endfacet
  facet normal -2.949700e-01 1.492723e-01 9.437746e-01
    outer loop
      vertex   -1.207303e+01 6.823271e+00 6.430194e+01
      vertex   -1.226248e+01 5.513685e+00 6.444986e+01
      vertex   -1.170501e+01 6.615280e+00 6.444986e+01
    endloop
  endfacet
  facet normal -2.800336e-01 1.757006e-01 9.437746e-01
    outer loop
      vertex   -1.207303e+01 6.823271e+00 6.430194e+01
      vertex   -1.170501e+01 6.615280e+00 6.444986e+01
      vertex   -1.139622e+01 7.901966e+00 6.430194e+01
    endloop
  endfacet
  facet normal -2.800336e-01 1.757006e-01 9.437746e-01
    outer loop
      vertex   -1.139622e+01 7.901966e+00 6.430194e+01
      vertex   -1.170501e+01 6.615280e+00 6.444986e+01
      vertex   -1.104884e+01 7.661093e+00 6.444986e+01
    endloop
  endfacet
  facet normal -2.627359e-01 2.006474e-01 9.437746e-01
    outer loop
      vertex   -1.139622e+01 7.901966e+00 6.430194e+01
      vertex   -1.104884e+01 7.661093e+00 6.444986e+01
      vertex   -1.062333e+01 8.914029e+00 6.430194e+01
    endloop
  endfacet
  facet normal -2.627359e-01 2.006474e-01 9.437746e-01
    outer loop
      vertex   -1.062333e+01 8.914029e+00 6.430194e+01
      vertex   -1.104884e+01 7.661093e+00 6.444986e+01
      vertex   -1.029950e+01 8.642306e+00 6.444986e+01
    endloop
  endfacet
  facet normal -2.432227e-01 2.239023e-01 9.437746e-01
    outer loop
      vertex   -1.062333e+01 8.914029e+00 6.430194e+01
      vertex   -1.029950e+01 8.642306e+00 6.444986e+01
      vertex   -9.760851e+00 9.850927e+00 6.430194e+01
    endloop
  endfacet
  facet normal -2.432227e-01 2.239023e-01 9.437746e-01
    outer loop
      vertex   -9.760851e+00 9.850927e+00 6.430194e+01
      vertex   -1.029950e+01 8.642306e+00 6.444986e+01
      vertex   -9.463314e+00 9.550646e+00 6.444986e+01
    endloop
  endfacet
  facet normal -2.216586e-01 2.452692e-01 9.437746e-01
    outer loop
      vertex   -9.760851e+00 9.850927e+00 6.430194e+01
      vertex   -9.463314e+00 9.550646e+00 6.444986e+01
      vertex   -8.816069e+00 1.070476e+01 6.430194e+01
    endloop
  endfacet
  facet normal -2.216586e-01 2.452692e-01 9.437746e-01
    outer loop
      vertex   -8.816069e+00 1.070476e+01 6.430194e+01
      vertex   -9.463314e+00 9.550646e+00 6.444986e+01
      vertex   -8.547332e+00 1.037845e+01 6.444986e+01
    endloop
  endfacet
  facet normal -1.982255e-01 2.645679e-01 9.437746e-01
    outer loop
      vertex   -8.816069e+00 1.070476e+01 6.430194e+01
      vertex   -8.547332e+00 1.037845e+01 6.444986e+01
      vertex   -7.796949e+00 1.146833e+01 6.430194e+01
    endloop
  endfacet
  facet normal -1.982255e-01 2.645679e-01 9.437746e-01
    outer loop
      vertex   -7.796949e+00 1.146833e+01 6.430194e+01
      vertex   -8.547332e+00 1.037845e+01 6.444986e+01
      vertex   -7.559277e+00 1.111874e+01 6.444986e+01
    endloop
  endfacet
  facet normal -1.731208e-01 2.816357e-01 9.437746e-01
    outer loop
      vertex   -7.796949e+00 1.146833e+01 6.430194e+01
      vertex   -7.559277e+00 1.111874e+01 6.444986e+01
      vertex   -6.712083e+00 1.213519e+01 6.430194e+01
    endloop
  endfacet
  facet normal -1.731208e-01 2.816357e-01 9.437746e-01
    outer loop
      vertex   -6.712083e+00 1.213519e+01 6.430194e+01
      vertex   -7.559277e+00 1.111874e+01 6.444986e+01
      vertex   -6.507481e+00 1.176528e+01 6.444986e+01
    endloop
  endfacet
  facet normal -1.465564e-01 2.963288e-01 9.437746e-01
    outer loop
      vertex   -6.712083e+00 1.213519e+01 6.430194e+01
      vertex   -6.507481e+00 1.176528e+01 6.444986e+01
      vertex   -5.570619e+00 1.269973e+01 6.430194e+01
    endloop
  endfacet
  facet normal -1.465564e-01 2.963288e-01 9.437746e-01
    outer loop
      vertex   -5.570619e+00 1.269973e+01 6.430194e+01
      vertex   -6.507481e+00 1.176528e+01 6.444986e+01
      vertex   -5.400812e+00 1.231261e+01 6.444986e+01
    endloop
  endfacet
  facet normal -1.187562e-01 3.085231e-01 9.437746e-01
    outer loop
      vertex   -5.570619e+00 1.269973e+01 6.430194e+01
      vertex   -5.400812e+00 1.231261e+01 6.444986e+01
      vertex   -4.382182e+00 1.315718e+01 6.430194e+01
    endloop
  endfacet
  facet normal -1.187562e-01 3.085231e-01 9.437746e-01
    outer loop
      vertex   -4.382182e+00 1.315718e+01 6.430194e+01
      vertex   -5.400812e+00 1.231261e+01 6.444986e+01
      vertex   -4.248602e+00 1.275612e+01 6.444986e+01
    endloop
  endfacet
  facet normal -8.995459e-02 3.181158e-01 9.437746e-01
    outer loop
      vertex   -4.382182e+00 1.315718e+01 6.430194e+01
      vertex   -4.248602e+00 1.275612e+01 6.444986e+01
      vertex   -3.156794e+00 1.350369e+01 6.430194e+01
    endloop
  endfacet
  facet normal -8.995459e-02 3.181158e-01 9.437746e-01
    outer loop
      vertex   -3.156794e+00 1.350369e+01 6.430194e+01
      vertex   -4.248602e+00 1.275612e+01 6.444986e+01
      vertex   -3.060567e+00 1.309206e+01 6.444986e+01
    endloop
  endfacet
  facet normal -6.039447e-02 3.250262e-01 9.437746e-01
    outer loop
      vertex   -3.156794e+00 1.350369e+01 6.430194e+01
      vertex   -3.060567e+00 1.309206e+01 6.444986e+01
      vertex   -1.904787e+00 1.373633e+01 6.430194e+01
    endloop
  endfacet
  facet normal -6.039447e-02 3.250262e-01 9.437746e-01
    outer loop
      vertex   -1.904787e+00 1.373633e+01 6.430194e+01
      vertex   -3.060567e+00 1.309206e+01 6.444986e+01
      vertex   -1.846724e+00 1.331761e+01 6.444986e+01
    endloop
  endfacet
  facet normal -3.032509e-02 3.291958e-01 9.437746e-01
    outer loop
      vertex   -1.904787e+00 1.373633e+01 6.430194e+01
      vertex   -1.846724e+00 1.331761e+01 6.444986e+01
      vertex   -6.367187e-01 1.385314e+01 6.430194e+01
    endloop
  endfacet
  facet normal -3.032509e-02 3.291958e-01 9.437746e-01
    outer loop
      vertex   -6.367187e-01 1.385314e+01 6.430194e+01
      vertex   -1.846724e+00 1.331761e+01 6.444986e+01
      vertex   -6.173099e-01 1.343086e+01 6.444986e+01
    endloop
  endfacet
  facet normal -0.000000e+00 3.305896e-01 9.437746e-01
    outer loop
      vertex   -6.367187e-01 1.385314e+01 6.430194e+01
      vertex   -6.173099e-01 1.343086e+01 6.444986e+01
      vertex   6.367187e-01 1.385314e+01 6.430194e+01
    endloop
  endfacet
  facet normal 0.000000e+00 3.305896e-01 9.437746e-01
    outer loop
      vertex   6.367187e-01 1.385314e+01 6.430194e+01
      vertex   -6.173099e-01 1.343086e+01 6.444986e+01
      vertex   6.173099e-01 1.343086e+01 6.444986e+01
    endloop
  endfacet
  facet normal 3.032509e-02 3.291958e-01 9.437746e-01
    outer loop
      vertex   6.367187e-01 1.385314e+01 6.430194e+01
      vertex   6.173099e-01 1.343086e+01 6.444986e+01
      vertex   1.904787e+00 1.373633e+01 6.430194e+01
    endloop
  endfacet
  facet normal 3.032509e-02 3.291958e-01 9.437746e-01
    outer loop
      vertex   1.904787e+00 1.373633e+01 6.430194e+01
      vertex   6.173099e-01 1.343086e+01 6.444986e+01
      vertex   1.846724e+00 1.331761e+01 6.444986e+01
    endloop
  endfacet
  facet normal 6.039447e-02 3.250262e-01 9.437746e-01
    outer loop
      vertex   1.904787e+00 1.373633e+01 6.430194e+01
      vertex   1.846724e+00 1.331761e+01 6.444986e+01
      vertex   3.156794e+00 1.350369e+01 6.430194e+01
    endloop
  endfacet
  facet normal 6.039447e-02 3.250262e-01 9.437746e-01
    outer loop
      vertex   3.156794e+00 1.350369e+01 6.430194e+01
      vertex   1.846724e+00 1.331761e+01 6.444986e+01
      vertex   3.060567e+00 1.309206e+01 6.444986e+01
    endloop
  endfacet
  facet normal 8.995459e-02 3.181158e-01 9.437746e-01
    outer loop
      vertex   3.156794e+00 1.350369e+01 6.430194e+01
      vertex   3.060567e+00 1.309206e+01 6.444986e+01
      vertex   4.382182e+00 1.315718e+01 6.430194e+01
    endloop
  endfacet
  facet normal 8.995459e-02 3.181158e-01 9.437746e-01
    outer loop
      vertex   4.382182e+00 1.315718e+01 6.430194e+01
      vertex   3.060567e+00 1.309206e+01 6.444986e+01
      vertex   4.248602e+00 1.275612e+01 6.444986e+01
    endloop
  endfacet
  facet normal 1.187562e-01 3.085231e-01 9.437746e-01
    outer loop
      vertex   4.382182e+00 1.315718e+01 6.430194e+01
      vertex   4.248602e+00 1.275612e+01 6.444986e+01
      vertex   5.570619e+00 1.269973e+01 6.430194e+01
    endloop
  endfacet
  facet normal 1.187562e-01 3.085231e-01 9.437746e-01
    outer loop
      vertex   5.570619e+00 1.269973e+01 6.430194e+01
      vertex   4.248602e+00 1.275612e+01 6.444986e+01
      vertex   5.400812e+00 1.231261e+01 6.444986e+01
    endloop
  endfacet
  facet normal 1.465564e-01 2.963288e-01 9.437746e-01
    outer loop
      vertex   5.570619e+00 1.269973e+01 6.430194e+01
      vertex   5.400812e+00 1.231261e+01 6.444986e+01
      vertex   6.712083e+00 1.213519e+01 6.430194e+01
    endloop
  endfacet
  facet normal 1.465564e-01 2.963288e-01 9.437746e-01
    outer loop
      vertex   6.712083e+00 1.213519e+01 6.430194e+01
      vertex   5.400812e+00 1.231261e+01 6.444986e+01
      vertex   6.507481e+00 1.176528e+01 6.444986e+01
    endloop
  endfacet
  facet normal 1.731208e-01 2.816357e-01 9.437746e-01
    outer loop
      vertex   6.712083e+00 1.213519e+01 6.430194e+01
      vertex   6.507481e+00 1.176528e+01 6.444986e+01
      vertex   7.796949e+00 1.146833e+01 6.430194e+01
    endloop
  endfacet
  facet normal 1.731208e-01 2.816357e-01 9.437746e-01
    outer loop
      vertex   7.796949e+00 1.146833e+01 6.430194e+01
      vertex   6.507481e+00 1.176528e+01 6.444986e+01
      vertex   7.559277e+00 1.111874e+01 6.444986e+01
    endloop
  endfacet
  facet normal 1.982255e-01 2.645679e-01 9.437746e-01
    outer loop
      vertex   7.796949e+00 1.146833e+01 6.430194e+01
      vertex   7.559277e+00 1.111874e+01 6.444986e+01
      vertex   8.816069e+00 1.070476e+01 6.430194e+01
    endloop
  endfacet
  facet normal 1.982255e-01 2.645679e-01 9.437746e-01
    outer loop
      vertex   8.816069e+00 1.070476e+01 6.430194e+01
      vertex   7.559277e+00 1.111874e+01 6.444986e+01
      vertex   8.547332e+00 1.037845e+01 6.444986e+01
    endloop
  endfacet
  facet normal 2.216586e-01 2.452692e-01 9.437746e-01
    outer loop
      vertex   8.816069e+00 1.070476e+01 6.430194e+01
      vertex   8.547332e+00 1.037845e+01 6.444986e+01
      vertex   9.760851e+00 9.850927e+00 6.430194e+01
    endloop
  endfacet
  facet normal 2.216586e-01 2.452692e-01 9.437746e-01
    outer loop
      vertex   9.760851e+00 9.850927e+00 6.430194e+01
      vertex   8.547332e+00 1.037845e+01 6.444986e+01
      vertex   9.463314e+00 9.550646e+00 6.444986e+01
    endloop
  endfacet
  facet normal 2.432227e-01 2.239023e-01 9.437746e-01
    outer loop
      vertex   9.760851e+00 9.850927e+00 6.430194e+01
      vertex   9.463314e+00 9.550646e+00 6.444986e+01
      vertex   1.062333e+01 8.914029e+00 6.430194e+01
    endloop
  endfacet
  facet normal 2.432227e-01 2.239023e-01 9.437746e-01
    outer loop
      vertex   1.062333e+01 8.914029e+00 6.430194e+01
      vertex   9.463314e+00 9.550646e+00 6.444986e+01
      vertex   1.029950e+01 8.642306e+00 6.444986e+01
    endloop
  endfacet
  facet normal 2.627359e-01 2.006474e-01 9.437746e-01
    outer loop
      vertex   1.062333e+01 8.914029e+00 6.430194e+01
      vertex   1.029950e+01 8.642306e+00 6.444986e+01
      vertex   1.139622e+01 7.901966e+00 6.430194e+01
    endloop
  endfacet
  facet normal 2.627359e-01 2.006474e-01 9.437746e-01
    outer loop
      vertex   1.139622e+01 7.901966e+00 6.430194e+01
      vertex   1.029950e+01 8.642306e+00 6.444986e+01
      vertex   1.104884e+01 7.661093e+00 6.444986e+01
    endloop
  endfacet
  facet normal 2.800336e-01 1.757006e-01 9.437746e-01
    outer loop
      vertex   1.139622e+01 7.901966e+00 6.430194e+01
      vertex   1.104884e+01 7.661093e+00 6.444986e+01
      vertex   1.207303e+01 6.823271e+00 6.430194e+01
    endloop
  endfacet
  facet normal 2.800336e-01 1.757006e-01 9.437746e-01
    outer loop
      vertex   1.207303e+01 6.823271e+00 6.430194e+01
      vertex   1.104884e+01 7.661093e+00 6.444986e+01
      vertex   1.170501e+01 6.615280e+00 6.444986e+01
    endloop
  endfacet
  facet normal 2.949700e-01 1.492723e-01 9.437746e-01
    outer loop
      vertex   1.207303e+01 6.823271e+00 6.430194e+01
      vertex   1.170501e+01 6.615280e+00 6.444986e+01
      vertex   1.264803e+01 5.687041e+00 6.430194e+01
    endloop
  endfacet
  facet normal 2.949700e-01 1.492723e-01 9.437746e-01
    outer loop
      vertex   1.264803e+01 5.687041e+00 6.430194e+01
      vertex   1.170501e+01 6.615280e+00 6.444986e+01
      vertex   1.226248e+01 5.513685e+00 6.444986e+01
    endloop
  endfacet
  facet normal -2.308285e-01 -3.710059e-01 8.994847e-01
    outer loop
      vertex   -7.500000e+00 -1.186224e+01 6.420966e+01
      vertex   -7.500000e+00 -1.147281e+01 6.437028e+01
      vertex   -8.002258e+00 -1.132602e+01 6.430194e+01
    endloop
  endfacet
  facet normal -2.043810e-01 -2.598960e-01 9.437598e-01
    outer loop
      vertex   -8.002258e+00 -1.132602e+01 6.430194e+01
      vertex   -7.500000e+00 -1.147281e+01 6.437028e+01
      vertex   -7.757542e+00 -1.098133e+01 6.444986e+01
    endloop
  endfacet
  facet normal -2.029785e-01 -2.609024e-01 9.437848e-01
    outer loop
      vertex   -8.002258e+00 -1.132602e+01 6.430194e+01
      vertex   -7.757542e+00 -1.098133e+01 6.444986e+01
      vertex   -8.736551e+00 -1.021968e+01 6.444986e+01
    endloop
  endfacet
  facet normal -6.881678e-02 -8.845502e-02 9.937001e-01
    outer loop
      vertex   -8.736551e+00 -1.021968e+01 6.444986e+01
      vertex   -7.757542e+00 -1.098133e+01 6.444986e+01
      vertex   -7.500000e+00 -1.061838e+01 6.450000e+01
    endloop
  endfacet
  facet normal -6.849333e-02 -8.743774e-02 9.938125e-01
    outer loop
      vertex   -8.736551e+00 -1.021968e+01 6.444986e+01
      vertex   -7.500000e+00 -1.061838e+01 6.450000e+01
      vertex   -8.513603e+00 -9.824387e+00 6.450000e+01
    endloop
  endfacet
  facet normal -1.166768e-01 -2.180153e-01 9.689457e-01
    outer loop
      vertex   -7.500000e+00 -1.147281e+01 6.437028e+01
      vertex   -7.500000e+00 -1.104579e+01 6.446637e+01
      vertex   -7.757542e+00 -1.098133e+01 6.444986e+01
    endloop
  endfacet
  facet normal -8.325026e-02 -7.817987e-02 9.934572e-01
    outer loop
      vertex   -7.757542e+00 -1.098133e+01 6.444986e+01
      vertex   -7.500000e+00 -1.104579e+01 6.446637e+01
      vertex   -7.500000e+00 -1.061838e+01 6.450000e+01
    endloop
  endfacet
  facet normal -7.730333e-02 -8.244101e-02 9.935933e-01
    outer loop
      vertex   -8.736551e+00 -1.021968e+01 6.444986e+01
      vertex   -8.513603e+00 -9.824387e+00 6.450000e+01
      vertex   -9.637171e+00 -9.375185e+00 6.444986e+01
    endloop
  endfacet
  facet normal -7.616848e-02 -7.956652e-02 9.939153e-01
    outer loop
      vertex   -9.637171e+00 -9.375185e+00 6.444986e+01
      vertex   -8.513603e+00 -9.824387e+00 6.450000e+01
      vertex   -9.443690e+00 -8.934020e+00 6.450000e+01
    endloop
  endfacet
  facet normal -8.517722e-02 -7.556793e-02 9.934960e-01
    outer loop
      vertex   -9.637171e+00 -9.375185e+00 6.444986e+01
      vertex   -9.443690e+00 -8.934020e+00 6.450000e+01
      vertex   -1.045653e+01 -8.451637e+00 6.444986e+01
    endloop
  endfacet
  facet normal -8.310219e-02 -7.115899e-02 9.939972e-01
    outer loop
      vertex   -1.045653e+01 -8.451637e+00 6.444986e+01
      vertex   -9.443690e+00 -8.934020e+00 6.450000e+01
      vertex   -1.028114e+01 -7.956014e+00 6.450000e+01
    endloop
  endfacet
  facet normal -9.230472e-02 -6.784373e-02 9.934169e-01
    outer loop
      vertex   -1.045653e+01 -8.451637e+00 6.444986e+01
      vertex   -1.028114e+01 -7.956014e+00 6.450000e+01
      vertex   -1.118771e+01 -7.456824e+00 6.444986e+01
    endloop
  endfacet
  facet normal -8.926823e-02 -6.226465e-02 9.940595e-01
    outer loop
      vertex   -1.118771e+01 -7.456824e+00 6.444986e+01
      vertex   -1.028114e+01 -7.956014e+00 6.450000e+01
      vertex   -1.101774e+01 -6.899964e+00 6.450000e+01
    endloop
  endfacet
  facet normal -9.858316e-02 -5.935806e-02 9.933569e-01
    outer loop
      vertex   -1.118771e+01 -7.456824e+00 6.444986e+01
      vertex   -1.101774e+01 -6.899964e+00 6.450000e+01
      vertex   -1.182456e+01 -6.399133e+00 6.444986e+01
    endloop
  endfacet
  facet normal -9.464195e-02 -5.293418e-02 9.941030e-01
    outer loop
      vertex   -1.182456e+01 -6.399133e+00 6.444986e+01
      vertex   -1.101774e+01 -6.899964e+00 6.450000e+01
      vertex   -1.164625e+01 -5.776228e+00 6.450000e+01
    endloop
  endfacet
  facet normal -1.039222e-01 -5.021440e-02 9.933170e-01
    outer loop
      vertex   -1.182456e+01 -6.399133e+00 6.444986e+01
      vertex   -1.164625e+01 -5.776228e+00 6.450000e+01
      vertex   -1.236170e+01 -5.287483e+00 6.444986e+01
    endloop
  endfacet
  facet normal -9.920054e-02 -4.321936e-02 9.941284e-01
    outer loop
      vertex   -1.236170e+01 -5.287483e+00 6.444986e+01
      vertex   -1.164625e+01 -5.776228e+00 6.450000e+01
      vertex   -1.216052e+01 -4.595829e+00 6.450000e+01
    endloop
  endfacet
  facet normal -1.082459e-01 -4.052816e-02 9.932977e-01
    outer loop
      vertex   -1.236170e+01 -5.287483e+00 6.444986e+01
      vertex   -1.216052e+01 -4.595829e+00 6.450000e+01
      vertex   -1.279461e+01 -4.131247e+00 6.444986e+01
    endloop
  endfacet
  facet normal -1.029231e-01 -3.317296e-02 9.941360e-01
    outer loop
      vertex   -1.279461e+01 -4.131247e+00 6.444986e+01
      vertex   -1.216052e+01 -4.595829e+00 6.450000e+01
      vertex   -1.255551e+01 -3.370348e+00 6.450000e+01
    endloop
  endfacet
  facet normal -1.114945e-01 -3.042441e-02 9.932992e-01
    outer loop
      vertex   -1.279461e+01 -4.131247e+00 6.444986e+01
      vertex   -1.255551e+01 -3.370348e+00 6.450000e+01
      vertex   -1.311962e+01 -2.940176e+00 6.444986e+01
    endloop
  endfacet
  facet normal -1.057910e-01 -2.284862e-02 9.941258e-01
    outer loop
      vertex   -1.311962e+01 -2.940176e+00 6.444986e+01
      vertex   -1.255551e+01 -3.370348e+00 6.450000e+01
      vertex   -1.282733e+01 -2.111805e+00 6.450000e+01
    endloop
  endfacet
  facet normal -1.136259e-01 -2.003532e-02 9.933216e-01
    outer loop
      vertex   -1.311962e+01 -2.940176e+00 6.444986e+01
      vertex   -1.282733e+01 -2.111805e+00 6.450000e+01
      vertex   -1.333401e+01 -1.724313e+00 6.444986e+01
    endloop
  endfacet
  facet normal -1.077876e-01 -1.230065e-02 9.940978e-01
    outer loop
      vertex   -1.333401e+01 -1.724313e+00 6.444986e+01
      vertex   -1.282733e+01 -2.111805e+00 6.450000e+01
      vertex   -1.297331e+01 -8.325455e-01 6.450000e+01
    endloop
  endfacet
  facet normal -1.146163e-01 -9.497377e-03 9.933644e-01
    outer loop
      vertex   -1.333401e+01 -1.724313e+00 6.444986e+01
      vertex   -1.297331e+01 -8.325455e-01 6.450000e+01
      vertex   -1.343597e+01 -4.939104e-01 6.444986e+01
    endloop
  endfacet
  facet normal -1.088986e-01 -1.583926e-03 9.940516e-01
    outer loop
      vertex   -1.343597e+01 -4.939104e-01 6.444986e+01
      vertex   -1.297331e+01 -8.325455e-01 6.450000e+01
      vertex   -1.299204e+01 4.548804e-01 6.450000e+01
    endloop
  endfacet
  facet normal -1.144606e-01 1.051458e-03 9.934272e-01
    outer loop
      vertex   -1.343597e+01 -4.939104e-01 6.444986e+01
      vertex   -1.299204e+01 4.548804e-01 6.450000e+01
      vertex   -1.342463e+01 7.406572e-01 6.444986e+01
    endloop
  endfacet
  facet normal -1.091117e-01 9.246322e-03 9.939865e-01
    outer loop
      vertex   -1.342463e+01 7.406572e-01 6.444986e+01
      vertex   -1.299204e+01 4.548804e-01 6.450000e+01
      vertex   -1.288332e+01 1.737844e+00 6.450000e+01
    endloop
  endfacet
  facet normal -1.131724e-01 1.147463e-02 9.935091e-01
    outer loop
      vertex   -1.342463e+01 7.406572e-01 6.444986e+01
      vertex   -1.288332e+01 1.737844e+00 6.450000e+01
      vertex   -1.330009e+01 1.968980e+00 6.444986e+01
    endloop
  endfacet
  facet normal -1.084168e-01 2.013470e-02 9.939016e-01
    outer loop
      vertex   -1.330009e+01 1.968980e+00 6.444986e+01
      vertex   -1.288332e+01 1.737844e+00 6.450000e+01
      vertex   -1.264822e+01 3.003760e+00 6.450000e+01
    endloop
  endfacet
  facet normal -1.107835e-01 2.163975e-02 9.936089e-01
    outer loop
      vertex   -1.330009e+01 1.968980e+00 6.444986e+01
      vertex   -1.264822e+01 3.003760e+00 6.450000e+01
      vertex   -1.306340e+01 3.180699e+00 6.444986e+01
    endloop
  endfacet
  facet normal -1.068059e-01 3.102582e-02 9.937957e-01
    outer loop
      vertex   -1.306340e+01 3.180699e+00 6.444986e+01
      vertex   -1.264822e+01 3.003760e+00 6.450000e+01
      vertex   -1.228904e+01 4.240211e+00 6.450000e+01
    endloop
  endfacet
  facet normal -1.073424e-01 3.142122e-02 9.937255e-01
    outer loop
      vertex   -1.306340e+01 3.180699e+00 6.444986e+01
      vertex   -1.228904e+01 4.240211e+00 6.450000e+01
      vertex   -1.271655e+01 4.365598e+00 6.444986e+01
    endloop
  endfacet
  facet normal -1.044373e-01 4.130527e-02 9.936733e-01
    outer loop
      vertex   -1.271655e+01 4.365598e+00 6.444986e+01
      vertex   -1.228904e+01 4.240211e+00 6.450000e+01
      vertex   -1.226248e+01 5.513685e+00 6.444986e+01
    endloop
  endfacet
  facet normal -1.028120e-01 4.127808e-02 9.938440e-01
    outer loop
      vertex   -1.228904e+01 4.240211e+00 6.450000e+01
      vertex   -1.180932e+01 5.435067e+00 6.450000e+01
      vertex   -1.226248e+01 5.513685e+00 6.444986e+01
    endloop
  endfacet
  facet normal -1.010688e-01 5.114681e-02 9.935638e-01
    outer loop
      vertex   -1.226248e+01 5.513685e+00 6.444986e+01
      vertex   -1.180932e+01 5.435067e+00 6.450000e+01
      vertex   -1.170501e+01 6.615280e+00 6.444986e+01
    endloop
  endfacet
  facet normal -9.745237e-02 5.084318e-02 9.939406e-01
    outer loop
      vertex   -1.180932e+01 5.435067e+00 6.450000e+01
      vertex   -1.121375e+01 6.576608e+00 6.450000e+01
      vertex   -1.170501e+01 6.615280e+00 6.444986e+01
    endloop
  endfacet
  facet normal -9.663400e-02 6.063076e-02 9.934716e-01
    outer loop
      vertex   -1.170501e+01 6.615280e+00 6.444986e+01
      vertex   -1.121375e+01 6.576608e+00 6.450000e+01
      vertex   -1.104884e+01 7.661093e+00 6.444986e+01
    endloop
  endfacet
  facet normal -9.136633e-02 5.985494e-02 9.940169e-01
    outer loop
      vertex   -1.121375e+01 6.576608e+00 6.450000e+01
      vertex   -1.050818e+01 7.653634e+00 6.450000e+01
      vertex   -1.104884e+01 7.661093e+00 6.444986e+01
    endloop
  endfacet
  facet normal -9.117408e-02 6.962826e-02 9.933978e-01
    outer loop
      vertex   -1.104884e+01 7.661093e+00 6.444986e+01
      vertex   -1.050818e+01 7.653634e+00 6.450000e+01
      vertex   -1.029950e+01 8.642306e+00 6.444986e+01
    endloop
  endfacet
  facet normal -8.459339e-02 6.827353e-02 9.940738e-01
    outer loop
      vertex   -1.050818e+01 7.653634e+00 6.450000e+01
      vertex   -9.699531e+00 8.655582e+00 6.450000e+01
      vertex   -1.029950e+01 8.642306e+00 6.444986e+01
    endloop
  endfacet
  facet normal -8.474793e-02 7.801597e-02 9.933435e-01
    outer loop
      vertex   -1.029950e+01 8.642306e+00 6.444986e+01
      vertex   -9.699531e+00 8.655582e+00 6.450000e+01
      vertex   -9.463314e+00 9.550646e+00 6.444986e+01
    endloop
  endfacet
  facet normal -7.717472e-02 7.606038e-02 9.941121e-01
    outer loop
      vertex   -9.699531e+00 8.655582e+00 6.450000e+01
      vertex   -8.795731e+00 9.572623e+00 6.450000e+01
      vertex   -9.463314e+00 9.550646e+00 6.444986e+01
    endloop
  endfacet
  facet normal -7.743108e-02 8.567885e-02 9.933094e-01
    outer loop
      vertex   -9.463314e+00 9.550646e+00 6.444986e+01
      vertex   -8.795731e+00 9.572623e+00 6.450000e+01
      vertex   -8.547332e+00 1.037845e+01 6.444986e+01
    endloop
  endfacet
  facet normal -6.915309e-02 8.317835e-02 9.941324e-01
    outer loop
      vertex   -8.795731e+00 9.572623e+00 6.450000e+01
      vertex   -7.805650e+00 1.039576e+01 6.450000e+01
      vertex   -8.547332e+00 1.037845e+01 6.444986e+01
    endloop
  endfacet
  facet normal -6.931438e-02 9.251263e-02 9.932960e-01
    outer loop
      vertex   -8.547332e+00 1.037845e+01 6.444986e+01
      vertex   -7.805650e+00 1.039576e+01 6.450000e+01
      vertex   -7.559277e+00 1.111874e+01 6.444986e+01
    endloop
  endfacet
  facet normal -6.057279e-02 8.959193e-02 9.941349e-01
    outer loop
      vertex   -7.805650e+00 1.039576e+01 6.450000e+01
      vertex   -6.738998e+00 1.111692e+01 6.450000e+01
      vertex   -7.559277e+00 1.111874e+01 6.444986e+01
    endloop
  endfacet
  facet normal -6.050231e-02 9.842612e-02 9.933035e-01
    outer loop
      vertex   -7.559277e+00 1.111874e+01 6.444986e+01
      vertex   -6.738998e+00 1.111692e+01 6.450000e+01
      vertex   -6.507481e+00 1.176528e+01 6.444986e+01
    endloop
  endfacet
  facet normal -5.147953e-02 9.526739e-02 9.941197e-01
    outer loop
      vertex   -6.738998e+00 1.111692e+01 6.450000e+01
      vertex   -5.606240e+00 1.172903e+01 6.450000e+01
      vertex   -6.507481e+00 1.176528e+01 6.444986e+01
    endloop
  endfacet
  facet normal -5.111082e-02 1.033432e-01 9.933317e-01
    outer loop
      vertex   -6.507481e+00 1.176528e+01 6.444986e+01
      vertex   -5.606240e+00 1.172903e+01 6.450000e+01
      vertex   -5.400812e+00 1.231261e+01 6.444986e+01
    endloop
  endfacet
  facet normal -4.192033e-02 1.001729e-01 9.940866e-01
    outer loop
      vertex   -5.606240e+00 1.172903e+01 6.450000e+01
      vertex   -4.418487e+00 1.222608e+01 6.450000e+01
      vertex   -5.400812e+00 1.231261e+01 6.444986e+01
    endloop
  endfacet
  facet normal -4.126488e-02 1.072042e-01 9.933803e-01
    outer loop
      vertex   -5.400812e+00 1.231261e+01 6.444986e+01
      vertex   -4.418487e+00 1.222608e+01 6.450000e+01
      vertex   -4.248602e+00 1.275612e+01 6.444986e+01
    endloop
  endfacet
  facet normal -3.194332e-02 1.042785e-01 9.940350e-01
    outer loop
      vertex   -4.418487e+00 1.222608e+01 6.450000e+01
      vertex   -3.187391e+00 1.260320e+01 6.450000e+01
      vertex   -4.248602e+00 1.275612e+01 6.444986e+01
    endloop
  endfacet
  facet normal -3.109583e-02 1.099674e-01 9.934486e-01
    outer loop
      vertex   -4.248602e+00 1.275612e+01 6.444986e+01
      vertex   -3.187391e+00 1.260320e+01 6.450000e+01
      vertex   -3.060567e+00 1.309206e+01 6.444986e+01
    endloop
  endfacet
  facet normal -2.159762e-02 1.075563e-01 9.939644e-01
    outer loop
      vertex   -3.187391e+00 1.260320e+01 6.450000e+01
      vertex   -1.925028e+00 1.285668e+01 6.450000e+01
      vertex   -3.060567e+00 1.309206e+01 6.444986e+01
    endloop
  endfacet
  facet normal -2.073857e-02 1.116092e-01 9.935358e-01
    outer loop
      vertex   -3.060567e+00 1.309206e+01 6.444986e+01
      vertex   -1.925028e+00 1.285668e+01 6.450000e+01
      vertex   -1.846724e+00 1.331761e+01 6.444986e+01
    endloop
  endfacet
  facet normal -1.093305e-02 1.099802e-01 9.938736e-01
    outer loop
      vertex   -1.925028e+00 1.285668e+01 6.450000e+01
      vertex   -6.437811e-01 1.298405e+01 6.450000e+01
      vertex   -1.846724e+00 1.331761e+01 6.444986e+01
    endloop
  endfacet
  facet normal -1.032876e-02 1.121245e-01 9.936405e-01
    outer loop
      vertex   -1.846724e+00 1.331761e+01 6.444986e+01
      vertex   -6.437811e-01 1.298405e+01 6.450000e+01
      vertex   -6.173099e-01 1.343086e+01 6.444986e+01
    endloop
  endfacet
  facet normal -0.000000e+00 1.115261e-01 9.937615e-01
    outer loop
      vertex   -6.437811e-01 1.298405e+01 6.450000e+01
      vertex   6.437811e-01 1.298405e+01 6.450000e+01
      vertex   -6.173099e-01 1.343086e+01 6.444986e+01
    endloop
  endfacet
  facet normal -0.000000e+00 1.115261e-01 9.937615e-01
    outer loop
      vertex   -6.173099e-01 1.343086e+01 6.444986e+01
      vertex   6.437811e-01 1.298405e+01 6.450000e+01
      vertex   6.173099e-01 1.343086e+01 6.444986e+01
    endloop
  endfacet
  facet normal 1.032876e-02 1.121245e-01 9.936405e-01
    outer loop
      vertex   6.173099e-01 1.343086e+01 6.444986e+01
      vertex   6.437811e-01 1.298405e+01 6.450000e+01
      vertex   1.846724e+00 1.331761e+01 6.444986e+01
    endloop
  endfacet
  facet normal 1.093305e-02 1.099802e-01 9.938736e-01
    outer loop
      vertex   1.846724e+00 1.331761e+01 6.444986e+01
      vertex   6.437811e-01 1.298405e+01 6.450000e+01
      vertex   1.925028e+00 1.285668e+01 6.450000e+01
    endloop
  endfacet
  facet normal 2.073857e-02 1.116092e-01 9.935358e-01
    outer loop
      vertex   1.846724e+00 1.331761e+01 6.444986e+01
      vertex   1.925028e+00 1.285668e+01 6.450000e+01
      vertex   3.060567e+00 1.309206e+01 6.444986e+01
    endloop
  endfacet
  facet normal 2.159762e-02 1.075563e-01 9.939644e-01
    outer loop
      vertex   3.060567e+00 1.309206e+01 6.444986e+01
      vertex   1.925028e+00 1.285668e+01 6.450000e+01
      vertex   3.187391e+00 1.260320e+01 6.450000e+01
    endloop
  endfacet
  facet normal 3.109583e-02 1.099674e-01 9.934486e-01
    outer loop
      vertex   3.060567e+00 1.309206e+01 6.444986e+01
      vertex   3.187391e+00 1.260320e+01 6.450000e+01
      vertex   4.248602e+00 1.275612e+01 6.444986e+01
    endloop
  endfacet
  facet normal 3.194332e-02 1.042785e-01 9.940350e-01
    outer loop
      vertex   4.248602e+00 1.275612e+01 6.444986e+01
      vertex   3.187391e+00 1.260320e+01 6.450000e+01
      vertex   4.418487e+00 1.222608e+01 6.450000e+01
    endloop
  endfacet
  facet normal 4.126488e-02 1.072042e-01 9.933803e-01
    outer loop
      vertex   4.248602e+00 1.275612e+01 6.444986e+01
      vertex   4.418487e+00 1.222608e+01 6.450000e+01
      vertex   5.400812e+00 1.231261e+01 6.444986e+01
    endloop
  endfacet
  facet normal 4.192033e-02 1.001729e-01 9.940866e-01
    outer loop
      vertex   5.400812e+00 1.231261e+01 6.444986e+01
      vertex   4.418487e+00 1.222608e+01 6.450000e+01
      vertex   5.606240e+00 1.172903e+01 6.450000e+01
    endloop
  endfacet
  facet normal 5.111082e-02 1.033432e-01 9.933317e-01
    outer loop
      vertex   5.400812e+00 1.231261e+01 6.444986e+01
      vertex   5.606240e+00 1.172903e+01 6.450000e+01
      vertex   6.507481e+00 1.176528e+01 6.444986e+01
    endloop
  endfacet
  facet normal 5.147953e-02 9.526739e-02 9.941197e-01
    outer loop
      vertex   6.507481e+00 1.176528e+01 6.444986e+01
      vertex   5.606240e+00 1.172903e+01 6.450000e+01
      vertex   6.738998e+00 1.111692e+01 6.450000e+01
    endloop
  endfacet
  facet normal 6.050231e-02 9.842612e-02 9.933035e-01
    outer loop
      vertex   6.507481e+00 1.176528e+01 6.444986e+01
      vertex   6.738998e+00 1.111692e+01 6.450000e+01
      vertex   7.559277e+00 1.111874e+01 6.444986e+01
    endloop
  endfacet
  facet normal 6.057279e-02 8.959193e-02 9.941349e-01
    outer loop
      vertex   7.559277e+00 1.111874e+01 6.444986e+01
      vertex   6.738998e+00 1.111692e+01 6.450000e+01
      vertex   7.805650e+00 1.039576e+01 6.450000e+01
    endloop
  endfacet
  facet normal 6.931438e-02 9.251263e-02 9.932960e-01
    outer loop
      vertex   7.559277e+00 1.111874e+01 6.444986e+01
      vertex   7.805650e+00 1.039576e+01 6.450000e+01
      vertex   8.547332e+00 1.037845e+01 6.444986e+01
    endloop
  endfacet
  facet normal 6.915309e-02 8.317835e-02 9.941324e-01
    outer loop
      vertex   8.547332e+00 1.037845e+01 6.444986e+01
      vertex   7.805650e+00 1.039576e+01 6.450000e+01
      vertex   8.795731e+00 9.572623e+00 6.450000e+01
    endloop
  endfacet
  facet normal 7.743108e-02 8.567885e-02 9.933094e-01
    outer loop
      vertex   8.547332e+00 1.037845e+01 6.444986e+01
      vertex   8.795731e+00 9.572623e+00 6.450000e+01
      vertex   9.463314e+00 9.550646e+00 6.444986e+01
    endloop
  endfacet
  facet normal 7.717472e-02 7.606038e-02 9.941121e-01
    outer loop
      vertex   9.463314e+00 9.550646e+00 6.444986e+01
      vertex   8.795731e+00 9.572623e+00 6.450000e+01
      vertex   9.699531e+00 8.655582e+00 6.450000e+01
    endloop
  endfacet
  facet normal 8.474793e-02 7.801597e-02 9.933435e-01
    outer loop
      vertex   9.463314e+00 9.550646e+00 6.444986e+01
      vertex   9.699531e+00 8.655582e+00 6.450000e+01
      vertex   1.029950e+01 8.642306e+00 6.444986e+01
    endloop
  endfacet
  facet normal 8.459339e-02 6.827353e-02 9.940738e-01
    outer loop
      vertex   1.029950e+01 8.642306e+00 6.444986e+01
      vertex   9.699531e+00 8.655582e+00 6.450000e+01
      vertex   1.050818e+01 7.653634e+00 6.450000e+01
    endloop
  endfacet
  facet normal 9.117408e-02 6.962826e-02 9.933978e-01
    outer loop
      vertex   1.029950e+01 8.642306e+00 6.444986e+01
      vertex   1.050818e+01 7.653634e+00 6.450000e+01
      vertex   1.104884e+01 7.661093e+00 6.444986e+01
    endloop
  endfacet
  facet normal 9.136633e-02 5.985494e-02 9.940169e-01
    outer loop
      vertex   1.104884e+01 7.661093e+00 6.444986e+01
      vertex   1.050818e+01 7.653634e+00 6.450000e+01
      vertex   1.121375e+01 6.576608e+00 6.450000e+01
    endloop
  endfacet
  facet normal 9.663400e-02 6.063076e-02 9.934716e-01
    outer loop
      vertex   1.104884e+01 7.661093e+00 6.444986e+01
      vertex   1.121375e+01 6.576608e+00 6.450000e+01
      vertex   1.170501e+01 6.615280e+00 6.444986e+01
    endloop
  endfacet
  facet normal 9.745237e-02 5.084318e-02 9.939406e-01
    outer loop
      vertex   1.170501e+01 6.615280e+00 6.444986e+01
      vertex   1.121375e+01 6.576608e+00 6.450000e+01
      vertex   1.180932e+01 5.435067e+00 6.450000e+01
    endloop
  endfacet
  facet normal 1.010688e-01 5.114681e-02 9.935638e-01
    outer loop
      vertex   1.170501e+01 6.615280e+00 6.444986e+01
      vertex   1.180932e+01 5.435067e+00 6.450000e+01
      vertex   1.226248e+01 5.513685e+00 6.444986e+01
    endloop
  endfacet
  facet normal 1.028120e-01 4.127808e-02 9.938440e-01
    outer loop
      vertex   1.226248e+01 5.513685e+00 6.444986e+01
      vertex   1.180932e+01 5.435067e+00 6.450000e+01
      vertex   1.228904e+01 4.240211e+00 6.450000e+01
    endloop
  endfacet
  facet normal -5.132769e-01 -8.582230e-01 0.000000e+00
    outer loop
      vertex   -7.500000e+00 -1.299038e+01 5.697447e+01
      vertex   -7.500000e+00 -1.299038e+01 6.250000e+01
      vertex   -7.896482e+00 -1.275326e+01 5.500000e+01
    endloop
  endfacet
  facet normal -5.392341e-01 -8.421538e-01 1.880259e-03
    outer loop
      vertex   -7.896482e+00 -1.275326e+01 5.500000e+01
      vertex   -7.500000e+00 -1.299038e+01 6.250000e+01
      vertex   -8.659991e+00 -1.224763e+01 6.250000e+01
    endloop
  endfacet
  facet normal -5.651354e-01 -8.249960e-01 -1.913243e-03
    outer loop
      vertex   -7.896482e+00 -1.275326e+01 5.500000e+01
      vertex   -8.659991e+00 -1.224763e+01 6.250000e+01
      vertex   -9.039520e+00 -1.197026e+01 5.500000e+01
    endloop
  endfacet
  facet normal -6.142116e-01 -7.891391e-01 1.896317e-03
    outer loop
      vertex   -9.039520e+00 -1.197026e+01 5.500000e+01
      vertex   -8.659991e+00 -1.224763e+01 6.250000e+01
      vertex   -9.746958e+00 -1.140161e+01 6.250000e+01
    endloop
  endfacet
  facet normal -6.388456e-01 -7.693325e-01 -1.929009e-03
    outer loop
      vertex   -9.039520e+00 -1.197026e+01 5.500000e+01
      vertex   -9.746958e+00 -1.140161e+01 6.250000e+01
      vertex   -1.010543e+01 -1.108513e+01 5.500000e+01
    endloop
  endfacet
  facet normal -6.840100e-01 -7.294702e-01 1.911791e-03
    outer loop
      vertex   -1.010543e+01 -1.108513e+01 5.500000e+01
      vertex   -9.746958e+00 -1.140161e+01 6.250000e+01
      vertex   -1.075174e+01 -1.045945e+01 6.250000e+01
    endloop
  endfacet
  facet normal -7.071054e-01 -7.071054e-01 -1.944191e-03
    outer loop
      vertex   -1.010543e+01 -1.108513e+01 5.500000e+01
      vertex   -1.075174e+01 -1.045945e+01 6.250000e+01
      vertex   -1.108513e+01 -1.010543e+01 5.500000e+01
    endloop
  endfacet
  facet normal -7.480406e-01 -6.636502e-01 1.926681e-03
    outer loop
      vertex   -1.108513e+01 -1.010543e+01 5.500000e+01
      vertex   -1.075174e+01 -1.045945e+01 6.250000e+01
      vertex   -1.166586e+01 -9.429094e+00 6.250000e+01
    endloop
  endfacet
  facet normal -7.693325e-01 -6.388456e-01 -1.958790e-03
    outer loop
      vertex   -1.108513e+01 -1.010543e+01 5.500000e+01
      vertex   -1.166586e+01 -9.429094e+00 6.250000e+01
      vertex   -1.197026e+01 -9.039520e+00 5.500000e+01
    endloop
  endfacet
  facet normal -8.057636e-01 -5.922341e-01 1.940988e-03
    outer loop
      vertex   -1.197026e+01 -9.039520e+00 5.500000e+01
      vertex   -1.166586e+01 -9.429094e+00 6.250000e+01
      vertex   -1.248160e+01 -8.319227e+00 6.250000e+01
    endloop
  endfacet
  facet normal -8.249959e-01 -5.651353e-01 -1.972804e-03
    outer loop
      vertex   -1.197026e+01 -9.039520e+00 5.500000e+01
      vertex   -1.248160e+01 -8.319227e+00 6.250000e+01
      vertex   -1.275326e+01 -7.896482e+00 5.500000e+01
    endloop
  endfacet
  facet normal -8.566922e-01 -5.158243e-01 1.954710e-03
    outer loop
      vertex   -1.275326e+01 -7.896482e+00 5.500000e+01
      vertex   -1.248160e+01 -8.319227e+00 6.250000e+01
      vertex   -1.319211e+01 -7.139211e+00 6.250000e+01
    endloop
  endfacet
  facet normal -8.736207e-01 -4.866035e-01 -1.986235e-03
    outer loop
      vertex   -1.275326e+01 -7.896482e+00 5.500000e+01
      vertex   -1.319211e+01 -7.139211e+00 6.250000e+01
      vertex   -1.342745e+01 -6.686075e+00 5.500000e+01
    endloop
  endfacet
  facet normal -9.003970e-01 -4.350648e-01 1.967849e-03
    outer loop
      vertex   -1.342745e+01 -6.686075e+00 5.500000e+01
      vertex   -1.319211e+01 -7.139211e+00 6.250000e+01
      vertex   -1.379137e+01 -5.898995e+00 6.250000e+01
    endloop
  endfacet
  facet normal -9.147920e-01 -4.039202e-01 -1.999081e-03
    outer loop
      vertex   -1.342745e+01 -6.686075e+00 5.500000e+01
      vertex   -1.379137e+01 -5.898995e+00 6.250000e+01
      vertex   -1.398708e+01 -5.418625e+00 5.500000e+01
    endloop
  endfacet
  facet normal -9.365094e-01 -3.506369e-01 1.980403e-03
    outer loop
      vertex   -1.398708e+01 -5.418625e+00 5.500000e+01
      vertex   -1.379137e+01 -5.898995e+00 6.250000e+01
      vertex   -1.427434e+01 -4.609038e+00 6.250000e+01
    endloop
  endfacet
  facet normal -9.481587e-01 -3.177908e-01 -2.011344e-03
    outer loop
      vertex   -1.398708e+01 -5.418625e+00 5.500000e+01
      vertex   -1.427434e+01 -4.609038e+00 6.250000e+01
      vertex   -1.442738e+01 -4.104945e+00 5.500000e+01
    endloop
  endfacet
  facet normal -9.647250e-01 -2.632522e-01 1.992374e-03
    outer loop
      vertex   -1.442738e+01 -4.104945e+00 5.500000e+01
      vertex   -1.427434e+01 -4.609038e+00 6.250000e+01
      vertex   -1.463695e+01 -3.280216e+00 6.250000e+01
    endloop
  endfacet
  facet normal -9.734361e-01 -2.289501e-01 -2.023023e-03
    outer loop
      vertex   -1.442738e+01 -4.104945e+00 5.500000e+01
      vertex   -1.463695e+01 -3.280216e+00 6.250000e+01
      vertex   -1.474460e+01 -2.756243e+00 5.500000e+01
    endloop
  endfacet
  facet normal -9.848058e-01 -1.736478e-01 2.003761e-03
    outer loop
      vertex   -1.474460e+01 -2.756243e+00 5.500000e+01
      vertex   -1.463695e+01 -3.280216e+00 6.250000e+01
      vertex   -1.487613e+01 -1.923735e+00 6.250000e+01
    endloop
  endfacet
  facet normal -9.904084e-01 -1.381561e-01 -2.034118e-03
    outer loop
      vertex   -1.474460e+01 -2.756243e+00 5.500000e+01
      vertex   -1.487613e+01 -1.923735e+00 6.250000e+01
      vertex   -1.493601e+01 -1.384025e+00 5.500000e+01
    endloop
  endfacet
  facet normal -9.965825e-01 -8.257918e-02 2.014564e-03
    outer loop
      vertex   -1.493601e+01 -1.384025e+00 5.500000e+01
      vertex   -1.487613e+01 -1.923735e+00 6.250000e+01
      vertex   -1.498988e+01 -5.510326e-01 6.250000e+01
    endloop
  endfacet
  facet normal -9.989309e-01 -4.618336e-02 -2.044629e-03
    outer loop
      vertex   -1.493601e+01 -1.384025e+00 5.500000e+01
      vertex   -1.498988e+01 -5.510326e-01 6.250000e+01
      vertex   -1.500000e+01 0.000000e+00 5.500000e+01
    endloop
  endfacet
  facet normal -9.999558e-01 9.185795e-03 2.024783e-03
    outer loop
      vertex   -1.500000e+01 0.000000e+00 5.500000e+01
      vertex   -1.498988e+01 -5.510326e-01 6.250000e+01
      vertex   -1.497722e+01 8.263164e-01 6.250000e+01
    endloop
  endfacet
  facet normal -9.989309e-01 4.618336e-02 -2.054556e-03
    outer loop
      vertex   -1.500000e+01 0.000000e+00 5.500000e+01
      vertex   -1.497722e+01 8.263164e-01 6.250000e+01
      vertex   -1.493601e+01 1.384025e+00 5.500000e+01
    endloop
  endfacet
  facet normal -9.948972e-01 1.008733e-01 2.034418e-03
    outer loop
      vertex   -1.493601e+01 1.384025e+00 5.500000e+01
      vertex   -1.497722e+01 8.263164e-01 6.250000e+01
      vertex   -1.483828e+01 2.196698e+00 6.250000e+01
    endloop
  endfacet
  facet normal -9.904083e-01 1.381561e-01 -2.063899e-03
    outer loop
      vertex   -1.493601e+01 1.384025e+00 5.500000e+01
      vertex   -1.483828e+01 2.196698e+00 6.250000e+01
      vertex   -1.474460e+01 2.756243e+00 5.500000e+01
    endloop
  endfacet
  facet normal -9.814494e-01 1.917102e-01 2.043469e-03
    outer loop
      vertex   -1.474460e+01 2.756243e+00 5.500000e+01
      vertex   -1.483828e+01 2.196698e+00 6.250000e+01
      vertex   -1.457422e+01 3.548556e+00 6.250000e+01
    endloop
  endfacet
  facet normal -9.734360e-01 2.289501e-01 -2.072658e-03
    outer loop
      vertex   -1.474460e+01 2.756243e+00 5.500000e+01
      vertex   -1.457422e+01 3.548556e+00 6.250000e+01
      vertex   -1.442738e+01 4.104945e+00 5.500000e+01
    endloop
  endfacet
  facet normal -9.597259e-01 2.809306e-01 2.051936e-03
    outer loop
      vertex   -1.442738e+01 4.104945e+00 5.500000e+01
      vertex   -1.457422e+01 3.548556e+00 6.250000e+01
      vertex   -1.418726e+01 4.870492e+00 6.250000e+01
    endloop
  endfacet
  facet normal -9.481586e-01 3.177907e-01 -2.080833e-03
    outer loop
      vertex   -1.442738e+01 4.104945e+00 5.500000e+01
      vertex   -1.418726e+01 4.870492e+00 6.250000e+01
      vertex   -1.398708e+01 5.418625e+00 5.500000e+01
    endloop
  endfacet
  facet normal -9.299097e-01 3.677821e-01 2.059820e-03
    outer loop
      vertex   -1.398708e+01 5.418625e+00 5.500000e+01
      vertex   -1.418726e+01 4.870492e+00 6.250000e+01
      vertex   -1.368067e+01 6.151359e+00 6.250000e+01
    endloop
  endfacet
  facet normal -9.147919e-01 4.039201e-01 -2.088424e-03
    outer loop
      vertex   -1.398708e+01 5.418625e+00 5.500000e+01
      vertex   -1.368067e+01 6.151359e+00 6.250000e+01
      vertex   -1.342745e+01 6.686075e+00 5.500000e+01
    endloop
  endfacet
  facet normal -8.922523e-01 4.515324e-01 2.067119e-03
    outer loop
      vertex   -1.342745e+01 6.686075e+00 5.500000e+01
      vertex   -1.368067e+01 6.151359e+00 6.250000e+01
      vertex   -1.305873e+01 7.380356e+00 6.250000e+01
    endloop
  endfacet
  facet normal -8.736205e-01 4.866034e-01 -2.095432e-03
    outer loop
      vertex   -1.342745e+01 6.686075e+00 5.500000e+01
      vertex   -1.305873e+01 7.380356e+00 6.250000e+01
      vertex   -1.275326e+01 7.896482e+00 5.500000e+01
    endloop
  endfacet
  facet normal -8.470713e-01 5.314753e-01 2.073834e-03
    outer loop
      vertex   -1.275326e+01 7.896482e+00 5.500000e+01
      vertex   -1.305873e+01 7.380356e+00 6.250000e+01
      vertex   -1.232667e+01 8.547121e+00 6.250000e+01
    endloop
  endfacet
  facet normal -8.249957e-01 5.651352e-01 -2.101855e-03
    outer loop
      vertex   -1.275326e+01 7.896482e+00 5.500000e+01
      vertex   -1.232667e+01 8.547121e+00 6.250000e+01
      vertex   -1.197026e+01 9.039520e+00 5.500000e+01
    endloop
  endfacet
  facet normal -7.947475e-01 6.069366e-01 2.079966e-03
    outer loop
      vertex   -1.197026e+01 9.039520e+00 5.500000e+01
      vertex   -1.232667e+01 8.547121e+00 6.250000e+01
      vertex   -1.149067e+01 9.641814e+00 6.250000e+01
    endloop
  endfacet
  facet normal -7.693323e-01 6.388454e-01 -2.107695e-03
    outer loop
      vertex   -1.197026e+01 9.039520e+00 5.500000e+01
      vertex   -1.149067e+01 9.641814e+00 6.250000e+01
      vertex   -1.108513e+01 1.010543e+01 5.500000e+01
    endloop
  endfacet
  facet normal -7.357223e-01 6.772801e-01 2.085513e-03
    outer loop
      vertex   -1.108513e+01 1.010543e+01 5.500000e+01
      vertex   -1.149067e+01 9.641814e+00 6.250000e+01
      vertex   -1.055777e+01 1.065521e+01 6.250000e+01
    endloop
  endfacet
  facet normal -7.071052e-01 7.071052e-01 -2.112950e-03
    outer loop
      vertex   -1.108513e+01 1.010543e+01 5.500000e+01
      vertex   -1.055777e+01 1.065521e+01 6.250000e+01
      vertex   -1.010543e+01 1.108513e+01 5.500000e+01
    endloop
  endfacet
  facet normal -6.704933e-01 7.419126e-01 2.090477e-03
    outer loop
      vertex   -1.010543e+01 1.108513e+01 5.500000e+01
      vertex   -1.055777e+01 1.065521e+01 6.250000e+01
      vertex   -9.535856e+00 1.157875e+01 6.250000e+01
    endloop
  endfacet
  facet normal -6.388454e-01 7.693322e-01 -2.117622e-03
    outer loop
      vertex   -1.010543e+01 1.108513e+01 5.500000e+01
      vertex   -9.535856e+00 1.157875e+01 6.250000e+01
      vertex   -9.039520e+00 1.197026e+01 5.500000e+01
    endloop
  endfacet
  facet normal -5.996106e-01 8.002892e-01 2.094857e-03
    outer loop
      vertex   -9.039520e+00 1.197026e+01 5.500000e+01
      vertex   -9.535856e+00 1.157875e+01 6.250000e+01
      vertex   -8.433530e+00 1.240466e+01 6.250000e+01
    endloop
  endfacet
  facet normal -5.651351e-01 8.249956e-01 -2.121710e-03
    outer loop
      vertex   -9.039520e+00 1.197026e+01 5.500000e+01
      vertex   -8.433530e+00 1.240466e+01 6.250000e+01
      vertex   -7.896482e+00 1.275326e+01 5.500000e+01
    endloop
  endfacet
  facet normal -5.236718e-01 8.519175e-01 2.098652e-03
    outer loop
      vertex   -7.896482e+00 1.275326e+01 5.500000e+01
      vertex   -8.433530e+00 1.240466e+01 6.250000e+01
      vertex   -7.260090e+00 1.312597e+01 6.250000e+01
    endloop
  endfacet
  facet normal -4.866034e-01 8.736204e-01 -2.125213e-03
    outer loop
      vertex   -7.896482e+00 1.275326e+01 5.500000e+01
      vertex   -7.260090e+00 1.312597e+01 6.250000e+01
      vertex   -6.686075e+00 1.342745e+01 5.500000e+01
    endloop
  endfacet
  facet normal -4.433172e-01 8.963623e-01 2.101864e-03
    outer loop
      vertex   -6.686075e+00 1.342745e+01 5.500000e+01
      vertex   -7.260090e+00 1.312597e+01 6.250000e+01
      vertex   -6.025431e+00 1.373660e+01 6.250000e+01
    endloop
  endfacet
  facet normal -4.039201e-01 9.147918e-01 -2.128133e-03
    outer loop
      vertex   -6.686075e+00 1.342745e+01 5.500000e+01
      vertex   -6.025431e+00 1.373660e+01 6.250000e+01
      vertex   -5.418625e+00 1.398708e+01 5.500000e+01
    endloop
  endfacet
  facet normal -3.592246e-01 9.332488e-01 2.104492e-03
    outer loop
      vertex   -5.418625e+00 1.398708e+01 5.500000e+01
      vertex   -6.025431e+00 1.373660e+01 6.250000e+01
      vertex   -4.739965e+00 1.423140e+01 6.250000e+01
    endloop
  endfacet
  facet normal -3.177907e-01 9.481585e-01 -2.130469e-03
    outer loop
      vertex   -5.418625e+00 1.398708e+01 5.500000e+01
      vertex   -4.739965e+00 1.423140e+01 6.250000e+01
      vertex   -4.104945e+00 1.442738e+01 5.500000e+01
    endloop
  endfacet
  facet normal -2.721029e-01 9.622659e-01 2.106536e-03
    outer loop
      vertex   -4.104945e+00 1.442738e+01 5.500000e+01
      vertex   -4.739965e+00 1.423140e+01 6.250000e+01
      vertex   -3.414530e+00 1.460620e+01 6.250000e+01
    endloop
  endfacet
  facet normal -2.289500e-01 9.734358e-01 -2.132221e-03
    outer loop
      vertex   -4.104945e+00 1.442738e+01 5.500000e+01
      vertex   -3.414530e+00 1.460620e+01 6.250000e+01
      vertex   -2.756243e+00 1.474460e+01 5.500000e+01
    endloop
  endfacet
  facet normal -1.826867e-01 9.831689e-01 2.107996e-03
    outer loop
      vertex   -2.756243e+00 1.474460e+01 5.500000e+01
      vertex   -3.414530e+00 1.460620e+01 6.250000e+01
      vertex   -2.060303e+00 1.485783e+01 6.250000e+01
    endloop
  endfacet
  facet normal -1.381560e-01 9.904082e-01 -2.133389e-03
    outer loop
      vertex   -2.756243e+00 1.474460e+01 5.500000e+01
      vertex   -2.060303e+00 1.485783e+01 6.250000e+01
      vertex   -1.384025e+00 1.493601e+01 5.500000e+01
    endloop
  endfacet
  facet normal -9.173010e-02 9.957817e-01 2.108871e-03
    outer loop
      vertex   -1.384025e+00 1.493601e+01 5.500000e+01
      vertex   -2.060303e+00 1.485783e+01 6.250000e+01
      vertex   -6.887036e-01 1.498418e+01 6.250000e+01
    endloop
  endfacet
  facet normal -4.618335e-02 9.989307e-01 -2.133973e-03
    outer loop
      vertex   -1.384025e+00 1.493601e+01 5.500000e+01
      vertex   -6.887036e-01 1.498418e+01 6.250000e+01
      vertex   -9.184851e-16 1.500000e+01 5.500000e+01
    endloop
  endfacet
  facet normal 0.000000e+00 9.999978e-01 2.109163e-03
    outer loop
      vertex   -9.184851e-16 1.500000e+01 5.500000e+01
      vertex   -6.887036e-01 1.498418e+01 6.250000e+01
      vertex   6.887036e-01 1.498418e+01 6.250000e+01
    endloop
  endfacet
  facet normal 4.618335e-02 9.989307e-01 -2.133973e-03
    outer loop
      vertex   -9.184851e-16 1.500000e+01 5.500000e+01
      vertex   6.887036e-01 1.498418e+01 6.250000e+01
      vertex   1.384025e+00 1.493601e+01 5.500000e+01
    endloop
  endfacet
  facet normal 9.173010e-02 9.957817e-01 2.108871e-03
    outer loop
      vertex   1.384025e+00 1.493601e+01 5.500000e+01
      vertex   6.887036e-01 1.498418e+01 6.250000e+01
      vertex   2.060303e+00 1.485783e+01 6.250000e+01
    endloop
  endfacet
  facet normal 1.381560e-01 9.904082e-01 -2.133389e-03
    outer loop
      vertex   1.384025e+00 1.493601e+01 5.500000e+01
      vertex   2.060303e+00 1.485783e+01 6.250000e+01
      vertex   2.756243e+00 1.474460e+01 5.500000e+01
    endloop
  endfacet
  facet normal 1.826867e-01 9.831689e-01 2.107996e-03
    outer loop
      vertex   2.756243e+00 1.474460e+01 5.500000e+01
      vertex   2.060303e+00 1.485783e+01 6.250000e+01
      vertex   3.414530e+00 1.460620e+01 6.250000e+01
    endloop
  endfacet
  facet normal 2.289500e-01 9.734358e-01 -2.132221e-03
    outer loop
      vertex   2.756243e+00 1.474460e+01 5.500000e+01
      vertex   3.414530e+00 1.460620e+01 6.250000e+01
      vertex   4.104945e+00 1.442738e+01 5.500000e+01
    endloop
  endfacet
  facet normal 2.721029e-01 9.622659e-01 2.106536e-03
    outer loop
      vertex   4.104945e+00 1.442738e+01 5.500000e+01
      vertex   3.414530e+00 1.460620e+01 6.250000e+01
      vertex   4.739965e+00 1.423140e+01 6.250000e+01
    endloop
  endfacet
  facet normal 3.177907e-01 9.481585e-01 -2.130469e-03
    outer loop
      vertex   4.104945e+00 1.442738e+01 5.500000e+01
      vertex   4.739965e+00 1.423140e+01 6.250000e+01
      vertex   5.418625e+00 1.398708e+01 5.500000e+01
    endloop
  endfacet
  facet normal 3.592246e-01 9.332488e-01 2.104492e-03
    outer loop
      vertex   5.418625e+00 1.398708e+01 5.500000e+01
      vertex   4.739965e+00 1.423140e+01 6.250000e+01
      vertex   6.025431e+00 1.373660e+01 6.250000e+01
    endloop
  endfacet
  facet normal 4.039201e-01 9.147918e-01 -2.128133e-03
    outer loop
      vertex   5.418625e+00 1.398708e+01 5.500000e+01
      vertex   6.025431e+00 1.373660e+01 6.250000e+01
      vertex   6.686075e+00 1.342745e+01 5.500000e+01
    endloop
  endfacet
  facet normal 4.433172e-01 8.963623e-01 2.101864e-03
    outer loop
      vertex   6.686075e+00 1.342745e+01 5.500000e+01
      vertex   6.025431e+00 1.373660e+01 6.250000e+01
      vertex   7.260090e+00 1.312597e+01 6.250000e+01
    endloop
  endfacet
  facet normal 4.866034e-01 8.736204e-01 -2.125213e-03
    outer loop
      vertex   6.686075e+00 1.342745e+01 5.500000e+01
      vertex   7.260090e+00 1.312597e+01 6.250000e+01
      vertex   7.896482e+00 1.275326e+01 5.500000e+01
    endloop
  endfacet
  facet normal 5.236718e-01 8.519175e-01 2.098652e-03
    outer loop
      vertex   7.896482e+00 1.275326e+01 5.500000e+01
      vertex   7.260090e+00 1.312597e+01 6.250000e+01
      vertex   8.433530e+00 1.240466e+01 6.250000e+01
    endloop
  endfacet
  facet normal 5.651351e-01 8.249956e-01 -2.121710e-03
    outer loop
      vertex   7.896482e+00 1.275326e+01 5.500000e+01
      vertex   8.433530e+00 1.240466e+01 6.250000e+01
      vertex   9.039520e+00 1.197026e+01 5.500000e+01
    endloop
  endfacet
  facet normal 5.996106e-01 8.002892e-01 2.094857e-03
    outer loop
      vertex   9.039520e+00 1.197026e+01 5.500000e+01
      vertex   8.433530e+00 1.240466e+01 6.250000e+01
      vertex   9.535856e+00 1.157875e+01 6.250000e+01
    endloop
  endfacet
  facet normal 6.388454e-01 7.693322e-01 -2.117622e-03
    outer loop
      vertex   9.039520e+00 1.197026e+01 5.500000e+01
      vertex   9.535856e+00 1.157875e+01 6.250000e+01
      vertex   1.010543e+01 1.108513e+01 5.500000e+01
    endloop
  endfacet
  facet normal 6.704933e-01 7.419126e-01 2.090477e-03
    outer loop
      vertex   1.010543e+01 1.108513e+01 5.500000e+01
      vertex   9.535856e+00 1.157875e+01 6.250000e+01
      vertex   1.055777e+01 1.065521e+01 6.250000e+01
    endloop
  endfacet
  facet normal 7.071052e-01 7.071052e-01 -2.112950e-03
    outer loop
      vertex   1.010543e+01 1.108513e+01 5.500000e+01
      vertex   1.055777e+01 1.065521e+01 6.250000e+01
      vertex   1.108513e+01 1.010543e+01 5.500000e+01
    endloop
  endfacet
  facet normal 7.357223e-01 6.772801e-01 2.085513e-03
    outer loop
      vertex   1.108513e+01 1.010543e+01 5.500000e+01
      vertex   1.055777e+01 1.065521e+01 6.250000e+01
      vertex   1.149067e+01 9.641814e+00 6.250000e+01
    endloop
  endfacet
  facet normal 7.693323e-01 6.388454e-01 -2.107695e-03
    outer loop
      vertex   1.108513e+01 1.010543e+01 5.500000e+01
      vertex   1.149067e+01 9.641814e+00 6.250000e+01
      vertex   1.197026e+01 9.039520e+00 5.500000e+01
    endloop
  endfacet
  facet normal 7.947475e-01 6.069366e-01 2.079966e-03
    outer loop
      vertex   1.197026e+01 9.039520e+00 5.500000e+01
      vertex   1.149067e+01 9.641814e+00 6.250000e+01
      vertex   1.232667e+01 8.547121e+00 6.250000e+01
    endloop
  endfacet
  facet normal 8.249957e-01 5.651352e-01 -2.101855e-03
    outer loop
      vertex   1.197026e+01 9.039520e+00 5.500000e+01
      vertex   1.232667e+01 8.547121e+00 6.250000e+01
      vertex   1.275326e+01 7.896482e+00 5.500000e+01
    endloop
  endfacet
  facet normal 8.470713e-01 5.314753e-01 2.073834e-03
    outer loop
      vertex   1.275326e+01 7.896482e+00 5.500000e+01
      vertex   1.232667e+01 8.547121e+00 6.250000e+01
      vertex   1.305873e+01 7.380356e+00 6.250000e+01
    endloop
  endfacet
  facet normal 8.736205e-01 4.866034e-01 -2.095432e-03
    outer loop
      vertex   1.275326e+01 7.896482e+00 5.500000e+01
      vertex   1.305873e+01 7.380356e+00 6.250000e+01
      vertex   1.342745e+01 6.686075e+00 5.500000e+01
    endloop
  endfacet
  facet normal 8.922523e-01 4.515324e-01 2.067119e-03
    outer loop
      vertex   1.342745e+01 6.686075e+00 5.500000e+01
      vertex   1.305873e+01 7.380356e+00 6.250000e+01
      vertex   1.368067e+01 6.151359e+00 6.250000e+01
    endloop
  endfacet
  facet normal 9.147919e-01 4.039201e-01 -2.088424e-03
    outer loop
      vertex   1.342745e+01 6.686075e+00 5.500000e+01
      vertex   1.368067e+01 6.151359e+00 6.250000e+01
      vertex   1.398708e+01 5.418625e+00 5.500000e+01
    endloop
  endfacet
  facet normal 9.299097e-01 3.677821e-01 2.059820e-03
    outer loop
      vertex   1.398708e+01 5.418625e+00 5.500000e+01
      vertex   1.368067e+01 6.151359e+00 6.250000e+01
      vertex   1.418726e+01 4.870492e+00 6.250000e+01
    endloop
  endfacet
  facet normal 9.481586e-01 3.177907e-01 -2.080833e-03
    outer loop
      vertex   1.398708e+01 5.418625e+00 5.500000e+01
      vertex   1.418726e+01 4.870492e+00 6.250000e+01
      vertex   1.442738e+01 4.104945e+00 5.500000e+01
    endloop
  endfacet
  facet normal 9.597259e-01 2.809306e-01 2.051936e-03
    outer loop
      vertex   1.442738e+01 4.104945e+00 5.500000e+01
      vertex   1.418726e+01 4.870492e+00 6.250000e+01
      vertex   1.457422e+01 3.548556e+00 6.250000e+01
    endloop
  endfacet
  facet normal 9.734360e-01 2.289501e-01 -2.072658e-03
    outer loop
      vertex   1.442738e+01 4.104945e+00 5.500000e+01
      vertex   1.457422e+01 3.548556e+00 6.250000e+01
      vertex   1.474460e+01 2.756243e+00 5.500000e+01
    endloop
  endfacet
  facet normal 9.814494e-01 1.917102e-01 2.043469e-03
    outer loop
      vertex   1.474460e+01 2.756243e+00 5.500000e+01
      vertex   1.457422e+01 3.548556e+00 6.250000e+01
      vertex   1.483828e+01 2.196698e+00 6.250000e+01
    endloop
  endfacet
  facet normal 9.904083e-01 1.381561e-01 -2.063899e-03
    outer loop
      vertex   1.474460e+01 2.756243e+00 5.500000e+01
      vertex   1.483828e+01 2.196698e+00 6.250000e+01
      vertex   1.493601e+01 1.384025e+00 5.500000e+01
    endloop
  endfacet
  facet normal 9.948972e-01 1.008733e-01 2.034418e-03
    outer loop
      vertex   1.493601e+01 1.384025e+00 5.500000e+01
      vertex   1.483828e+01 2.196698e+00 6.250000e+01
      vertex   1.497722e+01 8.263164e-01 6.250000e+01
    endloop
  endfacet
  facet normal 9.989309e-01 4.618336e-02 -2.054556e-03
    outer loop
      vertex   1.493601e+01 1.384025e+00 5.500000e+01
      vertex   1.497722e+01 8.263164e-01 6.250000e+01
      vertex   1.500000e+01 1.836970e-15 5.500000e+01
    endloop
  endfacet
  facet normal 9.999558e-01 9.185795e-03 2.024783e-03
    outer loop
      vertex   1.500000e+01 1.836970e-15 5.500000e+01
      vertex   1.497722e+01 8.263164e-01 6.250000e+01
      vertex   1.498988e+01 -5.510326e-01 6.250000e+01
    endloop
  endfacet
  facet normal 9.989309e-01 -4.618336e-02 -2.044629e-03
    outer loop
      vertex   1.500000e+01 1.836970e-15 5.500000e+01
      vertex   1.498988e+01 -5.510326e-01 6.250000e+01
      vertex   1.493601e+01 -1.384025e+00 5.500000e+01
    endloop
  endfacet
  facet normal 9.965825e-01 -8.257918e-02 2.014564e-03
    outer loop
      vertex   1.493601e+01 -1.384025e+00 5.500000e+01
      vertex   1.498988e+01 -5.510326e-01 6.250000e+01
      vertex   1.487613e+01 -1.923735e+00 6.250000e+01
    endloop
  endfacet
  facet normal 9.904084e-01 -1.381561e-01 -2.034118e-03
    outer loop
      vertex   1.493601e+01 -1.384025e+00 5.500000e+01
      vertex   1.487613e+01 -1.923735e+00 6.250000e+01
      vertex   1.474460e+01 -2.756243e+00 5.500000e+01
    endloop
  endfacet
  facet normal 9.848058e-01 -1.736478e-01 2.003761e-03
    outer loop
      vertex   1.474460e+01 -2.756243e+00 5.500000e+01
      vertex   1.487613e+01 -1.923735e+00 6.250000e+01
      vertex   1.463695e+01 -3.280216e+00 6.250000e+01
    endloop
  endfacet
  facet normal 9.734361e-01 -2.289501e-01 -2.023023e-03
    outer loop
      vertex   1.474460e+01 -2.756243e+00 5.500000e+01
      vertex   1.463695e+01 -3.280216e+00 6.250000e+01
      vertex   1.442738e+01 -4.104945e+00 5.500000e+01
    endloop
  endfacet
  facet normal 9.647250e-01 -2.632522e-01 1.992374e-03
    outer loop
      vertex   1.442738e+01 -4.104945e+00 5.500000e+01
      vertex   1.463695e+01 -3.280216e+00 6.250000e+01
      vertex   1.427434e+01 -4.609038e+00 6.250000e+01
    endloop
  endfacet
  facet normal 9.481587e-01 -3.177908e-01 -2.011344e-03
    outer loop
      vertex   1.442738e+01 -4.104945e+00 5.500000e+01
      vertex   1.427434e+01 -4.609038e+00 6.250000e+01
      vertex   1.398708e+01 -5.418625e+00 5.500000e+01
    endloop
  endfacet
  facet normal 9.365094e-01 -3.506369e-01 1.980403e-03
    outer loop
      vertex   1.398708e+01 -5.418625e+00 5.500000e+01
      vertex   1.427434e+01 -4.609038e+00 6.250000e+01
      vertex   1.379137e+01 -5.898995e+00 6.250000e+01
    endloop
  endfacet
  facet normal 9.147920e-01 -4.039202e-01 -1.999081e-03
    outer loop
      vertex   1.398708e+01 -5.418625e+00 5.500000e+01
      vertex   1.379137e+01 -5.898995e+00 6.250000e+01
      vertex   1.342745e+01 -6.686075e+00 5.500000e+01
    endloop
  endfacet
  facet normal 9.003970e-01 -4.350648e-01 1.967849e-03
    outer loop
      vertex   1.342745e+01 -6.686075e+00 5.500000e+01
      vertex   1.379137e+01 -5.898995e+00 6.250000e+01
      vertex   1.319211e+01 -7.139211e+00 6.250000e+01
    endloop
  endfacet
  facet normal 8.736207e-01 -4.866035e-01 -1.986235e-03
    outer loop
      vertex   1.342745e+01 -6.686075e+00 5.500000e+01
      vertex   1.319211e+01 -7.139211e+00 6.250000e+01
      vertex   1.275326e+01 -7.896482e+00 5.500000e+01
    endloop
  endfacet
  facet normal 8.566922e-01 -5.158243e-01 1.954710e-03
    outer loop
      vertex   1.275326e+01 -7.896482e+00 5.500000e+01
      vertex   1.319211e+01 -7.139211e+00 6.250000e+01
      vertex   1.248160e+01 -8.319227e+00 6.250000e+01
    endloop
  endfacet
  facet normal 8.249959e-01 -5.651353e-01 -1.972804e-03
    outer loop
      vertex   1.275326e+01 -7.896482e+00 5.500000e+01
      vertex   1.248160e+01 -8.319227e+00 6.250000e+01
      vertex   1.197026e+01 -9.039520e+00 5.500000e+01
    endloop
  endfacet
  facet normal 8.057636e-01 -5.922341e-01 1.940988e-03
    outer loop
      vertex   1.197026e+01 -9.039520e+00 5.500000e+01
      vertex   1.248160e+01 -8.319227e+00 6.250000e+01
      vertex   1.166586e+01 -9.429094e+00 6.250000e+01
    endloop
  endfacet
  facet normal 7.693325e-01 -6.388456e-01 -1.958790e-03
    outer loop
      vertex   1.197026e+01 -9.039520e+00 5.500000e+01
      vertex   1.166586e+01 -9.429094e+00 6.250000e+01
      vertex   1.108513e+01 -1.010543e+01 5.500000e+01
    endloop
  endfacet
  facet normal 7.480406e-01 -6.636502e-01 1.926681e-03
    outer loop
      vertex   1.108513e+01 -1.010543e+01 5.500000e+01
      vertex   1.166586e+01 -9.429094e+00 6.250000e+01
      vertex   1.075174e+01 -1.045945e+01 6.250000e+01
    endloop
  endfacet
  facet normal 7.071054e-01 -7.071054e-01 -1.944191e-03
    outer loop
      vertex   1.108513e+01 -1.010543e+01 5.500000e+01
      vertex   1.075174e+01 -1.045945e+01 6.250000e+01
      vertex   1.010543e+01 -1.108513e+01 5.500000e+01
    endloop
  endfacet
  facet normal 6.840100e-01 -7.294702e-01 1.911791e-03
    outer loop
      vertex   1.010543e+01 -1.108513e+01 5.500000e+01
      vertex   1.075174e+01 -1.045945e+01 6.250000e+01
      vertex   9.746958e+00 -1.140161e+01 6.250000e+01
    endloop
  endfacet
  facet normal 6.388456e-01 -7.693325e-01 -1.929009e-03
    outer loop
      vertex   1.010543e+01 -1.108513e+01 5.500000e+01
      vertex   9.746958e+00 -1.140161e+01 6.250000e+01
      vertex   9.039520e+00 -1.197026e+01 5.500000e+01
    endloop
  endfacet
  facet normal 6.142116e-01 -7.891391e-01 1.896317e-03
    outer loop
      vertex   9.039520e+00 -1.197026e+01 5.500000e+01
      vertex   9.746958e+00 -1.140161e+01 6.250000e+01
      vertex   8.659991e+00 -1.224763e+01 6.250000e+01
    endloop
  endfacet
  facet normal 5.651354e-01 -8.249960e-01 -1.913243e-03
    outer loop
      vertex   9.039520e+00 -1.197026e+01 5.500000e+01
      vertex   8.659991e+00 -1.224763e+01 6.250000e+01
      vertex   7.896482e+00 -1.275326e+01 5.500000e+01
    endloop
  endfacet
  facet normal 5.392341e-01 -8.421538e-01 1.880259e-03
    outer loop
      vertex   7.896482e+00 -1.275326e+01 5.500000e+01
      vertex   8.659991e+00 -1.224763e+01 6.250000e+01
      vertex   7.500000e+00 -1.299038e+01 6.250000e+01
    endloop
  endfacet
  facet normal 5.132769e-01 -8.582230e-01 0.000000e+00
    outer loop
      vertex   7.896482e+00 -1.275326e+01 5.500000e+01
      vertex   7.500000e+00 -1.299038e+01 6.250000e+01
      vertex   7.500000e+00 -1.299038e+01 5.697447e+01
    endloop
  endfacet
  facet normal 4.865918e-01 -8.735997e-01 -7.205143e-03
    outer loop
      vertex   7.896482e+00 -1.275326e+01 5.500000e+01
      vertex   7.500000e+00 -1.299038e+01 5.697447e+01
      vertex   6.686075e+00 -1.342745e+01 5.500000e+01
    endloop
  endfacet
  facet normal 4.715683e-01 -8.818292e-01 8.095776e-04
    outer loop
      vertex   6.686075e+00 -1.342745e+01 5.500000e+01
      vertex   7.500000e+00 -1.299038e+01 5.697447e+01
      vertex   6.634330e+00 -1.345309e+01 5.721060e+01
    endloop
  endfacet
  facet normal 4.125323e-01 -9.109425e-01 -9.100197e-04
    outer loop
      vertex   6.686075e+00 -1.342745e+01 5.500000e+01
      vertex   6.634330e+00 -1.345309e+01 5.721060e+01
      vertex   5.740251e+00 -1.385819e+01 5.741733e+01
    endloop
  endfacet
  facet normal 4.039160e-01 -9.147826e-01 -4.965551e-03
    outer loop
      vertex   6.686075e+00 -1.342745e+01 5.500000e+01
      vertex   5.740251e+00 -1.385819e+01 5.741733e+01
      vertex   5.418625e+00 -1.398708e+01 5.500000e+01
    endloop
  endfacet
  facet normal 3.527462e-01 -9.357144e-01 2.958692e-03
    outer loop
      vertex   5.418625e+00 -1.398708e+01 5.500000e+01
      vertex   5.740251e+00 -1.385819e+01 5.741733e+01
      vertex   4.821592e+00 -1.420395e+01 5.759377e+01
    endloop
  endfacet
  facet normal 3.177855e-01 -9.481428e-01 -6.127727e-03
    outer loop
      vertex   5.418625e+00 -1.398708e+01 5.500000e+01
      vertex   4.821592e+00 -1.420395e+01 5.759377e+01
      vertex   4.104945e+00 -1.442738e+01 5.500000e+01
    endloop
  endfacet
  facet normal 2.905869e-01 -9.568462e-01 2.136837e-03
    outer loop
      vertex   4.104945e+00 -1.442738e+01 5.500000e+01
      vertex   4.821592e+00 -1.420395e+01 5.759377e+01
      vertex   3.882286e+00 -1.448889e+01 5.773917e+01
    endloop
  endfacet
  facet normal 2.289493e-01 -9.734329e-01 -3.245914e-03
    outer loop
      vertex   4.104945e+00 -1.442738e+01 5.500000e+01
      vertex   3.882286e+00 -1.448889e+01 5.773917e+01
      vertex   2.756243e+00 -1.474460e+01 5.500000e+01
    endloop
  endfacet
  facet normal 2.268137e-01 -9.739354e-01 -2.321071e-03
    outer loop
      vertex   2.756243e+00 -1.474460e+01 5.500000e+01
      vertex   3.882286e+00 -1.448889e+01 5.773917e+01
      vertex   2.926355e+00 -1.471178e+01 5.785292e+01
    endloop
  endfacet
  facet normal 1.630288e-01 -9.866200e-01 1.628167e-03
    outer loop
      vertex   2.756243e+00 -1.474460e+01 5.500000e+01
      vertex   2.926355e+00 -1.471178e+01 5.785292e+01
      vertex   1.957893e+00 -1.487167e+01 5.793451e+01
    endloop
  endfacet
  facet normal 1.381544e-01 -9.903965e-01 -5.302577e-03
    outer loop
      vertex   2.756243e+00 -1.474460e+01 5.500000e+01
      vertex   1.957893e+00 -1.487167e+01 5.793451e+01
      vertex   1.384025e+00 -1.493601e+01 5.500000e+01
    endloop
  endfacet
  facet normal 9.814751e-02 -9.951684e-01 2.625715e-03
    outer loop
      vertex   1.384025e+00 -1.493601e+01 5.500000e+01
      vertex   1.957893e+00 -1.487167e+01 5.793451e+01
      vertex   9.810469e-01 -1.496788e+01 5.798361e+01
    endloop
  endfacet
  facet normal 4.618300e-02 -9.989232e-01 -4.432926e-03
    outer loop
      vertex   1.384025e+00 -1.493601e+01 5.500000e+01
      vertex   9.810469e-01 -1.496788e+01 5.798361e+01
      vertex   -9.184851e-16 -1.500000e+01 5.500000e+01
    endloop
  endfacet
  facet normal 3.271908e-02 -9.994646e-01 -2.818006e-17
    outer loop
      vertex   -9.184851e-16 -1.500000e+01 5.500000e+01
      vertex   9.810469e-01 -1.496788e+01 5.798361e+01
      vertex   1.665335e-15 -1.500000e+01 5.800000e+01
    endloop
  endfacet
  facet normal -3.271908e-02 -9.994646e-01 2.818006e-17
    outer loop
      vertex   -9.184851e-16 -1.500000e+01 5.500000e+01
      vertex   1.665335e-15 -1.500000e+01 5.800000e+01
      vertex   -9.810469e-01 -1.496788e+01 5.798361e+01
    endloop
  endfacet
  facet normal -4.618300e-02 -9.989232e-01 -4.432926e-03
    outer loop
      vertex   -9.184851e-16 -1.500000e+01 5.500000e+01
      vertex   -9.810469e-01 -1.496788e+01 5.798361e+01
      vertex   -1.384025e+00 -1.493601e+01 5.500000e+01
    endloop
  endfacet
  facet normal -9.814751e-02 -9.951684e-01 2.625715e-03
    outer loop
      vertex   -1.384025e+00 -1.493601e+01 5.500000e+01
      vertex   -9.810469e-01 -1.496788e+01 5.798361e+01
      vertex   -1.957893e+00 -1.487167e+01 5.793451e+01
    endloop
  endfacet
  facet normal -1.381544e-01 -9.903965e-01 -5.302577e-03
    outer loop
      vertex   -1.384025e+00 -1.493601e+01 5.500000e+01
      vertex   -1.957893e+00 -1.487167e+01 5.793451e+01
      vertex   -2.756243e+00 -1.474460e+01 5.500000e+01
    endloop
  endfacet
  facet normal -1.630288e-01 -9.866200e-01 1.628167e-03
    outer loop
      vertex   -2.756243e+00 -1.474460e+01 5.500000e+01
      vertex   -1.957893e+00 -1.487167e+01 5.793451e+01
      vertex   -2.926355e+00 -1.471178e+01 5.785292e+01
    endloop
  endfacet
  facet normal -2.268137e-01 -9.739354e-01 -2.321071e-03
    outer loop
      vertex   -2.756243e+00 -1.474460e+01 5.500000e+01
      vertex   -2.926355e+00 -1.471178e+01 5.785292e+01
      vertex   -3.882286e+00 -1.448889e+01 5.773917e+01
    endloop
  endfacet
  facet normal -2.289493e-01 -9.734329e-01 -3.245914e-03
    outer loop
      vertex   -2.756243e+00 -1.474460e+01 5.500000e+01
      vertex   -3.882286e+00 -1.448889e+01 5.773917e+01
      vertex   -4.104945e+00 -1.442738e+01 5.500000e+01
    endloop
  endfacet
  facet normal -2.905869e-01 -9.568462e-01 2.136837e-03
    outer loop
      vertex   -4.104945e+00 -1.442738e+01 5.500000e+01
      vertex   -3.882286e+00 -1.448889e+01 5.773917e+01
      vertex   -4.821592e+00 -1.420395e+01 5.759377e+01
    endloop
  endfacet
  facet normal -3.177855e-01 -9.481428e-01 -6.127727e-03
    outer loop
      vertex   -4.104945e+00 -1.442738e+01 5.500000e+01
      vertex   -4.821592e+00 -1.420395e+01 5.759377e+01
      vertex   -5.418625e+00 -1.398708e+01 5.500000e+01
    endloop
  endfacet
  facet normal -3.527462e-01 -9.357144e-01 2.958692e-03
    outer loop
      vertex   -5.418625e+00 -1.398708e+01 5.500000e+01
      vertex   -4.821592e+00 -1.420395e+01 5.759377e+01
      vertex   -5.740251e+00 -1.385819e+01 5.741733e+01
    endloop
  endfacet
  facet normal -4.039160e-01 -9.147826e-01 -4.965551e-03
    outer loop
      vertex   -5.418625e+00 -1.398708e+01 5.500000e+01
      vertex   -5.740251e+00 -1.385819e+01 5.741733e+01
      vertex   -6.686075e+00 -1.342745e+01 5.500000e+01
    endloop
  endfacet
  facet normal -4.125323e-01 -9.109425e-01 -9.100197e-04
    outer loop
      vertex   -6.686075e+00 -1.342745e+01 5.500000e+01
      vertex   -5.740251e+00 -1.385819e+01 5.741733e+01
      vertex   -6.634330e+00 -1.345309e+01 5.721060e+01
    endloop
  endfacet
  facet normal -4.715683e-01 -8.818292e-01 8.095776e-04
    outer loop
      vertex   -6.686075e+00 -1.342745e+01 5.500000e+01
      vertex   -6.634330e+00 -1.345309e+01 5.721060e+01
      vertex   -7.500000e+00 -1.299038e+01 5.697447e+01
    endloop
  endfacet
  facet normal -4.865918e-01 -8.735997e-01 -7.205143e-03
    outer loop
      vertex   -6.686075e+00 -1.342745e+01 5.500000e+01
      vertex   -7.500000e+00 -1.299038e+01 5.697447e+01
      vertex   -7.896482e+00 -1.275326e+01 5.500000e+01
    endloop
  endfacet
  facet normal 0.000000e+00 1.000000e+00 -0.000000e+00
    outer loop
      vertex   3.637000e+00 -3.772792e+01 1.135480e+02
      vertex   -3.637000e+00 -3.772792e+01 1.135480e+02
      vertex   3.700000e+00 -3.772792e+01 1.142279e+02
    endloop
  endfacet
  facet normal 0.000000e+00 1.000000e+00 0.000000e+00
    outer loop
      vertex   3.700000e+00 -3.772792e+01 1.142279e+02
      vertex   -3.637000e+00 -3.772792e+01 1.135480e+02
      vertex   -3.700000e+00 -3.772792e+01 1.142279e+02
    endloop
  endfacet
  facet normal 0.000000e+00 1.000000e+00 0.000000e+00
    outer loop
      vertex   3.700000e+00 -3.772792e+01 1.142279e+02
      vertex   -3.700000e+00 -3.772792e+01 1.142279e+02
      vertex   3.637000e+00 -3.772792e+01 1.149078e+02
    endloop
  endfacet
  facet normal 0.000000e+00 1.000000e+00 0.000000e+00
    outer loop
      vertex   3.637000e+00 -3.772792e+01 1.149078e+02
      vertex   -3.700000e+00 -3.772792e+01 1.142279e+02
      vertex   -3.637000e+00 -3.772792e+01 1.149078e+02
    endloop
  endfacet
  facet normal 0.000000e+00 1.000000e+00 0.000000e+00
    outer loop
      vertex   3.637000e+00 -3.772792e+01 1.149078e+02
      vertex   -3.637000e+00 -3.772792e+01 1.149078e+02
      vertex   3.450147e+00 -3.772792e+01 1.155645e+02
    endloop
  endfacet
  facet normal 0.000000e+00 1.000000e+00 0.000000e+00
    outer loop
      vertex   3.450147e+00 -3.772792e+01 1.155645e+02
      vertex   -3.637000e+00 -3.772792e+01 1.149078e+02
      vertex   -3.450147e+00 -3.772792e+01 1.155645e+02
    endloop
  endfacet
  facet normal 0.000000e+00 1.000000e+00 0.000000e+00
    outer loop
      vertex   3.450147e+00 -3.772792e+01 1.155645e+02
      vertex   -3.450147e+00 -3.772792e+01 1.155645e+02
      vertex   3.145803e+00 -3.772792e+01 1.161757e+02
    endloop
  endfacet
  facet normal 0.000000e+00 1.000000e+00 0.000000e+00
    outer loop
      vertex   3.145803e+00 -3.772792e+01 1.161757e+02
      vertex   -3.450147e+00 -3.772792e+01 1.155645e+02
      vertex   -3.145803e+00 -3.772792e+01 1.161757e+02
    endloop
  endfacet
  facet normal 0.000000e+00 1.000000e+00 0.000000e+00
    outer loop
      vertex   3.145803e+00 -3.772792e+01 1.161757e+02
      vertex   -3.145803e+00 -3.772792e+01 1.161757e+02
      vertex   2.734333e+00 -3.772792e+01 1.167206e+02
    endloop
  endfacet
  facet normal 0.000000e+00 1.000000e+00 0.000000e+00
    outer loop
      vertex   2.734333e+00 -3.772792e+01 1.167206e+02
      vertex   -3.145803e+00 -3.772792e+01 1.161757e+02
      vertex   -2.734333e+00 -3.772792e+01 1.167206e+02
    endloop
  endfacet
  facet normal 0.000000e+00 1.000000e+00 0.000000e+00
    outer loop
      vertex   2.734333e+00 -3.772792e+01 1.167206e+02
      vertex   -2.734333e+00 -3.772792e+01 1.167206e+02
      vertex   2.229748e+00 -3.772792e+01 1.171806e+02
    endloop
  endfacet
  facet normal 0.000000e+00 1.000000e+00 0.000000e+00
    outer loop
      vertex   2.229748e+00 -3.772792e+01 1.171806e+02
      vertex   -2.734333e+00 -3.772792e+01 1.167206e+02
      vertex   -2.229748e+00 -3.772792e+01 1.171806e+02
    endloop
  endfacet
  facet normal 0.000000e+00 1.000000e+00 0.000000e+00
    outer loop
      vertex   2.229748e+00 -3.772792e+01 1.171806e+02
      vertex   -2.229748e+00 -3.772792e+01 1.171806e+02
      vertex   1.649232e+00 -3.772792e+01 1.175400e+02
    endloop
  endfacet
  facet normal 0.000000e+00 1.000000e+00 0.000000e+00
    outer loop
      vertex   1.649232e+00 -3.772792e+01 1.175400e+02
      vertex   -2.229748e+00 -3.772792e+01 1.171806e+02
      vertex   -1.649232e+00 -3.772792e+01 1.175400e+02
    endloop
  endfacet
  facet normal 0.000000e+00 1.000000e+00 0.000000e+00
    outer loop
      vertex   1.649232e+00 -3.772792e+01 1.175400e+02
      vertex   -1.649232e+00 -3.772792e+01 1.175400e+02
      vertex   1.012553e+00 -3.772792e+01 1.177867e+02
    endloop
  endfacet
  facet normal 0.000000e+00 1.000000e+00 0.000000e+00
    outer loop
      vertex   1.012553e+00 -3.772792e+01 1.177867e+02
      vertex   -1.649232e+00 -3.772792e+01 1.175400e+02
      vertex   -1.012553e+00 -3.772792e+01 1.177867e+02
    endloop
  endfacet
  facet normal 0.000000e+00 1.000000e+00 0.000000e+00
    outer loop
      vertex   1.012553e+00 -3.772792e+01 1.177867e+02
      vertex   -1.012553e+00 -3.772792e+01 1.177867e+02
      vertex   3.413929e-01 -3.772792e+01 1.179121e+02
    endloop
  endfacet
  facet normal 0.000000e+00 1.000000e+00 0.000000e+00
    outer loop
      vertex   3.413929e-01 -3.772792e+01 1.179121e+02
      vertex   -1.012553e+00 -3.772792e+01 1.177867e+02
      vertex   -3.413929e-01 -3.772792e+01 1.179121e+02
    endloop
  endfacet
  facet normal -0.000000e+00 1.000000e+00 0.000000e+00
    outer loop
      vertex   -3.637000e+00 -3.772792e+01 1.135480e+02
      vertex   3.637000e+00 -3.772792e+01 1.135480e+02
      vertex   -3.450147e+00 -3.772792e+01 1.128913e+02
    endloop
  endfacet
  facet normal 0.000000e+00 1.000000e+00 0.000000e+00
    outer loop
      vertex   -3.450147e+00 -3.772792e+01 1.128913e+02
      vertex   3.637000e+00 -3.772792e+01 1.135480e+02
      vertex   3.450147e+00 -3.772792e+01 1.128913e+02
    endloop
  endfacet
  facet normal -0.000000e+00 1.000000e+00 0.000000e+00
    outer loop
      vertex   -3.450147e+00 -3.772792e+01 1.128913e+02
      vertex   3.450147e+00 -3.772792e+01 1.128913e+02
      vertex   -3.145803e+00 -3.772792e+01 1.122801e+02
    endloop
  endfacet
  facet normal 0.000000e+00 1.000000e+00 0.000000e+00
    outer loop
      vertex   -3.145803e+00 -3.772792e+01 1.122801e+02
      vertex   3.450147e+00 -3.772792e+01 1.128913e+02
      vertex   3.145803e+00 -3.772792e+01 1.122801e+02
    endloop
  endfacet
  facet normal -0.000000e+00 1.000000e+00 0.000000e+00
    outer loop
      vertex   -3.145803e+00 -3.772792e+01 1.122801e+02
      vertex   3.145803e+00 -3.772792e+01 1.122801e+02
      vertex   -2.734333e+00 -3.772792e+01 1.117352e+02
    endloop
  endfacet
  facet normal 0.000000e+00 1.000000e+00 0.000000e+00
    outer loop
      vertex   -2.734333e+00 -3.772792e+01 1.117352e+02
      vertex   3.145803e+00 -3.772792e+01 1.122801e+02
      vertex   2.734333e+00 -3.772792e+01 1.117352e+02
    endloop
  endfacet
  facet normal -0.000000e+00 1.000000e+00 0.000000e+00
    outer loop
      vertex   -2.734333e+00 -3.772792e+01 1.117352e+02
      vertex   2.734333e+00 -3.772792e+01 1.117352e+02
      vertex   -2.229748e+00 -3.772792e+01 1.112753e+02
    endloop
  endfacet
  facet normal 0.000000e+00 1.000000e+00 0.000000e+00
    outer loop
      vertex   -2.229748e+00 -3.772792e+01 1.112753e+02
      vertex   2.734333e+00 -3.772792e+01 1.117352e+02
      vertex   2.229748e+00 -3.772792e+01 1.112753e+02
    endloop
  endfacet
  facet normal -0.000000e+00 1.000000e+00 0.000000e+00
    outer loop
      vertex   -2.229748e+00 -3.772792e+01 1.112753e+02
      vertex   2.229748e+00 -3.772792e+01 1.112753e+02
      vertex   -1.649232e+00 -3.772792e+01 1.109158e+02
    endloop
  endfacet
  facet normal 0.000000e+00 1.000000e+00 0.000000e+00
    outer loop
      vertex   -1.649232e+00 -3.772792e+01 1.109158e+02
      vertex   2.229748e+00 -3.772792e+01 1.112753e+02
      vertex   1.649232e+00 -3.772792e+01 1.109158e+02
    endloop
  endfacet
  facet normal -0.000000e+00 1.000000e+00 0.000000e+00
    outer loop
      vertex   -1.649232e+00 -3.772792e+01 1.109158e+02
      vertex   1.649232e+00 -3.772792e+01 1.109158e+02
      vertex   -1.012553e+00 -3.772792e+01 1.106692e+02
    endloop
  endfacet
  facet normal 0.000000e+00 1.000000e+00 0.000000e+00
    outer loop
      vertex   -1.012553e+00 -3.772792e+01 1.106692e+02
      vertex   1.649232e+00 -3.772792e+01 1.109158e+02
      vertex   1.012553e+00 -3.772792e+01 1.106692e+02
    endloop
  endfacet
  facet normal -0.000000e+00 1.000000e+00 0.000000e+00
    outer loop
      vertex   -1.012553e+00 -3.772792e+01 1.106692e+02
      vertex   1.012553e+00 -3.772792e+01 1.106692e+02
      vertex   -3.413929e-01 -3.772792e+01 1.105437e+02
    endloop
  endfacet
  facet normal 0.000000e+00 1.000000e+00 0.000000e+00
    outer loop
      vertex   -3.413929e-01 -3.772792e+01 1.105437e+02
      vertex   1.012553e+00 -3.772792e+01 1.106692e+02
      vertex   3.413929e-01 -3.772792e+01 1.105437e+02
    endloop
  endfacet
  facet normal 9.957342e-01 0.000000e+00 9.226836e-02
    outer loop
      vertex   3.637000e+00 -3.772792e+01 1.149078e+02
      vertex   3.637000e+00 -4.422792e+01 1.149078e+02
      vertex   3.700000e+00 -3.772792e+01 1.142279e+02
    endloop
  endfacet
  facet normal 9.957342e-01 0.000000e+00 9.226836e-02
    outer loop
      vertex   3.700000e+00 -3.772792e+01 1.142279e+02
      vertex   3.637000e+00 -4.422792e+01 1.149078e+02
      vertex   3.700000e+00 -4.422792e+01 1.142279e+02
    endloop
  endfacet
  facet normal 9.957342e-01 0.000000e+00 -9.226836e-02
    outer loop
      vertex   3.700000e+00 -3.772792e+01 1.142279e+02
      vertex   3.700000e+00 -4.422792e+01 1.142279e+02
      vertex   3.637000e+00 -3.772792e+01 1.135480e+02
    endloop
  endfacet
  facet normal 9.957342e-01 0.000000e+00 -9.226836e-02
    outer loop
      vertex   3.637000e+00 -3.772792e+01 1.135480e+02
      vertex   3.700000e+00 -4.422792e+01 1.142279e+02
      vertex   3.637000e+00 -4.422792e+01 1.135480e+02
    endloop
  endfacet
  facet normal 9.618256e-01 0.000000e+00 -2.736630e-01
    outer loop
      vertex   3.637000e+00 -3.772792e+01 1.135480e+02
      vertex   3.637000e+00 -4.422792e+01 1.135480e+02
      vertex   3.450147e+00 -3.772792e+01 1.128913e+02
    endloop
  endfacet
  facet normal 9.618256e-01 0.000000e+00 -2.736630e-01
    outer loop
      vertex   3.450147e+00 -3.772792e+01 1.128913e+02
      vertex   3.637000e+00 -4.422792e+01 1.135480e+02
      vertex   3.450147e+00 -4.422792e+01 1.128913e+02
    endloop
  endfacet
  facet normal 8.951633e-01 0.000000e+00 -4.457384e-01
    outer loop
      vertex   3.450147e+00 -3.772792e+01 1.128913e+02
      vertex   3.450147e+00 -4.422792e+01 1.128913e+02
      vertex   3.145803e+00 -3.772792e+01 1.122801e+02
    endloop
  endfacet
  facet normal 8.951633e-01 0.000000e+00 -4.457384e-01
    outer loop
      vertex   3.145803e+00 -3.772792e+01 1.122801e+02
      vertex   3.450147e+00 -4.422792e+01 1.128913e+02
      vertex   3.145803e+00 -4.422792e+01 1.122801e+02
    endloop
  endfacet
  facet normal 7.980172e-01 0.000000e+00 -6.026346e-01
    outer loop
      vertex   3.145803e+00 -3.772792e+01 1.122801e+02
      vertex   3.145803e+00 -4.422792e+01 1.122801e+02
      vertex   2.734333e+00 -3.772792e+01 1.117352e+02
    endloop
  endfacet
  facet normal 7.980172e-01 0.000000e+00 -6.026346e-01
    outer loop
      vertex   2.734333e+00 -3.772792e+01 1.117352e+02
      vertex   3.145803e+00 -4.422792e+01 1.122801e+02
      vertex   2.734333e+00 -4.422792e+01 1.117352e+02
    endloop
  endfacet
  facet normal 6.736956e-01 0.000000e+00 -7.390089e-01
    outer loop
      vertex   2.734333e+00 -3.772792e+01 1.117352e+02
      vertex   2.734333e+00 -4.422792e+01 1.117352e+02
      vertex   2.229748e+00 -3.772792e+01 1.112753e+02
    endloop
  endfacet
  facet normal 6.736956e-01 0.000000e+00 -7.390089e-01
    outer loop
      vertex   2.229748e+00 -3.772792e+01 1.112753e+02
      vertex   2.734333e+00 -4.422792e+01 1.117352e+02
      vertex   2.229748e+00 -4.422792e+01 1.112753e+02
    endloop
  endfacet
  facet normal 5.264322e-01 0.000000e+00 -8.502171e-01
    outer loop
      vertex   2.229748e+00 -3.772792e+01 1.112753e+02
      vertex   2.229748e+00 -4.422792e+01 1.112753e+02
      vertex   1.649232e+00 -3.772792e+01 1.109158e+02
    endloop
  endfacet
  facet normal 5.264322e-01 0.000000e+00 -8.502171e-01
    outer loop
      vertex   1.649232e+00 -3.772792e+01 1.109158e+02
      vertex   2.229748e+00 -4.422792e+01 1.112753e+02
      vertex   1.649232e+00 -4.422792e+01 1.109158e+02
    endloop
  endfacet
  facet normal 3.612417e-01 0.000000e+00 -9.324722e-01
    outer loop
      vertex   1.649232e+00 -3.772792e+01 1.109158e+02
      vertex   1.649232e+00 -4.422792e+01 1.109158e+02
      vertex   1.012553e+00 -3.772792e+01 1.106692e+02
    endloop
  endfacet
  facet normal 3.612417e-01 0.000000e+00 -9.324722e-01
    outer loop
      vertex   1.012553e+00 -3.772792e+01 1.106692e+02
      vertex   1.649232e+00 -4.422792e+01 1.109158e+02
      vertex   1.012553e+00 -4.422792e+01 1.106692e+02
    endloop
  endfacet
  facet normal 1.837495e-01 0.000000e+00 -9.829731e-01
    outer loop
      vertex   1.012553e+00 -3.772792e+01 1.106692e+02
      vertex   1.012553e+00 -4.422792e+01 1.106692e+02
      vertex   3.413929e-01 -3.772792e+01 1.105437e+02
    endloop
  endfacet
  facet normal 1.837495e-01 0.000000e+00 -9.829731e-01
    outer loop
      vertex   3.413929e-01 -3.772792e+01 1.105437e+02
      vertex   1.012553e+00 -4.422792e+01 1.106692e+02
      vertex   3.413929e-01 -4.422792e+01 1.105437e+02
    endloop
  endfacet
  facet normal -0.000000e+00 -0.000000e+00 -1.000000e+00
    outer loop
      vertex   3.413929e-01 -3.772792e+01 1.105437e+02
      vertex   3.413929e-01 -4.422792e+01 1.105437e+02
      vertex   -3.413929e-01 -3.772792e+01 1.105437e+02
    endloop
  endfacet
  facet normal 0.000000e+00 0.000000e+00 -1.000000e+00
    outer loop
      vertex   -3.413929e-01 -3.772792e+01 1.105437e+02
      vertex   3.413929e-01 -4.422792e+01 1.105437e+02
      vertex   -3.413929e-01 -4.422792e+01 1.105437e+02
    endloop
  endfacet
  facet normal -1.837495e-01 -0.000000e+00 -9.829731e-01
    outer loop
      vertex   -3.413929e-01 -3.772792e+01 1.105437e+02
      vertex   -3.413929e-01 -4.422792e+01 1.105437e+02
      vertex   -1.012553e+00 -3.772792e+01 1.106692e+02
    endloop
  endfacet
  facet normal -1.837495e-01 -0.000000e+00 -9.829731e-01
    outer loop
      vertex   -1.012553e+00 -3.772792e+01 1.106692e+02
      vertex   -3.413929e-01 -4.422792e+01 1.105437e+02
      vertex   -1.012553e+00 -4.422792e+01 1.106692e+02
    endloop
  endfacet
  facet normal -3.612417e-01 -0.000000e+00 -9.324722e-01
    outer loop
      vertex   -1.012553e+00 -3.772792e+01 1.106692e+02
      vertex   -1.012553e+00 -4.422792e+01 1.106692e+02
      vertex   -1.649232e+00 -3.772792e+01 1.109158e+02
    endloop
  endfacet
  facet normal -3.612417e-01 -0.000000e+00 -9.324722e-01
    outer loop
      vertex   -1.649232e+00 -3.772792e+01 1.109158e+02
      vertex   -1.012553e+00 -4.422792e+01 1.106692e+02
      vertex   -1.649232e+00 -4.422792e+01 1.109158e+02
    endloop
  endfacet
  facet normal -5.264322e-01 -0.000000e+00 -8.502171e-01
    outer loop
      vertex   -1.649232e+00 -3.772792e+01 1.109158e+02
      vertex   -1.649232e+00 -4.422792e+01 1.109158e+02
      vertex   -2.229748e+00 -3.772792e+01 1.112753e+02
    endloop
  endfacet
  facet normal -5.264322e-01 -0.000000e+00 -8.502171e-01
    outer loop
      vertex   -2.229748e+00 -3.772792e+01 1.112753e+02
      vertex   -1.649232e+00 -4.422792e+01 1.109158e+02
      vertex   -2.229748e+00 -4.422792e+01 1.112753e+02
    endloop
  endfacet
  facet normal -6.736956e-01 -0.000000e+00 -7.390089e-01
    outer loop
      vertex   -2.229748e+00 -3.772792e+01 1.112753e+02
      vertex   -2.229748e+00 -4.422792e+01 1.112753e+02
      vertex   -2.734333e+00 -3.772792e+01 1.117352e+02
    endloop
  endfacet
  facet normal -6.736956e-01 -0.000000e+00 -7.390089e-01
    outer loop
      vertex   -2.734333e+00 -3.772792e+01 1.117352e+02
      vertex   -2.229748e+00 -4.422792e+01 1.112753e+02
      vertex   -2.734333e+00 -4.422792e+01 1.117352e+02
    endloop
  endfacet
  facet normal -7.980172e-01 -0.000000e+00 -6.026346e-01
    outer loop
      vertex   -2.734333e+00 -3.772792e+01 1.117352e+02
      vertex   -2.734333e+00 -4.422792e+01 1.117352e+02
      vertex   -3.145803e+00 -3.772792e+01 1.122801e+02
    endloop
  endfacet
  facet normal -7.980172e-01 -0.000000e+00 -6.026346e-01
    outer loop
      vertex   -3.145803e+00 -3.772792e+01 1.122801e+02
      vertex   -2.734333e+00 -4.422792e+01 1.117352e+02
      vertex   -3.145803e+00 -4.422792e+01 1.122801e+02
    endloop
  endfacet
  facet normal -8.951633e-01 -0.000000e+00 -4.457384e-01
    outer loop
      vertex   -3.145803e+00 -3.772792e+01 1.122801e+02
      vertex   -3.145803e+00 -4.422792e+01 1.122801e+02
      vertex   -3.450147e+00 -3.772792e+01 1.128913e+02
    endloop
  endfacet
  facet normal -8.951633e-01 -0.000000e+00 -4.457384e-01
    outer loop
      vertex   -3.450147e+00 -3.772792e+01 1.128913e+02
      vertex   -3.145803e+00 -4.422792e+01 1.122801e+02
      vertex   -3.450147e+00 -4.422792e+01 1.128913e+02
    endloop
  endfacet
  facet normal -9.618256e-01 -0.000000e+00 -2.736630e-01
    outer loop
      vertex   -3.450147e+00 -3.772792e+01 1.128913e+02
      vertex   -3.450147e+00 -4.422792e+01 1.128913e+02
      vertex   -3.637000e+00 -3.772792e+01 1.135480e+02
    endloop
  endfacet
  facet normal -9.618256e-01 -0.000000e+00 -2.736630e-01
    outer loop
      vertex   -3.637000e+00 -3.772792e+01 1.135480e+02
      vertex   -3.450147e+00 -4.422792e+01 1.128913e+02
      vertex   -3.637000e+00 -4.422792e+01 1.135480e+02
    endloop
  endfacet
  facet normal -9.957342e-01 -0.000000e+00 -9.226836e-02
    outer loop
      vertex   -3.637000e+00 -3.772792e+01 1.135480e+02
      vertex   -3.637000e+00 -4.422792e+01 1.135480e+02
      vertex   -3.700000e+00 -3.772792e+01 1.142279e+02
    endloop
  endfacet
  facet normal -9.957342e-01 -0.000000e+00 -9.226836e-02
    outer loop
      vertex   -3.700000e+00 -3.772792e+01 1.142279e+02
      vertex   -3.637000e+00 -4.422792e+01 1.135480e+02
      vertex   -3.700000e+00 -4.422792e+01 1.142279e+02
    endloop
  endfacet
  facet normal -9.957342e-01 0.000000e+00 9.226836e-02
    outer loop
      vertex   -3.700000e+00 -3.772792e+01 1.142279e+02
      vertex   -3.700000e+00 -4.422792e+01 1.142279e+02
      vertex   -3.637000e+00 -3.772792e+01 1.149078e+02
    endloop
  endfacet
  facet normal -9.957342e-01 0.000000e+00 9.226836e-02
    outer loop
      vertex   -3.637000e+00 -3.772792e+01 1.149078e+02
      vertex   -3.700000e+00 -4.422792e+01 1.142279e+02
      vertex   -3.637000e+00 -4.422792e+01 1.149078e+02
    endloop
  endfacet
  facet normal -9.618256e-01 0.000000e+00 2.736630e-01
    outer loop
      vertex   -3.637000e+00 -3.772792e+01 1.149078e+02
      vertex   -3.637000e+00 -4.422792e+01 1.149078e+02
      vertex   -3.450147e+00 -3.772792e+01 1.155645e+02
    endloop
  endfacet
  facet normal -9.618256e-01 0.000000e+00 2.736630e-01
    outer loop
      vertex   -3.450147e+00 -3.772792e+01 1.155645e+02
      vertex   -3.637000e+00 -4.422792e+01 1.149078e+02
      vertex   -3.450147e+00 -4.422792e+01 1.155645e+02
    endloop
  endfacet
  facet normal -8.951633e-01 0.000000e+00 4.457384e-01
    outer loop
      vertex   -3.450147e+00 -3.772792e+01 1.155645e+02
      vertex   -3.450147e+00 -4.422792e+01 1.155645e+02
      vertex   -3.145803e+00 -3.772792e+01 1.161757e+02
    endloop
  endfacet
  facet normal -8.951633e-01 0.000000e+00 4.457384e-01
    outer loop
      vertex   -3.145803e+00 -3.772792e+01 1.161757e+02
      vertex   -3.450147e+00 -4.422792e+01 1.155645e+02
      vertex   -3.145803e+00 -4.422792e+01 1.161757e+02
    endloop
  endfacet
  facet normal -7.980172e-01 0.000000e+00 6.026346e-01
    outer loop
      vertex   -3.145803e+00 -3.772792e+01 1.161757e+02
      vertex   -3.145803e+00 -4.422792e+01 1.161757e+02
      vertex   -2.734333e+00 -3.772792e+01 1.167206e+02
    endloop
  endfacet
  facet normal -7.980172e-01 0.000000e+00 6.026346e-01
    outer loop
      vertex   -2.734333e+00 -3.772792e+01 1.167206e+02
      vertex   -3.145803e+00 -4.422792e+01 1.161757e+02
      vertex   -2.734333e+00 -4.422792e+01 1.167206e+02
    endloop
  endfacet
  facet normal -6.736956e-01 0.000000e+00 7.390089e-01
    outer loop
      vertex   -2.734333e+00 -3.772792e+01 1.167206e+02
      vertex   -2.734333e+00 -4.422792e+01 1.167206e+02
      vertex   -2.229748e+00 -3.772792e+01 1.171806e+02
    endloop
  endfacet
  facet normal -6.736956e-01 0.000000e+00 7.390089e-01
    outer loop
      vertex   -2.229748e+00 -3.772792e+01 1.171806e+02
      vertex   -2.734333e+00 -4.422792e+01 1.167206e+02
      vertex   -2.229748e+00 -4.422792e+01 1.171806e+02
    endloop
  endfacet
  facet normal -5.264322e-01 0.000000e+00 8.502171e-01
    outer loop
      vertex   -2.229748e+00 -3.772792e+01 1.171806e+02
      vertex   -2.229748e+00 -4.422792e+01 1.171806e+02
      vertex   -1.649232e+00 -3.772792e+01 1.175400e+02
    endloop
  endfacet
  facet normal -5.264322e-01 0.000000e+00 8.502171e-01
    outer loop
      vertex   -1.649232e+00 -3.772792e+01 1.175400e+02
      vertex   -2.229748e+00 -4.422792e+01 1.171806e+02
      vertex   -1.649232e+00 -4.422792e+01 1.175400e+02
    endloop
  endfacet
  facet normal -3.612417e-01 0.000000e+00 9.324722e-01
    outer loop
      vertex   -1.649232e+00 -3.772792e+01 1.175400e+02
      vertex   -1.649232e+00 -4.422792e+01 1.175400e+02
      vertex   -1.012553e+00 -3.772792e+01 1.177867e+02
    endloop
  endfacet
  facet normal -3.612417e-01 0.000000e+00 9.324722e-01
    outer loop
      vertex   -1.012553e+00 -3.772792e+01 1.177867e+02
      vertex   -1.649232e+00 -4.422792e+01 1.175400e+02
      vertex   -1.012553e+00 -4.422792e+01 1.177867e+02
    endloop
  endfacet
  facet normal -1.837495e-01 0.000000e+00 9.829731e-01
    outer loop
      vertex   -1.012553e+00 -3.772792e+01 1.177867e+02
      vertex   -1.012553e+00 -4.422792e+01 1.177867e+02
      vertex   -3.413929e-01 -3.772792e+01 1.179121e+02
    endloop
  endfacet
  facet normal -1.837495e-01 0.000000e+00 9.829731e-01
    outer loop
      vertex   -3.413929e-01 -3.772792e+01 1.179121e+02
      vertex   -1.012553e+00 -4.422792e+01 1.177867e+02
      vertex   -3.413929e-01 -4.422792e+01 1.179121e+02
    endloop
  endfacet
  facet normal -0.000000e+00 0.000000e+00 1.000000e+00
    outer loop
      vertex   -3.413929e-01 -3.772792e+01 1.179121e+02
      vertex   -3.413929e-01 -4.422792e+01 1.179121e+02
      vertex   3.413929e-01 -3.772792e+01 1.179121e+02
    endloop
  endfacet
  facet normal 0.000000e+00 0.000000e+00 1.000000e+00
    outer loop
      vertex   3.413929e-01 -3.772792e+01 1.179121e+02
      vertex   -3.413929e-01 -4.422792e+01 1.179121e+02
      vertex   3.413929e-01 -4.422792e+01 1.179121e+02
    endloop
  endfacet
  facet normal 1.837495e-01 0.000000e+00 9.829731e-01
    outer loop
      vertex   3.413929e-01 -3.772792e+01 1.179121e+02
      vertex   3.413929e-01 -4.422792e+01 1.179121e+02
      vertex   1.012553e+00 -3.772792e+01 1.177867e+02
    endloop
  endfacet
  facet normal 1.837495e-01 0.000000e+00 9.829731e-01
    outer loop
      vertex   1.012553e+00 -3.772792e+01 1.177867e+02
      vertex   3.413929e-01 -4.422792e+01 1.179121e+02
      vertex   1.012553e+00 -4.422792e+01 1.177867e+02
    endloop
  endfacet
  facet normal 3.612417e-01 0.000000e+00 9.324722e-01
    outer loop
      vertex   1.012553e+00 -3.772792e+01 1.177867e+02
      vertex   1.012553e+00 -4.422792e+01 1.177867e+02
      vertex   1.649232e+00 -3.772792e+01 1.175400e+02
    endloop
  endfacet
  facet normal 3.612417e-01 0.000000e+00 9.324722e-01
    outer loop
      vertex   1.649232e+00 -3.772792e+01 1.175400e+02
      vertex   1.012553e+00 -4.422792e+01 1.177867e+02
      vertex   1.649232e+00 -4.422792e+01 1.175400e+02
    endloop
  endfacet
  facet normal 5.264322e-01 0.000000e+00 8.502171e-01
    outer loop
      vertex   1.649232e+00 -3.772792e+01 1.175400e+02
      vertex   1.649232e+00 -4.422792e+01 1.175400e+02
      vertex   2.229748e+00 -3.772792e+01 1.171806e+02
    endloop
  endfacet
  facet normal 5.264322e-01 0.000000e+00 8.502171e-01
    outer loop
      vertex   2.229748e+00 -3.772792e+01 1.171806e+02
      vertex   1.649232e+00 -4.422792e+01 1.175400e+02
      vertex   2.229748e+00 -4.422792e+01 1.171806e+02
    endloop
  endfacet
  facet normal 6.736956e-01 0.000000e+00 7.390089e-01
    outer loop
      vertex   2.229748e+00 -3.772792e+01 1.171806e+02
      vertex   2.229748e+00 -4.422792e+01 1.171806e+02
      vertex   2.734333e+00 -3.772792e+01 1.167206e+02
    endloop
  endfacet
  facet normal 6.736956e-01 0.000000e+00 7.390089e-01
    outer loop
      vertex   2.734333e+00 -3.772792e+01 1.167206e+02
      vertex   2.229748e+00 -4.422792e+01 1.171806e+02
      vertex   2.734333e+00 -4.422792e+01 1.167206e+02
    endloop
  endfacet
  facet normal 7.980172e-01 0.000000e+00 6.026346e-01
    outer loop
      vertex   2.734333e+00 -3.772792e+01 1.167206e+02
      vertex   2.734333e+00 -4.422792e+01 1.167206e+02
      vertex   3.145803e+00 -3.772792e+01 1.161757e+02
    endloop
  endfacet
  facet normal 7.980172e-01 0.000000e+00 6.026346e-01
    outer loop
      vertex   3.145803e+00 -3.772792e+01 1.161757e+02
      vertex   2.734333e+00 -4.422792e+01 1.167206e+02
      vertex   3.145803e+00 -4.422792e+01 1.161757e+02
    endloop
  endfacet
  facet normal 8.951633e-01 0.000000e+00 4.457384e-01
    outer loop
      vertex   3.145803e+00 -3.772792e+01 1.161757e+02
      vertex   3.145803e+00 -4.422792e+01 1.161757e+02
      vertex   3.450147e+00 -3.772792e+01 1.155645e+02
    endloop
  endfacet
  facet normal 8.951633e-01 0.000000e+00 4.457384e-01
    outer loop
      vertex   3.450147e+00 -3.772792e+01 1.155645e+02
      vertex   3.145803e+00 -4.422792e+01 1.161757e+02
      vertex   3.450147e+00 -4.422792e+01 1.155645e+02
    endloop
  endfacet
  facet normal 9.618256e-01 0.000000e+00 2.736630e-01
    outer loop
      vertex   3.450147e+00 -3.772792e+01 1.155645e+02
      vertex   3.450147e+00 -4.422792e+01 1.155645e+02
      vertex   3.637000e+00 -3.772792e+01 1.149078e+02
    endloop
  endfacet
  facet normal 9.618256e-01 0.000000e+00 2.736630e-01
    outer loop
      vertex   3.637000e+00 -3.772792e+01 1.149078e+02
      vertex   3.450147e+00 -4.422792e+01 1.155645e+02
      vertex   3.637000e+00 -4.422792e+01 1.149078e+02
    endloop
  endfacet
  facet normal -9.986741e-01 0.000000e+00 -5.147875e-02
    outer loop
      vertex   1.163799e+01 -4.422792e+01 1.154309e+02
      vertex   1.163799e+01 -4.272792e+01 1.154309e+02
      vertex   1.170000e+01 -4.422792e+01 1.142279e+02
    endloop
  endfacet
  facet normal -9.986741e-01 0.000000e+00 -5.147875e-02
    outer loop
      vertex   1.170000e+01 -4.422792e+01 1.142279e+02
      vertex   1.163799e+01 -4.272792e+01 1.154309e+02
      vertex   1.170000e+01 -4.272792e+01 1.142279e+02
    endloop
  endfacet
  facet normal -9.986741e-01 0.000000e+00 5.147875e-02
    outer loop
      vertex   1.170000e+01 -4.422792e+01 1.142279e+02
      vertex   1.170000e+01 -4.272792e+01 1.142279e+02
      vertex   1.163799e+01 -4.422792e+01 1.130249e+02
    endloop
  endfacet
  facet normal -9.986741e-01 0.000000e+00 5.147875e-02
    outer loop
      vertex   1.163799e+01 -4.422792e+01 1.130249e+02
      vertex   1.170000e+01 -4.272792e+01 1.142279e+02
      vertex   1.163799e+01 -4.272792e+01 1.130249e+02
    endloop
  endfacet
  facet normal -9.880879e-01 0.000000e+00 1.538906e-01
    outer loop
      vertex   1.163799e+01 -4.422792e+01 1.130249e+02
      vertex   1.163799e+01 -4.272792e+01 1.130249e+02
      vertex   1.145261e+01 -4.272792e+01 1.118347e+02
    endloop
  endfacet
  facet normal -9.880879e-01 0.000000e+00 -1.538906e-01
    outer loop
      vertex   1.163799e+01 -4.422792e+01 1.154309e+02
      vertex   1.145261e+01 -4.422792e+01 1.166212e+02
      vertex   1.163799e+01 -4.272792e+01 1.154309e+02
    endloop
  endfacet
  facet normal -9.880879e-01 0.000000e+00 -1.538906e-01
    outer loop
      vertex   1.163799e+01 -4.272792e+01 1.154309e+02
      vertex   1.145261e+01 -4.422792e+01 1.166212e+02
      vertex   1.145261e+01 -4.272792e+01 1.166212e+02
    endloop
  endfacet
  facet normal -9.670277e-01 -0.000000e+00 -2.546711e-01
    outer loop
      vertex   1.145261e+01 -4.272792e+01 1.166212e+02
      vertex   1.145261e+01 -4.422792e+01 1.166212e+02
      vertex   1.114583e+01 -4.422792e+01 1.177861e+02
    endloop
  endfacet
  facet normal -9.670277e-01 0.000000e+00 -2.546711e-01
    outer loop
      vertex   1.145261e+01 -4.272792e+01 1.166212e+02
      vertex   1.114583e+01 -4.422792e+01 1.177861e+02
      vertex   1.114583e+01 -4.272792e+01 1.177861e+02
    endloop
  endfacet
  facet normal -9.357168e-01 -0.000000e+00 -3.527521e-01
    outer loop
      vertex   1.114583e+01 -4.272792e+01 1.177861e+02
      vertex   1.114583e+01 -4.422792e+01 1.177861e+02
      vertex   1.072091e+01 -4.422792e+01 1.189132e+02
    endloop
  endfacet
  facet normal -9.357168e-01 0.000000e+00 -3.527521e-01
    outer loop
      vertex   1.114583e+01 -4.272792e+01 1.177861e+02
      vertex   1.072091e+01 -4.422792e+01 1.189132e+02
      vertex   1.072091e+01 -4.272792e+01 1.189132e+02
    endloop
  endfacet
  facet normal -8.944871e-01 -0.000000e+00 -4.470938e-01
    outer loop
      vertex   1.072091e+01 -4.272792e+01 1.189132e+02
      vertex   1.072091e+01 -4.422792e+01 1.189132e+02
      vertex   1.018234e+01 -4.422792e+01 1.199907e+02
    endloop
  endfacet
  facet normal -8.944871e-01 0.000000e+00 -4.470938e-01
    outer loop
      vertex   1.072091e+01 -4.272792e+01 1.189132e+02
      vertex   1.018234e+01 -4.422792e+01 1.199907e+02
      vertex   1.018234e+01 -4.272792e+01 1.199907e+02
    endloop
  endfacet
  facet normal -8.437756e-01 -0.000000e+00 -5.366962e-01
    outer loop
      vertex   1.018234e+01 -4.272792e+01 1.199907e+02
      vertex   1.018234e+01 -4.422792e+01 1.199907e+02
      vertex   9.535832e+00 -4.422792e+01 1.210071e+02
    endloop
  endfacet
  facet normal -8.437756e-01 0.000000e+00 -5.366962e-01
    outer loop
      vertex   1.018234e+01 -4.272792e+01 1.199907e+02
      vertex   9.535832e+00 -4.422792e+01 1.210071e+02
      vertex   9.535832e+00 -4.272792e+01 1.210071e+02
    endloop
  endfacet
  facet normal -7.841198e-01 -0.000000e+00 -6.206095e-01
    outer loop
      vertex   9.535832e+00 -4.272792e+01 1.210071e+02
      vertex   9.535832e+00 -4.422792e+01 1.210071e+02
      vertex   8.788244e+00 -4.422792e+01 1.219517e+02
    endloop
  endfacet
  facet normal -7.841198e-01 0.000000e+00 -6.206095e-01
    outer loop
      vertex   9.535832e+00 -4.272792e+01 1.210071e+02
      vertex   8.788244e+00 -4.422792e+01 1.219517e+02
      vertex   8.788244e+00 -4.272792e+01 1.219517e+02
    endloop
  endfacet
  facet normal -7.161522e-01 -0.000000e+00 -6.979442e-01
    outer loop
      vertex   8.788244e+00 -4.272792e+01 1.219517e+02
      vertex   8.788244e+00 -4.422792e+01 1.219517e+02
      vertex   7.947498e+00 -4.422792e+01 1.228144e+02
    endloop
  endfacet
  facet normal -7.161522e-01 0.000000e+00 -6.979442e-01
    outer loop
      vertex   8.788244e+00 -4.272792e+01 1.219517e+02
      vertex   7.947498e+00 -4.422792e+01 1.228144e+02
      vertex   7.947498e+00 -4.272792e+01 1.228144e+02
    endloop
  endfacet
  facet normal -6.405932e-01 -0.000000e+00 -7.678804e-01
    outer loop
      vertex   7.947498e+00 -4.272792e+01 1.228144e+02
      vertex   7.947498e+00 -4.422792e+01 1.228144e+02
      vertex   7.022507e+00 -4.422792e+01 1.235860e+02
    endloop
  endfacet
  facet normal -6.405932e-01 0.000000e+00 -7.678804e-01
    outer loop
      vertex   7.947498e+00 -4.272792e+01 1.228144e+02
      vertex   7.022507e+00 -4.422792e+01 1.235860e+02
      vertex   7.022507e+00 -4.272792e+01 1.235860e+02
    endloop
  endfacet
  facet normal -5.582437e-01 -0.000000e+00 -8.296770e-01
    outer loop
      vertex   7.022507e+00 -4.272792e+01 1.235860e+02
      vertex   7.022507e+00 -4.422792e+01 1.235860e+02
      vertex   6.023076e+00 -4.422792e+01 1.242585e+02
    endloop
  endfacet
  facet normal -5.582437e-01 0.000000e+00 -8.296770e-01
    outer loop
      vertex   7.022507e+00 -4.272792e+01 1.235860e+02
      vertex   6.023076e+00 -4.422792e+01 1.242585e+02
      vertex   6.023076e+00 -4.272792e+01 1.242585e+02
    endloop
  endfacet
  facet normal -4.699767e-01 -0.000000e+00 -8.826788e-01
    outer loop
      vertex   6.023076e+00 -4.272792e+01 1.242585e+02
      vertex   6.023076e+00 -4.422792e+01 1.242585e+02
      vertex   4.959798e+00 -4.422792e+01 1.248246e+02
    endloop
  endfacet
  facet normal -4.699767e-01 0.000000e+00 -8.826788e-01
    outer loop
      vertex   6.023076e+00 -4.272792e+01 1.242585e+02
      vertex   4.959798e+00 -4.422792e+01 1.248246e+02
      vertex   4.959798e+00 -4.272792e+01 1.248246e+02
    endloop
  endfacet
  facet normal -3.767279e-01 -0.000000e+00 -9.263240e-01
    outer loop
      vertex   4.959798e+00 -4.272792e+01 1.248246e+02
      vertex   4.959798e+00 -4.422792e+01 1.248246e+02
      vertex   3.843946e+00 -4.422792e+01 1.252784e+02
    endloop
  endfacet
  facet normal -3.767279e-01 0.000000e+00 -9.263240e-01
    outer loop
      vertex   4.959798e+00 -4.272792e+01 1.248246e+02
      vertex   3.843946e+00 -4.422792e+01 1.252784e+02
      vertex   3.843946e+00 -4.272792e+01 1.252784e+02
    endloop
  endfacet
  facet normal -2.794856e-01 -0.000000e+00 -9.601499e-01
    outer loop
      vertex   3.843946e+00 -4.272792e+01 1.252784e+02
      vertex   3.843946e+00 -4.422792e+01 1.252784e+02
      vertex   2.687347e+00 -4.422792e+01 1.256151e+02
    endloop
  endfacet
  facet normal -2.794856e-01 0.000000e+00 -9.601499e-01
    outer loop
      vertex   3.843946e+00 -4.272792e+01 1.252784e+02
      vertex   2.687347e+00 -4.422792e+01 1.256151e+02
      vertex   2.687347e+00 -4.272792e+01 1.256151e+02
    endloop
  endfacet
  facet normal -1.792808e-01 -0.000000e+00 -9.837980e-01
    outer loop
      vertex   2.687347e+00 -4.272792e+01 1.256151e+02
      vertex   2.687347e+00 -4.422792e+01 1.256151e+02
      vertex   1.502261e+00 -4.422792e+01 1.258311e+02
    endloop
  endfacet
  facet normal -1.792808e-01 0.000000e+00 -9.837980e-01
    outer loop
      vertex   2.687347e+00 -4.272792e+01 1.256151e+02
      vertex   1.502261e+00 -4.422792e+01 1.258311e+02
      vertex   1.502261e+00 -4.272792e+01 1.258311e+02
    endloop
  endfacet
  facet normal -7.717546e-02 -0.000000e+00 -9.970175e-01
    outer loop
      vertex   1.502261e+00 -4.272792e+01 1.258311e+02
      vertex   1.502261e+00 -4.422792e+01 1.258311e+02
      vertex   3.012506e-01 -4.422792e+01 1.259240e+02
    endloop
  endfacet
  facet normal -7.717546e-02 0.000000e+00 -9.970175e-01
    outer loop
      vertex   1.502261e+00 -4.272792e+01 1.258311e+02
      vertex   3.012506e-01 -4.422792e+01 1.259240e+02
      vertex   3.012506e-01 -4.272792e+01 1.259240e+02
    endloop
  endfacet
  facet normal 2.574791e-02 0.000000e+00 -9.996685e-01
    outer loop
      vertex   3.012506e-01 -4.272792e+01 1.259240e+02
      vertex   3.012506e-01 -4.422792e+01 1.259240e+02
      vertex   -9.029529e-01 -4.422792e+01 1.258930e+02
    endloop
  endfacet
  facet normal 2.574791e-02 0.000000e+00 -9.996685e-01
    outer loop
      vertex   3.012506e-01 -4.272792e+01 1.259240e+02
      vertex   -9.029529e-01 -4.422792e+01 1.258930e+02
      vertex   -9.029529e-01 -4.272792e+01 1.258930e+02
    endloop
  endfacet
  facet normal 1.283984e-01 0.000000e+00 -9.917227e-01
    outer loop
      vertex   -9.029529e-01 -4.272792e+01 1.258930e+02
      vertex   -9.029529e-01 -4.422792e+01 1.258930e+02
      vertex   -2.097585e+00 -4.422792e+01 1.257384e+02
    endloop
  endfacet
  facet normal 1.283984e-01 0.000000e+00 -9.917227e-01
    outer loop
      vertex   -9.029529e-01 -4.272792e+01 1.258930e+02
      vertex   -2.097585e+00 -4.422792e+01 1.257384e+02
      vertex   -2.097585e+00 -4.272792e+01 1.257384e+02
    endloop
  endfacet
  facet normal 2.296877e-01 0.000000e+00 -9.732644e-01
    outer loop
      vertex   -2.097585e+00 -4.272792e+01 1.257384e+02
      vertex   -2.097585e+00 -4.422792e+01 1.257384e+02
      vertex   -3.269982e+00 -4.422792e+01 1.254617e+02
    endloop
  endfacet
  facet normal 2.296877e-01 0.000000e+00 -9.732644e-01
    outer loop
      vertex   -2.097585e+00 -4.272792e+01 1.257384e+02
      vertex   -3.269982e+00 -4.422792e+01 1.254617e+02
      vertex   -3.269982e+00 -4.272792e+01 1.254617e+02
    endloop
  endfacet
  facet normal 3.285424e-01 0.000000e+00 -9.444892e-01
    outer loop
      vertex   -3.269982e+00 -4.272792e+01 1.254617e+02
      vertex   -3.269982e+00 -4.422792e+01 1.254617e+02
      vertex   -4.407716e+00 -4.422792e+01 1.250659e+02
    endloop
  endfacet
  facet normal 3.285424e-01 0.000000e+00 -9.444892e-01
    outer loop
      vertex   -3.269982e+00 -4.272792e+01 1.254617e+02
      vertex   -4.407716e+00 -4.422792e+01 1.250659e+02
      vertex   -4.407716e+00 -4.272792e+01 1.250659e+02
    endloop
  endfacet
  facet normal 4.239144e-01 0.000000e+00 -9.057023e-01
    outer loop
      vertex   -4.407716e+00 -4.272792e+01 1.250659e+02
      vertex   -4.407716e+00 -4.422792e+01 1.250659e+02
      vertex   -5.498728e+00 -4.422792e+01 1.245553e+02
    endloop
  endfacet
  facet normal 4.239144e-01 0.000000e+00 -9.057023e-01
    outer loop
      vertex   -4.407716e+00 -4.272792e+01 1.250659e+02
      vertex   -5.498728e+00 -4.422792e+01 1.245553e+02
      vertex   -5.498728e+00 -4.272792e+01 1.245553e+02
    endloop
  endfacet
  facet normal 5.147928e-01 0.000000e+00 -8.573146e-01
    outer loop
      vertex   -5.498728e+00 -4.272792e+01 1.245553e+02
      vertex   -5.498728e+00 -4.422792e+01 1.245553e+02
      vertex   -6.531452e+00 -4.422792e+01 1.239351e+02
    endloop
  endfacet
  facet normal 5.147928e-01 0.000000e+00 -8.573146e-01
    outer loop
      vertex   -5.498728e+00 -4.272792e+01 1.245553e+02
      vertex   -6.531452e+00 -4.422792e+01 1.239351e+02
      vertex   -6.531452e+00 -4.272792e+01 1.239351e+02
    endloop
  endfacet
  facet normal 6.002143e-01 0.000000e+00 -7.998392e-01
    outer loop
      vertex   -6.531452e+00 -4.272792e+01 1.239351e+02
      vertex   -6.531452e+00 -4.422792e+01 1.239351e+02
      vertex   -7.494940e+00 -4.422792e+01 1.232121e+02
    endloop
  endfacet
  facet normal 6.002143e-01 0.000000e+00 -7.998392e-01
    outer loop
      vertex   -6.531452e+00 -4.272792e+01 1.239351e+02
      vertex   -7.494940e+00 -4.422792e+01 1.232121e+02
      vertex   -7.494940e+00 -4.272792e+01 1.232121e+02
    endloop
  endfacet
  facet normal 6.792733e-01 0.000000e+00 -7.338854e-01
    outer loop
      vertex   -7.494940e+00 -4.272792e+01 1.232121e+02
      vertex   -7.494940e+00 -4.422792e+01 1.232121e+02
      vertex   -8.378981e+00 -4.422792e+01 1.223939e+02
    endloop
  endfacet
  facet normal 6.792733e-01 0.000000e+00 -7.338854e-01
    outer loop
      vertex   -7.494940e+00 -4.272792e+01 1.232121e+02
      vertex   -8.378981e+00 -4.422792e+01 1.223939e+02
      vertex   -8.378981e+00 -4.272792e+01 1.223939e+02
    endloop
  endfacet
  facet normal 7.511319e-01 0.000000e+00 -6.601521e-01
    outer loop
      vertex   -8.378981e+00 -4.272792e+01 1.223939e+02
      vertex   -8.378981e+00 -4.422792e+01 1.223939e+02
      vertex   -9.174202e+00 -4.422792e+01 1.214891e+02
    endloop
  endfacet
  facet normal 7.511319e-01 0.000000e+00 -6.601521e-01
    outer loop
      vertex   -8.378981e+00 -4.272792e+01 1.223939e+02
      vertex   -9.174202e+00 -4.422792e+01 1.214891e+02
      vertex   -9.174202e+00 -4.272792e+01 1.214891e+02
    endloop
  endfacet
  facet normal 8.150283e-01 0.000000e+00 -5.794211e-01
    outer loop
      vertex   -9.174202e+00 -4.272792e+01 1.214891e+02
      vertex   -9.174202e+00 -4.422792e+01 1.214891e+02
      vertex   -9.872174e+00 -4.422792e+01 1.205073e+02
    endloop
  endfacet
  facet normal 8.150283e-01 0.000000e+00 -5.794211e-01
    outer loop
      vertex   -9.174202e+00 -4.272792e+01 1.214891e+02
      vertex   -9.872174e+00 -4.422792e+01 1.205073e+02
      vertex   -9.872174e+00 -4.272792e+01 1.205073e+02
    endloop
  endfacet
  facet normal 8.702852e-01 0.000000e+00 -4.925481e-01
    outer loop
      vertex   -9.872174e+00 -4.272792e+01 1.205073e+02
      vertex   -9.872174e+00 -4.422792e+01 1.205073e+02
      vertex   -1.046550e+01 -4.422792e+01 1.194589e+02
    endloop
  endfacet
  facet normal 8.702852e-01 0.000000e+00 -4.925481e-01
    outer loop
      vertex   -9.872174e+00 -4.272792e+01 1.205073e+02
      vertex   -1.046550e+01 -4.422792e+01 1.194589e+02
      vertex   -1.046550e+01 -4.272792e+01 1.194589e+02
    endloop
  endfacet
  facet normal 9.163169e-01 0.000000e+00 -4.004539e-01
    outer loop
      vertex   -1.046550e+01 -4.272792e+01 1.194589e+02
      vertex   -1.046550e+01 -4.422792e+01 1.194589e+02
      vertex   -1.094789e+01 -4.422792e+01 1.183551e+02
    endloop
  endfacet
  facet normal 9.163169e-01 0.000000e+00 -4.004539e-01
    outer loop
      vertex   -1.046550e+01 -4.272792e+01 1.194589e+02
      vertex   -1.094789e+01 -4.422792e+01 1.183551e+02
      vertex   -1.094789e+01 -4.272792e+01 1.183551e+02
    endloop
  endfacet
  facet normal 9.526354e-01 0.000000e+00 -3.041148e-01
    outer loop
      vertex   -1.094789e+01 -4.272792e+01 1.183551e+02
      vertex   -1.094789e+01 -4.422792e+01 1.183551e+02
      vertex   -1.131422e+01 -4.422792e+01 1.172076e+02
    endloop
  endfacet
  facet normal 9.526354e-01 0.000000e+00 -3.041148e-01
    outer loop
      vertex   -1.094789e+01 -4.272792e+01 1.183551e+02
      vertex   -1.131422e+01 -4.422792e+01 1.172076e+02
      vertex   -1.131422e+01 -4.272792e+01 1.172076e+02
    endloop
  endfacet
  facet normal 9.788557e-01 0.000000e+00 -2.045521e-01
    outer loop
      vertex   -1.131422e+01 -4.272792e+01 1.172076e+02
      vertex   -1.131422e+01 -4.422792e+01 1.172076e+02
      vertex   -1.156063e+01 -4.422792e+01 1.160284e+02
    endloop
  endfacet
  facet normal 9.788557e-01 0.000000e+00 -2.045521e-01
    outer loop
      vertex   -1.131422e+01 -4.272792e+01 1.172076e+02
      vertex   -1.156063e+01 -4.422792e+01 1.160284e+02
      vertex   -1.156063e+01 -4.272792e+01 1.160284e+02
    endloop
  endfacet
  facet normal 9.946999e-01 0.000000e+00 -1.028210e-01
    outer loop
      vertex   -1.156063e+01 -4.272792e+01 1.160284e+02
      vertex   -1.156063e+01 -4.422792e+01 1.160284e+02
      vertex   -1.168449e+01 -4.422792e+01 1.148302e+02
    endloop
  endfacet
  facet normal 9.946999e-01 0.000000e+00 -1.028210e-01
    outer loop
      vertex   -1.156063e+01 -4.272792e+01 1.160284e+02
      vertex   -1.168449e+01 -4.422792e+01 1.148302e+02
      vertex   -1.168449e+01 -4.272792e+01 1.148302e+02
    endloop
  endfacet
  facet normal 1.000000e+00 0.000000e+00 0.000000e+00
    outer loop
      vertex   -1.168449e+01 -4.272792e+01 1.148302e+02
      vertex   -1.168449e+01 -4.422792e+01 1.148302e+02
      vertex   -1.168449e+01 -4.422792e+01 1.136256e+02
    endloop
  endfacet
  facet normal 1.000000e+00 0.000000e+00 0.000000e+00
    outer loop
      vertex   -1.168449e+01 -4.272792e+01 1.148302e+02
      vertex   -1.168449e+01 -4.422792e+01 1.136256e+02
      vertex   -1.168449e+01 -4.272792e+01 1.136256e+02
    endloop
  endfacet
  facet normal 9.946999e-01 0.000000e+00 1.028210e-01
    outer loop
      vertex   -1.168449e+01 -4.272792e+01 1.136256e+02
      vertex   -1.168449e+01 -4.422792e+01 1.136256e+02
      vertex   -1.156063e+01 -4.422792e+01 1.124274e+02
    endloop
  endfacet
  facet normal 9.946999e-01 0.000000e+00 1.028210e-01
    outer loop
      vertex   -1.168449e+01 -4.272792e+01 1.136256e+02
      vertex   -1.156063e+01 -4.422792e+01 1.124274e+02
      vertex   -1.156063e+01 -4.272792e+01 1.124274e+02
    endloop
  endfacet
  facet normal 9.788557e-01 0.000000e+00 2.045521e-01
    outer loop
      vertex   -1.156063e+01 -4.272792e+01 1.124274e+02
      vertex   -1.156063e+01 -4.422792e+01 1.124274e+02
      vertex   -1.131422e+01 -4.422792e+01 1.112483e+02
    endloop
  endfacet
  facet normal 9.788557e-01 0.000000e+00 2.045521e-01
    outer loop
      vertex   -1.156063e+01 -4.272792e+01 1.124274e+02
      vertex   -1.131422e+01 -4.422792e+01 1.112483e+02
      vertex   -1.131422e+01 -4.272792e+01 1.112483e+02
    endloop
  endfacet
  facet normal 9.526354e-01 0.000000e+00 3.041148e-01
    outer loop
      vertex   -1.131422e+01 -4.272792e+01 1.112483e+02
      vertex   -1.131422e+01 -4.422792e+01 1.112483e+02
      vertex   -1.094789e+01 -4.422792e+01 1.101007e+02
    endloop
  endfacet
  facet normal 9.526354e-01 0.000000e+00 3.041148e-01
    outer loop
      vertex   -1.131422e+01 -4.272792e+01 1.112483e+02
      vertex   -1.094789e+01 -4.422792e+01 1.101007e+02
      vertex   -1.094789e+01 -4.272792e+01 1.101007e+02
    endloop
  endfacet
  facet normal 9.163169e-01 0.000000e+00 4.004539e-01
    outer loop
      vertex   -1.094789e+01 -4.272792e+01 1.101007e+02
      vertex   -1.094789e+01 -4.422792e+01 1.101007e+02
      vertex   -1.046550e+01 -4.422792e+01 1.089969e+02
    endloop
  endfacet
  facet normal 9.163169e-01 0.000000e+00 4.004539e-01
    outer loop
      vertex   -1.094789e+01 -4.272792e+01 1.101007e+02
      vertex   -1.046550e+01 -4.422792e+01 1.089969e+02
      vertex   -1.046550e+01 -4.272792e+01 1.089969e+02
    endloop
  endfacet
  facet normal 8.702852e-01 0.000000e+00 4.925481e-01
    outer loop
      vertex   -1.046550e+01 -4.272792e+01 1.089969e+02
      vertex   -1.046550e+01 -4.422792e+01 1.089969e+02
      vertex   -9.872174e+00 -4.422792e+01 1.079486e+02
    endloop
  endfacet
  facet normal 8.702852e-01 0.000000e+00 4.925481e-01
    outer loop
      vertex   -1.046550e+01 -4.272792e+01 1.089969e+02
      vertex   -9.872174e+00 -4.422792e+01 1.079486e+02
      vertex   -9.872174e+00 -4.272792e+01 1.079486e+02
    endloop
  endfacet
  facet normal 8.150283e-01 0.000000e+00 5.794211e-01
    outer loop
      vertex   -9.872174e+00 -4.272792e+01 1.079486e+02
      vertex   -9.872174e+00 -4.422792e+01 1.079486e+02
      vertex   -9.174202e+00 -4.422792e+01 1.069668e+02
    endloop
  endfacet
  facet normal 8.150283e-01 0.000000e+00 5.794211e-01
    outer loop
      vertex   -9.872174e+00 -4.272792e+01 1.079486e+02
      vertex   -9.174202e+00 -4.422792e+01 1.069668e+02
      vertex   -9.174202e+00 -4.272792e+01 1.069668e+02
    endloop
  endfacet
  facet normal 7.511319e-01 0.000000e+00 6.601521e-01
    outer loop
      vertex   -9.174202e+00 -4.272792e+01 1.069668e+02
      vertex   -9.174202e+00 -4.422792e+01 1.069668e+02
      vertex   -8.378981e+00 -4.422792e+01 1.060620e+02
    endloop
  endfacet
  facet normal 7.511319e-01 0.000000e+00 6.601521e-01
    outer loop
      vertex   -9.174202e+00 -4.272792e+01 1.069668e+02
      vertex   -8.378981e+00 -4.422792e+01 1.060620e+02
      vertex   -8.378981e+00 -4.272792e+01 1.060620e+02
    endloop
  endfacet
  facet normal 6.792733e-01 0.000000e+00 7.338854e-01
    outer loop
      vertex   -8.378981e+00 -4.272792e+01 1.060620e+02
      vertex   -8.378981e+00 -4.422792e+01 1.060620e+02
      vertex   -7.494940e+00 -4.422792e+01 1.052437e+02
    endloop
  endfacet
  facet normal 6.792733e-01 0.000000e+00 7.338854e-01
    outer loop
      vertex   -8.378981e+00 -4.272792e+01 1.060620e+02
      vertex   -7.494940e+00 -4.422792e+01 1.052437e+02
      vertex   -7.494940e+00 -4.272792e+01 1.052437e+02
    endloop
  endfacet
  facet normal 6.002143e-01 0.000000e+00 7.998392e-01
    outer loop
      vertex   -7.494940e+00 -4.272792e+01 1.052437e+02
      vertex   -7.494940e+00 -4.422792e+01 1.052437e+02
      vertex   -6.531452e+00 -4.422792e+01 1.045207e+02
    endloop
  endfacet
  facet normal 6.002143e-01 0.000000e+00 7.998392e-01
    outer loop
      vertex   -7.494940e+00 -4.272792e+01 1.052437e+02
      vertex   -6.531452e+00 -4.422792e+01 1.045207e+02
      vertex   -6.531452e+00 -4.272792e+01 1.045207e+02
    endloop
  endfacet
  facet normal 5.147928e-01 0.000000e+00 8.573146e-01
    outer loop
      vertex   -6.531452e+00 -4.272792e+01 1.045207e+02
      vertex   -6.531452e+00 -4.422792e+01 1.045207e+02
      vertex   -5.498728e+00 -4.422792e+01 1.039006e+02
    endloop
  endfacet
  facet normal 5.147928e-01 0.000000e+00 8.573146e-01
    outer loop
      vertex   -6.531452e+00 -4.272792e+01 1.045207e+02
      vertex   -5.498728e+00 -4.422792e+01 1.039006e+02
      vertex   -5.498728e+00 -4.272792e+01 1.039006e+02
    endloop
  endfacet
  facet normal 4.239144e-01 0.000000e+00 9.057023e-01
    outer loop
      vertex   -5.498728e+00 -4.272792e+01 1.039006e+02
      vertex   -5.498728e+00 -4.422792e+01 1.039006e+02
      vertex   -4.407716e+00 -4.422792e+01 1.033899e+02
    endloop
  endfacet
  facet normal 4.239144e-01 0.000000e+00 9.057023e-01
    outer loop
      vertex   -5.498728e+00 -4.272792e+01 1.039006e+02
      vertex   -4.407716e+00 -4.422792e+01 1.033899e+02
      vertex   -4.407716e+00 -4.272792e+01 1.033899e+02
    endloop
  endfacet
  facet normal 3.285424e-01 0.000000e+00 9.444892e-01
    outer loop
      vertex   -4.407716e+00 -4.272792e+01 1.033899e+02
      vertex   -4.407716e+00 -4.422792e+01 1.033899e+02
      vertex   -3.269982e+00 -4.422792e+01 1.029942e+02
    endloop
  endfacet
  facet normal 3.285424e-01 0.000000e+00 9.444892e-01
    outer loop
      vertex   -4.407716e+00 -4.272792e+01 1.033899e+02
      vertex   -3.269982e+00 -4.422792e+01 1.029942e+02
      vertex   -3.269982e+00 -4.272792e+01 1.029942e+02
    endloop
  endfacet
  facet normal 2.296877e-01 0.000000e+00 9.732644e-01
    outer loop
      vertex   -3.269982e+00 -4.272792e+01 1.029942e+02
      vertex   -3.269982e+00 -4.422792e+01 1.029942e+02
      vertex   -2.097585e+00 -4.422792e+01 1.027175e+02
    endloop
  endfacet
  facet normal 2.296877e-01 0.000000e+00 9.732644e-01
    outer loop
      vertex   -3.269982e+00 -4.272792e+01 1.029942e+02
      vertex   -2.097585e+00 -4.422792e+01 1.027175e+02
      vertex   -2.097585e+00 -4.272792e+01 1.027175e+02
    endloop
  endfacet
  facet normal 1.283984e-01 0.000000e+00 9.917227e-01
    outer loop
      vertex   -2.097585e+00 -4.272792e+01 1.027175e+02
      vertex   -2.097585e+00 -4.422792e+01 1.027175e+02
      vertex   -9.029529e-01 -4.422792e+01 1.025628e+02
    endloop
  endfacet
  facet normal 1.283984e-01 0.000000e+00 9.917227e-01
    outer loop
      vertex   -2.097585e+00 -4.272792e+01 1.027175e+02
      vertex   -9.029529e-01 -4.422792e+01 1.025628e+02
      vertex   -9.029529e-01 -4.272792e+01 1.025628e+02
    endloop
  endfacet
  facet normal 2.574791e-02 0.000000e+00 9.996685e-01
    outer loop
      vertex   -9.029529e-01 -4.272792e+01 1.025628e+02
      vertex   -9.029529e-01 -4.422792e+01 1.025628e+02
      vertex   3.012506e-01 -4.422792e+01 1.025318e+02
    endloop
  endfacet
  facet normal 2.574791e-02 0.000000e+00 9.996685e-01
    outer loop
      vertex   -9.029529e-01 -4.272792e+01 1.025628e+02
      vertex   3.012506e-01 -4.422792e+01 1.025318e+02
      vertex   3.012506e-01 -4.272792e+01 1.025318e+02
    endloop
  endfacet
  facet normal -7.717546e-02 0.000000e+00 9.970175e-01
    outer loop
      vertex   3.012506e-01 -4.272792e+01 1.025318e+02
      vertex   3.012506e-01 -4.422792e+01 1.025318e+02
      vertex   1.502261e+00 -4.422792e+01 1.026248e+02
    endloop
  endfacet
  facet normal -7.717546e-02 0.000000e+00 9.970175e-01
    outer loop
      vertex   3.012506e-01 -4.272792e+01 1.025318e+02
      vertex   1.502261e+00 -4.422792e+01 1.026248e+02
      vertex   1.502261e+00 -4.272792e+01 1.026248e+02
    endloop
  endfacet
  facet normal -1.792808e-01 0.000000e+00 9.837980e-01
    outer loop
      vertex   1.502261e+00 -4.272792e+01 1.026248e+02
      vertex   1.502261e+00 -4.422792e+01 1.026248e+02
      vertex   2.687347e+00 -4.422792e+01 1.028407e+02
    endloop
  endfacet
  facet normal -1.792808e-01 0.000000e+00 9.837980e-01
    outer loop
      vertex   1.502261e+00 -4.272792e+01 1.026248e+02
      vertex   2.687347e+00 -4.422792e+01 1.028407e+02
      vertex   2.687347e+00 -4.272792e+01 1.028407e+02
    endloop
  endfacet
  facet normal -2.794856e-01 0.000000e+00 9.601499e-01
    outer loop
      vertex   2.687347e+00 -4.272792e+01 1.028407e+02
      vertex   2.687347e+00 -4.422792e+01 1.028407e+02
      vertex   3.843946e+00 -4.422792e+01 1.031774e+02
    endloop
  endfacet
  facet normal -2.794856e-01 0.000000e+00 9.601499e-01
    outer loop
      vertex   2.687347e+00 -4.272792e+01 1.028407e+02
      vertex   3.843946e+00 -4.422792e+01 1.031774e+02
      vertex   3.843946e+00 -4.272792e+01 1.031774e+02
    endloop
  endfacet
  facet normal -3.767279e-01 0.000000e+00 9.263240e-01
    outer loop
      vertex   3.843946e+00 -4.272792e+01 1.031774e+02
      vertex   3.843946e+00 -4.422792e+01 1.031774e+02
      vertex   4.959798e+00 -4.422792e+01 1.036312e+02
    endloop
  endfacet
  facet normal -3.767279e-01 0.000000e+00 9.263240e-01
    outer loop
      vertex   3.843946e+00 -4.272792e+01 1.031774e+02
      vertex   4.959798e+00 -4.422792e+01 1.036312e+02
      vertex   4.959798e+00 -4.272792e+01 1.036312e+02
    endloop
  endfacet
  facet normal -4.699767e-01 0.000000e+00 8.826788e-01
    outer loop
      vertex   4.959798e+00 -4.272792e+01 1.036312e+02
      vertex   4.959798e+00 -4.422792e+01 1.036312e+02
      vertex   6.023076e+00 -4.422792e+01 1.041973e+02
    endloop
  endfacet
  facet normal -4.699767e-01 0.000000e+00 8.826788e-01
    outer loop
      vertex   4.959798e+00 -4.272792e+01 1.036312e+02
      vertex   6.023076e+00 -4.422792e+01 1.041973e+02
      vertex   6.023076e+00 -4.272792e+01 1.041973e+02
    endloop
  endfacet
  facet normal -5.582437e-01 0.000000e+00 8.296770e-01
    outer loop
      vertex   6.023076e+00 -4.272792e+01 1.041973e+02
      vertex   6.023076e+00 -4.422792e+01 1.041973e+02
      vertex   7.022507e+00 -4.422792e+01 1.048698e+02
    endloop
  endfacet
  facet normal -5.582437e-01 0.000000e+00 8.296770e-01
    outer loop
      vertex   6.023076e+00 -4.272792e+01 1.041973e+02
      vertex   7.022507e+00 -4.422792e+01 1.048698e+02
      vertex   7.022507e+00 -4.272792e+01 1.048698e+02
    endloop
  endfacet
  facet normal -6.405932e-01 0.000000e+00 7.678804e-01
    outer loop
      vertex   7.022507e+00 -4.272792e+01 1.048698e+02
      vertex   7.022507e+00 -4.422792e+01 1.048698e+02
      vertex   7.947498e+00 -4.422792e+01 1.056415e+02
    endloop
  endfacet
  facet normal -6.405932e-01 0.000000e+00 7.678804e-01
    outer loop
      vertex   7.022507e+00 -4.272792e+01 1.048698e+02
      vertex   7.947498e+00 -4.422792e+01 1.056415e+02
      vertex   7.947498e+00 -4.272792e+01 1.056415e+02
    endloop
  endfacet
  facet normal -7.161522e-01 0.000000e+00 6.979442e-01
    outer loop
      vertex   7.947498e+00 -4.272792e+01 1.056415e+02
      vertex   7.947498e+00 -4.422792e+01 1.056415e+02
      vertex   8.788244e+00 -4.422792e+01 1.065041e+02
    endloop
  endfacet
  facet normal -7.161522e-01 0.000000e+00 6.979442e-01
    outer loop
      vertex   7.947498e+00 -4.272792e+01 1.056415e+02
      vertex   8.788244e+00 -4.422792e+01 1.065041e+02
      vertex   8.788244e+00 -4.272792e+01 1.065041e+02
    endloop
  endfacet
  facet normal -7.841198e-01 0.000000e+00 6.206095e-01
    outer loop
      vertex   8.788244e+00 -4.272792e+01 1.065041e+02
      vertex   8.788244e+00 -4.422792e+01 1.065041e+02
      vertex   9.535832e+00 -4.422792e+01 1.074487e+02
    endloop
  endfacet
  facet normal -7.841198e-01 0.000000e+00 6.206095e-01
    outer loop
      vertex   8.788244e+00 -4.272792e+01 1.065041e+02
      vertex   9.535832e+00 -4.422792e+01 1.074487e+02
      vertex   9.535832e+00 -4.272792e+01 1.074487e+02
    endloop
  endfacet
  facet normal -8.437756e-01 0.000000e+00 5.366962e-01
    outer loop
      vertex   9.535832e+00 -4.272792e+01 1.074487e+02
      vertex   9.535832e+00 -4.422792e+01 1.074487e+02
      vertex   1.018234e+01 -4.422792e+01 1.084651e+02
    endloop
  endfacet
  facet normal -8.437756e-01 0.000000e+00 5.366962e-01
    outer loop
      vertex   9.535832e+00 -4.272792e+01 1.074487e+02
      vertex   1.018234e+01 -4.422792e+01 1.084651e+02
      vertex   1.018234e+01 -4.272792e+01 1.084651e+02
    endloop
  endfacet
  facet normal -8.944871e-01 0.000000e+00 4.470938e-01
    outer loop
      vertex   1.018234e+01 -4.272792e+01 1.084651e+02
      vertex   1.018234e+01 -4.422792e+01 1.084651e+02
      vertex   1.072091e+01 -4.422792e+01 1.095426e+02
    endloop
  endfacet
  facet normal -8.944871e-01 0.000000e+00 4.470938e-01
    outer loop
      vertex   1.018234e+01 -4.272792e+01 1.084651e+02
      vertex   1.072091e+01 -4.422792e+01 1.095426e+02
      vertex   1.072091e+01 -4.272792e+01 1.095426e+02
    endloop
  endfacet
  facet normal -9.357168e-01 0.000000e+00 3.527521e-01
    outer loop
      vertex   1.072091e+01 -4.272792e+01 1.095426e+02
      vertex   1.072091e+01 -4.422792e+01 1.095426e+02
      vertex   1.114583e+01 -4.422792e+01 1.106698e+02
    endloop
  endfacet
  facet normal -9.357168e-01 0.000000e+00 3.527521e-01
    outer loop
      vertex   1.072091e+01 -4.272792e+01 1.095426e+02
      vertex   1.114583e+01 -4.422792e+01 1.106698e+02
      vertex   1.114583e+01 -4.272792e+01 1.106698e+02
    endloop
  endfacet
  facet normal -9.670277e-01 0.000000e+00 2.546711e-01
    outer loop
      vertex   1.114583e+01 -4.272792e+01 1.106698e+02
      vertex   1.114583e+01 -4.422792e+01 1.106698e+02
      vertex   1.145261e+01 -4.422792e+01 1.118347e+02
    endloop
  endfacet
  facet normal -9.670277e-01 0.000000e+00 2.546711e-01
    outer loop
      vertex   1.114583e+01 -4.272792e+01 1.106698e+02
      vertex   1.145261e+01 -4.422792e+01 1.118347e+02
      vertex   1.145261e+01 -4.272792e+01 1.118347e+02
    endloop
  endfacet
  facet normal -9.880879e-01 0.000000e+00 1.538906e-01
    outer loop
      vertex   1.145261e+01 -4.272792e+01 1.118347e+02
      vertex   1.145261e+01 -4.422792e+01 1.118347e+02
      vertex   1.163799e+01 -4.422792e+01 1.130249e+02
    endloop
  endfacet
  facet normal -0.000000e+00 1.000000e+00 0.000000e+00
    outer loop
      vertex   3.637000e+00 -4.422792e+01 1.149078e+02
      vertex   1.163799e+01 -4.422792e+01 1.154309e+02
      vertex   3.700000e+00 -4.422792e+01 1.142279e+02
    endloop
  endfacet
  facet normal 0.000000e+00 1.000000e+00 0.000000e+00
    outer loop
      vertex   3.700000e+00 -4.422792e+01 1.142279e+02
      vertex   1.163799e+01 -4.422792e+01 1.154309e+02
      vertex   1.170000e+01 -4.422792e+01 1.142279e+02
    endloop
  endfacet
  facet normal -0.000000e+00 1.000000e+00 0.000000e+00
    outer loop
      vertex   3.700000e+00 -4.422792e+01 1.142279e+02
      vertex   1.170000e+01 -4.422792e+01 1.142279e+02
      vertex   1.163799e+01 -4.422792e+01 1.130249e+02
    endloop
  endfacet
  facet normal -0.000000e+00 1.000000e+00 0.000000e+00
    outer loop
      vertex   3.450147e+00 -4.422792e+01 1.155645e+02
      vertex   1.114583e+01 -4.422792e+01 1.177861e+02
      vertex   3.637000e+00 -4.422792e+01 1.149078e+02
    endloop
  endfacet
  facet normal 0.000000e+00 1.000000e+00 0.000000e+00
    outer loop
      vertex   3.637000e+00 -4.422792e+01 1.149078e+02
      vertex   1.114583e+01 -4.422792e+01 1.177861e+02
      vertex   1.145261e+01 -4.422792e+01 1.166212e+02
    endloop
  endfacet
  facet normal 0.000000e+00 1.000000e+00 0.000000e+00
    outer loop
      vertex   3.637000e+00 -4.422792e+01 1.149078e+02
      vertex   1.145261e+01 -4.422792e+01 1.166212e+02
      vertex   1.163799e+01 -4.422792e+01 1.154309e+02
    endloop
  endfacet
  facet normal 0.000000e+00 1.000000e+00 0.000000e+00
    outer loop
      vertex   1.114583e+01 -4.422792e+01 1.177861e+02
      vertex   3.450147e+00 -4.422792e+01 1.155645e+02
      vertex   1.072091e+01 -4.422792e+01 1.189132e+02
    endloop
  endfacet
  facet normal 0.000000e+00 1.000000e+00 0.000000e+00
    outer loop
      vertex   1.072091e+01 -4.422792e+01 1.189132e+02
      vertex   3.450147e+00 -4.422792e+01 1.155645e+02
      vertex   3.145803e+00 -4.422792e+01 1.161757e+02
    endloop
  endfacet
  facet normal 0.000000e+00 1.000000e+00 0.000000e+00
    outer loop
      vertex   1.072091e+01 -4.422792e+01 1.189132e+02
      vertex   3.145803e+00 -4.422792e+01 1.161757e+02
      vertex   1.018234e+01 -4.422792e+01 1.199907e+02
    endloop
  endfacet
  facet normal 0.000000e+00 1.000000e+00 0.000000e+00
    outer loop
      vertex   1.018234e+01 -4.422792e+01 1.199907e+02
      vertex   3.145803e+00 -4.422792e+01 1.161757e+02
      vertex   9.535832e+00 -4.422792e+01 1.210071e+02
    endloop
  endfacet
  facet normal 0.000000e+00 1.000000e+00 0.000000e+00
    outer loop
      vertex   9.535832e+00 -4.422792e+01 1.210071e+02
      vertex   3.145803e+00 -4.422792e+01 1.161757e+02
      vertex   2.734333e+00 -4.422792e+01 1.167206e+02
    endloop
  endfacet
  facet normal 0.000000e+00 1.000000e+00 0.000000e+00
    outer loop
      vertex   9.535832e+00 -4.422792e+01 1.210071e+02
      vertex   2.734333e+00 -4.422792e+01 1.167206e+02
      vertex   8.788244e+00 -4.422792e+01 1.219517e+02
    endloop
  endfacet
  facet normal 0.000000e+00 1.000000e+00 0.000000e+00
    outer loop
      vertex   8.788244e+00 -4.422792e+01 1.219517e+02
      vertex   2.734333e+00 -4.422792e+01 1.167206e+02
      vertex   7.947498e+00 -4.422792e+01 1.228144e+02
    endloop
  endfacet
  facet normal 0.000000e+00 1.000000e+00 0.000000e+00
    outer loop
      vertex   7.947498e+00 -4.422792e+01 1.228144e+02
      vertex   2.734333e+00 -4.422792e+01 1.167206e+02
      vertex   2.229748e+00 -4.422792e+01 1.171806e+02
    endloop
  endfacet
  facet normal 0.000000e+00 1.000000e+00 0.000000e+00
    outer loop
      vertex   7.947498e+00 -4.422792e+01 1.228144e+02
      vertex   2.229748e+00 -4.422792e+01 1.171806e+02
      vertex   7.022507e+00 -4.422792e+01 1.235860e+02
    endloop
  endfacet
  facet normal 0.000000e+00 1.000000e+00 0.000000e+00
    outer loop
      vertex   7.022507e+00 -4.422792e+01 1.235860e+02
      vertex   2.229748e+00 -4.422792e+01 1.171806e+02
      vertex   6.023076e+00 -4.422792e+01 1.242585e+02
    endloop
  endfacet
  facet normal 0.000000e+00 1.000000e+00 0.000000e+00
    outer loop
      vertex   6.023076e+00 -4.422792e+01 1.242585e+02
      vertex   2.229748e+00 -4.422792e+01 1.171806e+02
      vertex   1.649232e+00 -4.422792e+01 1.175400e+02
    endloop
  endfacet
  facet normal 0.000000e+00 1.000000e+00 0.000000e+00
    outer loop
      vertex   6.023076e+00 -4.422792e+01 1.242585e+02
      vertex   1.649232e+00 -4.422792e+01 1.175400e+02
      vertex   4.959798e+00 -4.422792e+01 1.248246e+02
    endloop
  endfacet
  facet normal 0.000000e+00 1.000000e+00 0.000000e+00
    outer loop
      vertex   4.959798e+00 -4.422792e+01 1.248246e+02
      vertex   1.649232e+00 -4.422792e+01 1.175400e+02
      vertex   3.843946e+00 -4.422792e+01 1.252784e+02
    endloop
  endfacet
  facet normal 0.000000e+00 1.000000e+00 0.000000e+00
    outer loop
      vertex   3.843946e+00 -4.422792e+01 1.252784e+02
      vertex   1.649232e+00 -4.422792e+01 1.175400e+02
      vertex   1.012553e+00 -4.422792e+01 1.177867e+02
    endloop
  endfacet
  facet normal 0.000000e+00 1.000000e+00 0.000000e+00
    outer loop
      vertex   3.843946e+00 -4.422792e+01 1.252784e+02
      vertex   1.012553e+00 -4.422792e+01 1.177867e+02
      vertex   2.687347e+00 -4.422792e+01 1.256151e+02
    endloop
  endfacet
  facet normal 0.000000e+00 1.000000e+00 0.000000e+00
    outer loop
      vertex   2.687347e+00 -4.422792e+01 1.256151e+02
      vertex   1.012553e+00 -4.422792e+01 1.177867e+02
      vertex   3.413929e-01 -4.422792e+01 1.179121e+02
    endloop
  endfacet
  facet normal 0.000000e+00 1.000000e+00 0.000000e+00
    outer loop
      vertex   2.687347e+00 -4.422792e+01 1.256151e+02
      vertex   3.413929e-01 -4.422792e+01 1.179121e+02
      vertex   1.502261e+00 -4.422792e+01 1.258311e+02
    endloop
  endfacet
  facet normal 0.000000e+00 1.000000e+00 0.000000e+00
    outer loop
      vertex   1.502261e+00 -4.422792e+01 1.258311e+02
      vertex   3.413929e-01 -4.422792e+01 1.179121e+02
      vertex   3.012506e-01 -4.422792e+01 1.259240e+02
    endloop
  endfacet
  facet normal 0.000000e+00 1.000000e+00 0.000000e+00
    outer loop
      vertex   3.012506e-01 -4.422792e+01 1.259240e+02
      vertex   3.413929e-01 -4.422792e+01 1.179121e+02
      vertex   -3.413929e-01 -4.422792e+01 1.179121e+02
    endloop
  endfacet
  facet normal 0.000000e+00 1.000000e+00 0.000000e+00
    outer loop
      vertex   3.012506e-01 -4.422792e+01 1.259240e+02
      vertex   -3.413929e-01 -4.422792e+01 1.179121e+02
      vertex   -9.029529e-01 -4.422792e+01 1.258930e+02
    endloop
  endfacet
  facet normal 0.000000e+00 1.000000e+00 0.000000e+00
    outer loop
      vertex   -9.029529e-01 -4.422792e+01 1.258930e+02
      vertex   -3.413929e-01 -4.422792e+01 1.179121e+02
      vertex   -2.097585e+00 -4.422792e+01 1.257384e+02
    endloop
  endfacet
  facet normal 0.000000e+00 1.000000e+00 0.000000e+00
    outer loop
      vertex   -2.097585e+00 -4.422792e+01 1.257384e+02
      vertex   -3.413929e-01 -4.422792e+01 1.179121e+02
      vertex   -1.012553e+00 -4.422792e+01 1.177867e+02
    endloop
  endfacet
  facet normal 0.000000e+00 1.000000e+00 0.000000e+00
    outer loop
      vertex   -2.097585e+00 -4.422792e+01 1.257384e+02
      vertex   -1.012553e+00 -4.422792e+01 1.177867e+02
      vertex   -3.269982e+00 -4.422792e+01 1.254617e+02
    endloop
  endfacet
  facet normal 0.000000e+00 1.000000e+00 0.000000e+00
    outer loop
      vertex   -3.269982e+00 -4.422792e+01 1.254617e+02
      vertex   -1.012553e+00 -4.422792e+01 1.177867e+02
      vertex   -4.407716e+00 -4.422792e+01 1.250659e+02
    endloop
  endfacet
  facet normal 0.000000e+00 1.000000e+00 0.000000e+00
    outer loop
      vertex   -4.407716e+00 -4.422792e+01 1.250659e+02
      vertex   -1.012553e+00 -4.422792e+01 1.177867e+02
      vertex   -1.649232e+00 -4.422792e+01 1.175400e+02
    endloop
  endfacet
  facet normal 0.000000e+00 1.000000e+00 0.000000e+00
    outer loop
      vertex   -4.407716e+00 -4.422792e+01 1.250659e+02
      vertex   -1.649232e+00 -4.422792e+01 1.175400e+02
      vertex   -5.498728e+00 -4.422792e+01 1.245553e+02
    endloop
  endfacet
  facet normal 0.000000e+00 1.000000e+00 0.000000e+00
    outer loop
      vertex   -5.498728e+00 -4.422792e+01 1.245553e+02
      vertex   -1.649232e+00 -4.422792e+01 1.175400e+02
      vertex   -6.531452e+00 -4.422792e+01 1.239351e+02
    endloop
  endfacet
  facet normal 0.000000e+00 1.000000e+00 0.000000e+00
    outer loop
      vertex   -6.531452e+00 -4.422792e+01 1.239351e+02
      vertex   -1.649232e+00 -4.422792e+01 1.175400e+02
      vertex   -2.229748e+00 -4.422792e+01 1.171806e+02
    endloop
  endfacet
  facet normal 0.000000e+00 1.000000e+00 0.000000e+00
    outer loop
      vertex   -6.531452e+00 -4.422792e+01 1.239351e+02
      vertex   -2.229748e+00 -4.422792e+01 1.171806e+02
      vertex   -7.494940e+00 -4.422792e+01 1.232121e+02
    endloop
  endfacet
  facet normal 0.000000e+00 1.000000e+00 0.000000e+00
    outer loop
      vertex   -7.494940e+00 -4.422792e+01 1.232121e+02
      vertex   -2.229748e+00 -4.422792e+01 1.171806e+02
      vertex   -2.734333e+00 -4.422792e+01 1.167206e+02
    endloop
  endfacet
  facet normal 0.000000e+00 1.000000e+00 0.000000e+00
    outer loop
      vertex   -7.494940e+00 -4.422792e+01 1.232121e+02
      vertex   -2.734333e+00 -4.422792e+01 1.167206e+02
      vertex   -8.378981e+00 -4.422792e+01 1.223939e+02
    endloop
  endfacet
  facet normal 0.000000e+00 1.000000e+00 0.000000e+00
    outer loop
      vertex   -8.378981e+00 -4.422792e+01 1.223939e+02
      vertex   -2.734333e+00 -4.422792e+01 1.167206e+02
      vertex   -9.174202e+00 -4.422792e+01 1.214891e+02
    endloop
  endfacet
  facet normal 0.000000e+00 1.000000e+00 0.000000e+00
    outer loop
      vertex   -9.174202e+00 -4.422792e+01 1.214891e+02
      vertex   -2.734333e+00 -4.422792e+01 1.167206e+02
      vertex   -3.145803e+00 -4.422792e+01 1.161757e+02
    endloop
  endfacet
  facet normal 0.000000e+00 1.000000e+00 0.000000e+00
    outer loop
      vertex   -9.174202e+00 -4.422792e+01 1.214891e+02
      vertex   -3.145803e+00 -4.422792e+01 1.161757e+02
      vertex   -9.872174e+00 -4.422792e+01 1.205073e+02
    endloop
  endfacet
  facet normal 0.000000e+00 1.000000e+00 0.000000e+00
    outer loop
      vertex   -9.872174e+00 -4.422792e+01 1.205073e+02
      vertex   -3.145803e+00 -4.422792e+01 1.161757e+02
      vertex   -1.046550e+01 -4.422792e+01 1.194589e+02
    endloop
  endfacet
  facet normal 0.000000e+00 1.000000e+00 0.000000e+00
    outer loop
      vertex   -1.046550e+01 -4.422792e+01 1.194589e+02
      vertex   -3.145803e+00 -4.422792e+01 1.161757e+02
      vertex   -3.450147e+00 -4.422792e+01 1.155645e+02
    endloop
  endfacet
  facet normal 0.000000e+00 1.000000e+00 0.000000e+00
    outer loop
      vertex   -1.046550e+01 -4.422792e+01 1.194589e+02
      vertex   -3.450147e+00 -4.422792e+01 1.155645e+02
      vertex   -1.094789e+01 -4.422792e+01 1.183551e+02
    endloop
  endfacet
  facet normal 0.000000e+00 1.000000e+00 0.000000e+00
    outer loop
      vertex   -1.094789e+01 -4.422792e+01 1.183551e+02
      vertex   -3.450147e+00 -4.422792e+01 1.155645e+02
      vertex   -1.131422e+01 -4.422792e+01 1.172076e+02
    endloop
  endfacet
  facet normal 0.000000e+00 1.000000e+00 0.000000e+00
    outer loop
      vertex   -1.131422e+01 -4.422792e+01 1.172076e+02
      vertex   -3.450147e+00 -4.422792e+01 1.155645e+02
      vertex   -3.637000e+00 -4.422792e+01 1.149078e+02
    endloop
  endfacet
  facet normal 0.000000e+00 1.000000e+00 0.000000e+00
    outer loop
      vertex   -1.131422e+01 -4.422792e+01 1.172076e+02
      vertex   -3.637000e+00 -4.422792e+01 1.149078e+02
      vertex   -1.156063e+01 -4.422792e+01 1.160284e+02
    endloop
  endfacet
  facet normal 0.000000e+00 1.000000e+00 0.000000e+00
    outer loop
      vertex   -1.156063e+01 -4.422792e+01 1.160284e+02
      vertex   -3.637000e+00 -4.422792e+01 1.149078e+02
      vertex   -1.168449e+01 -4.422792e+01 1.148302e+02
    endloop
  endfacet
  facet normal -0.000000e+00 1.000000e+00 0.000000e+00
    outer loop
      vertex   -1.168449e+01 -4.422792e+01 1.148302e+02
      vertex   -3.637000e+00 -4.422792e+01 1.149078e+02
      vertex   -3.700000e+00 -4.422792e+01 1.142279e+02
    endloop
  endfacet
  facet normal 0.000000e+00 1.000000e+00 0.000000e+00
    outer loop
      vertex   -1.168449e+01 -4.422792e+01 1.148302e+02
      vertex   -3.700000e+00 -4.422792e+01 1.142279e+02
      vertex   -1.168449e+01 -4.422792e+01 1.136256e+02
    endloop
  endfacet
  facet normal -0.000000e+00 1.000000e+00 0.000000e+00
    outer loop
      vertex   -1.168449e+01 -4.422792e+01 1.136256e+02
      vertex   -3.700000e+00 -4.422792e+01 1.142279e+02
      vertex   -3.637000e+00 -4.422792e+01 1.135480e+02
    endloop
  endfacet
  facet normal 0.000000e+00 1.000000e+00 0.000000e+00
    outer loop
      vertex   -1.168449e+01 -4.422792e+01 1.136256e+02
      vertex   -3.637000e+00 -4.422792e+01 1.135480e+02
      vertex   -1.156063e+01 -4.422792e+01 1.124274e+02
    endloop
  endfacet
  facet normal -0.000000e+00 1.000000e+00 0.000000e+00
    outer loop
      vertex   -1.156063e+01 -4.422792e+01 1.124274e+02
      vertex   -3.637000e+00 -4.422792e+01 1.135480e+02
      vertex   -1.131422e+01 -4.422792e+01 1.112483e+02
    endloop
  endfacet
  facet normal 0.000000e+00 1.000000e+00 0.000000e+00
    outer loop
      vertex   -1.131422e+01 -4.422792e+01 1.112483e+02
      vertex   -3.637000e+00 -4.422792e+01 1.135480e+02
      vertex   -3.450147e+00 -4.422792e+01 1.128913e+02
    endloop
  endfacet
  facet normal -0.000000e+00 1.000000e+00 0.000000e+00
    outer loop
      vertex   -1.131422e+01 -4.422792e+01 1.112483e+02
      vertex   -3.450147e+00 -4.422792e+01 1.128913e+02
      vertex   -1.094789e+01 -4.422792e+01 1.101007e+02
    endloop
  endfacet
  facet normal -0.000000e+00 1.000000e+00 0.000000e+00
    outer loop
      vertex   -1.094789e+01 -4.422792e+01 1.101007e+02
      vertex   -3.450147e+00 -4.422792e+01 1.128913e+02
      vertex   -1.046550e+01 -4.422792e+01 1.089969e+02
    endloop
  endfacet
  facet normal 0.000000e+00 1.000000e+00 0.000000e+00
    outer loop
      vertex   -1.046550e+01 -4.422792e+01 1.089969e+02
      vertex   -3.450147e+00 -4.422792e+01 1.128913e+02
      vertex   -3.145803e+00 -4.422792e+01 1.122801e+02
    endloop
  endfacet
  facet normal 0.000000e+00 1.000000e+00 0.000000e+00
    outer loop
      vertex   -1.046550e+01 -4.422792e+01 1.089969e+02
      vertex   -3.145803e+00 -4.422792e+01 1.122801e+02
      vertex   -2.734333e+00 -4.422792e+01 1.117352e+02
    endloop
  endfacet
  facet normal 0.000000e+00 1.000000e+00 0.000000e+00
    outer loop
      vertex   -2.734333e+00 -4.422792e+01 1.117352e+02
      vertex   -2.229748e+00 -4.422792e+01 1.112753e+02
      vertex   -1.046550e+01 -4.422792e+01 1.089969e+02
    endloop
  endfacet
  facet normal 0.000000e+00 1.000000e+00 0.000000e+00
    outer loop
      vertex   -1.046550e+01 -4.422792e+01 1.089969e+02
      vertex   -2.229748e+00 -4.422792e+01 1.112753e+02
      vertex   -1.649232e+00 -4.422792e+01 1.109158e+02
    endloop
  endfacet
  facet normal 0.000000e+00 1.000000e+00 0.000000e+00
    outer loop
      vertex   -1.046550e+01 -4.422792e+01 1.089969e+02
      vertex   -1.649232e+00 -4.422792e+01 1.109158e+02
      vertex   -1.012553e+00 -4.422792e+01 1.106692e+02
    endloop
  endfacet
  facet normal 0.000000e+00 1.000000e+00 0.000000e+00
    outer loop
      vertex   -3.413929e-01 -4.422792e+01 1.105437e+02
      vertex   -2.097585e+00 -4.422792e+01 1.027175e+02
      vertex   -1.012553e+00 -4.422792e+01 1.106692e+02
    endloop
  endfacet
  facet normal 0.000000e+00 1.000000e+00 0.000000e+00
    outer loop
      vertex   -1.012553e+00 -4.422792e+01 1.106692e+02
      vertex   -2.097585e+00 -4.422792e+01 1.027175e+02
      vertex   -3.269982e+00 -4.422792e+01 1.029942e+02
    endloop
  endfacet
  facet normal 0.000000e+00 1.000000e+00 0.000000e+00
    outer loop
      vertex   -1.012553e+00 -4.422792e+01 1.106692e+02
      vertex   -3.269982e+00 -4.422792e+01 1.029942e+02
      vertex   -4.407716e+00 -4.422792e+01 1.033899e+02
    endloop
  endfacet
  facet normal 0.000000e+00 1.000000e+00 0.000000e+00
    outer loop
      vertex   3.413929e-01 -4.422792e+01 1.105437e+02
      vertex   3.012506e-01 -4.422792e+01 1.025318e+02
      vertex   -3.413929e-01 -4.422792e+01 1.105437e+02
    endloop
  endfacet
  facet normal 0.000000e+00 1.000000e+00 0.000000e+00
    outer loop
      vertex   -3.413929e-01 -4.422792e+01 1.105437e+02
      vertex   3.012506e-01 -4.422792e+01 1.025318e+02
      vertex   -9.029529e-01 -4.422792e+01 1.025628e+02
    endloop
  endfacet
  facet normal 0.000000e+00 1.000000e+00 0.000000e+00
    outer loop
      vertex   -3.413929e-01 -4.422792e+01 1.105437e+02
      vertex   -9.029529e-01 -4.422792e+01 1.025628e+02
      vertex   -2.097585e+00 -4.422792e+01 1.027175e+02
    endloop
  endfacet
  facet normal 0.000000e+00 1.000000e+00 0.000000e+00
    outer loop
      vertex   1.012553e+00 -4.422792e+01 1.106692e+02
      vertex   2.687347e+00 -4.422792e+01 1.028407e+02
      vertex   3.413929e-01 -4.422792e+01 1.105437e+02
    endloop
  endfacet
  facet normal 0.000000e+00 1.000000e+00 0.000000e+00
    outer loop
      vertex   3.413929e-01 -4.422792e+01 1.105437e+02
      vertex   2.687347e+00 -4.422792e+01 1.028407e+02
      vertex   1.502261e+00 -4.422792e+01 1.026248e+02
    endloop
  endfacet
  facet normal 0.000000e+00 1.000000e+00 0.000000e+00
    outer loop
      vertex   3.413929e-01 -4.422792e+01 1.105437e+02
      vertex   1.502261e+00 -4.422792e+01 1.026248e+02
      vertex   3.012506e-01 -4.422792e+01 1.025318e+02
    endloop
  endfacet
  facet normal 0.000000e+00 1.000000e+00 -0.000000e+00
    outer loop
      vertex   2.687347e+00 -4.422792e+01 1.028407e+02
      vertex   1.012553e+00 -4.422792e+01 1.106692e+02
      vertex   3.843946e+00 -4.422792e+01 1.031774e+02
    endloop
  endfacet
  facet normal 0.000000e+00 1.000000e+00 0.000000e+00
    outer loop
      vertex   3.843946e+00 -4.422792e+01 1.031774e+02
      vertex   1.012553e+00 -4.422792e+01 1.106692e+02
      vertex   1.649232e+00 -4.422792e+01 1.109158e+02
    endloop
  endfacet
  facet normal 0.000000e+00 1.000000e+00 -0.000000e+00
    outer loop
      vertex   3.843946e+00 -4.422792e+01 1.031774e+02
      vertex   1.649232e+00 -4.422792e+01 1.109158e+02
      vertex   4.959798e+00 -4.422792e+01 1.036312e+02
    endloop
  endfacet
  facet normal 0.000000e+00 1.000000e+00 -0.000000e+00
    outer loop
      vertex   4.959798e+00 -4.422792e+01 1.036312e+02
      vertex   1.649232e+00 -4.422792e+01 1.109158e+02
      vertex   6.023076e+00 -4.422792e+01 1.041973e+02
    endloop
  endfacet
  facet normal 0.000000e+00 1.000000e+00 0.000000e+00
    outer loop
      vertex   6.023076e+00 -4.422792e+01 1.041973e+02
      vertex   1.649232e+00 -4.422792e+01 1.109158e+02
      vertex   2.229748e+00 -4.422792e+01 1.112753e+02
    endloop
  endfacet
  facet normal 0.000000e+00 1.000000e+00 -0.000000e+00
    outer loop
      vertex   6.023076e+00 -4.422792e+01 1.041973e+02
      vertex   2.229748e+00 -4.422792e+01 1.112753e+02
      vertex   7.022507e+00 -4.422792e+01 1.048698e+02
    endloop
  endfacet
  facet normal 0.000000e+00 1.000000e+00 -0.000000e+00
    outer loop
      vertex   7.022507e+00 -4.422792e+01 1.048698e+02
      vertex   2.229748e+00 -4.422792e+01 1.112753e+02
      vertex   7.947498e+00 -4.422792e+01 1.056415e+02
    endloop
  endfacet
  facet normal 0.000000e+00 1.000000e+00 0.000000e+00
    outer loop
      vertex   7.947498e+00 -4.422792e+01 1.056415e+02
      vertex   2.229748e+00 -4.422792e+01 1.112753e+02
      vertex   2.734333e+00 -4.422792e+01 1.117352e+02
    endloop
  endfacet
  facet normal 0.000000e+00 1.000000e+00 -0.000000e+00
    outer loop
      vertex   7.947498e+00 -4.422792e+01 1.056415e+02
      vertex   2.734333e+00 -4.422792e+01 1.117352e+02
      vertex   8.788244e+00 -4.422792e+01 1.065041e+02
    endloop
  endfacet
  facet normal 0.000000e+00 1.000000e+00 -0.000000e+00
    outer loop
      vertex   8.788244e+00 -4.422792e+01 1.065041e+02
      vertex   2.734333e+00 -4.422792e+01 1.117352e+02
      vertex   9.535832e+00 -4.422792e+01 1.074487e+02
    endloop
  endfacet
  facet normal 0.000000e+00 1.000000e+00 0.000000e+00
    outer loop
      vertex   9.535832e+00 -4.422792e+01 1.074487e+02
      vertex   2.734333e+00 -4.422792e+01 1.117352e+02
      vertex   3.145803e+00 -4.422792e+01 1.122801e+02
    endloop
  endfacet
  facet normal 0.000000e+00 1.000000e+00 -0.000000e+00
    outer loop
      vertex   9.535832e+00 -4.422792e+01 1.074487e+02
      vertex   3.145803e+00 -4.422792e+01 1.122801e+02
      vertex   1.018234e+01 -4.422792e+01 1.084651e+02
    endloop
  endfacet
  facet normal 0.000000e+00 1.000000e+00 -0.000000e+00
    outer loop
      vertex   1.018234e+01 -4.422792e+01 1.084651e+02
      vertex   3.145803e+00 -4.422792e+01 1.122801e+02
      vertex   1.072091e+01 -4.422792e+01 1.095426e+02
    endloop
  endfacet
  facet normal 0.000000e+00 1.000000e+00 0.000000e+00
    outer loop
      vertex   1.072091e+01 -4.422792e+01 1.095426e+02
      vertex   3.145803e+00 -4.422792e+01 1.122801e+02
      vertex   3.450147e+00 -4.422792e+01 1.128913e+02
    endloop
  endfacet
  facet normal 0.000000e+00 1.000000e+00 -0.000000e+00
    outer loop
      vertex   1.072091e+01 -4.422792e+01 1.095426e+02
      vertex   3.450147e+00 -4.422792e+01 1.128913e+02
      vertex   1.114583e+01 -4.422792e+01 1.106698e+02
    endloop
  endfacet
  facet normal 0.000000e+00 1.000000e+00 0.000000e+00
    outer loop
      vertex   1.114583e+01 -4.422792e+01 1.106698e+02
      vertex   3.450147e+00 -4.422792e+01 1.128913e+02
      vertex   3.637000e+00 -4.422792e+01 1.135480e+02
    endloop
  endfacet
  facet normal 0.000000e+00 1.000000e+00 -0.000000e+00
    outer loop
      vertex   1.114583e+01 -4.422792e+01 1.106698e+02
      vertex   3.637000e+00 -4.422792e+01 1.135480e+02
      vertex   1.145261e+01 -4.422792e+01 1.118347e+02
    endloop
  endfacet
  facet normal 0.000000e+00 1.000000e+00 -0.000000e+00
    outer loop
      vertex   1.145261e+01 -4.422792e+01 1.118347e+02
      vertex   3.637000e+00 -4.422792e+01 1.135480e+02
      vertex   1.163799e+01 -4.422792e+01 1.130249e+02
    endloop
  endfacet
  facet normal 0.000000e+00 1.000000e+00 0.000000e+00
    outer loop
      vertex   1.163799e+01 -4.422792e+01 1.130249e+02
      vertex   3.637000e+00 -4.422792e+01 1.135480e+02
      vertex   3.700000e+00 -4.422792e+01 1.142279e+02
    endloop
  endfacet
  facet normal 0.000000e+00 1.000000e+00 -0.000000e+00
    outer loop
      vertex   -4.407716e+00 -4.422792e+01 1.033899e+02
      vertex   -5.498728e+00 -4.422792e+01 1.039006e+02
      vertex   -1.012553e+00 -4.422792e+01 1.106692e+02
    endloop
  endfacet
  facet normal 0.000000e+00 1.000000e+00 0.000000e+00
    outer loop
      vertex   -1.012553e+00 -4.422792e+01 1.106692e+02
      vertex   -5.498728e+00 -4.422792e+01 1.039006e+02
      vertex   -6.531452e+00 -4.422792e+01 1.045207e+02
    endloop
  endfacet
  facet normal 0.000000e+00 1.000000e+00 0.000000e+00
    outer loop
      vertex   -1.012553e+00 -4.422792e+01 1.106692e+02
      vertex   -6.531452e+00 -4.422792e+01 1.045207e+02
      vertex   -7.494940e+00 -4.422792e+01 1.052437e+02
    endloop
  endfacet
  facet normal 0.000000e+00 1.000000e+00 -0.000000e+00
    outer loop
      vertex   -7.494940e+00 -4.422792e+01 1.052437e+02
      vertex   -8.378981e+00 -4.422792e+01 1.060620e+02
      vertex   -1.012553e+00 -4.422792e+01 1.106692e+02
    endloop
  endfacet
  facet normal 0.000000e+00 1.000000e+00 0.000000e+00
    outer loop
      vertex   -1.012553e+00 -4.422792e+01 1.106692e+02
      vertex   -8.378981e+00 -4.422792e+01 1.060620e+02
      vertex   -9.174202e+00 -4.422792e+01 1.069668e+02
    endloop
  endfacet
  facet normal 0.000000e+00 1.000000e+00 0.000000e+00
    outer loop
      vertex   -1.012553e+00 -4.422792e+01 1.106692e+02
      vertex   -9.174202e+00 -4.422792e+01 1.069668e+02
      vertex   -9.872174e+00 -4.422792e+01 1.079486e+02
    endloop
  endfacet
  facet normal 0.000000e+00 1.000000e+00 -0.000000e+00
    outer loop
      vertex   -9.872174e+00 -4.422792e+01 1.079486e+02
      vertex   -1.046550e+01 -4.422792e+01 1.089969e+02
      vertex   -1.012553e+00 -4.422792e+01 1.106692e+02
    endloop
  endfacet
  facet normal 0.000000e+00 1.000000e+00 0.000000e+00
    outer loop
      vertex   7.500000e+00 -4.272792e+01 7.992031e+01
      vertex   2.687347e+00 -4.272792e+01 1.028407e+02
      vertex   7.500000e+00 -4.272792e+01 1.012375e+02
    endloop
  endfacet
  facet normal 0.000000e+00 1.000000e+00 0.000000e+00
    outer loop
      vertex   7.500000e+00 -4.272792e+01 1.012375e+02
      vertex   2.687347e+00 -4.272792e+01 1.028407e+02
      vertex   3.843946e+00 -4.272792e+01 1.031774e+02
    endloop
  endfacet
  facet normal 0.000000e+00 1.000000e+00 0.000000e+00
    outer loop
      vertex   7.500000e+00 -4.272792e+01 1.012375e+02
      vertex   3.843946e+00 -4.272792e+01 1.031774e+02
      vertex   4.959798e+00 -4.272792e+01 1.036312e+02
    endloop
  endfacet
  facet normal 0.000000e+00 1.000000e+00 0.000000e+00
    outer loop
      vertex   -7.500000e+00 -4.272792e+01 7.992031e+01
      vertex   3.012506e-01 -4.272792e+01 1.025318e+02
      vertex   7.500000e+00 -4.272792e+01 7.992031e+01
    endloop
  endfacet
  facet normal 0.000000e+00 1.000000e+00 0.000000e+00
    outer loop
      vertex   7.500000e+00 -4.272792e+01 7.992031e+01
      vertex   3.012506e-01 -4.272792e+01 1.025318e+02
      vertex   1.502261e+00 -4.272792e+01 1.026248e+02
    endloop
  endfacet
  facet normal 0.000000e+00 1.000000e+00 0.000000e+00
    outer loop
      vertex   7.500000e+00 -4.272792e+01 7.992031e+01
      vertex   1.502261e+00 -4.272792e+01 1.026248e+02
      vertex   2.687347e+00 -4.272792e+01 1.028407e+02
    endloop
  endfacet
  facet normal -0.000000e+00 1.000000e+00 0.000000e+00
    outer loop
      vertex   -7.500000e+00 -4.272792e+01 1.012375e+02
      vertex   -3.269982e+00 -4.272792e+01 1.029942e+02
      vertex   -7.500000e+00 -4.272792e+01 7.992031e+01
    endloop
  endfacet
  facet normal 0.000000e+00 1.000000e+00 0.000000e+00
    outer loop
      vertex   -7.500000e+00 -4.272792e+01 7.992031e+01
      vertex   -3.269982e+00 -4.272792e+01 1.029942e+02
      vertex   -2.097585e+00 -4.272792e+01 1.027175e+02
    endloop
  endfacet
  facet normal 0.000000e+00 1.000000e+00 0.000000e+00
    outer loop
      vertex   -7.500000e+00 -4.272792e+01 7.992031e+01
      vertex   -2.097585e+00 -4.272792e+01 1.027175e+02
      vertex   -9.029529e-01 -4.272792e+01 1.025628e+02
    endloop
  endfacet
  facet normal -0.000000e+00 1.000000e+00 0.000000e+00
    outer loop
      vertex   -8.659991e+00 -4.272792e+01 1.019803e+02
      vertex   -7.494940e+00 -4.272792e+01 1.052437e+02
      vertex   -7.500000e+00 -4.272792e+01 1.012375e+02
    endloop
  endfacet
  facet normal 0.000000e+00 1.000000e+00 0.000000e+00
    outer loop
      vertex   -7.500000e+00 -4.272792e+01 1.012375e+02
      vertex   -7.494940e+00 -4.272792e+01 1.052437e+02
      vertex   -6.531452e+00 -4.272792e+01 1.045207e+02
    endloop
  endfacet
  facet normal 0.000000e+00 1.000000e+00 0.000000e+00
    outer loop
      vertex   -7.500000e+00 -4.272792e+01 1.012375e+02
      vertex   -6.531452e+00 -4.272792e+01 1.045207e+02
      vertex   -5.498728e+00 -4.272792e+01 1.039006e+02
    endloop
  endfacet
  facet normal 0.000000e+00 1.000000e+00 0.000000e+00
    outer loop
      vertex   -7.494940e+00 -4.272792e+01 1.052437e+02
      vertex   -8.659991e+00 -4.272792e+01 1.019803e+02
      vertex   -8.378981e+00 -4.272792e+01 1.060620e+02
    endloop
  endfacet
  facet normal 0.000000e+00 1.000000e+00 0.000000e+00
    outer loop
      vertex   -8.378981e+00 -4.272792e+01 1.060620e+02
      vertex   -8.659991e+00 -4.272792e+01 1.019803e+02
      vertex   -9.746958e+00 -4.272792e+01 1.028263e+02
    endloop
  endfacet
  facet normal 0.000000e+00 1.000000e+00 0.000000e+00
    outer loop
      vertex   -8.378981e+00 -4.272792e+01 1.060620e+02
      vertex   -9.746958e+00 -4.272792e+01 1.028263e+02
      vertex   -9.174202e+00 -4.272792e+01 1.069668e+02
    endloop
  endfacet
  facet normal 0.000000e+00 1.000000e+00 0.000000e+00
    outer loop
      vertex   -9.174202e+00 -4.272792e+01 1.069668e+02
      vertex   -9.746958e+00 -4.272792e+01 1.028263e+02
      vertex   -1.075174e+01 -4.272792e+01 1.037685e+02
    endloop
  endfacet
  facet normal 0.000000e+00 1.000000e+00 0.000000e+00
    outer loop
      vertex   -9.174202e+00 -4.272792e+01 1.069668e+02
      vertex   -1.075174e+01 -4.272792e+01 1.037685e+02
      vertex   -9.872174e+00 -4.272792e+01 1.079486e+02
    endloop
  endfacet
  facet normal 0.000000e+00 1.000000e+00 0.000000e+00
    outer loop
      vertex   -9.872174e+00 -4.272792e+01 1.079486e+02
      vertex   -1.075174e+01 -4.272792e+01 1.037685e+02
      vertex   -1.166586e+01 -4.272792e+01 1.047988e+02
    endloop
  endfacet
  facet normal 0.000000e+00 1.000000e+00 0.000000e+00
    outer loop
      vertex   -9.872174e+00 -4.272792e+01 1.079486e+02
      vertex   -1.166586e+01 -4.272792e+01 1.047988e+02
      vertex   -1.046550e+01 -4.272792e+01 1.089969e+02
    endloop
  endfacet
  facet normal 0.000000e+00 1.000000e+00 0.000000e+00
    outer loop
      vertex   -1.046550e+01 -4.272792e+01 1.089969e+02
      vertex   -1.166586e+01 -4.272792e+01 1.047988e+02
      vertex   -1.248160e+01 -4.272792e+01 1.059087e+02
    endloop
  endfacet
  facet normal 0.000000e+00 1.000000e+00 0.000000e+00
    outer loop
      vertex   -1.046550e+01 -4.272792e+01 1.089969e+02
      vertex   -1.248160e+01 -4.272792e+01 1.059087e+02
      vertex   -1.319211e+01 -4.272792e+01 1.070887e+02
    endloop
  endfacet
  facet normal 0.000000e+00 1.000000e+00 0.000000e+00
    outer loop
      vertex   -1.046550e+01 -4.272792e+01 1.089969e+02
      vertex   -1.319211e+01 -4.272792e+01 1.070887e+02
      vertex   -1.094789e+01 -4.272792e+01 1.101007e+02
    endloop
  endfacet
  facet normal 0.000000e+00 1.000000e+00 0.000000e+00
    outer loop
      vertex   -1.094789e+01 -4.272792e+01 1.101007e+02
      vertex   -1.319211e+01 -4.272792e+01 1.070887e+02
      vertex   -1.379137e+01 -4.272792e+01 1.083289e+02
    endloop
  endfacet
  facet normal 0.000000e+00 1.000000e+00 0.000000e+00
    outer loop
      vertex   -1.094789e+01 -4.272792e+01 1.101007e+02
      vertex   -1.379137e+01 -4.272792e+01 1.083289e+02
      vertex   -1.131422e+01 -4.272792e+01 1.112483e+02
    endloop
  endfacet
  facet normal 0.000000e+00 1.000000e+00 0.000000e+00
    outer loop
      vertex   -1.131422e+01 -4.272792e+01 1.112483e+02
      vertex   -1.379137e+01 -4.272792e+01 1.083289e+02
      vertex   -1.427434e+01 -4.272792e+01 1.096189e+02
    endloop
  endfacet
  facet normal 0.000000e+00 1.000000e+00 0.000000e+00
    outer loop
      vertex   -1.131422e+01 -4.272792e+01 1.112483e+02
      vertex   -1.427434e+01 -4.272792e+01 1.096189e+02
      vertex   -1.156063e+01 -4.272792e+01 1.124274e+02
    endloop
  endfacet
  facet normal 0.000000e+00 1.000000e+00 0.000000e+00
    outer loop
      vertex   -1.156063e+01 -4.272792e+01 1.124274e+02
      vertex   -1.427434e+01 -4.272792e+01 1.096189e+02
      vertex   -1.463695e+01 -4.272792e+01 1.109477e+02
    endloop
  endfacet
  facet normal 0.000000e+00 1.000000e+00 0.000000e+00
    outer loop
      vertex   -1.156063e+01 -4.272792e+01 1.124274e+02
      vertex   -1.463695e+01 -4.272792e+01 1.109477e+02
      vertex   -1.487613e+01 -4.272792e+01 1.123042e+02
    endloop
  endfacet
  facet normal 0.000000e+00 1.000000e+00 0.000000e+00
    outer loop
      vertex   -1.156063e+01 -4.272792e+01 1.124274e+02
      vertex   -1.487613e+01 -4.272792e+01 1.123042e+02
      vertex   -1.168449e+01 -4.272792e+01 1.136256e+02
    endloop
  endfacet
  facet normal 0.000000e+00 1.000000e+00 0.000000e+00
    outer loop
      vertex   -1.168449e+01 -4.272792e+01 1.136256e+02
      vertex   -1.487613e+01 -4.272792e+01 1.123042e+02
      vertex   -1.498988e+01 -4.272792e+01 1.136769e+02
    endloop
  endfacet
  facet normal 0.000000e+00 1.000000e+00 -0.000000e+00
    outer loop
      vertex   -1.168449e+01 -4.272792e+01 1.136256e+02
      vertex   -1.498988e+01 -4.272792e+01 1.136769e+02
      vertex   -1.168449e+01 -4.272792e+01 1.148302e+02
    endloop
  endfacet
  facet normal 0.000000e+00 1.000000e+00 0.000000e+00
    outer loop
      vertex   -1.168449e+01 -4.272792e+01 1.148302e+02
      vertex   -1.498988e+01 -4.272792e+01 1.136769e+02
      vertex   -1.497722e+01 -4.272792e+01 1.150542e+02
    endloop
  endfacet
  facet normal 0.000000e+00 1.000000e+00 0.000000e+00
    outer loop
      vertex   -1.168449e+01 -4.272792e+01 1.148302e+02
      vertex   -1.497722e+01 -4.272792e+01 1.150542e+02
      vertex   -1.483828e+01 -4.272792e+01 1.164246e+02
    endloop
  endfacet
  facet normal 0.000000e+00 1.000000e+00 -0.000000e+00
    outer loop
      vertex   -1.168449e+01 -4.272792e+01 1.148302e+02
      vertex   -1.483828e+01 -4.272792e+01 1.164246e+02
      vertex   -1.156063e+01 -4.272792e+01 1.160284e+02
    endloop
  endfacet
  facet normal 0.000000e+00 1.000000e+00 0.000000e+00
    outer loop
      vertex   -1.156063e+01 -4.272792e+01 1.160284e+02
      vertex   -1.483828e+01 -4.272792e+01 1.164246e+02
      vertex   -1.457422e+01 -4.272792e+01 1.177765e+02
    endloop
  endfacet
  facet normal 0.000000e+00 1.000000e+00 0.000000e+00
    outer loop
      vertex   -1.156063e+01 -4.272792e+01 1.160284e+02
      vertex   -1.457422e+01 -4.272792e+01 1.177765e+02
      vertex   -1.418726e+01 -4.272792e+01 1.190984e+02
    endloop
  endfacet
  facet normal 0.000000e+00 1.000000e+00 -0.000000e+00
    outer loop
      vertex   -1.156063e+01 -4.272792e+01 1.160284e+02
      vertex   -1.418726e+01 -4.272792e+01 1.190984e+02
      vertex   -1.131422e+01 -4.272792e+01 1.172076e+02
    endloop
  endfacet
  facet normal 0.000000e+00 1.000000e+00 0.000000e+00
    outer loop
      vertex   -1.131422e+01 -4.272792e+01 1.172076e+02
      vertex   -1.418726e+01 -4.272792e+01 1.190984e+02
      vertex   -1.368067e+01 -4.272792e+01 1.203793e+02
    endloop
  endfacet
  facet normal 0.000000e+00 1.000000e+00 -0.000000e+00
    outer loop
      vertex   -1.131422e+01 -4.272792e+01 1.172076e+02
      vertex   -1.368067e+01 -4.272792e+01 1.203793e+02
      vertex   -1.094789e+01 -4.272792e+01 1.183551e+02
    endloop
  endfacet
  facet normal 0.000000e+00 1.000000e+00 0.000000e+00
    outer loop
      vertex   -1.094789e+01 -4.272792e+01 1.183551e+02
      vertex   -1.368067e+01 -4.272792e+01 1.203793e+02
      vertex   -1.305873e+01 -4.272792e+01 1.216083e+02
    endloop
  endfacet
  facet normal 0.000000e+00 1.000000e+00 -0.000000e+00
    outer loop
      vertex   -1.094789e+01 -4.272792e+01 1.183551e+02
      vertex   -1.305873e+01 -4.272792e+01 1.216083e+02
      vertex   -1.046550e+01 -4.272792e+01 1.194589e+02
    endloop
  endfacet
  facet normal 0.000000e+00 1.000000e+00 0.000000e+00
    outer loop
      vertex   -1.046550e+01 -4.272792e+01 1.194589e+02
      vertex   -1.305873e+01 -4.272792e+01 1.216083e+02
      vertex   -1.232667e+01 -4.272792e+01 1.227750e+02
    endloop
  endfacet
  facet normal 0.000000e+00 1.000000e+00 -0.000000e+00
    outer loop
      vertex   -1.046550e+01 -4.272792e+01 1.194589e+02
      vertex   -1.232667e+01 -4.272792e+01 1.227750e+02
      vertex   -9.872174e+00 -4.272792e+01 1.205073e+02
    endloop
  endfacet
  facet normal 0.000000e+00 1.000000e+00 0.000000e+00
    outer loop
      vertex   -9.872174e+00 -4.272792e+01 1.205073e+02
      vertex   -1.232667e+01 -4.272792e+01 1.227750e+02
      vertex   -1.149067e+01 -4.272792e+01 1.238697e+02
    endloop
  endfacet
  facet normal 0.000000e+00 1.000000e+00 -0.000000e+00
    outer loop
      vertex   -9.872174e+00 -4.272792e+01 1.205073e+02
      vertex   -1.149067e+01 -4.272792e+01 1.238697e+02
      vertex   -9.174202e+00 -4.272792e+01 1.214891e+02
    endloop
  endfacet
  facet normal 0.000000e+00 1.000000e+00 0.000000e+00
    outer loop
      vertex   -9.174202e+00 -4.272792e+01 1.214891e+02
      vertex   -1.149067e+01 -4.272792e+01 1.238697e+02
      vertex   -1.055777e+01 -4.272792e+01 1.248831e+02
    endloop
  endfacet
  facet normal 0.000000e+00 1.000000e+00 -0.000000e+00
    outer loop
      vertex   -9.174202e+00 -4.272792e+01 1.214891e+02
      vertex   -1.055777e+01 -4.272792e+01 1.248831e+02
      vertex   -8.378981e+00 -4.272792e+01 1.223939e+02
    endloop
  endfacet
  facet normal 0.000000e+00 1.000000e+00 0.000000e+00
    outer loop
      vertex   -8.378981e+00 -4.272792e+01 1.223939e+02
      vertex   -1.055777e+01 -4.272792e+01 1.248831e+02
      vertex   -9.535856e+00 -4.272792e+01 1.258067e+02
    endloop
  endfacet
  facet normal 0.000000e+00 1.000000e+00 -0.000000e+00
    outer loop
      vertex   -8.378981e+00 -4.272792e+01 1.223939e+02
      vertex   -9.535856e+00 -4.272792e+01 1.258067e+02
      vertex   -7.494940e+00 -4.272792e+01 1.232121e+02
    endloop
  endfacet
  facet normal 0.000000e+00 1.000000e+00 0.000000e+00
    outer loop
      vertex   -7.494940e+00 -4.272792e+01 1.232121e+02
      vertex   -9.535856e+00 -4.272792e+01 1.258067e+02
      vertex   -8.433530e+00 -4.272792e+01 1.266326e+02
    endloop
  endfacet
  facet normal 0.000000e+00 1.000000e+00 -0.000000e+00
    outer loop
      vertex   -7.494940e+00 -4.272792e+01 1.232121e+02
      vertex   -8.433530e+00 -4.272792e+01 1.266326e+02
      vertex   -6.531452e+00 -4.272792e+01 1.239351e+02
    endloop
  endfacet
  facet normal 0.000000e+00 1.000000e+00 0.000000e+00
    outer loop
      vertex   -6.531452e+00 -4.272792e+01 1.239351e+02
      vertex   -8.433530e+00 -4.272792e+01 1.266326e+02
      vertex   -7.260090e+00 -4.272792e+01 1.273539e+02
    endloop
  endfacet
  facet normal 0.000000e+00 1.000000e+00 -0.000000e+00
    outer loop
      vertex   -6.531452e+00 -4.272792e+01 1.239351e+02
      vertex   -7.260090e+00 -4.272792e+01 1.273539e+02
      vertex   -5.498728e+00 -4.272792e+01 1.245553e+02
    endloop
  endfacet
  facet normal 0.000000e+00 1.000000e+00 0.000000e+00
    outer loop
      vertex   -5.498728e+00 -4.272792e+01 1.245553e+02
      vertex   -7.260090e+00 -4.272792e+01 1.273539e+02
      vertex   -6.025431e+00 -4.272792e+01 1.279645e+02
    endloop
  endfacet
  facet normal 0.000000e+00 1.000000e+00 -0.000000e+00
    outer loop
      vertex   -5.498728e+00 -4.272792e+01 1.245553e+02
      vertex   -6.025431e+00 -4.272792e+01 1.279645e+02
      vertex   -4.407716e+00 -4.272792e+01 1.250659e+02
    endloop
  endfacet
  facet normal 0.000000e+00 1.000000e+00 0.000000e+00
    outer loop
      vertex   -4.407716e+00 -4.272792e+01 1.250659e+02
      vertex   -6.025431e+00 -4.272792e+01 1.279645e+02
      vertex   -4.739965e+00 -4.272792e+01 1.284593e+02
    endloop
  endfacet
  facet normal 0.000000e+00 1.000000e+00 -0.000000e+00
    outer loop
      vertex   -4.407716e+00 -4.272792e+01 1.250659e+02
      vertex   -4.739965e+00 -4.272792e+01 1.284593e+02
      vertex   -3.269982e+00 -4.272792e+01 1.254617e+02
    endloop
  endfacet
  facet normal 0.000000e+00 1.000000e+00 0.000000e+00
    outer loop
      vertex   -3.269982e+00 -4.272792e+01 1.254617e+02
      vertex   -4.739965e+00 -4.272792e+01 1.284593e+02
      vertex   -3.414530e+00 -4.272792e+01 1.288341e+02
    endloop
  endfacet
  facet normal 0.000000e+00 1.000000e+00 -0.000000e+00
    outer loop
      vertex   -3.269982e+00 -4.272792e+01 1.254617e+02
      vertex   -3.414530e+00 -4.272792e+01 1.288341e+02
      vertex   -2.097585e+00 -4.272792e+01 1.257384e+02
    endloop
  endfacet
  facet normal 0.000000e+00 1.000000e+00 -0.000000e+00
    outer loop
      vertex   -2.097585e+00 -4.272792e+01 1.257384e+02
      vertex   -3.414530e+00 -4.272792e+01 1.288341e+02
      vertex   -2.060303e+00 -4.272792e+01 1.290858e+02
    endloop
  endfacet
  facet normal 0.000000e+00 1.000000e+00 0.000000e+00
    outer loop
      vertex   -2.097585e+00 -4.272792e+01 1.257384e+02
      vertex   -2.060303e+00 -4.272792e+01 1.290858e+02
      vertex   -9.029529e-01 -4.272792e+01 1.258930e+02
    endloop
  endfacet
  facet normal 0.000000e+00 1.000000e+00 -0.000000e+00
    outer loop
      vertex   -9.029529e-01 -4.272792e+01 1.258930e+02
      vertex   -2.060303e+00 -4.272792e+01 1.290858e+02
      vertex   -6.887036e-01 -4.272792e+01 1.292121e+02
    endloop
  endfacet
  facet normal 0.000000e+00 1.000000e+00 0.000000e+00
    outer loop
      vertex   -9.029529e-01 -4.272792e+01 1.258930e+02
      vertex   -6.887036e-01 -4.272792e+01 1.292121e+02
      vertex   3.012506e-01 -4.272792e+01 1.259240e+02
    endloop
  endfacet
  facet normal 0.000000e+00 1.000000e+00 -0.000000e+00
    outer loop
      vertex   3.012506e-01 -4.272792e+01 1.259240e+02
      vertex   -6.887036e-01 -4.272792e+01 1.292121e+02
      vertex   6.887036e-01 -4.272792e+01 1.292121e+02
    endloop
  endfacet
  facet normal -0.000000e+00 1.000000e+00 0.000000e+00
    outer loop
      vertex   3.012506e-01 -4.272792e+01 1.259240e+02
      vertex   6.887036e-01 -4.272792e+01 1.292121e+02
      vertex   1.502261e+00 -4.272792e+01 1.258311e+02
    endloop
  endfacet
  facet normal 0.000000e+00 1.000000e+00 -0.000000e+00
    outer loop
      vertex   1.502261e+00 -4.272792e+01 1.258311e+02
      vertex   6.887036e-01 -4.272792e+01 1.292121e+02
      vertex   2.060303e+00 -4.272792e+01 1.290858e+02
    endloop
  endfacet
  facet normal -0.000000e+00 1.000000e+00 0.000000e+00
    outer loop
      vertex   1.502261e+00 -4.272792e+01 1.258311e+02
      vertex   2.060303e+00 -4.272792e+01 1.290858e+02
      vertex   2.687347e+00 -4.272792e+01 1.256151e+02
    endloop
  endfacet
  facet normal 0.000000e+00 1.000000e+00 -0.000000e+00
    outer loop
      vertex   2.687347e+00 -4.272792e+01 1.256151e+02
      vertex   2.060303e+00 -4.272792e+01 1.290858e+02
      vertex   3.414530e+00 -4.272792e+01 1.288341e+02
    endloop
  endfacet
  facet normal -0.000000e+00 1.000000e+00 0.000000e+00
    outer loop
      vertex   2.687347e+00 -4.272792e+01 1.256151e+02
      vertex   3.414530e+00 -4.272792e+01 1.288341e+02
      vertex   3.843946e+00 -4.272792e+01 1.252784e+02
    endloop
  endfacet
  facet normal 0.000000e+00 1.000000e+00 -0.000000e+00
    outer loop
      vertex   3.843946e+00 -4.272792e+01 1.252784e+02
      vertex   3.414530e+00 -4.272792e+01 1.288341e+02
      vertex   4.739965e+00 -4.272792e+01 1.284593e+02
    endloop
  endfacet
  facet normal -0.000000e+00 1.000000e+00 0.000000e+00
    outer loop
      vertex   3.843946e+00 -4.272792e+01 1.252784e+02
      vertex   4.739965e+00 -4.272792e+01 1.284593e+02
      vertex   4.959798e+00 -4.272792e+01 1.248246e+02
    endloop
  endfacet
  facet normal 0.000000e+00 1.000000e+00 -0.000000e+00
    outer loop
      vertex   4.959798e+00 -4.272792e+01 1.248246e+02
      vertex   4.739965e+00 -4.272792e+01 1.284593e+02
      vertex   6.025431e+00 -4.272792e+01 1.279645e+02
    endloop
  endfacet
  facet normal -0.000000e+00 1.000000e+00 0.000000e+00
    outer loop
      vertex   4.959798e+00 -4.272792e+01 1.248246e+02
      vertex   6.025431e+00 -4.272792e+01 1.279645e+02
      vertex   6.023076e+00 -4.272792e+01 1.242585e+02
    endloop
  endfacet
  facet normal 0.000000e+00 1.000000e+00 0.000000e+00
    outer loop
      vertex   6.023076e+00 -4.272792e+01 1.242585e+02
      vertex   6.025431e+00 -4.272792e+01 1.279645e+02
      vertex   7.260090e+00 -4.272792e+01 1.273539e+02
    endloop
  endfacet
  facet normal -0.000000e+00 1.000000e+00 0.000000e+00
    outer loop
      vertex   6.023076e+00 -4.272792e+01 1.242585e+02
      vertex   7.260090e+00 -4.272792e+01 1.273539e+02
      vertex   7.022507e+00 -4.272792e+01 1.235860e+02
    endloop
  endfacet
  facet normal 0.000000e+00 1.000000e+00 0.000000e+00
    outer loop
      vertex   7.022507e+00 -4.272792e+01 1.235860e+02
      vertex   7.260090e+00 -4.272792e+01 1.273539e+02
      vertex   8.433530e+00 -4.272792e+01 1.266326e+02
    endloop
  endfacet
  facet normal -0.000000e+00 1.000000e+00 0.000000e+00
    outer loop
      vertex   7.022507e+00 -4.272792e+01 1.235860e+02
      vertex   8.433530e+00 -4.272792e+01 1.266326e+02
      vertex   7.947498e+00 -4.272792e+01 1.228144e+02
    endloop
  endfacet
  facet normal 0.000000e+00 1.000000e+00 0.000000e+00
    outer loop
      vertex   7.947498e+00 -4.272792e+01 1.228144e+02
      vertex   8.433530e+00 -4.272792e+01 1.266326e+02
      vertex   9.535856e+00 -4.272792e+01 1.258067e+02
    endloop
  endfacet
  facet normal -0.000000e+00 1.000000e+00 0.000000e+00
    outer loop
      vertex   7.947498e+00 -4.272792e+01 1.228144e+02
      vertex   9.535856e+00 -4.272792e+01 1.258067e+02
      vertex   8.788244e+00 -4.272792e+01 1.219517e+02
    endloop
  endfacet
  facet normal 0.000000e+00 1.000000e+00 0.000000e+00
    outer loop
      vertex   8.788244e+00 -4.272792e+01 1.219517e+02
      vertex   9.535856e+00 -4.272792e+01 1.258067e+02
      vertex   1.055777e+01 -4.272792e+01 1.248831e+02
    endloop
  endfacet
  facet normal -0.000000e+00 1.000000e+00 0.000000e+00
    outer loop
      vertex   8.788244e+00 -4.272792e+01 1.219517e+02
      vertex   1.055777e+01 -4.272792e+01 1.248831e+02
      vertex   9.535832e+00 -4.272792e+01 1.210071e+02
    endloop
  endfacet
  facet normal 0.000000e+00 1.000000e+00 0.000000e+00
    outer loop
      vertex   9.535832e+00 -4.272792e+01 1.210071e+02
      vertex   1.055777e+01 -4.272792e+01 1.248831e+02
      vertex   1.149067e+01 -4.272792e+01 1.238697e+02
    endloop
  endfacet
  facet normal -0.000000e+00 1.000000e+00 0.000000e+00
    outer loop
      vertex   9.535832e+00 -4.272792e+01 1.210071e+02
      vertex   1.149067e+01 -4.272792e+01 1.238697e+02
      vertex   1.018234e+01 -4.272792e+01 1.199907e+02
    endloop
  endfacet
  facet normal 0.000000e+00 1.000000e+00 0.000000e+00
    outer loop
      vertex   1.018234e+01 -4.272792e+01 1.199907e+02
      vertex   1.149067e+01 -4.272792e+01 1.238697e+02
      vertex   1.232667e+01 -4.272792e+01 1.227750e+02
    endloop
  endfacet
  facet normal -0.000000e+00 1.000000e+00 0.000000e+00
    outer loop
      vertex   1.018234e+01 -4.272792e+01 1.199907e+02
      vertex   1.232667e+01 -4.272792e+01 1.227750e+02
      vertex   1.072091e+01 -4.272792e+01 1.189132e+02
    endloop
  endfacet
  facet normal 0.000000e+00 1.000000e+00 0.000000e+00
    outer loop
      vertex   1.072091e+01 -4.272792e+01 1.189132e+02
      vertex   1.232667e+01 -4.272792e+01 1.227750e+02
      vertex   1.305873e+01 -4.272792e+01 1.216083e+02
    endloop
  endfacet
  facet normal -0.000000e+00 1.000000e+00 0.000000e+00
    outer loop
      vertex   1.072091e+01 -4.272792e+01 1.189132e+02
      vertex   1.305873e+01 -4.272792e+01 1.216083e+02
      vertex   1.114583e+01 -4.272792e+01 1.177861e+02
    endloop
  endfacet
  facet normal 0.000000e+00 1.000000e+00 0.000000e+00
    outer loop
      vertex   1.114583e+01 -4.272792e+01 1.177861e+02
      vertex   1.305873e+01 -4.272792e+01 1.216083e+02
      vertex   1.368067e+01 -4.272792e+01 1.203793e+02
    endloop
  endfacet
  facet normal 0.000000e+00 1.000000e+00 0.000000e+00
    outer loop
      vertex   1.114583e+01 -4.272792e+01 1.177861e+02
      vertex   1.368067e+01 -4.272792e+01 1.203793e+02
      vertex   1.418726e+01 -4.272792e+01 1.190984e+02
    endloop
  endfacet
  facet normal -0.000000e+00 1.000000e+00 0.000000e+00
    outer loop
      vertex   1.114583e+01 -4.272792e+01 1.177861e+02
      vertex   1.418726e+01 -4.272792e+01 1.190984e+02
      vertex   1.145261e+01 -4.272792e+01 1.166212e+02
    endloop
  endfacet
  facet normal 0.000000e+00 1.000000e+00 0.000000e+00
    outer loop
      vertex   1.145261e+01 -4.272792e+01 1.166212e+02
      vertex   1.418726e+01 -4.272792e+01 1.190984e+02
      vertex   1.457422e+01 -4.272792e+01 1.177765e+02
    endloop
  endfacet
  facet normal -0.000000e+00 1.000000e+00 0.000000e+00
    outer loop
      vertex   1.145261e+01 -4.272792e+01 1.166212e+02
      vertex   1.457422e+01 -4.272792e+01 1.177765e+02
      vertex   1.163799e+01 -4.272792e+01 1.154309e+02
    endloop
  endfacet
  facet normal 0.000000e+00 1.000000e+00 0.000000e+00
    outer loop
      vertex   1.163799e+01 -4.272792e+01 1.154309e+02
      vertex   1.457422e+01 -4.272792e+01 1.177765e+02
      vertex   1.483828e+01 -4.272792e+01 1.164246e+02
    endloop
  endfacet
  facet normal -0.000000e+00 1.000000e+00 0.000000e+00
    outer loop
      vertex   1.163799e+01 -4.272792e+01 1.154309e+02
      vertex   1.483828e+01 -4.272792e+01 1.164246e+02
      vertex   1.497722e+01 -4.272792e+01 1.150542e+02
    endloop
  endfacet
  facet normal 0.000000e+00 1.000000e+00 0.000000e+00
    outer loop
      vertex   1.163799e+01 -4.272792e+01 1.154309e+02
      vertex   1.497722e+01 -4.272792e+01 1.150542e+02
      vertex   1.170000e+01 -4.272792e+01 1.142279e+02
    endloop
  endfacet
  facet normal -0.000000e+00 1.000000e+00 0.000000e+00
    outer loop
      vertex   1.170000e+01 -4.272792e+01 1.142279e+02
      vertex   1.497722e+01 -4.272792e+01 1.150542e+02
      vertex   1.498988e+01 -4.272792e+01 1.136769e+02
    endloop
  endfacet
  facet normal 0.000000e+00 1.000000e+00 0.000000e+00
    outer loop
      vertex   1.170000e+01 -4.272792e+01 1.142279e+02
      vertex   1.498988e+01 -4.272792e+01 1.136769e+02
      vertex   1.163799e+01 -4.272792e+01 1.130249e+02
    endloop
  endfacet
  facet normal -0.000000e+00 1.000000e+00 0.000000e+00
    outer loop
      vertex   1.163799e+01 -4.272792e+01 1.130249e+02
      vertex   1.498988e+01 -4.272792e+01 1.136769e+02
      vertex   1.487613e+01 -4.272792e+01 1.123042e+02
    endloop
  endfacet
  facet normal 0.000000e+00 1.000000e+00 0.000000e+00
    outer loop
      vertex   1.163799e+01 -4.272792e+01 1.130249e+02
      vertex   1.487613e+01 -4.272792e+01 1.123042e+02
      vertex   1.463695e+01 -4.272792e+01 1.109477e+02
    endloop
  endfacet
  facet normal 0.000000e+00 1.000000e+00 0.000000e+00
    outer loop
      vertex   1.163799e+01 -4.272792e+01 1.130249e+02
      vertex   1.463695e+01 -4.272792e+01 1.109477e+02
      vertex   1.145261e+01 -4.272792e+01 1.118347e+02
    endloop
  endfacet
  facet normal 0.000000e+00 1.000000e+00 0.000000e+00
    outer loop
      vertex   1.145261e+01 -4.272792e+01 1.118347e+02
      vertex   1.463695e+01 -4.272792e+01 1.109477e+02
      vertex   1.427434e+01 -4.272792e+01 1.096189e+02
    endloop
  endfacet
  facet normal 0.000000e+00 1.000000e+00 0.000000e+00
    outer loop
      vertex   1.145261e+01 -4.272792e+01 1.118347e+02
      vertex   1.427434e+01 -4.272792e+01 1.096189e+02
      vertex   1.379137e+01 -4.272792e+01 1.083289e+02
    endloop
  endfacet
  facet normal 0.000000e+00 1.000000e+00 0.000000e+00
    outer loop
      vertex   1.145261e+01 -4.272792e+01 1.118347e+02
      vertex   1.379137e+01 -4.272792e+01 1.083289e+02
      vertex   1.114583e+01 -4.272792e+01 1.106698e+02
    endloop
  endfacet
  facet normal 0.000000e+00 1.000000e+00 0.000000e+00
    outer loop
      vertex   1.114583e+01 -4.272792e+01 1.106698e+02
      vertex   1.379137e+01 -4.272792e+01 1.083289e+02
      vertex   1.319211e+01 -4.272792e+01 1.070887e+02
    endloop
  endfacet
  facet normal 0.000000e+00 1.000000e+00 0.000000e+00
    outer loop
      vertex   1.114583e+01 -4.272792e+01 1.106698e+02
      vertex   1.319211e+01 -4.272792e+01 1.070887e+02
      vertex   1.072091e+01 -4.272792e+01 1.095426e+02
    endloop
  endfacet
  facet normal 0.000000e+00 1.000000e+00 0.000000e+00
    outer loop
      vertex   1.072091e+01 -4.272792e+01 1.095426e+02
      vertex   1.319211e+01 -4.272792e+01 1.070887e+02
      vertex   1.248160e+01 -4.272792e+01 1.059087e+02
    endloop
  endfacet
  facet normal 0.000000e+00 1.000000e+00 0.000000e+00
    outer loop
      vertex   1.072091e+01 -4.272792e+01 1.095426e+02
      vertex   1.248160e+01 -4.272792e+01 1.059087e+02
      vertex   1.018234e+01 -4.272792e+01 1.084651e+02
    endloop
  endfacet
  facet normal 0.000000e+00 1.000000e+00 0.000000e+00
    outer loop
      vertex   1.018234e+01 -4.272792e+01 1.084651e+02
      vertex   1.248160e+01 -4.272792e+01 1.059087e+02
      vertex   1.166586e+01 -4.272792e+01 1.047988e+02
    endloop
  endfacet
  facet normal 0.000000e+00 1.000000e+00 0.000000e+00
    outer loop
      vertex   1.018234e+01 -4.272792e+01 1.084651e+02
      vertex   1.166586e+01 -4.272792e+01 1.047988e+02
      vertex   9.535832e+00 -4.272792e+01 1.074487e+02
    endloop
  endfacet
  facet normal 0.000000e+00 1.000000e+00 0.000000e+00
    outer loop
      vertex   9.535832e+00 -4.272792e+01 1.074487e+02
      vertex   1.166586e+01 -4.272792e+01 1.047988e+02
      vertex   1.075174e+01 -4.272792e+01 1.037685e+02
    endloop
  endfacet
  facet normal 0.000000e+00 1.000000e+00 0.000000e+00
    outer loop
      vertex   9.535832e+00 -4.272792e+01 1.074487e+02
      vertex   1.075174e+01 -4.272792e+01 1.037685e+02
      vertex   8.788244e+00 -4.272792e+01 1.065041e+02
    endloop
  endfacet
  facet normal 0.000000e+00 1.000000e+00 0.000000e+00
    outer loop
      vertex   8.788244e+00 -4.272792e+01 1.065041e+02
      vertex   1.075174e+01 -4.272792e+01 1.037685e+02
      vertex   9.746958e+00 -4.272792e+01 1.028263e+02
    endloop
  endfacet
  facet normal 0.000000e+00 1.000000e+00 0.000000e+00
    outer loop
      vertex   8.788244e+00 -4.272792e+01 1.065041e+02
      vertex   9.746958e+00 -4.272792e+01 1.028263e+02
      vertex   7.947498e+00 -4.272792e+01 1.056415e+02
    endloop
  endfacet
  facet normal 0.000000e+00 1.000000e+00 0.000000e+00
    outer loop
      vertex   7.947498e+00 -4.272792e+01 1.056415e+02
      vertex   9.746958e+00 -4.272792e+01 1.028263e+02
      vertex   8.659991e+00 -4.272792e+01 1.019803e+02
    endloop
  endfacet
  facet normal 0.000000e+00 1.000000e+00 0.000000e+00
    outer loop
      vertex   7.947498e+00 -4.272792e+01 1.056415e+02
      vertex   8.659991e+00 -4.272792e+01 1.019803e+02
      vertex   7.022507e+00 -4.272792e+01 1.048698e+02
    endloop
  endfacet
  facet normal 0.000000e+00 1.000000e+00 0.000000e+00
    outer loop
      vertex   7.022507e+00 -4.272792e+01 1.048698e+02
      vertex   8.659991e+00 -4.272792e+01 1.019803e+02
      vertex   7.500000e+00 -4.272792e+01 1.012375e+02
    endloop
  endfacet
  facet normal 0.000000e+00 1.000000e+00 0.000000e+00
    outer loop
      vertex   7.022507e+00 -4.272792e+01 1.048698e+02
      vertex   7.500000e+00 -4.272792e+01 1.012375e+02
      vertex   6.023076e+00 -4.272792e+01 1.041973e+02
    endloop
  endfacet
  facet normal 0.000000e+00 1.000000e+00 0.000000e+00
    outer loop
      vertex   6.023076e+00 -4.272792e+01 1.041973e+02
      vertex   7.500000e+00 -4.272792e+01 1.012375e+02
      vertex   4.959798e+00 -4.272792e+01 1.036312e+02
    endloop
  endfacet
  facet normal 0.000000e+00 1.000000e+00 0.000000e+00
    outer loop
      vertex   -5.498728e+00 -4.272792e+01 1.039006e+02
      vertex   -4.407716e+00 -4.272792e+01 1.033899e+02
      vertex   -7.500000e+00 -4.272792e+01 1.012375e+02
    endloop
  endfacet
  facet normal 0.000000e+00 1.000000e+00 0.000000e+00
    outer loop
      vertex   -7.500000e+00 -4.272792e+01 1.012375e+02
      vertex   -4.407716e+00 -4.272792e+01 1.033899e+02
      vertex   -3.269982e+00 -4.272792e+01 1.029942e+02
    endloop
  endfacet
  facet normal 0.000000e+00 1.000000e+00 0.000000e+00
    outer loop
      vertex   -9.029529e-01 -4.272792e+01 1.025628e+02
      vertex   3.012506e-01 -4.272792e+01 1.025318e+02
      vertex   -7.500000e+00 -4.272792e+01 7.992031e+01
    endloop
  endfacet
  facet normal 1.000000e+00 0.000000e+00 4.166481e-17
    outer loop
      vertex   7.500000e+00 -4.272792e+01 1.012375e+02
      vertex   7.500000e+00 -4.572792e+01 1.012375e+02
      vertex   7.500000e+00 -4.272792e+01 7.992031e+01
    endloop
  endfacet
  facet normal 1.000000e+00 5.485528e-18 4.243680e-17
    outer loop
      vertex   7.500000e+00 -4.272792e+01 7.992031e+01
      vertex   7.500000e+00 -4.572792e+01 1.012375e+02
      vertex   7.500000e+00 -4.593946e+01 1.012649e+02
    endloop
  endfacet
  facet normal 1.000000e+00 -1.622484e-17 3.917023e-17
    outer loop
      vertex   7.500000e+00 -4.272792e+01 7.992031e+01
      vertex   7.500000e+00 -4.593946e+01 1.012649e+02
      vertex   7.500000e+00 -4.672792e+01 7.826346e+01
    endloop
  endfacet
  facet normal 1.000000e+00 1.427263e-17 3.812480e-17
    outer loop
      vertex   7.500000e+00 -4.672792e+01 7.826346e+01
      vertex   7.500000e+00 -4.593946e+01 1.012649e+02
      vertex   7.500000e+00 -4.613608e+01 1.013385e+02
    endloop
  endfacet
  facet normal 1.000000e+00 4.894721e-15 -8.705277e-17
    outer loop
      vertex   7.500000e+00 -4.672792e+01 7.826346e+01
      vertex   7.500000e+00 -4.613608e+01 1.013385e+02
      vertex   7.500000e+00 -4.631538e+01 1.014595e+02
    endloop
  endfacet
  facet normal 1.000000e+00 -1.196655e-14 2.128255e-16
    outer loop
      vertex   7.500000e+00 -4.631538e+01 1.014595e+02
      vertex   7.500000e+00 -4.646116e+01 1.016091e+02
      vertex   7.500000e+00 -4.672792e+01 7.826346e+01
    endloop
  endfacet
  facet normal 1.000000e+00 7.510434e-15 -9.728687e-18
    outer loop
      vertex   7.500000e+00 -4.672792e+01 7.826346e+01
      vertex   7.500000e+00 -4.646116e+01 1.016091e+02
      vertex   7.500000e+00 -4.657919e+01 1.017915e+02
    endloop
  endfacet
  facet normal 1.000000e+00 8.725693e-17 3.719818e-17
    outer loop
      vertex   7.500000e+00 -4.672792e+01 7.826346e+01
      vertex   7.500000e+00 -4.657919e+01 1.017915e+02
      vertex   7.500000e+00 -4.666119e+01 1.019838e+02
    endloop
  endfacet
  facet normal 1.000000e+00 1.796298e-14 -1.309285e-17
    outer loop
      vertex   7.500000e+00 -4.666119e+01 1.019838e+02
      vertex   7.500000e+00 -4.671048e+01 1.021946e+02
      vertex   7.500000e+00 -4.672792e+01 7.826346e+01
    endloop
  endfacet
  facet normal 1.000000e+00 0.000000e+00 0.000000e+00
    outer loop
      vertex   7.500000e+00 -4.672792e+01 7.826346e+01
      vertex   7.500000e+00 -4.671048e+01 1.021946e+02
      vertex   7.500000e+00 -4.672792e+01 1.024063e+02
    endloop
  endfacet
  facet normal 1.000000e+00 0.000000e+00 0.000000e+00
    outer loop
      vertex   7.500000e+00 -4.272792e+01 7.992031e+01
      vertex   7.500000e+00 -4.672792e+01 7.826346e+01
      vertex   7.500000e+00 -4.267231e+01 7.907189e+01
    endloop
  endfacet
  facet normal 1.000000e+00 0.000000e+00 0.000000e+00
    outer loop
      vertex   7.500000e+00 -4.267231e+01 7.907189e+01
      vertex   7.500000e+00 -4.672792e+01 7.826346e+01
      vertex   7.500000e+00 -4.667231e+01 7.741504e+01
    endloop
  endfacet
  facet normal 1.000000e+00 0.000000e+00 0.000000e+00
    outer loop
      vertex   7.500000e+00 -4.267231e+01 7.907189e+01
      vertex   7.500000e+00 -4.667231e+01 7.741504e+01
      vertex   7.500000e+00 -4.250644e+01 7.823799e+01
    endloop
  endfacet
  facet normal 1.000000e+00 0.000000e+00 0.000000e+00
    outer loop
      vertex   7.500000e+00 -4.250644e+01 7.823799e+01
      vertex   7.500000e+00 -4.667231e+01 7.741504e+01
      vertex   7.500000e+00 -4.650644e+01 7.658113e+01
    endloop
  endfacet
  facet normal 1.000000e+00 0.000000e+00 0.000000e+00
    outer loop
      vertex   7.500000e+00 -4.250644e+01 7.823799e+01
      vertex   7.500000e+00 -4.650644e+01 7.658113e+01
      vertex   7.500000e+00 -4.623314e+01 7.577601e+01
    endloop
  endfacet
  facet normal 1.000000e+00 0.000000e+00 0.000000e+00
    outer loop
      vertex   7.500000e+00 -4.250644e+01 7.823799e+01
      vertex   7.500000e+00 -4.623314e+01 7.577601e+01
      vertex   7.500000e+00 -4.223314e+01 7.743287e+01
    endloop
  endfacet
  facet normal 1.000000e+00 0.000000e+00 0.000000e+00
    outer loop
      vertex   7.500000e+00 -4.223314e+01 7.743287e+01
      vertex   7.500000e+00 -4.623314e+01 7.577601e+01
      vertex   7.500000e+00 -4.585709e+01 7.501346e+01
    endloop
  endfacet
  facet normal 1.000000e+00 0.000000e+00 0.000000e+00
    outer loop
      vertex   7.500000e+00 -4.223314e+01 7.743287e+01
      vertex   7.500000e+00 -4.585709e+01 7.501346e+01
      vertex   7.500000e+00 -4.538472e+01 7.430651e+01
    endloop
  endfacet
  facet normal 1.000000e+00 -0.000000e+00 0.000000e+00
    outer loop
      vertex   7.500000e+00 -4.538472e+01 7.430651e+01
      vertex   7.500000e+00 -4.482412e+01 7.366726e+01
      vertex   7.500000e+00 -4.223314e+01 7.743287e+01
    endloop
  endfacet
  facet normal 1.000000e+00 0.000000e+00 0.000000e+00
    outer loop
      vertex   7.500000e+00 -4.223314e+01 7.743287e+01
      vertex   7.500000e+00 -4.482412e+01 7.366726e+01
      vertex   7.500000e+00 -4.185709e+01 7.667031e+01
    endloop
  endfacet
  facet normal 1.000000e+00 0.000000e+00 0.000000e+00
    outer loop
      vertex   7.500000e+00 -4.185709e+01 7.667031e+01
      vertex   7.500000e+00 -4.482412e+01 7.366726e+01
      vertex   7.500000e+00 -4.138472e+01 7.596336e+01
    endloop
  endfacet
  facet normal 1.000000e+00 0.000000e+00 0.000000e+00
    outer loop
      vertex   7.500000e+00 -4.138472e+01 7.596336e+01
      vertex   7.500000e+00 -4.482412e+01 7.366726e+01
      vertex   7.500000e+00 -4.082412e+01 7.532412e+01
    endloop
  endfacet
  facet normal 1.000000e+00 0.000000e+00 0.000000e+00
    outer loop
      vertex   7.500000e+00 -4.082412e+01 7.532412e+01
      vertex   7.500000e+00 -4.482412e+01 7.366726e+01
      vertex   7.500000e+00 -3.356066e+01 6.240381e+01
    endloop
  endfacet
  facet normal 1.000000e+00 0.000000e+00 0.000000e+00
    outer loop
      vertex   7.500000e+00 -4.082412e+01 7.532412e+01
      vertex   7.500000e+00 -3.356066e+01 6.240381e+01
      vertex   7.500000e+00 -3.000000e+01 6.450000e+01
    endloop
  endfacet
  facet normal 1.000000e+00 0.000000e+00 0.000000e+00
    outer loop
      vertex   7.500000e+00 -3.000000e+01 6.450000e+01
      vertex   7.500000e+00 -3.356066e+01 6.240381e+01
      vertex   7.500000e+00 -3.292142e+01 6.184320e+01
    endloop
  endfacet
  facet normal 1.000000e+00 0.000000e+00 0.000000e+00
    outer loop
      vertex   7.500000e+00 -3.000000e+01 6.450000e+01
      vertex   7.500000e+00 -3.292142e+01 6.184320e+01
      vertex   7.500000e+00 -3.221447e+01 6.137083e+01
    endloop
  endfacet
  facet normal 1.000000e+00 -0.000000e+00 0.000000e+00
    outer loop
      vertex   7.500000e+00 -3.221447e+01 6.137083e+01
      vertex   7.500000e+00 -3.145191e+01 6.099478e+01
      vertex   7.500000e+00 -3.000000e+01 6.450000e+01
    endloop
  endfacet
  facet normal 1.000000e+00 0.000000e+00 0.000000e+00
    outer loop
      vertex   7.500000e+00 -3.000000e+01 6.450000e+01
      vertex   7.500000e+00 -3.145191e+01 6.099478e+01
      vertex   7.500000e+00 -3.064679e+01 6.072148e+01
    endloop
  endfacet
  facet normal 1.000000e+00 0.000000e+00 0.000000e+00
    outer loop
      vertex   7.500000e+00 -3.000000e+01 6.450000e+01
      vertex   7.500000e+00 -3.064679e+01 6.072148e+01
      vertex   7.500000e+00 -2.981289e+01 6.055561e+01
    endloop
  endfacet
  facet normal 1.000000e+00 -0.000000e+00 -0.000000e+00
    outer loop
      vertex   7.500000e+00 -2.981289e+01 6.055561e+01
      vertex   7.500000e+00 -2.896447e+01 6.050000e+01
      vertex   7.500000e+00 -3.000000e+01 6.450000e+01
    endloop
  endfacet
  facet normal 1.000000e+00 0.000000e+00 0.000000e+00
    outer loop
      vertex   7.500000e+00 -3.000000e+01 6.450000e+01
      vertex   7.500000e+00 -2.896447e+01 6.050000e+01
      vertex   7.500000e+00 -1.989898e+01 6.050000e+01
    endloop
  endfacet
  facet normal 1.000000e+00 -5.402275e-17 -1.364212e-16
    outer loop
      vertex   7.500000e+00 -3.000000e+01 6.450000e+01
      vertex   7.500000e+00 -1.989898e+01 6.050000e+01
      vertex   7.500000e+00 -1.223330e+01 6.397495e+01
    endloop
  endfacet
  facet normal 1.000000e+00 -2.852693e-15 6.037395e-15
    outer loop
      vertex   7.500000e+00 -1.223330e+01 6.397495e+01
      vertex   7.500000e+00 -1.989898e+01 6.050000e+01
      vertex   7.500000e+00 -1.253783e+01 6.368395e+01
    endloop
  endfacet
  facet normal 1.000000e+00 1.169484e-15 -3.261708e-15
    outer loop
      vertex   7.500000e+00 -1.253783e+01 6.368395e+01
      vertex   7.500000e+00 -1.989898e+01 6.050000e+01
      vertex   7.500000e+00 -1.278460e+01 6.332316e+01
    endloop
  endfacet
  facet normal 1.000000e+00 -1.469413e-16 5.568841e-17
    outer loop
      vertex   7.500000e+00 -1.278460e+01 6.332316e+01
      vertex   7.500000e+00 -1.989898e+01 6.050000e+01
      vertex   7.500000e+00 -1.293470e+01 6.292710e+01
    endloop
  endfacet
  facet normal 1.000000e+00 -1.336035e-16 1.741719e-17
    outer loop
      vertex   7.500000e+00 -1.293470e+01 6.292710e+01
      vertex   7.500000e+00 -1.989898e+01 6.050000e+01
      vertex   7.500000e+00 -1.299038e+01 6.250000e+01
    endloop
  endfacet
  facet normal 1.000000e+00 -1.285613e-16 0.000000e+00
    outer loop
      vertex   7.500000e+00 -1.299038e+01 6.250000e+01
      vertex   7.500000e+00 -1.989898e+01 6.050000e+01
      vertex   7.500000e+00 -1.299038e+01 5.697447e+01
    endloop
  endfacet
  facet normal 1.000000e+00 5.908032e-17 3.690792e-15
    outer loop
      vertex   7.500000e+00 -1.223330e+01 6.397495e+01
      vertex   7.500000e+00 -1.186224e+01 6.420966e+01
      vertex   7.500000e+00 -3.000000e+01 6.450000e+01
    endloop
  endfacet
  facet normal 1.000000e+00 -3.408290e-16 -2.129185e-14
    outer loop
      vertex   7.500000e+00 -3.000000e+01 6.450000e+01
      vertex   7.500000e+00 -1.186224e+01 6.420966e+01
      vertex   7.500000e+00 -1.147281e+01 6.437028e+01
    endloop
  endfacet
  facet normal 1.000000e+00 -6.043377e-17 1.875674e-14
    outer loop
      vertex   7.500000e+00 -3.000000e+01 6.450000e+01
      vertex   7.500000e+00 -1.147281e+01 6.437028e+01
      vertex   7.500000e+00 -1.104579e+01 6.446637e+01
    endloop
  endfacet
  facet normal 1.000000e+00 -1.833032e-16 -5.048348e-14
    outer loop
      vertex   7.500000e+00 -1.104579e+01 6.446637e+01
      vertex   7.500000e+00 -1.061838e+01 6.450000e+01
      vertex   7.500000e+00 -3.000000e+01 6.450000e+01
    endloop
  endfacet
  facet normal 0.000000e+00 -1.000000e+00 8.829222e-16
    outer loop
      vertex   -7.500000e+00 -4.672792e+01 7.826346e+01
      vertex   7.500000e+00 -4.672792e+01 1.024063e+02
      vertex   -7.500000e+00 -4.672792e+01 1.024063e+02
    endloop
  endfacet
  facet normal 0.000000e+00 -1.000000e+00 8.255217e-16
    outer loop
      vertex   -7.500000e+00 -4.672792e+01 1.024063e+02
      vertex   7.500000e+00 -4.672792e+01 1.024063e+02
      vertex   -3.061617e-16 -4.672792e+01 1.282279e+02
    endloop
  endfacet
  facet normal -3.996827e-17 -1.000000e+00 8.371306e-16
    outer loop
      vertex   -7.500000e+00 -4.672792e+01 1.024063e+02
      vertex   -3.061617e-16 -4.672792e+01 1.282279e+02
      vertex   -1.333802e+00 -4.672792e+01 1.281642e+02
    endloop
  endfacet
  facet normal 0.000000e+00 -1.000000e+00 8.829222e-16
    outer loop
      vertex   -7.500000e+00 -4.672792e+01 7.826346e+01
      vertex   7.500000e+00 -4.672792e+01 7.826346e+01
      vertex   7.500000e+00 -4.672792e+01 1.024063e+02
    endloop
  endfacet
  facet normal -6.373008e-16 -1.000000e+00 9.059186e-16
    outer loop
      vertex   8.592146e+00 -4.672792e+01 1.031746e+02
      vertex   7.584263e+00 -4.672792e+01 1.259956e+02
      vertex   7.500000e+00 -4.672792e+01 1.024063e+02
    endloop
  endfacet
  facet normal 5.220739e-16 -1.000000e+00 9.017772e-16
    outer loop
      vertex   7.500000e+00 -4.672792e+01 1.024063e+02
      vertex   7.584263e+00 -4.672792e+01 1.259956e+02
      vertex   6.428637e+00 -4.672792e+01 1.266647e+02
    endloop
  endfacet
  facet normal 4.106366e-16 -1.000000e+00 8.968556e-16
    outer loop
      vertex   7.500000e+00 -4.672792e+01 1.024063e+02
      vertex   6.428637e+00 -4.672792e+01 1.266647e+02
      vertex   5.214527e+00 -4.672792e+01 1.272206e+02
    endloop
  endfacet
  facet normal 6.888562e-16 -1.000000e+00 9.644879e-16
    outer loop
      vertex   7.584263e+00 -4.672792e+01 1.259956e+02
      vertex   8.592146e+00 -4.672792e+01 1.031746e+02
      vertex   8.670893e+00 -4.672792e+01 1.252195e+02
    endloop
  endfacet
  facet normal -8.311080e-16 -1.000000e+00 9.699174e-16
    outer loop
      vertex   8.670893e+00 -4.672792e+01 1.252195e+02
      vertex   8.592146e+00 -4.672792e+01 1.031746e+02
      vertex   9.606126e+00 -4.672792e+01 1.040435e+02
    endloop
  endfacet
  facet normal 9.100506e-16 -1.000000e+00 1.046815e-15
    outer loop
      vertex   8.670893e+00 -4.672792e+01 1.252195e+02
      vertex   9.606126e+00 -4.672792e+01 1.040435e+02
      vertex   9.678640e+00 -4.672792e+01 1.243435e+02
    endloop
  endfacet
  facet normal -1.093701e-15 -1.000000e+00 1.053973e-15
    outer loop
      vertex   9.678640e+00 -4.672792e+01 1.243435e+02
      vertex   9.606126e+00 -4.672792e+01 1.040435e+02
      vertex   1.053272e+01 -4.672792e+01 1.050050e+02
    endloop
  endfacet
  facet normal 1.216873e-15 -1.000000e+00 1.156019e-15
    outer loop
      vertex   9.678640e+00 -4.672792e+01 1.243435e+02
      vertex   1.053272e+01 -4.672792e+01 1.050050e+02
      vertex   1.059834e+01 -4.672792e+01 1.233753e+02
    endloop
  endfacet
  facet normal -1.466768e-15 -1.000000e+00 1.165605e-15
    outer loop
      vertex   1.059834e+01 -4.672792e+01 1.233753e+02
      vertex   1.053272e+01 -4.672792e+01 1.050050e+02
      vertex   1.136349e+01 -4.672792e+01 1.060504e+02
    endloop
  endfacet
  facet normal 1.665110e-15 -1.000000e+00 1.303923e-15
    outer loop
      vertex   1.059834e+01 -4.672792e+01 1.233753e+02
      vertex   1.136349e+01 -4.672792e+01 1.060504e+02
      vertex   1.142162e+01 -4.672792e+01 1.223240e+02
    endloop
  endfacet
  facet normal -2.027685e-15 -1.000000e+00 1.317114e-15
    outer loop
      vertex   1.142162e+01 -4.672792e+01 1.223240e+02
      vertex   1.136349e+01 -4.672792e+01 1.060504e+02
      vertex   1.209088e+01 -4.672792e+01 1.071703e+02
    endloop
  endfacet
  facet normal 2.362998e-15 -1.000000e+00 1.511028e-15
    outer loop
      vertex   1.142162e+01 -4.672792e+01 1.223240e+02
      vertex   1.209088e+01 -4.672792e+01 1.071703e+02
      vertex   1.214099e+01 -4.672792e+01 1.211990e+02
    endloop
  endfacet
  facet normal 8.653987e-15 -1.000000e+00 1.488556e-15
    outer loop
      vertex   1.214099e+01 -4.672792e+01 1.211990e+02
      vertex   1.209088e+01 -4.672792e+01 1.071703e+02
      vertex   1.270828e+01 -4.672792e+01 1.083543e+02
    endloop
  endfacet
  facet normal -2.317613e-14 -1.000000e+00 8.278750e-17
    outer loop
      vertex   1.214099e+01 -4.672792e+01 1.211990e+02
      vertex   1.270828e+01 -4.672792e+01 1.083543e+02
      vertex   1.274991e+01 -4.672792e+01 1.200106e+02
    endloop
  endfacet
  facet normal 0.000000e+00 -1.000000e+00 -0.000000e+00
    outer loop
      vertex   1.274991e+01 -4.672792e+01 1.200106e+02
      vertex   1.270828e+01 -4.672792e+01 1.083543e+02
      vertex   1.321006e+01 -4.672792e+01 1.095917e+02
    endloop
  endfacet
  facet normal 0.000000e+00 -1.000000e+00 0.000000e+00
    outer loop
      vertex   1.274991e+01 -4.672792e+01 1.200106e+02
      vertex   1.321006e+01 -4.672792e+01 1.095917e+02
      vertex   1.324285e+01 -4.672792e+01 1.187696e+02
    endloop
  endfacet
  facet normal 0.000000e+00 -1.000000e+00 -0.000000e+00
    outer loop
      vertex   1.324285e+01 -4.672792e+01 1.187696e+02
      vertex   1.321006e+01 -4.672792e+01 1.095917e+02
      vertex   1.359167e+01 -4.672792e+01 1.108714e+02
    endloop
  endfacet
  facet normal 0.000000e+00 -1.000000e+00 0.000000e+00
    outer loop
      vertex   1.324285e+01 -4.672792e+01 1.187696e+02
      vertex   1.359167e+01 -4.672792e+01 1.108714e+02
      vertex   1.361530e+01 -4.672792e+01 1.174873e+02
    endloop
  endfacet
  facet normal 0.000000e+00 -1.000000e+00 -0.000000e+00
    outer loop
      vertex   1.361530e+01 -4.672792e+01 1.174873e+02
      vertex   1.359167e+01 -4.672792e+01 1.108714e+02
      vertex   1.384963e+01 -4.672792e+01 1.121815e+02
    endloop
  endfacet
  facet normal 0.000000e+00 -1.000000e+00 0.000000e+00
    outer loop
      vertex   1.361530e+01 -4.672792e+01 1.174873e+02
      vertex   1.384963e+01 -4.672792e+01 1.121815e+02
      vertex   1.386390e+01 -4.672792e+01 1.161753e+02
    endloop
  endfacet
  facet normal 0.000000e+00 -1.000000e+00 -0.000000e+00
    outer loop
      vertex   1.386390e+01 -4.672792e+01 1.161753e+02
      vertex   1.384963e+01 -4.672792e+01 1.121815e+02
      vertex   1.398160e+01 -4.672792e+01 1.135103e+02
    endloop
  endfacet
  facet normal 0.000000e+00 -1.000000e+00 0.000000e+00
    outer loop
      vertex   1.386390e+01 -4.672792e+01 1.161753e+02
      vertex   1.398160e+01 -4.672792e+01 1.135103e+02
      vertex   1.398637e+01 -4.672792e+01 1.148456e+02
    endloop
  endfacet
  facet normal 3.078823e-16 -1.000000e+00 8.873915e-16
    outer loop
      vertex   5.214527e+00 -4.672792e+01 1.272206e+02
      vertex   3.952979e+00 -4.672792e+01 1.276583e+02
      vertex   7.500000e+00 -4.672792e+01 1.024063e+02
    endloop
  endfacet
  facet normal 2.125305e-16 -1.000000e+00 8.739979e-16
    outer loop
      vertex   7.500000e+00 -4.672792e+01 1.024063e+02
      vertex   3.952979e+00 -4.672792e+01 1.276583e+02
      vertex   2.655469e+00 -4.672792e+01 1.279738e+02
    endloop
  endfacet
  facet normal 1.235211e-16 -1.000000e+00 8.571324e-16
    outer loop
      vertex   7.500000e+00 -4.672792e+01 1.024063e+02
      vertex   2.655469e+00 -4.672792e+01 1.279738e+02
      vertex   1.333802e+00 -4.672792e+01 1.281642e+02
    endloop
  endfacet
  facet normal 3.996827e-17 -1.000000e+00 8.371306e-16
    outer loop
      vertex   1.333802e+00 -4.672792e+01 1.281642e+02
      vertex   -3.061617e-16 -4.672792e+01 1.282279e+02
      vertex   7.500000e+00 -4.672792e+01 1.024063e+02
    endloop
  endfacet
  facet normal -1.235211e-16 -1.000000e+00 8.571324e-16
    outer loop
      vertex   -1.333802e+00 -4.672792e+01 1.281642e+02
      vertex   -2.655469e+00 -4.672792e+01 1.279738e+02
      vertex   -7.500000e+00 -4.672792e+01 1.024063e+02
    endloop
  endfacet
  facet normal -2.125305e-16 -1.000000e+00 8.739979e-16
    outer loop
      vertex   -7.500000e+00 -4.672792e+01 1.024063e+02
      vertex   -2.655469e+00 -4.672792e+01 1.279738e+02
      vertex   -3.952979e+00 -4.672792e+01 1.276583e+02
    endloop
  endfacet
  facet normal -3.078823e-16 -1.000000e+00 8.873915e-16
    outer loop
      vertex   -7.500000e+00 -4.672792e+01 1.024063e+02
      vertex   -3.952979e+00 -4.672792e+01 1.276583e+02
      vertex   -5.214527e+00 -4.672792e+01 1.272206e+02
    endloop
  endfacet
  facet normal -4.106366e-16 -1.000000e+00 8.968556e-16
    outer loop
      vertex   -5.214527e+00 -4.672792e+01 1.272206e+02
      vertex   -6.428637e+00 -4.672792e+01 1.266647e+02
      vertex   -7.500000e+00 -4.672792e+01 1.024063e+02
    endloop
  endfacet
  facet normal -5.220739e-16 -1.000000e+00 9.017772e-16
    outer loop
      vertex   -7.500000e+00 -4.672792e+01 1.024063e+02
      vertex   -6.428637e+00 -4.672792e+01 1.266647e+02
      vertex   -7.584263e+00 -4.672792e+01 1.259956e+02
    endloop
  endfacet
  facet normal 6.373008e-16 -1.000000e+00 9.059186e-16
    outer loop
      vertex   -7.500000e+00 -4.672792e+01 1.024063e+02
      vertex   -7.584263e+00 -4.672792e+01 1.259956e+02
      vertex   -8.592146e+00 -4.672792e+01 1.031746e+02
    endloop
  endfacet
  facet normal -6.888562e-16 -1.000000e+00 9.644879e-16
    outer loop
      vertex   -8.592146e+00 -4.672792e+01 1.031746e+02
      vertex   -7.584263e+00 -4.672792e+01 1.259956e+02
      vertex   -8.670893e+00 -4.672792e+01 1.252195e+02
    endloop
  endfacet
  facet normal 8.311080e-16 -1.000000e+00 9.699174e-16
    outer loop
      vertex   -8.592146e+00 -4.672792e+01 1.031746e+02
      vertex   -8.670893e+00 -4.672792e+01 1.252195e+02
      vertex   -9.606126e+00 -4.672792e+01 1.040435e+02
    endloop
  endfacet
  facet normal -9.100506e-16 -1.000000e+00 1.046815e-15
    outer loop
      vertex   -9.606126e+00 -4.672792e+01 1.040435e+02
      vertex   -8.670893e+00 -4.672792e+01 1.252195e+02
      vertex   -9.678640e+00 -4.672792e+01 1.243435e+02
    endloop
  endfacet
  facet normal 1.093701e-15 -1.000000e+00 1.053973e-15
    outer loop
      vertex   -9.606126e+00 -4.672792e+01 1.040435e+02
      vertex   -9.678640e+00 -4.672792e+01 1.243435e+02
      vertex   -1.053272e+01 -4.672792e+01 1.050050e+02
    endloop
  endfacet
  facet normal -1.216873e-15 -1.000000e+00 1.156019e-15
    outer loop
      vertex   -1.053272e+01 -4.672792e+01 1.050050e+02
      vertex   -9.678640e+00 -4.672792e+01 1.243435e+02
      vertex   -1.059834e+01 -4.672792e+01 1.233753e+02
    endloop
  endfacet
  facet normal 1.466768e-15 -1.000000e+00 1.165605e-15
    outer loop
      vertex   -1.053272e+01 -4.672792e+01 1.050050e+02
      vertex   -1.059834e+01 -4.672792e+01 1.233753e+02
      vertex   -1.136349e+01 -4.672792e+01 1.060504e+02
    endloop
  endfacet
  facet normal -1.665110e-15 -1.000000e+00 1.303923e-15
    outer loop
      vertex   -1.136349e+01 -4.672792e+01 1.060504e+02
      vertex   -1.059834e+01 -4.672792e+01 1.233753e+02
      vertex   -1.142162e+01 -4.672792e+01 1.223240e+02
    endloop
  endfacet
  facet normal 2.027685e-15 -1.000000e+00 1.317114e-15
    outer loop
      vertex   -1.136349e+01 -4.672792e+01 1.060504e+02
      vertex   -1.142162e+01 -4.672792e+01 1.223240e+02
      vertex   -1.209088e+01 -4.672792e+01 1.071703e+02
    endloop
  endfacet
  facet normal -2.362998e-15 -1.000000e+00 1.511028e-15
    outer loop
      vertex   -1.209088e+01 -4.672792e+01 1.071703e+02
      vertex   -1.142162e+01 -4.672792e+01 1.223240e+02
      vertex   -1.214099e+01 -4.672792e+01 1.211990e+02
    endloop
  endfacet
  facet normal -8.653987e-15 -1.000000e+00 1.488556e-15
    outer loop
      vertex   -1.209088e+01 -4.672792e+01 1.071703e+02
      vertex   -1.214099e+01 -4.672792e+01 1.211990e+02
      vertex   -1.270828e+01 -4.672792e+01 1.083543e+02
    endloop
  endfacet
  facet normal 2.317613e-14 -1.000000e+00 8.278750e-17
    outer loop
      vertex   -1.270828e+01 -4.672792e+01 1.083543e+02
      vertex   -1.214099e+01 -4.672792e+01 1.211990e+02
      vertex   -1.274991e+01 -4.672792e+01 1.200106e+02
    endloop
  endfacet
  facet normal 0.000000e+00 -1.000000e+00 0.000000e+00
    outer loop
      vertex   -1.270828e+01 -4.672792e+01 1.083543e+02
      vertex   -1.274991e+01 -4.672792e+01 1.200106e+02
      vertex   -1.321006e+01 -4.672792e+01 1.095917e+02
    endloop
  endfacet
  facet normal 0.000000e+00 -1.000000e+00 0.000000e+00
    outer loop
      vertex   -1.321006e+01 -4.672792e+01 1.095917e+02
      vertex   -1.274991e+01 -4.672792e+01 1.200106e+02
      vertex   -1.324285e+01 -4.672792e+01 1.187696e+02
    endloop
  endfacet
  facet normal 0.000000e+00 -1.000000e+00 0.000000e+00
    outer loop
      vertex   -1.321006e+01 -4.672792e+01 1.095917e+02
      vertex   -1.324285e+01 -4.672792e+01 1.187696e+02
      vertex   -1.359167e+01 -4.672792e+01 1.108714e+02
    endloop
  endfacet
  facet normal 0.000000e+00 -1.000000e+00 0.000000e+00
    outer loop
      vertex   -1.359167e+01 -4.672792e+01 1.108714e+02
      vertex   -1.324285e+01 -4.672792e+01 1.187696e+02
      vertex   -1.361530e+01 -4.672792e+01 1.174873e+02
    endloop
  endfacet
  facet normal 0.000000e+00 -1.000000e+00 0.000000e+00
    outer loop
      vertex   -1.359167e+01 -4.672792e+01 1.108714e+02
      vertex   -1.361530e+01 -4.672792e+01 1.174873e+02
      vertex   -1.384963e+01 -4.672792e+01 1.121815e+02
    endloop
  endfacet
  facet normal 0.000000e+00 -1.000000e+00 0.000000e+00
    outer loop
      vertex   -1.384963e+01 -4.672792e+01 1.121815e+02
      vertex   -1.361530e+01 -4.672792e+01 1.174873e+02
      vertex   -1.386390e+01 -4.672792e+01 1.161753e+02
    endloop
  endfacet
  facet normal 0.000000e+00 -1.000000e+00 0.000000e+00
    outer loop
      vertex   -1.384963e+01 -4.672792e+01 1.121815e+02
      vertex   -1.386390e+01 -4.672792e+01 1.161753e+02
      vertex   -1.398160e+01 -4.672792e+01 1.135103e+02
    endloop
  endfacet
  facet normal 0.000000e+00 -1.000000e+00 0.000000e+00
    outer loop
      vertex   -1.398160e+01 -4.672792e+01 1.135103e+02
      vertex   -1.386390e+01 -4.672792e+01 1.161753e+02
      vertex   -1.398637e+01 -4.672792e+01 1.148456e+02
    endloop
  endfacet
  facet normal -0.000000e+00 -4.545453e-01 -8.907236e-01
    outer loop
      vertex   2.947121e+00 -1.090892e+01 5.591228e+01
      vertex   2.221631e+00 -1.107946e+01 5.599931e+01
      vertex   -2.947121e+00 -1.090892e+01 5.591228e+01
    endloop
  endfacet
  facet normal 0.000000e+00 -4.545453e-01 -8.907236e-01
    outer loop
      vertex   -2.947121e+00 -1.090892e+01 5.591228e+01
      vertex   2.221631e+00 -1.107946e+01 5.599931e+01
      vertex   -2.221631e+00 -1.107946e+01 5.599931e+01
    endloop
  endfacet
  facet normal 0.000000e+00 -4.545453e-01 -8.907236e-01
    outer loop
      vertex   -2.221631e+00 -1.107946e+01 5.599931e+01
      vertex   2.221631e+00 -1.107946e+01 5.599931e+01
      vertex   -1.486478e+00 -1.120180e+01 5.606174e+01
    endloop
  endfacet
  facet normal 0.000000e+00 -4.545453e-01 -8.907236e-01
    outer loop
      vertex   -1.486478e+00 -1.120180e+01 5.606174e+01
      vertex   2.221631e+00 -1.107946e+01 5.599931e+01
      vertex   1.486478e+00 -1.120180e+01 5.606174e+01
    endloop
  endfacet
  facet normal 0.000000e+00 -4.545453e-01 -8.907236e-01
    outer loop
      vertex   -1.486478e+00 -1.120180e+01 5.606174e+01
      vertex   1.486478e+00 -1.120180e+01 5.606174e+01
      vertex   -7.448590e-01 -1.127542e+01 5.609931e+01
    endloop
  endfacet
  facet normal 0.000000e+00 -4.545453e-01 -8.907236e-01
    outer loop
      vertex   -7.448590e-01 -1.127542e+01 5.609931e+01
      vertex   1.486478e+00 -1.120180e+01 5.606174e+01
      vertex   7.448590e-01 -1.127542e+01 5.609931e+01
    endloop
  endfacet
  facet normal 0.000000e+00 -4.545453e-01 -8.907236e-01
    outer loop
      vertex   -7.448590e-01 -1.127542e+01 5.609931e+01
      vertex   7.448590e-01 -1.127542e+01 5.609931e+01
      vertex   -4.385381e-15 -1.130000e+01 5.611185e+01
    endloop
  endfacet
  facet normal 0.000000e+00 1.000000e+00 0.000000e+00
    outer loop
      vertex   -2.947121e+00 -1.090892e+01 5.591228e+01
      vertex   -2.947121e+00 -1.090892e+01 6.250000e+01
      vertex   2.947121e+00 -1.090892e+01 5.591228e+01
    endloop
  endfacet
  facet normal 0.000000e+00 1.000000e+00 -0.000000e+00
    outer loop
      vertex   2.947121e+00 -1.090892e+01 5.591228e+01
      vertex   -2.947121e+00 -1.090892e+01 6.250000e+01
      vertex   2.947121e+00 -1.090892e+01 6.250000e+01
    endloop
  endfacet
  facet normal -1.000000e+00 -0.000000e+00 -4.166481e-17
    outer loop
      vertex   -7.500000e+00 -4.272792e+01 1.012375e+02
      vertex   -7.500000e+00 -4.272792e+01 7.992031e+01
      vertex   -7.500000e+00 -4.572792e+01 1.012375e+02
    endloop
  endfacet
  facet normal -1.000000e+00 -5.502563e-18 -4.243919e-17
    outer loop
      vertex   -7.500000e+00 -4.572792e+01 1.012375e+02
      vertex   -7.500000e+00 -4.272792e+01 7.992031e+01
      vertex   -7.500000e+00 -4.593912e+01 1.012649e+02
    endloop
  endfacet
  facet normal -1.000000e+00 1.622491e-17 -3.917040e-17
    outer loop
      vertex   -7.500000e+00 -4.593912e+01 1.012649e+02
      vertex   -7.500000e+00 -4.272792e+01 7.992031e+01
      vertex   -7.500000e+00 -4.672792e+01 7.826346e+01
    endloop
  endfacet
  facet normal -1.000000e+00 -1.422055e-17 -3.812631e-17
    outer loop
      vertex   -7.500000e+00 -4.593912e+01 1.012649e+02
      vertex   -7.500000e+00 -4.672792e+01 7.826346e+01
      vertex   -7.500000e+00 -4.613625e+01 1.013385e+02
    endloop
  endfacet
  facet normal -1.000000e+00 -4.921906e-15 8.771248e-17
    outer loop
      vertex   -7.500000e+00 -4.613625e+01 1.013385e+02
      vertex   -7.500000e+00 -4.672792e+01 7.826346e+01
      vertex   -7.500000e+00 -4.631455e+01 1.014592e+02
    endloop
  endfacet
  facet normal -1.000000e+00 -0.000000e+00 0.000000e+00
    outer loop
      vertex   -7.500000e+00 -4.631455e+01 1.014592e+02
      vertex   -7.500000e+00 -4.672792e+01 7.826346e+01
      vertex   -7.500000e+00 -4.646152e+01 1.016091e+02
    endloop
  endfacet
  facet normal -1.000000e+00 1.489146e-14 -1.699318e-16
    outer loop
      vertex   -7.500000e+00 -4.646152e+01 1.016091e+02
      vertex   -7.500000e+00 -4.672792e+01 7.826346e+01
      vertex   -7.500000e+00 -4.657873e+01 1.017907e+02
    endloop
  endfacet
  facet normal -1.000000e+00 -2.134816e-14 5.987107e-17
    outer loop
      vertex   -7.500000e+00 -4.657873e+01 1.017907e+02
      vertex   -7.500000e+00 -4.672792e+01 7.826346e+01
      vertex   -7.500000e+00 -4.666140e+01 1.019841e+02
    endloop
  endfacet
  facet normal -1.000000e+00 -0.000000e+00 0.000000e+00
    outer loop
      vertex   -7.500000e+00 -4.666140e+01 1.019841e+02
      vertex   -7.500000e+00 -4.672792e+01 7.826346e+01
      vertex   -7.500000e+00 -4.671049e+01 1.021942e+02
    endloop
  endfacet
  facet normal -1.000000e+00 -5.051491e-14 3.678843e-17
    outer loop
      vertex   -7.500000e+00 -4.671049e+01 1.021942e+02
      vertex   -7.500000e+00 -4.672792e+01 7.826346e+01
      vertex   -7.500000e+00 -4.672792e+01 1.024063e+02
    endloop
  endfacet
  facet normal -1.000000e+00 0.000000e+00 -0.000000e+00
    outer loop
      vertex   -7.500000e+00 -4.272792e+01 7.992031e+01
      vertex   -7.500000e+00 -4.267231e+01 7.907189e+01
      vertex   -7.500000e+00 -4.672792e+01 7.826346e+01
    endloop
  endfacet
  facet normal -1.000000e+00 0.000000e+00 0.000000e+00
    outer loop
      vertex   -7.500000e+00 -4.672792e+01 7.826346e+01
      vertex   -7.500000e+00 -4.267231e+01 7.907189e+01
      vertex   -7.500000e+00 -4.667231e+01 7.741504e+01
    endloop
  endfacet
  facet normal -1.000000e+00 0.000000e+00 0.000000e+00
    outer loop
      vertex   -7.500000e+00 -4.667231e+01 7.741504e+01
      vertex   -7.500000e+00 -4.267231e+01 7.907189e+01
      vertex   -7.500000e+00 -4.250644e+01 7.823799e+01
    endloop
  endfacet
  facet normal -1.000000e+00 0.000000e+00 0.000000e+00
    outer loop
      vertex   -7.500000e+00 -4.667231e+01 7.741504e+01
      vertex   -7.500000e+00 -4.250644e+01 7.823799e+01
      vertex   -7.500000e+00 -4.650644e+01 7.658113e+01
    endloop
  endfacet
  facet normal -1.000000e+00 0.000000e+00 0.000000e+00
    outer loop
      vertex   -7.500000e+00 -4.650644e+01 7.658113e+01
      vertex   -7.500000e+00 -4.250644e+01 7.823799e+01
      vertex   -7.500000e+00 -4.623314e+01 7.577601e+01
    endloop
  endfacet
  facet normal -1.000000e+00 0.000000e+00 0.000000e+00
    outer loop
      vertex   -7.500000e+00 -4.623314e+01 7.577601e+01
      vertex   -7.500000e+00 -4.250644e+01 7.823799e+01
      vertex   -7.500000e+00 -4.223314e+01 7.743287e+01
    endloop
  endfacet
  facet normal -1.000000e+00 0.000000e+00 0.000000e+00
    outer loop
      vertex   -7.500000e+00 -4.623314e+01 7.577601e+01
      vertex   -7.500000e+00 -4.223314e+01 7.743287e+01
      vertex   -7.500000e+00 -4.585709e+01 7.501346e+01
    endloop
  endfacet
  facet normal -1.000000e+00 0.000000e+00 0.000000e+00
    outer loop
      vertex   -7.500000e+00 -4.585709e+01 7.501346e+01
      vertex   -7.500000e+00 -4.223314e+01 7.743287e+01
      vertex   -7.500000e+00 -4.538472e+01 7.430651e+01
    endloop
  endfacet
  facet normal -1.000000e+00 0.000000e+00 0.000000e+00
    outer loop
      vertex   -7.500000e+00 -4.538472e+01 7.430651e+01
      vertex   -7.500000e+00 -4.223314e+01 7.743287e+01
      vertex   -7.500000e+00 -4.482412e+01 7.366726e+01
    endloop
  endfacet
  facet normal -1.000000e+00 0.000000e+00 0.000000e+00
    outer loop
      vertex   -7.500000e+00 -4.482412e+01 7.366726e+01
      vertex   -7.500000e+00 -4.223314e+01 7.743287e+01
      vertex   -7.500000e+00 -4.185709e+01 7.667031e+01
    endloop
  endfacet
  facet normal -1.000000e+00 0.000000e+00 0.000000e+00
    outer loop
      vertex   -7.500000e+00 -4.482412e+01 7.366726e+01
      vertex   -7.500000e+00 -4.185709e+01 7.667031e+01
      vertex   -7.500000e+00 -4.138472e+01 7.596336e+01
    endloop
  endfacet
  facet normal -1.000000e+00 0.000000e+00 -0.000000e+00
    outer loop
      vertex   -7.500000e+00 -4.138472e+01 7.596336e+01
      vertex   -7.500000e+00 -4.082412e+01 7.532412e+01
      vertex   -7.500000e+00 -4.482412e+01 7.366726e+01
    endloop
  endfacet
  facet normal -1.000000e+00 0.000000e+00 0.000000e+00
    outer loop
      vertex   -7.500000e+00 -4.482412e+01 7.366726e+01
      vertex   -7.500000e+00 -4.082412e+01 7.532412e+01
      vertex   -7.500000e+00 -3.356066e+01 6.240381e+01
    endloop
  endfacet
  facet normal -1.000000e+00 0.000000e+00 0.000000e+00
    outer loop
      vertex   -7.500000e+00 -3.356066e+01 6.240381e+01
      vertex   -7.500000e+00 -4.082412e+01 7.532412e+01
      vertex   -7.500000e+00 -3.000000e+01 6.450000e+01
    endloop
  endfacet
  facet normal -1.000000e+00 0.000000e+00 0.000000e+00
    outer loop
      vertex   -7.500000e+00 -3.356066e+01 6.240381e+01
      vertex   -7.500000e+00 -3.000000e+01 6.450000e+01
      vertex   -7.500000e+00 -3.292142e+01 6.184320e+01
    endloop
  endfacet
  facet normal -1.000000e+00 0.000000e+00 0.000000e+00
    outer loop
      vertex   -7.500000e+00 -3.292142e+01 6.184320e+01
      vertex   -7.500000e+00 -3.000000e+01 6.450000e+01
      vertex   -7.500000e+00 -3.221447e+01 6.137083e+01
    endloop
  endfacet
  facet normal -1.000000e+00 0.000000e+00 0.000000e+00
    outer loop
      vertex   -7.500000e+00 -3.221447e+01 6.137083e+01
      vertex   -7.500000e+00 -3.000000e+01 6.450000e+01
      vertex   -7.500000e+00 -3.145191e+01 6.099478e+01
    endloop
  endfacet
  facet normal -1.000000e+00 0.000000e+00 0.000000e+00
    outer loop
      vertex   -7.500000e+00 -3.145191e+01 6.099478e+01
      vertex   -7.500000e+00 -3.000000e+01 6.450000e+01
      vertex   -7.500000e+00 -3.064679e+01 6.072148e+01
    endloop
  endfacet
  facet normal -1.000000e+00 0.000000e+00 0.000000e+00
    outer loop
      vertex   -7.500000e+00 -3.064679e+01 6.072148e+01
      vertex   -7.500000e+00 -3.000000e+01 6.450000e+01
      vertex   -7.500000e+00 -2.981289e+01 6.055561e+01
    endloop
  endfacet
  facet normal -1.000000e+00 0.000000e+00 0.000000e+00
    outer loop
      vertex   -7.500000e+00 -2.981289e+01 6.055561e+01
      vertex   -7.500000e+00 -3.000000e+01 6.450000e+01
      vertex   -7.500000e+00 -2.896447e+01 6.050000e+01
    endloop
  endfacet
  facet normal -1.000000e+00 0.000000e+00 0.000000e+00
    outer loop
      vertex   -7.500000e+00 -2.896447e+01 6.050000e+01
      vertex   -7.500000e+00 -3.000000e+01 6.450000e+01
      vertex   -7.500000e+00 -1.989898e+01 6.050000e+01
    endloop
  endfacet
  facet normal -1.000000e+00 1.080455e-16 2.728424e-16
    outer loop
      vertex   -7.500000e+00 -1.989898e+01 6.050000e+01
      vertex   -7.500000e+00 -3.000000e+01 6.450000e+01
      vertex   -7.500000e+00 -1.223330e+01 6.397495e+01
    endloop
  endfacet
  facet normal -1.000000e+00 4.408679e-16 -4.613577e-16
    outer loop
      vertex   -7.500000e+00 -1.989898e+01 6.050000e+01
      vertex   -7.500000e+00 -1.223330e+01 6.397495e+01
      vertex   -7.500000e+00 -1.253783e+01 6.368395e+01
    endloop
  endfacet
  facet normal -1.000000e+00 1.833032e-16 5.048348e-14
    outer loop
      vertex   -7.500000e+00 -1.061838e+01 6.450000e+01
      vertex   -7.500000e+00 -1.104579e+01 6.446637e+01
      vertex   -7.500000e+00 -3.000000e+01 6.450000e+01
    endloop
  endfacet
  facet normal -1.000000e+00 1.092606e-16 8.758477e-15
    outer loop
      vertex   -7.500000e+00 -3.000000e+01 6.450000e+01
      vertex   -7.500000e+00 -1.104579e+01 6.446637e+01
      vertex   -7.500000e+00 -1.147281e+01 6.437028e+01
    endloop
  endfacet
  facet normal -1.000000e+00 8.520725e-17 5.322961e-15
    outer loop
      vertex   -7.500000e+00 -3.000000e+01 6.450000e+01
      vertex   -7.500000e+00 -1.147281e+01 6.437028e+01
      vertex   -7.500000e+00 -1.186224e+01 6.420966e+01
    endloop
  endfacet
  facet normal -1.000000e+00 -1.181606e-16 -7.381584e-15
    outer loop
      vertex   -7.500000e+00 -1.186224e+01 6.420966e+01
      vertex   -7.500000e+00 -1.223330e+01 6.397495e+01
      vertex   -7.500000e+00 -3.000000e+01 6.450000e+01
    endloop
  endfacet
  facet normal -1.000000e+00 3.427034e-16 -2.344055e-16
    outer loop
      vertex   -7.500000e+00 -1.253783e+01 6.368395e+01
      vertex   -7.500000e+00 -1.278460e+01 6.332316e+01
      vertex   -7.500000e+00 -1.989898e+01 6.050000e+01
    endloop
  endfacet
  facet normal -1.000000e+00 -1.800931e-15 5.167559e-15
    outer loop
      vertex   -7.500000e+00 -1.989898e+01 6.050000e+01
      vertex   -7.500000e+00 -1.278460e+01 6.332316e+01
      vertex   -7.500000e+00 -1.293470e+01 6.292710e+01
    endloop
  endfacet
  facet normal -1.000000e+00 7.592336e-16 -2.178531e-15
    outer loop
      vertex   -7.500000e+00 -1.989898e+01 6.050000e+01
      vertex   -7.500000e+00 -1.293470e+01 6.292710e+01
      vertex   -7.500000e+00 -1.299038e+01 6.250000e+01
    endloop
  endfacet
  facet normal -1.000000e+00 1.285613e-16 0.000000e+00
    outer loop
      vertex   -7.500000e+00 -1.299038e+01 6.250000e+01
      vertex   -7.500000e+00 -1.299038e+01 5.697447e+01
      vertex   -7.500000e+00 -1.989898e+01 6.050000e+01
    endloop
  endfacet
  facet normal -0.000000e+00 -7.071068e-01 -7.071068e-01
    outer loop
      vertex   7.500000e+00 -3.356066e+01 6.240381e+01
      vertex   7.500000e+00 -4.482412e+01 7.366726e+01
      vertex   -7.500000e+00 -3.356066e+01 6.240381e+01
    endloop
  endfacet
  facet normal 0.000000e+00 -7.071068e-01 -7.071068e-01
    outer loop
      vertex   -7.500000e+00 -3.356066e+01 6.240381e+01
      vertex   7.500000e+00 -4.482412e+01 7.366726e+01
      vertex   -7.500000e+00 -4.482412e+01 7.366726e+01
    endloop
  endfacet
  facet normal 0.000000e+00 -7.518398e-01 -6.593458e-01
    outer loop
      vertex   -7.500000e+00 -4.482412e+01 7.366726e+01
      vertex   7.500000e+00 -4.482412e+01 7.366726e+01
      vertex   -7.500000e+00 -4.538472e+01 7.430651e+01
    endloop
  endfacet
  facet normal 0.000000e+00 -7.518398e-01 -6.593458e-01
    outer loop
      vertex   -7.500000e+00 -4.538472e+01 7.430651e+01
      vertex   7.500000e+00 -4.482412e+01 7.366726e+01
      vertex   7.500000e+00 -4.538472e+01 7.430651e+01
    endloop
  endfacet
  facet normal 0.000000e+00 -8.314696e-01 -5.555702e-01
    outer loop
      vertex   -7.500000e+00 -4.538472e+01 7.430651e+01
      vertex   7.500000e+00 -4.538472e+01 7.430651e+01
      vertex   -7.500000e+00 -4.585709e+01 7.501346e+01
    endloop
  endfacet
  facet normal 0.000000e+00 -8.314696e-01 -5.555702e-01
    outer loop
      vertex   -7.500000e+00 -4.585709e+01 7.501346e+01
      vertex   7.500000e+00 -4.538472e+01 7.430651e+01
      vertex   7.500000e+00 -4.585709e+01 7.501346e+01
    endloop
  endfacet
  facet normal 0.000000e+00 -8.968727e-01 -4.422887e-01
    outer loop
      vertex   -7.500000e+00 -4.585709e+01 7.501346e+01
      vertex   7.500000e+00 -4.585709e+01 7.501346e+01
      vertex   -7.500000e+00 -4.623314e+01 7.577601e+01
    endloop
  endfacet
  facet normal 0.000000e+00 -8.968727e-01 -4.422887e-01
    outer loop
      vertex   -7.500000e+00 -4.623314e+01 7.577601e+01
      vertex   7.500000e+00 -4.585709e+01 7.501346e+01
      vertex   7.500000e+00 -4.623314e+01 7.577601e+01
    endloop
  endfacet
  facet normal 0.000000e+00 -9.469301e-01 -3.214395e-01
    outer loop
      vertex   -7.500000e+00 -4.623314e+01 7.577601e+01
      vertex   7.500000e+00 -4.623314e+01 7.577601e+01
      vertex   -7.500000e+00 -4.650644e+01 7.658113e+01
    endloop
  endfacet
  facet normal 0.000000e+00 -9.469301e-01 -3.214395e-01
    outer loop
      vertex   -7.500000e+00 -4.650644e+01 7.658113e+01
      vertex   7.500000e+00 -4.623314e+01 7.577601e+01
      vertex   7.500000e+00 -4.650644e+01 7.658113e+01
    endloop
  endfacet
  facet normal 0.000000e+00 -9.807853e-01 -1.950903e-01
    outer loop
      vertex   -7.500000e+00 -4.650644e+01 7.658113e+01
      vertex   7.500000e+00 -4.650644e+01 7.658113e+01
      vertex   -7.500000e+00 -4.667231e+01 7.741504e+01
    endloop
  endfacet
  facet normal 0.000000e+00 -9.807853e-01 -1.950903e-01
    outer loop
      vertex   -7.500000e+00 -4.667231e+01 7.741504e+01
      vertex   7.500000e+00 -4.650644e+01 7.658113e+01
      vertex   7.500000e+00 -4.667231e+01 7.741504e+01
    endloop
  endfacet
  facet normal 0.000000e+00 -9.978589e-01 -6.540313e-02
    outer loop
      vertex   -7.500000e+00 -4.667231e+01 7.741504e+01
      vertex   7.500000e+00 -4.667231e+01 7.741504e+01
      vertex   -7.500000e+00 -4.672792e+01 7.826346e+01
    endloop
  endfacet
  facet normal 0.000000e+00 -9.978589e-01 -6.540313e-02
    outer loop
      vertex   -7.500000e+00 -4.672792e+01 7.826346e+01
      vertex   7.500000e+00 -4.667231e+01 7.741504e+01
      vertex   7.500000e+00 -4.672792e+01 7.826346e+01
    endloop
  endfacet
  facet normal -0.000000e+00 9.978589e-01 6.540313e-02
    outer loop
      vertex   -7.500000e+00 -4.272792e+01 7.992031e+01
      vertex   7.500000e+00 -4.272792e+01 7.992031e+01
      vertex   -7.500000e+00 -4.267231e+01 7.907189e+01
    endloop
  endfacet
  facet normal -0.000000e+00 9.978589e-01 6.540313e-02
    outer loop
      vertex   -7.500000e+00 -4.267231e+01 7.907189e+01
      vertex   7.500000e+00 -4.272792e+01 7.992031e+01
      vertex   7.500000e+00 -4.267231e+01 7.907189e+01
    endloop
  endfacet
  facet normal -0.000000e+00 9.807853e-01 1.950903e-01
    outer loop
      vertex   -7.500000e+00 -4.267231e+01 7.907189e+01
      vertex   7.500000e+00 -4.267231e+01 7.907189e+01
      vertex   -7.500000e+00 -4.250644e+01 7.823799e+01
    endloop
  endfacet
  facet normal -0.000000e+00 9.807853e-01 1.950903e-01
    outer loop
      vertex   -7.500000e+00 -4.250644e+01 7.823799e+01
      vertex   7.500000e+00 -4.267231e+01 7.907189e+01
      vertex   7.500000e+00 -4.250644e+01 7.823799e+01
    endloop
  endfacet
  facet normal -0.000000e+00 9.469301e-01 3.214395e-01
    outer loop
      vertex   -7.500000e+00 -4.250644e+01 7.823799e+01
      vertex   7.500000e+00 -4.250644e+01 7.823799e+01
      vertex   -7.500000e+00 -4.223314e+01 7.743287e+01
    endloop
  endfacet
  facet normal -0.000000e+00 9.469301e-01 3.214395e-01
    outer loop
      vertex   -7.500000e+00 -4.223314e+01 7.743287e+01
      vertex   7.500000e+00 -4.250644e+01 7.823799e+01
      vertex   7.500000e+00 -4.223314e+01 7.743287e+01
    endloop
  endfacet
  facet normal -0.000000e+00 8.968727e-01 4.422887e-01
    outer loop
      vertex   -7.500000e+00 -4.223314e+01 7.743287e+01
      vertex   7.500000e+00 -4.223314e+01 7.743287e+01
      vertex   -7.500000e+00 -4.185709e+01 7.667031e+01
    endloop
  endfacet
  facet normal -0.000000e+00 8.968727e-01 4.422887e-01
    outer loop
      vertex   -7.500000e+00 -4.185709e+01 7.667031e+01
      vertex   7.500000e+00 -4.223314e+01 7.743287e+01
      vertex   7.500000e+00 -4.185709e+01 7.667031e+01
    endloop
  endfacet
  facet normal -0.000000e+00 8.314696e-01 5.555702e-01
    outer loop
      vertex   -7.500000e+00 -4.185709e+01 7.667031e+01
      vertex   7.500000e+00 -4.185709e+01 7.667031e+01
      vertex   -7.500000e+00 -4.138472e+01 7.596336e+01
    endloop
  endfacet
  facet normal 1.324787e-16 8.314696e-01 5.555702e-01
    outer loop
      vertex   -7.500000e+00 -4.138472e+01 7.596336e+01
      vertex   7.500000e+00 -4.185709e+01 7.667031e+01
      vertex   7.500000e+00 -4.138472e+01 7.596336e+01
    endloop
  endfacet
  facet normal 2.685150e-16 7.518398e-01 6.593458e-01
    outer loop
      vertex   -7.500000e+00 -4.138472e+01 7.596336e+01
      vertex   7.500000e+00 -4.138472e+01 7.596336e+01
      vertex   -7.500000e+00 -4.082412e+01 7.532412e+01
    endloop
  endfacet
  facet normal -0.000000e+00 7.518398e-01 6.593458e-01
    outer loop
      vertex   -7.500000e+00 -4.082412e+01 7.532412e+01
      vertex   7.500000e+00 -4.138472e+01 7.596336e+01
      vertex   7.500000e+00 -4.082412e+01 7.532412e+01
    endloop
  endfacet
  facet normal 0.000000e+00 7.071068e-01 7.071068e-01
    outer loop
      vertex   7.500000e+00 -4.082412e+01 7.532412e+01
      vertex   7.500000e+00 -3.000000e+01 6.450000e+01
      vertex   -7.500000e+00 -4.082412e+01 7.532412e+01
    endloop
  endfacet
  facet normal 0.000000e+00 7.071068e-01 7.071068e-01
    outer loop
      vertex   -7.500000e+00 -4.082412e+01 7.532412e+01
      vertex   7.500000e+00 -3.000000e+01 6.450000e+01
      vertex   -7.500000e+00 -3.000000e+01 6.450000e+01
    endloop
  endfacet
  facet normal 5.026719e-15 -4.545453e-01 -8.907236e-01
    outer loop
      vertex   -7.500000e+00 -1.299038e+01 5.697447e+01
      vertex   -6.634330e+00 -1.345309e+01 5.721060e+01
      vertex   -7.500000e+00 -1.989898e+01 6.050000e+01
    endloop
  endfacet
  facet normal -6.728745e-15 -4.545453e-01 -8.907236e-01
    outer loop
      vertex   -7.500000e+00 -1.989898e+01 6.050000e+01
      vertex   -6.634330e+00 -1.345309e+01 5.721060e+01
      vertex   -5.740251e+00 -1.385819e+01 5.741733e+01
    endloop
  endfacet
  facet normal -5.138925e-16 -4.545453e-01 -8.907236e-01
    outer loop
      vertex   -7.500000e+00 -1.989898e+01 6.050000e+01
      vertex   -5.740251e+00 -1.385819e+01 5.741733e+01
      vertex   -4.821592e+00 -1.420395e+01 5.759377e+01
    endloop
  endfacet
  facet normal -3.543031e-15 -4.545453e-01 -8.907236e-01
    outer loop
      vertex   -4.821592e+00 -1.420395e+01 5.759377e+01
      vertex   -3.882286e+00 -1.448889e+01 5.773917e+01
      vertex   -7.500000e+00 -1.989898e+01 6.050000e+01
    endloop
  endfacet
  facet normal 5.293523e-15 -4.545453e-01 -8.907236e-01
    outer loop
      vertex   -7.500000e+00 -1.989898e+01 6.050000e+01
      vertex   -3.882286e+00 -1.448889e+01 5.773917e+01
      vertex   -2.926355e+00 -1.471178e+01 5.785292e+01
    endloop
  endfacet
  facet normal 2.474444e-15 -4.545453e-01 -8.907236e-01
    outer loop
      vertex   -7.500000e+00 -1.989898e+01 6.050000e+01
      vertex   -2.926355e+00 -1.471178e+01 5.785292e+01
      vertex   -1.957893e+00 -1.487167e+01 5.793451e+01
    endloop
  endfacet
  facet normal -2.388645e-15 -4.545453e-01 -8.907236e-01
    outer loop
      vertex   -1.957893e+00 -1.487167e+01 5.793451e+01
      vertex   -9.810469e-01 -1.496788e+01 5.798361e+01
      vertex   -7.500000e+00 -1.989898e+01 6.050000e+01
    endloop
  endfacet
  facet normal -1.567508e-15 -4.545453e-01 -8.907236e-01
    outer loop
      vertex   -7.500000e+00 -1.989898e+01 6.050000e+01
      vertex   -9.810469e-01 -1.496788e+01 5.798361e+01
      vertex   1.665335e-15 -1.500000e+01 5.800000e+01
    endloop
  endfacet
  facet normal 0.000000e+00 -4.545453e-01 -8.907236e-01
    outer loop
      vertex   -7.500000e+00 -1.989898e+01 6.050000e+01
      vertex   1.665335e-15 -1.500000e+01 5.800000e+01
      vertex   7.500000e+00 -1.989898e+01 6.050000e+01
    endloop
  endfacet
  facet normal 1.567508e-15 -4.545453e-01 -8.907236e-01
    outer loop
      vertex   7.500000e+00 -1.989898e+01 6.050000e+01
      vertex   1.665335e-15 -1.500000e+01 5.800000e+01
      vertex   9.810469e-01 -1.496788e+01 5.798361e+01
    endloop
  endfacet
  facet normal 2.325069e-15 -4.545453e-01 -8.907236e-01
    outer loop
      vertex   7.500000e+00 -1.989898e+01 6.050000e+01
      vertex   9.810469e-01 -1.496788e+01 5.798361e+01
      vertex   1.957893e+00 -1.487167e+01 5.793451e+01
    endloop
  endfacet
  facet normal -1.958935e-15 -4.545453e-01 -8.907236e-01
    outer loop
      vertex   1.957893e+00 -1.487167e+01 5.793451e+01
      vertex   2.926355e+00 -1.471178e+01 5.785292e+01
      vertex   7.500000e+00 -1.989898e+01 6.050000e+01
    endloop
  endfacet
  facet normal -6.087552e-15 -4.545453e-01 -8.907236e-01
    outer loop
      vertex   7.500000e+00 -1.989898e+01 6.050000e+01
      vertex   2.926355e+00 -1.471178e+01 5.785292e+01
      vertex   3.882286e+00 -1.448889e+01 5.773917e+01
    endloop
  endfacet
  facet normal 4.400477e-15 -4.545453e-01 -8.907236e-01
    outer loop
      vertex   7.500000e+00 -1.989898e+01 6.050000e+01
      vertex   3.882286e+00 -1.448889e+01 5.773917e+01
      vertex   4.821592e+00 -1.420395e+01 5.759377e+01
    endloop
  endfacet
  facet normal -3.211828e-17 -4.545453e-01 -8.907236e-01
    outer loop
      vertex   4.821592e+00 -1.420395e+01 5.759377e+01
      vertex   5.740251e+00 -1.385819e+01 5.741733e+01
      vertex   7.500000e+00 -1.989898e+01 6.050000e+01
    endloop
  endfacet
  facet normal 6.728745e-15 -4.545453e-01 -8.907236e-01
    outer loop
      vertex   7.500000e+00 -1.989898e+01 6.050000e+01
      vertex   5.740251e+00 -1.385819e+01 5.741733e+01
      vertex   6.634330e+00 -1.345309e+01 5.721060e+01
    endloop
  endfacet
  facet normal -3.174770e-15 -4.545453e-01 -8.907236e-01
    outer loop
      vertex   7.500000e+00 -1.989898e+01 6.050000e+01
      vertex   6.634330e+00 -1.345309e+01 5.721060e+01
      vertex   7.500000e+00 -1.299038e+01 5.697447e+01
    endloop
  endfacet
  facet normal -0.000000e+00 -0.000000e+00 -1.000000e+00
    outer loop
      vertex   7.500000e+00 -1.989898e+01 6.050000e+01
      vertex   7.500000e+00 -2.896447e+01 6.050000e+01
      vertex   -7.500000e+00 -1.989898e+01 6.050000e+01
    endloop
  endfacet
  facet normal 0.000000e+00 0.000000e+00 -1.000000e+00
    outer loop
      vertex   -7.500000e+00 -1.989898e+01 6.050000e+01
      vertex   7.500000e+00 -2.896447e+01 6.050000e+01
      vertex   -7.500000e+00 -2.896447e+01 6.050000e+01
    endloop
  endfacet
  facet normal 0.000000e+00 -6.540313e-02 -9.978589e-01
    outer loop
      vertex   -7.500000e+00 -2.896447e+01 6.050000e+01
      vertex   7.500000e+00 -2.896447e+01 6.050000e+01
      vertex   -7.500000e+00 -2.981289e+01 6.055561e+01
    endloop
  endfacet
  facet normal 0.000000e+00 -6.540313e-02 -9.978589e-01
    outer loop
      vertex   -7.500000e+00 -2.981289e+01 6.055561e+01
      vertex   7.500000e+00 -2.896447e+01 6.050000e+01
      vertex   7.500000e+00 -2.981289e+01 6.055561e+01
    endloop
  endfacet
  facet normal 0.000000e+00 -1.950903e-01 -9.807853e-01
    outer loop
      vertex   -7.500000e+00 -2.981289e+01 6.055561e+01
      vertex   7.500000e+00 -2.981289e+01 6.055561e+01
      vertex   -7.500000e+00 -3.064679e+01 6.072148e+01
    endloop
  endfacet
  facet normal 0.000000e+00 -1.950903e-01 -9.807853e-01
    outer loop
      vertex   -7.500000e+00 -3.064679e+01 6.072148e+01
      vertex   7.500000e+00 -2.981289e+01 6.055561e+01
      vertex   7.500000e+00 -3.064679e+01 6.072148e+01
    endloop
  endfacet
  facet normal 0.000000e+00 -3.214395e-01 -9.469301e-01
    outer loop
      vertex   -7.500000e+00 -3.064679e+01 6.072148e+01
      vertex   7.500000e+00 -3.064679e+01 6.072148e+01
      vertex   -7.500000e+00 -3.145191e+01 6.099478e+01
    endloop
  endfacet
  facet normal 0.000000e+00 -3.214395e-01 -9.469301e-01
    outer loop
      vertex   -7.500000e+00 -3.145191e+01 6.099478e+01
      vertex   7.500000e+00 -3.064679e+01 6.072148e+01
      vertex   7.500000e+00 -3.145191e+01 6.099478e+01
    endloop
  endfacet
  facet normal 0.000000e+00 -4.422887e-01 -8.968727e-01
    outer loop
      vertex   -7.500000e+00 -3.145191e+01 6.099478e+01
      vertex   7.500000e+00 -3.145191e+01 6.099478e+01
      vertex   -7.500000e+00 -3.221447e+01 6.137083e+01
    endloop
  endfacet
  facet normal 0.000000e+00 -4.422887e-01 -8.968727e-01
    outer loop
      vertex   -7.500000e+00 -3.221447e+01 6.137083e+01
      vertex   7.500000e+00 -3.145191e+01 6.099478e+01
      vertex   7.500000e+00 -3.221447e+01 6.137083e+01
    endloop
  endfacet
  facet normal 0.000000e+00 -5.555702e-01 -8.314696e-01
    outer loop
      vertex   -7.500000e+00 -3.221447e+01 6.137083e+01
      vertex   7.500000e+00 -3.221447e+01 6.137083e+01
      vertex   -7.500000e+00 -3.292142e+01 6.184320e+01
    endloop
  endfacet
  facet normal 0.000000e+00 -5.555702e-01 -8.314696e-01
    outer loop
      vertex   -7.500000e+00 -3.292142e+01 6.184320e+01
      vertex   7.500000e+00 -3.221447e+01 6.137083e+01
      vertex   7.500000e+00 -3.292142e+01 6.184320e+01
    endloop
  endfacet
  facet normal 0.000000e+00 -6.593458e-01 -7.518398e-01
    outer loop
      vertex   -7.500000e+00 -3.292142e+01 6.184320e+01
      vertex   7.500000e+00 -3.292142e+01 6.184320e+01
      vertex   -7.500000e+00 -3.356066e+01 6.240381e+01
    endloop
  endfacet
  facet normal 0.000000e+00 -6.593458e-01 -7.518398e-01
    outer loop
      vertex   -7.500000e+00 -3.356066e+01 6.240381e+01
      vertex   7.500000e+00 -3.292142e+01 6.184320e+01
      vertex   7.500000e+00 -3.356066e+01 6.240381e+01
    endloop
  endfacet
  facet normal -9.985804e-01 5.322205e-02 2.132241e-03
    outer loop
      vertex   1.123598e+01 -1.201116e+00 5.500000e+01
      vertex   1.128519e+01 -5.783010e-01 6.250000e+01
      vertex   1.130000e+01 -8.365952e-16 5.500000e+01
    endloop
  endfacet
  facet normal -9.999972e-01 -1.122994e-03 -2.060929e-03
    outer loop
      vertex   1.130000e+01 -8.365952e-16 5.500000e+01
      vertex   1.128519e+01 -5.783010e-01 6.250000e+01
      vertex   1.128387e+01 6.036460e-01 6.250000e+01
    endloop
  endfacet
  facet normal -9.985804e-01 -5.322205e-02 2.135371e-03
    outer loop
      vertex   1.130000e+01 -8.365952e-16 5.500000e+01
      vertex   1.128387e+01 6.036460e-01 6.250000e+01
      vertex   1.123598e+01 1.201116e+00 5.500000e+01
    endloop
  endfacet
  facet normal -9.944097e-01 -1.055706e-01 -2.061481e-03
    outer loop
      vertex   1.123598e+01 1.201116e+00 5.500000e+01
      vertex   1.128387e+01 6.036460e-01 6.250000e+01
      vertex   1.115909e+01 1.778989e+00 6.250000e+01
    endloop
  endfacet
  facet normal -9.872661e-01 -1.590631e-01 2.133345e-03
    outer loop
      vertex   1.123598e+01 1.201116e+00 5.500000e+01
      vertex   1.115909e+01 1.778989e+00 6.250000e+01
      vertex   1.104466e+01 2.388624e+00 5.500000e+01
    endloop
  endfacet
  facet normal -9.779427e-01 -2.088631e-01 -2.056878e-03
    outer loop
      vertex   1.104466e+01 2.388624e+00 5.500000e+01
      vertex   1.115909e+01 1.778989e+00 6.250000e+01
      vertex   1.091222e+01 2.934868e+00 6.250000e+01
    endloop
  endfacet
  facet normal -9.647657e-01 -2.631020e-01 2.126164e-03
    outer loop
      vertex   1.104466e+01 2.388624e+00 5.500000e+01
      vertex   1.091222e+01 2.934868e+00 6.250000e+01
      vertex   1.072819e+01 3.549067e+00 5.500000e+01
    endloop
  endfacet
  facet normal -9.507765e-01 -3.098706e-01 -2.047120e-03
    outer loop
      vertex   1.072819e+01 3.549067e+00 5.500000e+01
      vertex   1.091222e+01 2.934868e+00 6.250000e+01
      vertex   1.054597e+01 4.058639e+00 6.250000e+01
    endloop
  endfacet
  facet normal -9.313341e-01 -3.641598e-01 2.113828e-03
    outer loop
      vertex   1.072819e+01 3.549067e+00 5.500000e+01
      vertex   1.054597e+01 4.058639e+00 6.250000e+01
      vertex   1.029017e+01 4.669298e+00 5.500000e+01
    endloop
  endfacet
  facet normal -9.132083e-01 -4.074880e-01 -2.032206e-03
    outer loop
      vertex   1.029017e+01 4.669298e+00 5.500000e+01
      vertex   1.054597e+01 4.058639e+00 6.250000e+01
      vertex   1.006434e+01 5.138006e+00 6.250000e+01
    endloop
  endfacet
  facet normal -8.873501e-01 -4.610915e-01 2.096337e-03
    outer loop
      vertex   1.029017e+01 4.669298e+00 5.500000e+01
      vertex   1.006434e+01 5.138006e+00 6.250000e+01
      vertex   9.735561e+00 5.736624e+00 5.500000e+01
    endloop
  endfacet
  facet normal -8.656491e-01 -5.006472e-01 -2.012137e-03
    outer loop
      vertex   9.735561e+00 5.736624e+00 5.500000e+01
      vertex   1.006434e+01 5.138006e+00 6.250000e+01
      vertex   9.472598e+00 6.161160e+00 6.250000e+01
    endloop
  endfacet
  facet normal -8.333121e-01 -5.527989e-01 2.073691e-03
    outer loop
      vertex   9.735561e+00 5.736624e+00 5.500000e+01
      vertex   9.472598e+00 6.161160e+00 6.250000e+01
      vertex   9.070642e+00 6.738951e+00 5.500000e+01
    endloop
  endfacet
  facet normal -8.086192e-01 -5.883291e-01 -1.986913e-03
    outer loop
      vertex   9.070642e+00 6.738951e+00 5.500000e+01
      vertex   9.472598e+00 6.161160e+00 6.250000e+01
      vertex   8.777222e+00 7.116907e+00 6.250000e+01
    endloop
  endfacet
  facet normal -7.698324e-01 -6.382428e-01 2.045889e-03
    outer loop
      vertex   9.070642e+00 6.738951e+00 5.500000e+01
      vertex   8.777222e+00 7.116907e+00 6.250000e+01
      vertex   8.302948e+00 7.664924e+00 5.500000e+01
    endloop
  endfacet
  facet normal -7.427425e-01 -6.695743e-01 -1.956534e-03
    outer loop
      vertex   8.302948e+00 7.664924e+00 5.500000e+01
      vertex   8.777222e+00 7.116907e+00 6.250000e+01
      vertex   7.985819e+00 7.994792e+00 6.250000e+01
    endloop
  endfacet
  facet normal -6.976301e-01 -7.164553e-01 2.012933e-03
    outer loop
      vertex   8.302948e+00 7.664924e+00 5.500000e+01
      vertex   7.985819e+00 7.994792e+00 6.250000e+01
      vertex   7.441179e+00 8.504050e+00 5.500000e+01
    endloop
  endfacet
  facet normal -6.687398e-01 -7.434940e-01 -1.921000e-03
    outer loop
      vertex   7.441179e+00 8.504050e+00 5.500000e+01
      vertex   7.985819e+00 7.994792e+00 6.250000e+01
      vertex   7.107046e+00 8.785209e+00 6.250000e+01
    endloop
  endfacet
  facet normal -6.175234e-01 -7.865500e-01 1.974821e-03
    outer loop
      vertex   7.441179e+00 8.504050e+00 5.500000e+01
      vertex   7.107046e+00 8.785209e+00 6.250000e+01
      vertex   6.495098e+00 9.246821e+00 5.500000e+01
    endloop
  endfacet
  facet normal -5.874207e-01 -8.092795e-01 -1.880311e-03
    outer loop
      vertex   6.495098e+00 9.246821e+00 5.500000e+01
      vertex   7.107046e+00 8.785209e+00 6.250000e+01
      vertex   6.150518e+00 9.479511e+00 6.250000e+01
    endloop
  endfacet
  facet normal -5.304199e-01 -8.477328e-01 1.931555e-03
    outer loop
      vertex   6.495098e+00 9.246821e+00 5.500000e+01
      vertex   6.150518e+00 9.479511e+00 6.250000e+01
      vertex   5.475425e+00 9.884823e+00 5.500000e+01
    endloop
  endfacet
  facet normal -4.996749e-01 -8.662111e-01 -1.834468e-03
    outer loop
      vertex   5.475425e+00 9.884823e+00 5.500000e+01
      vertex   6.150518e+00 9.479511e+00 6.250000e+01
      vertex   5.126700e+00 1.007010e+01 6.250000e+01
    endloop
  endfacet
  facet normal -4.373065e-01 -8.993105e-01 1.883134e-03
    outer loop
      vertex   5.475425e+00 9.884823e+00 5.500000e+01
      vertex   5.126700e+00 1.007010e+01 6.250000e+01
      vertex   4.393713e+00 1.041083e+01 5.500000e+01
    endloop
  endfacet
  facet normal -4.064624e-01 -9.136658e-01 -1.783470e-03
    outer loop
      vertex   4.393713e+00 1.041083e+01 5.500000e+01
      vertex   5.126700e+00 1.007010e+01 6.250000e+01
      vertex   4.046793e+00 1.055052e+01 6.250000e+01
    endloop
  endfacet
  facet normal -3.392383e-01 -9.406987e-01 1.829559e-03
    outer loop
      vertex   4.393713e+00 1.041083e+01 5.500000e+01
      vertex   4.046793e+00 1.055052e+01 6.250000e+01
      vertex   3.262219e+00 1.081887e+01 5.500000e+01
    endloop
  endfacet
  facet normal -3.088029e-01 -9.511245e-01 -1.727317e-03
    outer loop
      vertex   3.262219e+00 1.081887e+01 5.500000e+01
      vertex   4.046793e+00 1.055052e+01 6.250000e+01
      vertex   2.922612e+00 1.091551e+01 6.250000e+01
    endloop
  endfacet
  facet normal -2.373263e-01 -9.714284e-01 1.770830e-03
    outer loop
      vertex   3.262219e+00 1.081887e+01 5.500000e+01
      vertex   2.922612e+00 1.091551e+01 6.250000e+01
      vertex   2.093763e+00 1.110433e+01 5.500000e+01
    endloop
  endfacet
  facet normal -2.077649e-01 -9.781774e-01 -1.666011e-03
    outer loop
      vertex   2.093763e+00 1.110433e+01 5.500000e+01
      vertex   2.922612e+00 1.091551e+01 6.250000e+01
      vertex   1.766456e+00 1.116108e+01 6.250000e+01
    endloop
  endfacet
  facet normal -1.327253e-01 -9.911514e-01 1.706946e-03
    outer loop
      vertex   2.093763e+00 1.110433e+01 5.500000e+01
      vertex   1.766456e+00 1.116108e+01 6.250000e+01
      vertex   9.015830e-01 1.126398e+01 5.500000e+01
    endloop
  endfacet
  facet normal -1.044539e-01 -9.945284e-01 -1.599550e-03
    outer loop
      vertex   9.015830e-01 1.126398e+01 5.500000e+01
      vertex   1.766456e+00 1.116108e+01 6.250000e+01
      vertex   5.909739e-01 1.128454e+01 6.250000e+01
    endloop
  endfacet
  facet normal -2.662049e-02 -9.996443e-01 1.637909e-03
    outer loop
      vertex   9.015830e-01 1.126398e+01 5.500000e+01
      vertex   5.909739e-01 1.128454e+01 6.250000e+01
      vertex   -3.008119e-01 1.129600e+01 5.500000e+01
    endloop
  endfacet
  facet normal 0.000000e+00 -9.999988e-01 -1.527936e-03
    outer loop
      vertex   -3.008119e-01 1.129600e+01 5.500000e+01
      vertex   5.909739e-01 1.128454e+01 6.250000e+01
      vertex   -5.909739e-01 1.128454e+01 6.250000e+01
    endloop
  endfacet
  facet normal 7.978601e-02 -9.968108e-01 1.563718e-03
    outer loop
      vertex   -3.008119e-01 1.129600e+01 5.500000e+01
      vertex   -5.909739e-01 1.128454e+01 6.250000e+01
      vertex   -1.499798e+00 1.120003e+01 5.500000e+01
    endloop
  endfacet
  facet normal 1.044539e-01 -9.945287e-01 -1.451168e-03
    outer loop
      vertex   -1.499798e+00 1.120003e+01 5.500000e+01
      vertex   -5.909739e-01 1.128454e+01 6.250000e+01
      vertex   -1.766456e+00 1.116108e+01 6.250000e+01
    endloop
  endfacet
  facet normal 1.852885e-01 -9.826830e-01 1.484373e-03
    outer loop
      vertex   -1.499798e+00 1.120003e+01 5.500000e+01
      vertex   -1.766456e+00 1.116108e+01 6.250000e+01
      vertex   -2.681792e+00 1.097716e+01 5.500000e+01
    endloop
  endfacet
  facet normal 2.077650e-01 -9.781778e-01 -1.369247e-03
    outer loop
      vertex   -2.681792e+00 1.097716e+01 5.500000e+01
      vertex   -1.766456e+00 1.116108e+01 6.250000e+01
      vertex   -2.922612e+00 1.091551e+01 6.250000e+01
    endloop
  endfacet
  facet normal 2.886917e-01 -9.574211e-01 1.399876e-03
    outer loop
      vertex   -2.681792e+00 1.097716e+01 5.500000e+01
      vertex   -2.922612e+00 1.091551e+01 6.250000e+01
      vertex   -3.833399e+00 1.062991e+01 5.500000e+01
    endloop
  endfacet
  facet normal 3.088031e-01 -9.511251e-01 -1.282173e-03
    outer loop
      vertex   -3.833399e+00 1.062991e+01 5.500000e+01
      vertex   -2.922612e+00 1.091551e+01 6.250000e+01
      vertex   -4.046793e+00 1.055052e+01 6.250000e+01
    endloop
  endfacet
  facet normal 3.888238e-01 -9.213112e-01 1.310225e-03
    outer loop
      vertex   -3.833399e+00 1.062991e+01 5.500000e+01
      vertex   -4.046793e+00 1.055052e+01 6.250000e+01
      vertex   -4.941573e+00 1.016223e+01 5.500000e+01
    endloop
  endfacet
  facet normal 4.064628e-01 -9.136666e-01 -1.189946e-03
    outer loop
      vertex   -4.941573e+00 1.016223e+01 5.500000e+01
      vertex   -4.046793e+00 1.055052e+01 6.250000e+01
      vertex   -5.126700e+00 1.007010e+01 6.250000e+01
    endloop
  endfacet
  facet normal 4.845505e-01 -8.747624e-01 1.215422e-03
    outer loop
      vertex   -4.941573e+00 1.016223e+01 5.500000e+01
      vertex   -5.126700e+00 1.007010e+01 6.250000e+01
      vertex   -5.993756e+00 9.579399e+00 5.500000e+01
    endloop
  endfacet
  facet normal 4.996755e-01 -8.662120e-01 -1.092567e-03
    outer loop
      vertex   -5.993756e+00 9.579399e+00 5.500000e+01
      vertex   -5.126700e+00 1.007010e+01 6.250000e+01
      vertex   -6.150518e+00 9.479511e+00 6.250000e+01
    endloop
  endfacet
  facet normal 5.747871e-01 -8.183023e-01 1.115467e-03
    outer loop
      vertex   -5.993756e+00 9.579399e+00 5.500000e+01
      vertex   -6.150518e+00 9.479511e+00 6.250000e+01
      vertex   -6.978028e+00 8.888033e+00 5.500000e+01
    endloop
  endfacet
  facet normal 5.874215e-01 -8.092805e-01 -9.900363e-04
    outer loop
      vertex   -6.978028e+00 8.888033e+00 5.500000e+01
      vertex   -6.150518e+00 9.479511e+00 6.250000e+01
      vertex   -7.107046e+00 8.785209e+00 6.250000e+01
    endloop
  endfacet
  facet normal 6.585110e-01 -7.525704e-01 1.010360e-03
    outer loop
      vertex   -6.978028e+00 8.888033e+00 5.500000e+01
      vertex   -7.107046e+00 8.785209e+00 6.250000e+01
      vertex   -7.883236e+00 8.095961e+00 5.500000e+01
    endloop
  endfacet
  facet normal 6.687408e-01 -7.434951e-01 -8.823535e-04
    outer loop
      vertex   -7.883236e+00 8.095961e+00 5.500000e+01
      vertex   -7.107046e+00 8.785209e+00 6.250000e+01
      vertex   -7.985819e+00 7.994792e+00 6.250000e+01
    endloop
  endfacet
  facet normal 7.347739e-01 -6.783116e-01 9.001018e-04
    outer loop
      vertex   -7.883236e+00 8.095961e+00 5.500000e+01
      vertex   -7.985819e+00 7.994792e+00 6.250000e+01
      vertex   -8.699124e+00 7.212159e+00 5.500000e+01
    endloop
  endfacet
  facet normal 7.427437e-01 -6.695754e-01 -7.695194e-04
    outer loop
      vertex   -8.699124e+00 7.212159e+00 5.500000e+01
      vertex   -7.985819e+00 7.994792e+00 6.250000e+01
      vertex   -8.777222e+00 7.116907e+00 6.250000e+01
    endloop
  endfacet
  facet normal 8.027114e-01 -5.963672e-01 7.846923e-04
    outer loop
      vertex   -8.699124e+00 7.212159e+00 5.500000e+01
      vertex   -8.777222e+00 7.116907e+00 6.250000e+01
      vertex   -9.416447e+00 6.246641e+00 5.500000e+01
    endloop
  endfacet
  facet normal 8.086206e-01 -5.883301e-01 -6.515344e-04
    outer loop
      vertex   -9.416447e+00 6.246641e+00 5.500000e+01
      vertex   -8.777222e+00 7.116907e+00 6.250000e+01
      vertex   -9.472598e+00 6.161160e+00 6.250000e+01
    endloop
  endfacet
  facet normal 8.615539e-01 -5.076657e-01 6.641320e-04
    outer loop
      vertex   -9.416447e+00 6.246641e+00 5.500000e+01
      vertex   -9.472598e+00 6.161160e+00 6.250000e+01
      vertex   -1.002708e+01 5.210345e+00 5.500000e+01
    endloop
  endfacet
  facet normal 8.656507e-01 -5.006482e-01 -5.283989e-04
    outer loop
      vertex   -1.002708e+01 5.210345e+00 5.500000e+01
      vertex   -9.472598e+00 6.161160e+00 6.250000e+01
      vertex   -1.006434e+01 5.138006e+00 6.250000e+01
    endloop
  endfacet
  facet normal 9.106346e-01 -4.132121e-01 5.384213e-04
    outer loop
      vertex   -1.002708e+01 5.210345e+00 5.500000e+01
      vertex   -1.006434e+01 5.138006e+00 6.250000e+01
      vertex   -1.052410e+01 4.115015e+00 5.500000e+01
    endloop
  endfacet
  facet normal 9.132101e-01 -4.074888e-01 -4.001133e-04
    outer loop
      vertex   -1.052410e+01 4.115015e+00 5.500000e+01
      vertex   -1.006434e+01 5.138006e+00 6.250000e+01
      vertex   -1.054597e+01 4.058639e+00 6.250000e+01
    endloop
  endfacet
  facet normal 9.493975e-01 -3.140767e-01 4.075608e-04
    outer loop
      vertex   -1.052410e+01 4.115015e+00 5.500000e+01
      vertex   -1.054597e+01 4.058639e+00 6.250000e+01
      vertex   -1.090188e+01 2.973059e+00 5.500000e+01
    endloop
  endfacet
  facet normal 9.507785e-01 -3.098713e-01 -2.666780e-04
    outer loop
      vertex   -1.090188e+01 2.973059e+00 5.500000e+01
      vertex   -1.054597e+01 4.058639e+00 6.250000e+01
      vertex   -1.091222e+01 2.934868e+00 6.250000e+01
    endloop
  endfacet
  facet normal 9.774034e-01 -2.113826e-01 2.715509e-04
    outer loop
      vertex   -1.090188e+01 2.973059e+00 5.500000e+01
      vertex   -1.091222e+01 2.934868e+00 6.250000e+01
      vertex   -1.115613e+01 1.797418e+00 5.500000e+01
    endloop
  endfacet
  facet normal 9.779448e-01 -2.088636e-01 -1.280935e-04
    outer loop
      vertex   -1.115613e+01 1.797418e+00 5.500000e+01
      vertex   -1.091222e+01 2.934868e+00 6.250000e+01
      vertex   -1.115909e+01 1.778989e+00 6.250000e+01
    endloop
  endfacet
  facet normal 9.943348e-01 -1.062935e-01 1.303920e-04
    outer loop
      vertex   -1.115613e+01 1.797418e+00 5.500000e+01
      vertex   -1.115909e+01 1.778989e+00 6.250000e+01
      vertex   -1.128398e+01 6.014106e-01 5.500000e+01
    endloop
  endfacet
  facet normal 9.944118e-01 -1.055708e-01 1.563970e-05
    outer loop
      vertex   -1.128398e+01 6.014106e-01 5.500000e+01
      vertex   -1.115909e+01 1.778989e+00 6.250000e+01
      vertex   -1.128387e+01 6.036460e-01 6.250000e+01
    endloop
  endfacet
  facet normal 9.999994e-01 -1.122996e-03 -1.558065e-05
    outer loop
      vertex   -1.128398e+01 6.014106e-01 5.500000e+01
      vertex   -1.128387e+01 6.036460e-01 6.250000e+01
      vertex   -1.128519e+01 -5.783010e-01 6.250000e+01
    endloop
  endfacet
  facet normal -9.946443e-01 1.033369e-01 -2.055222e-03
    outer loop
      vertex   1.128519e+01 -5.783010e-01 6.250000e+01
      vertex   1.123598e+01 -1.201116e+00 5.500000e+01
      vertex   1.116305e+01 -1.753921e+00 6.250000e+01
    endloop
  endfacet
  facet normal -9.872661e-01 1.590631e-01 2.123956e-03
    outer loop
      vertex   1.116305e+01 -1.753921e+00 6.250000e+01
      vertex   1.123598e+01 -1.201116e+00 5.500000e+01
      vertex   1.104466e+01 -2.388624e+00 5.500000e+01
    endloop
  endfacet
  facet normal -9.784094e-01 2.066662e-01 -2.044359e-03
    outer loop
      vertex   1.116305e+01 -1.753921e+00 6.250000e+01
      vertex   1.104466e+01 -2.388624e+00 5.500000e+01
      vertex   1.091878e+01 -2.910352e+00 6.250000e+01
    endloop
  endfacet
  facet normal -9.647657e-01 2.631020e-01 2.110516e-03
    outer loop
      vertex   1.091878e+01 -2.910352e+00 6.250000e+01
      vertex   1.104466e+01 -2.388624e+00 5.500000e+01
      vertex   1.072819e+01 -3.549067e+00 5.500000e+01
    endloop
  endfacet
  facet normal -9.514701e-01 3.077344e-01 -2.028341e-03
    outer loop
      vertex   1.091878e+01 -2.910352e+00 6.250000e+01
      vertex   1.072819e+01 -3.549067e+00 5.500000e+01
      vertex   1.055506e+01 -4.034943e+00 6.250000e+01
    endloop
  endfacet
  facet normal -9.313341e-01 3.641598e-01 2.091920e-03
    outer loop
      vertex   1.055506e+01 -4.034943e+00 6.250000e+01
      vertex   1.072819e+01 -3.549067e+00 5.500000e+01
      vertex   1.029017e+01 -4.669298e+00 5.500000e+01
    endloop
  endfacet
  facet normal -9.141213e-01 4.054359e-01 -2.007168e-03
    outer loop
      vertex   1.055506e+01 -4.034943e+00 6.250000e+01
      vertex   1.029017e+01 -4.669298e+00 5.500000e+01
      vertex   1.007585e+01 -5.115388e+00 6.250000e+01
    endloop
  endfacet
  facet normal -8.873502e-01 4.610915e-01 2.068169e-03
    outer loop
      vertex   1.007585e+01 -5.115388e+00 6.250000e+01
      vertex   1.029017e+01 -4.669298e+00 5.500000e+01
      vertex   9.735561e+00 -5.736624e+00 5.500000e+01
    endloop
  endfacet
  facet normal -8.667714e-01 4.987017e-01 -1.980840e-03
    outer loop
      vertex   1.007585e+01 -5.115388e+00 6.250000e+01
      vertex   9.735561e+00 -5.736624e+00 5.500000e+01
      vertex   9.486412e+00 -6.139869e+00 6.250000e+01
    endloop
  endfacet
  facet normal -8.333122e-01 5.527989e-01 2.039264e-03
    outer loop
      vertex   9.486412e+00 -6.139869e+00 6.250000e+01
      vertex   9.735561e+00 -5.736624e+00 5.500000e+01
      vertex   9.070642e+00 -6.738951e+00 5.500000e+01
    endloop
  endfacet
  facet normal -8.099386e-01 5.865115e-01 -1.949357e-03
    outer loop
      vertex   9.486412e+00 -6.139869e+00 6.250000e+01
      vertex   9.070642e+00 -6.738951e+00 5.500000e+01
      vertex   8.793185e+00 -7.097176e+00 6.250000e+01
    endloop
  endfacet
  facet normal -7.698324e-01 6.382429e-01 2.005203e-03
    outer loop
      vertex   8.793185e+00 -7.097176e+00 6.250000e+01
      vertex   9.070642e+00 -6.738951e+00 5.500000e+01
      vertex   8.302948e+00 -7.664924e+00 5.500000e+01
    endloop
  endfacet
  facet normal -7.442446e-01 6.679045e-01 -1.912719e-03
    outer loop
      vertex   8.793185e+00 -7.097176e+00 6.250000e+01
      vertex   8.302948e+00 -7.664924e+00 5.500000e+01
      vertex   8.003755e+00 -7.976836e+00 6.250000e+01
    endloop
  endfacet
  facet normal -6.976302e-01 7.164554e-01 1.965988e-03
    outer loop
      vertex   8.003755e+00 -7.976836e+00 6.250000e+01
      vertex   8.302948e+00 -7.664924e+00 5.500000e+01
      vertex   7.441179e+00 -8.504050e+00 5.500000e+01
    endloop
  endfacet
  facet normal -6.704081e-01 7.419902e-01 -1.870926e-03
    outer loop
      vertex   8.003755e+00 -7.976836e+00 6.250000e+01
      vertex   7.441179e+00 -8.504050e+00 5.500000e+01
      vertex   7.126760e+00 -8.769224e+00 6.250000e+01
    endloop
  endfacet
  facet normal -6.175235e-01 7.865501e-01 1.921617e-03
    outer loop
      vertex   7.126760e+00 -8.769224e+00 6.250000e+01
      vertex   7.441179e+00 -8.504050e+00 5.500000e+01
      vertex   6.495098e+00 -9.246821e+00 5.500000e+01
    endloop
  endfacet
  facet normal -5.892370e-01 8.079582e-01 -1.823978e-03
    outer loop
      vertex   7.126760e+00 -8.769224e+00 6.250000e+01
      vertex   6.495098e+00 -9.246821e+00 5.500000e+01
      vertex   6.171794e+00 -9.465673e+00 6.250000e+01
    endloop
  endfacet
  facet normal -5.304200e-01 8.477329e-01 1.872092e-03
    outer loop
      vertex   6.171794e+00 -9.465673e+00 6.250000e+01
      vertex   6.495098e+00 -9.246821e+00 5.500000e+01
      vertex   5.475425e+00 -9.884823e+00 5.500000e+01
    endloop
  endfacet
  facet normal -5.016192e-01 8.650867e-01 -1.771876e-03
    outer loop
      vertex   6.171794e+00 -9.465673e+00 6.250000e+01
      vertex   5.475425e+00 -9.884823e+00 5.500000e+01
      vertex   5.149305e+00 -1.005856e+01 6.250000e+01
    endloop
  endfacet
  facet normal -4.373066e-01 8.993106e-01 1.817413e-03
    outer loop
      vertex   5.149305e+00 -1.005856e+01 6.250000e+01
      vertex   5.475425e+00 -9.884823e+00 5.500000e+01
      vertex   4.393713e+00 -1.041083e+01 5.500000e+01
    endloop
  endfacet
  facet normal -4.085135e-01 9.127507e-01 -1.714619e-03
    outer loop
      vertex   5.149305e+00 -1.005856e+01 6.250000e+01
      vertex   4.393713e+00 -1.041083e+01 5.500000e+01
      vertex   4.070480e+00 -1.054140e+01 6.250000e+01
    endloop
  endfacet
  facet normal -3.392383e-01 9.406988e-01 1.757580e-03
    outer loop
      vertex   4.070480e+00 -1.054140e+01 6.250000e+01
      vertex   4.393713e+00 -1.041083e+01 5.500000e+01
      vertex   3.262219e+00 -1.081887e+01 5.500000e+01
    endloop
  endfacet
  facet normal -3.109384e-01 9.504286e-01 -1.652209e-03
    outer loop
      vertex   4.070480e+00 -1.054140e+01 6.250000e+01
      vertex   3.262219e+00 -1.081887e+01 5.500000e+01
      vertex   2.947121e+00 -1.090892e+01 6.250000e+01
    endloop
  endfacet
  facet normal -2.747784e-01 9.615076e-01 0.000000e+00
    outer loop
      vertex   2.947121e+00 -1.090892e+01 6.250000e+01
      vertex   3.262219e+00 -1.081887e+01 5.500000e+01
      vertex   2.947121e+00 -1.090892e+01 5.591228e+01
    endloop
  endfacet
  facet normal -2.373037e-01 9.713359e-01 1.391375e-02
    outer loop
      vertex   2.947121e+00 -1.090892e+01 5.591228e+01
      vertex   3.262219e+00 -1.081887e+01 5.500000e+01
      vertex   2.093763e+00 -1.110433e+01 5.500000e+01
    endloop
  endfacet
  facet normal -2.282620e-01 9.735870e-01 4.973822e-03
    outer loop
      vertex   2.947121e+00 -1.090892e+01 5.591228e+01
      vertex   2.093763e+00 -1.110433e+01 5.500000e+01
      vertex   2.221631e+00 -1.107946e+01 5.599931e+01
    endloop
  endfacet
  facet normal -1.644539e-01 9.863785e-01 -3.509293e-03
    outer loop
      vertex   2.221631e+00 -1.107946e+01 5.599931e+01
      vertex   2.093763e+00 -1.110433e+01 5.500000e+01
      vertex   1.486478e+00 -1.120180e+01 5.606174e+01
    endloop
  endfacet
  facet normal -1.327104e-01 9.910402e-01 1.507497e-02
    outer loop
      vertex   1.486478e+00 -1.120180e+01 5.606174e+01
      vertex   2.093763e+00 -1.110433e+01 5.500000e+01
      vertex   9.015830e-01 -1.126398e+01 5.500000e+01
    endloop
  endfacet
  facet normal -9.897274e-02 9.950831e-01 -3.747281e-03
    outer loop
      vertex   1.486478e+00 -1.120180e+01 5.606174e+01
      vertex   9.015830e-01 -1.126398e+01 5.500000e+01
      vertex   7.448590e-01 -1.127542e+01 5.609931e+01
    endloop
  endfacet
  facet normal -3.287954e-02 9.994429e-01 5.720736e-03
    outer loop
      vertex   7.448590e-01 -1.127542e+01 5.609931e+01
      vertex   9.015830e-01 -1.126398e+01 5.500000e+01
      vertex   -4.385381e-15 -1.130000e+01 5.611185e+01
    endloop
  endfacet
  facet normal -2.661897e-02 9.995873e-01 1.080200e-02
    outer loop
      vertex   -4.385381e-15 -1.130000e+01 5.611185e+01
      vertex   9.015830e-01 -1.126398e+01 5.500000e+01
      vertex   -3.008119e-01 -1.129600e+01 5.500000e+01
    endloop
  endfacet
  facet normal 3.306574e-02 9.994389e-01 -5.346229e-03
    outer loop
      vertex   -4.385381e-15 -1.130000e+01 5.611185e+01
      vertex   -3.008119e-01 -1.129600e+01 5.500000e+01
      vertex   -7.448590e-01 -1.127542e+01 5.609931e+01
    endloop
  endfacet
  facet normal 7.977876e-02 9.967202e-01 1.357352e-02
    outer loop
      vertex   -7.448590e-01 -1.127542e+01 5.609931e+01
      vertex   -3.008119e-01 -1.129600e+01 5.500000e+01
      vertex   -1.499798e+00 -1.120003e+01 5.500000e+01
    endloop
  endfacet
  facet normal 9.876412e-02 9.951108e-01 4.251669e-04
    outer loop
      vertex   -7.448590e-01 -1.127542e+01 5.609931e+01
      vertex   -1.499798e+00 -1.120003e+01 5.500000e+01
      vertex   -1.486478e+00 -1.120180e+01 5.606174e+01
    endloop
  endfacet
  facet normal 1.641988e-01 9.864272e-01 -4.102870e-04
    outer loop
      vertex   -1.486478e+00 -1.120180e+01 5.606174e+01
      vertex   -1.499798e+00 -1.120003e+01 5.500000e+01
      vertex   -2.221631e+00 -1.107946e+01 5.599931e+01
    endloop
  endfacet
  facet normal 1.852671e-01 9.825695e-01 1.527349e-02
    outer loop
      vertex   -2.221631e+00 -1.107946e+01 5.599931e+01
      vertex   -1.499798e+00 -1.120003e+01 5.500000e+01
      vertex   -2.681792e+00 -1.097716e+01 5.500000e+01
    endloop
  endfacet
  facet normal 2.295140e-01 9.732866e-01 -6.051568e-03
    outer loop
      vertex   -2.221631e+00 -1.107946e+01 5.599931e+01
      vertex   -2.681792e+00 -1.097716e+01 5.500000e+01
      vertex   -2.947121e+00 -1.090892e+01 5.591228e+01
    endloop
  endfacet
  facet normal 2.886699e-01 9.573491e-01 1.234563e-02
    outer loop
      vertex   -2.947121e+00 -1.090892e+01 5.591228e+01
      vertex   -2.681792e+00 -1.097716e+01 5.500000e+01
      vertex   -3.833399e+00 -1.062991e+01 5.500000e+01
    endloop
  endfacet
  facet normal 3.002769e-01 9.538521e-01 -0.000000e+00
    outer loop
      vertex   -2.947121e+00 -1.090892e+01 5.591228e+01
      vertex   -3.833399e+00 -1.062991e+01 5.500000e+01
      vertex   -2.947121e+00 -1.090892e+01 6.250000e+01
    endloop
  endfacet
  facet normal 3.109385e-01 9.504290e-01 -1.387228e-03
    outer loop
      vertex   -2.947121e+00 -1.090892e+01 6.250000e+01
      vertex   -3.833399e+00 -1.062991e+01 5.500000e+01
      vertex   -4.070480e+00 -1.054140e+01 6.250000e+01
    endloop
  endfacet
  facet normal 3.888238e-01 9.213111e-01 1.418408e-03
    outer loop
      vertex   -4.070480e+00 -1.054140e+01 6.250000e+01
      vertex   -3.833399e+00 -1.062991e+01 5.500000e+01
      vertex   -4.941573e+00 -1.016223e+01 5.500000e+01
    endloop
  endfacet
  facet normal 4.085138e-01 9.127512e-01 -1.301258e-03
    outer loop
      vertex   -4.070480e+00 -1.054140e+01 6.250000e+01
      vertex   -4.941573e+00 -1.016223e+01 5.500000e+01
      vertex   -5.149305e+00 -1.005856e+01 6.250000e+01
    endloop
  endfacet
  facet normal 4.845504e-01 8.747623e-01 1.329862e-03
    outer loop
      vertex   -5.149305e+00 -1.005856e+01 6.250000e+01
      vertex   -4.941573e+00 -1.016223e+01 5.500000e+01
      vertex   -5.993756e+00 -9.579399e+00 5.500000e+01
    endloop
  endfacet
  facet normal 5.016197e-01 8.650874e-01 -1.210135e-03
    outer loop
      vertex   -5.149305e+00 -1.005856e+01 6.250000e+01
      vertex   -5.993756e+00 -9.579399e+00 5.500000e+01
      vertex   -6.171794e+00 -9.465673e+00 6.250000e+01
    endloop
  endfacet
  facet normal 5.747870e-01 8.183022e-01 1.236162e-03
    outer loop
      vertex   -6.171794e+00 -9.465673e+00 6.250000e+01
      vertex   -5.993756e+00 -9.579399e+00 5.500000e+01
      vertex   -6.978028e+00 -8.888033e+00 5.500000e+01
    endloop
  endfacet
  facet normal 5.892376e-01 8.079591e-01 -1.113859e-03
    outer loop
      vertex   -6.171794e+00 -9.465673e+00 6.250000e+01
      vertex   -6.978028e+00 -8.888033e+00 5.500000e+01
      vertex   -7.126760e+00 -8.769224e+00 6.250000e+01
    endloop
  endfacet
  facet normal 6.585110e-01 7.525703e-01 1.137311e-03
    outer loop
      vertex   -7.126760e+00 -8.769224e+00 6.250000e+01
      vertex   -6.978028e+00 -8.888033e+00 5.500000e+01
      vertex   -7.883236e+00 -8.095961e+00 5.500000e+01
    endloop
  endfacet
  facet normal 6.704089e-01 7.419911e-01 -1.012432e-03
    outer loop
      vertex   -7.126760e+00 -8.769224e+00 6.250000e+01
      vertex   -7.883236e+00 -8.095961e+00 5.500000e+01
      vertex   -8.003755e+00 -7.976836e+00 6.250000e+01
    endloop
  endfacet
  facet normal 7.347738e-01 6.783115e-01 1.033307e-03
    outer loop
      vertex   -8.003755e+00 -7.976836e+00 6.250000e+01
      vertex   -7.883236e+00 -8.095961e+00 5.500000e+01
      vertex   -8.699124e+00 -7.212159e+00 5.500000e+01
    endloop
  endfacet
  facet normal 7.442456e-01 6.679054e-01 -9.058523e-04
    outer loop
      vertex   -8.003755e+00 -7.976836e+00 6.250000e+01
      vertex   -8.699124e+00 -7.212159e+00 5.500000e+01
      vertex   -8.793185e+00 -7.097176e+00 6.250000e+01
    endloop
  endfacet
  facet normal 8.027113e-01 5.963671e-01 9.241523e-04
    outer loop
      vertex   -8.793185e+00 -7.097176e+00 6.250000e+01
      vertex   -8.699124e+00 -7.212159e+00 5.500000e+01
      vertex   -9.416447e+00 -6.246641e+00 5.500000e+01
    endloop
  endfacet
  facet normal 8.099399e-01 5.865124e-01 -7.941216e-04
    outer loop
      vertex   -8.793185e+00 -7.097176e+00 6.250000e+01
      vertex   -9.416447e+00 -6.246641e+00 5.500000e+01
      vertex   -9.486412e+00 -6.139869e+00 6.250000e+01
    endloop
  endfacet
  facet normal 8.615538e-01 5.076656e-01 8.098460e-04
    outer loop
      vertex   -9.486412e+00 -6.139869e+00 6.250000e+01
      vertex   -9.416447e+00 -6.246641e+00 5.500000e+01
      vertex   -1.002708e+01 -5.210345e+00 5.500000e+01
    endloop
  endfacet
  facet normal 8.667729e-01 4.987026e-01 -6.772398e-04
    outer loop
      vertex   -9.486412e+00 -6.139869e+00 6.250000e+01
      vertex   -1.002708e+01 -5.210345e+00 5.500000e+01
      vertex   -1.007585e+01 -5.115388e+00 6.250000e+01
    endloop
  endfacet
  facet normal 9.106346e-01 4.132121e-01 6.903889e-04
    outer loop
      vertex   -1.007585e+01 -5.115388e+00 6.250000e+01
      vertex   -1.002708e+01 -5.210345e+00 5.500000e+01
      vertex   -1.052410e+01 -4.115015e+00 5.500000e+01
    endloop
  endfacet
  facet normal 9.141230e-01 4.054367e-01 -5.552075e-04
    outer loop
      vertex   -1.007585e+01 -5.115388e+00 6.250000e+01
      vertex   -1.052410e+01 -4.115015e+00 5.500000e+01
      vertex   -1.055506e+01 -4.034943e+00 6.250000e+01
    endloop
  endfacet
  facet normal 9.493975e-01 3.140767e-01 5.657815e-04
    outer loop
      vertex   -1.055506e+01 -4.034943e+00 6.250000e+01
      vertex   -1.052410e+01 -4.115015e+00 5.500000e+01
      vertex   -1.090188e+01 -2.973059e+00 5.500000e+01
    endloop
  endfacet
  facet normal 9.514720e-01 3.077350e-01 -4.280249e-04
    outer loop
      vertex   -1.055506e+01 -4.034943e+00 6.250000e+01
      vertex   -1.090188e+01 -2.973059e+00 5.500000e+01
      vertex   -1.091878e+01 -2.910352e+00 6.250000e+01
    endloop
  endfacet
  facet normal 9.774033e-01 2.113826e-01 4.360240e-04
    outer loop
      vertex   -1.091878e+01 -2.910352e+00 6.250000e+01
      vertex   -1.090188e+01 -2.973059e+00 5.500000e+01
      vertex   -1.115613e+01 -1.797418e+00 5.500000e+01
    endloop
  endfacet
  facet normal 9.784114e-01 2.066666e-01 -2.956927e-04
    outer loop
      vertex   -1.091878e+01 -2.910352e+00 6.250000e+01
      vertex   -1.115613e+01 -1.797418e+00 5.500000e+01
      vertex   -1.116305e+01 -1.753921e+00 6.250000e+01
    endloop
  endfacet
  facet normal 9.943348e-01 1.062935e-01 3.011170e-04
    outer loop
      vertex   -1.116305e+01 -1.753921e+00 6.250000e+01
      vertex   -1.115613e+01 -1.797418e+00 5.500000e+01
      vertex   -1.128398e+01 -6.014106e-01 5.500000e+01
    endloop
  endfacet
  facet normal 9.946464e-01 1.033371e-01 -1.582111e-04
    outer loop
      vertex   -1.116305e+01 -1.753921e+00 6.250000e+01
      vertex   -1.128398e+01 -6.014106e-01 5.500000e+01
      vertex   -1.128519e+01 -5.783010e-01 6.250000e+01
    endloop
  endfacet
  facet normal 1.000000e+00 0.000000e+00 1.610610e-04
    outer loop
      vertex   -1.128519e+01 -5.783010e-01 6.250000e+01
      vertex   -1.128398e+01 -6.014106e-01 5.500000e+01
      vertex   -1.128398e+01 6.014106e-01 5.500000e+01
    endloop
  endfacet
  facet normal 0.000000e+00 0.000000e+00 -1.000000e+00
    outer loop
      vertex   2.947121e+00 -1.090892e+01 6.250000e+01
      vertex   -2.947121e+00 -1.090892e+01 6.250000e+01
      vertex   4.070480e+00 -1.054140e+01 6.250000e+01
    endloop
  endfacet
  facet normal 0.000000e+00 0.000000e+00 -1.000000e+00
    outer loop
      vertex   4.070480e+00 -1.054140e+01 6.250000e+01
      vertex   -2.947121e+00 -1.090892e+01 6.250000e+01
      vertex   -4.070480e+00 -1.054140e+01 6.250000e+01
    endloop
  endfacet
  facet normal -0.000000e+00 0.000000e+00 -1.000000e+00
    outer loop
      vertex   4.070480e+00 -1.054140e+01 6.250000e+01
      vertex   -4.070480e+00 -1.054140e+01 6.250000e+01
      vertex   5.149305e+00 -1.005856e+01 6.250000e+01
    endloop
  endfacet
  facet normal -0.000000e+00 0.000000e+00 -1.000000e+00
    outer loop
      vertex   5.149305e+00 -1.005856e+01 6.250000e+01
      vertex   -4.070480e+00 -1.054140e+01 6.250000e+01
      vertex   -5.149305e+00 -1.005856e+01 6.250000e+01
    endloop
  endfacet
  facet normal 0.000000e+00 0.000000e+00 -1.000000e+00
    outer loop
      vertex   5.149305e+00 -1.005856e+01 6.250000e+01
      vertex   -5.149305e+00 -1.005856e+01 6.250000e+01
      vertex   6.171794e+00 -9.465673e+00 6.250000e+01
    endloop
  endfacet
  facet normal -0.000000e+00 0.000000e+00 -1.000000e+00
    outer loop
      vertex   6.171794e+00 -9.465673e+00 6.250000e+01
      vertex   -5.149305e+00 -1.005856e+01 6.250000e+01
      vertex   -6.171794e+00 -9.465673e+00 6.250000e+01
    endloop
  endfacet
  facet normal 0.000000e+00 0.000000e+00 -1.000000e+00
    outer loop
      vertex   6.171794e+00 -9.465673e+00 6.250000e+01
      vertex   -6.171794e+00 -9.465673e+00 6.250000e+01
      vertex   7.126760e+00 -8.769224e+00 6.250000e+01
    endloop
  endfacet
  facet normal 0.000000e+00 0.000000e+00 -1.000000e+00
    outer loop
      vertex   7.126760e+00 -8.769224e+00 6.250000e+01
      vertex   -6.171794e+00 -9.465673e+00 6.250000e+01
      vertex   -7.126760e+00 -8.769224e+00 6.250000e+01
    endloop
  endfacet
  facet normal -0.000000e+00 0.000000e+00 -1.000000e+00
    outer loop
      vertex   7.126760e+00 -8.769224e+00 6.250000e+01
      vertex   -7.126760e+00 -8.769224e+00 6.250000e+01
      vertex   8.003755e+00 -7.976836e+00 6.250000e+01
    endloop
  endfacet
  facet normal -0.000000e+00 0.000000e+00 -1.000000e+00
    outer loop
      vertex   8.003755e+00 -7.976836e+00 6.250000e+01
      vertex   -7.126760e+00 -8.769224e+00 6.250000e+01
      vertex   -8.003755e+00 -7.976836e+00 6.250000e+01
    endloop
  endfacet
  facet normal 0.000000e+00 0.000000e+00 -1.000000e+00
    outer loop
      vertex   8.003755e+00 -7.976836e+00 6.250000e+01
      vertex   -8.003755e+00 -7.976836e+00 6.250000e+01
      vertex   8.793185e+00 -7.097176e+00 6.250000e+01
    endloop
  endfacet
  facet normal -0.000000e+00 0.000000e+00 -1.000000e+00
    outer loop
      vertex   8.793185e+00 -7.097176e+00 6.250000e+01
      vertex   -8.003755e+00 -7.976836e+00 6.250000e+01
      vertex   -8.793185e+00 -7.097176e+00 6.250000e+01
    endloop
  endfacet
  facet normal 0.000000e+00 0.000000e+00 -1.000000e+00
    outer loop
      vertex   8.793185e+00 -7.097176e+00 6.250000e+01
      vertex   -8.793185e+00 -7.097176e+00 6.250000e+01
      vertex   9.486412e+00 -6.139869e+00 6.250000e+01
    endloop
  endfacet
  facet normal -0.000000e+00 0.000000e+00 -1.000000e+00
    outer loop
      vertex   9.486412e+00 -6.139869e+00 6.250000e+01
      vertex   -8.793185e+00 -7.097176e+00 6.250000e+01
      vertex   -9.486412e+00 -6.139869e+00 6.250000e+01
    endloop
  endfacet
  facet normal 0.000000e+00 0.000000e+00 -1.000000e+00
    outer loop
      vertex   9.486412e+00 -6.139869e+00 6.250000e+01
      vertex   -9.486412e+00 -6.139869e+00 6.250000e+01
      vertex   1.007585e+01 -5.115388e+00 6.250000e+01
    endloop
  endfacet
  facet normal -0.000000e+00 0.000000e+00 -1.000000e+00
    outer loop
      vertex   1.007585e+01 -5.115388e+00 6.250000e+01
      vertex   -9.486412e+00 -6.139869e+00 6.250000e+01
      vertex   -1.007585e+01 -5.115388e+00 6.250000e+01
    endloop
  endfacet
  facet normal 0.000000e+00 0.000000e+00 -1.000000e+00
    outer loop
      vertex   1.007585e+01 -5.115388e+00 6.250000e+01
      vertex   -1.007585e+01 -5.115388e+00 6.250000e+01
      vertex   1.055506e+01 -4.034943e+00 6.250000e+01
    endloop
  endfacet
  facet normal -0.000000e+00 0.000000e+00 -1.000000e+00
    outer loop
      vertex   1.055506e+01 -4.034943e+00 6.250000e+01
      vertex   -1.007585e+01 -5.115388e+00 6.250000e+01
      vertex   -1.055506e+01 -4.034943e+00 6.250000e+01
    endloop
  endfacet
  facet normal 0.000000e+00 0.000000e+00 -1.000000e+00
    outer loop
      vertex   1.055506e+01 -4.034943e+00 6.250000e+01
      vertex   -1.055506e+01 -4.034943e+00 6.250000e+01
      vertex   1.091878e+01 -2.910352e+00 6.250000e+01
    endloop
  endfacet
  facet normal 0.000000e+00 0.000000e+00 -1.000000e+00
    outer loop
      vertex   1.091878e+01 -2.910352e+00 6.250000e+01
      vertex   -1.055506e+01 -4.034943e+00 6.250000e+01
      vertex   -1.091878e+01 -2.910352e+00 6.250000e+01
    endloop
  endfacet
  facet normal -0.000000e+00 0.000000e+00 -1.000000e+00
    outer loop
      vertex   1.091878e+01 -2.910352e+00 6.250000e+01
      vertex   -1.091878e+01 -2.910352e+00 6.250000e+01
      vertex   1.116305e+01 -1.753921e+00 6.250000e+01
    endloop
  endfacet
  facet normal -0.000000e+00 0.000000e+00 -1.000000e+00
    outer loop
      vertex   1.116305e+01 -1.753921e+00 6.250000e+01
      vertex   -1.091878e+01 -2.910352e+00 6.250000e+01
      vertex   -1.116305e+01 -1.753921e+00 6.250000e+01
    endloop
  endfacet
  facet normal 0.000000e+00 0.000000e+00 -1.000000e+00
    outer loop
      vertex   1.116305e+01 -1.753921e+00 6.250000e+01
      vertex   -1.116305e+01 -1.753921e+00 6.250000e+01
      vertex   1.128519e+01 -5.783010e-01 6.250000e+01
    endloop
  endfacet
  facet normal 0.000000e+00 0.000000e+00 -1.000000e+00
    outer loop
      vertex   1.128519e+01 -5.783010e-01 6.250000e+01
      vertex   -1.116305e+01 -1.753921e+00 6.250000e+01
      vertex   -1.128519e+01 -5.783010e-01 6.250000e+01
    endloop
  endfacet
  facet normal -0.000000e+00 0.000000e+00 -1.000000e+00
    outer loop
      vertex   1.128519e+01 -5.783010e-01 6.250000e+01
      vertex   -1.128519e+01 -5.783010e-01 6.250000e+01
      vertex   1.128387e+01 6.036460e-01 6.250000e+01
    endloop
  endfacet
  facet normal -0.000000e+00 0.000000e+00 -1.000000e+00
    outer loop
      vertex   1.128387e+01 6.036460e-01 6.250000e+01
      vertex   -1.128519e+01 -5.783010e-01 6.250000e+01
      vertex   -1.128387e+01 6.036460e-01 6.250000e+01
    endloop
  endfacet
  facet normal 0.000000e+00 0.000000e+00 -1.000000e+00
    outer loop
      vertex   1.128387e+01 6.036460e-01 6.250000e+01
      vertex   -1.128387e+01 6.036460e-01 6.250000e+01
      vertex   1.115909e+01 1.778989e+00 6.250000e+01
    endloop
  endfacet
  facet normal -0.000000e+00 0.000000e+00 -1.000000e+00
    outer loop
      vertex   1.115909e+01 1.778989e+00 6.250000e+01
      vertex   -1.128387e+01 6.036460e-01 6.250000e+01
      vertex   -1.115909e+01 1.778989e+00 6.250000e+01
    endloop
  endfacet
  facet normal 0.000000e+00 0.000000e+00 -1.000000e+00
    outer loop
      vertex   1.115909e+01 1.778989e+00 6.250000e+01
      vertex   -1.115909e+01 1.778989e+00 6.250000e+01
      vertex   1.091222e+01 2.934868e+00 6.250000e+01
    endloop
  endfacet
  facet normal 0.000000e+00 0.000000e+00 -1.000000e+00
    outer loop
      vertex   1.091222e+01 2.934868e+00 6.250000e+01
      vertex   -1.115909e+01 1.778989e+00 6.250000e+01
      vertex   -1.091222e+01 2.934868e+00 6.250000e+01
    endloop
  endfacet
  facet normal -0.000000e+00 0.000000e+00 -1.000000e+00
    outer loop
      vertex   1.091222e+01 2.934868e+00 6.250000e+01
      vertex   -1.091222e+01 2.934868e+00 6.250000e+01
      vertex   1.054597e+01 4.058639e+00 6.250000e+01
    endloop
  endfacet
  facet normal -0.000000e+00 0.000000e+00 -1.000000e+00
    outer loop
      vertex   1.054597e+01 4.058639e+00 6.250000e+01
      vertex   -1.091222e+01 2.934868e+00 6.250000e+01
      vertex   -1.054597e+01 4.058639e+00 6.250000e+01
    endloop
  endfacet
  facet normal 0.000000e+00 0.000000e+00 -1.000000e+00
    outer loop
      vertex   1.054597e+01 4.058639e+00 6.250000e+01
      vertex   -1.054597e+01 4.058639e+00 6.250000e+01
      vertex   1.006434e+01 5.138006e+00 6.250000e+01
    endloop
  endfacet
  facet normal 0.000000e+00 0.000000e+00 -1.000000e+00
    outer loop
      vertex   1.006434e+01 5.138006e+00 6.250000e+01
      vertex   -1.054597e+01 4.058639e+00 6.250000e+01
      vertex   -1.006434e+01 5.138006e+00 6.250000e+01
    endloop
  endfacet
  facet normal -0.000000e+00 0.000000e+00 -1.000000e+00
    outer loop
      vertex   1.006434e+01 5.138006e+00 6.250000e+01
      vertex   -1.006434e+01 5.138006e+00 6.250000e+01
      vertex   9.472598e+00 6.161160e+00 6.250000e+01
    endloop
  endfacet
  facet normal -0.000000e+00 0.000000e+00 -1.000000e+00
    outer loop
      vertex   9.472598e+00 6.161160e+00 6.250000e+01
      vertex   -1.006434e+01 5.138006e+00 6.250000e+01
      vertex   -9.472598e+00 6.161160e+00 6.250000e+01
    endloop
  endfacet
  facet normal 0.000000e+00 0.000000e+00 -1.000000e+00
    outer loop
      vertex   9.472598e+00 6.161160e+00 6.250000e+01
      vertex   -9.472598e+00 6.161160e+00 6.250000e+01
      vertex   8.777222e+00 7.116907e+00 6.250000e+01
    endloop
  endfacet
  facet normal -0.000000e+00 0.000000e+00 -1.000000e+00
    outer loop
      vertex   8.777222e+00 7.116907e+00 6.250000e+01
      vertex   -9.472598e+00 6.161160e+00 6.250000e+01
      vertex   -8.777222e+00 7.116907e+00 6.250000e+01
    endloop
  endfacet
  facet normal 0.000000e+00 0.000000e+00 -1.000000e+00
    outer loop
      vertex   8.777222e+00 7.116907e+00 6.250000e+01
      vertex   -8.777222e+00 7.116907e+00 6.250000e+01
      vertex   7.985819e+00 7.994792e+00 6.250000e+01
    endloop
  endfacet
  facet normal 0.000000e+00 0.000000e+00 -1.000000e+00
    outer loop
      vertex   7.985819e+00 7.994792e+00 6.250000e+01
      vertex   -8.777222e+00 7.116907e+00 6.250000e+01
      vertex   -7.985819e+00 7.994792e+00 6.250000e+01
    endloop
  endfacet
  facet normal -0.000000e+00 0.000000e+00 -1.000000e+00
    outer loop
      vertex   7.985819e+00 7.994792e+00 6.250000e+01
      vertex   -7.985819e+00 7.994792e+00 6.250000e+01
      vertex   7.107046e+00 8.785209e+00 6.250000e+01
    endloop
  endfacet
  facet normal 0.000000e+00 0.000000e+00 -1.000000e+00
    outer loop
      vertex   7.107046e+00 8.785209e+00 6.250000e+01
      vertex   -7.985819e+00 7.994792e+00 6.250000e+01
      vertex   -7.107046e+00 8.785209e+00 6.250000e+01
    endloop
  endfacet
  facet normal -0.000000e+00 0.000000e+00 -1.000000e+00
    outer loop
      vertex   7.107046e+00 8.785209e+00 6.250000e+01
      vertex   -7.107046e+00 8.785209e+00 6.250000e+01
      vertex   6.150518e+00 9.479511e+00 6.250000e+01
    endloop
  endfacet
  facet normal -0.000000e+00 0.000000e+00 -1.000000e+00
    outer loop
      vertex   6.150518e+00 9.479511e+00 6.250000e+01
      vertex   -7.107046e+00 8.785209e+00 6.250000e+01
      vertex   -6.150518e+00 9.479511e+00 6.250000e+01
    endloop
  endfacet
  facet normal 0.000000e+00 0.000000e+00 -1.000000e+00
    outer loop
      vertex   6.150518e+00 9.479511e+00 6.250000e+01
      vertex   -6.150518e+00 9.479511e+00 6.250000e+01
      vertex   5.126700e+00 1.007010e+01 6.250000e+01
    endloop
  endfacet
  facet normal -0.000000e+00 0.000000e+00 -1.000000e+00
    outer loop
      vertex   5.126700e+00 1.007010e+01 6.250000e+01
      vertex   -6.150518e+00 9.479511e+00 6.250000e+01
      vertex   -5.126700e+00 1.007010e+01 6.250000e+01
    endloop
  endfacet
  facet normal 0.000000e+00 0.000000e+00 -1.000000e+00
    outer loop
      vertex   5.126700e+00 1.007010e+01 6.250000e+01
      vertex   -5.126700e+00 1.007010e+01 6.250000e+01
      vertex   4.046793e+00 1.055052e+01 6.250000e+01
    endloop
  endfacet
  facet normal -0.000000e+00 0.000000e+00 -1.000000e+00
    outer loop
      vertex   4.046793e+00 1.055052e+01 6.250000e+01
      vertex   -5.126700e+00 1.007010e+01 6.250000e+01
      vertex   -4.046793e+00 1.055052e+01 6.250000e+01
    endloop
  endfacet
  facet normal 0.000000e+00 0.000000e+00 -1.000000e+00
    outer loop
      vertex   4.046793e+00 1.055052e+01 6.250000e+01
      vertex   -4.046793e+00 1.055052e+01 6.250000e+01
      vertex   2.922612e+00 1.091551e+01 6.250000e+01
    endloop
  endfacet
  facet normal -0.000000e+00 0.000000e+00 -1.000000e+00
    outer loop
      vertex   2.922612e+00 1.091551e+01 6.250000e+01
      vertex   -4.046793e+00 1.055052e+01 6.250000e+01
      vertex   -2.922612e+00 1.091551e+01 6.250000e+01
    endloop
  endfacet
  facet normal 0.000000e+00 0.000000e+00 -1.000000e+00
    outer loop
      vertex   2.922612e+00 1.091551e+01 6.250000e+01
      vertex   -2.922612e+00 1.091551e+01 6.250000e+01
      vertex   1.766456e+00 1.116108e+01 6.250000e+01
    endloop
  endfacet
  facet normal -0.000000e+00 0.000000e+00 -1.000000e+00
    outer loop
      vertex   1.766456e+00 1.116108e+01 6.250000e+01
      vertex   -2.922612e+00 1.091551e+01 6.250000e+01
      vertex   -1.766456e+00 1.116108e+01 6.250000e+01
    endloop
  endfacet
  facet normal 0.000000e+00 0.000000e+00 -1.000000e+00
    outer loop
      vertex   1.766456e+00 1.116108e+01 6.250000e+01
      vertex   -1.766456e+00 1.116108e+01 6.250000e+01
      vertex   5.909739e-01 1.128454e+01 6.250000e+01
    endloop
  endfacet
  facet normal -0.000000e+00 0.000000e+00 -1.000000e+00
    outer loop
      vertex   5.909739e-01 1.128454e+01 6.250000e+01
      vertex   -1.766456e+00 1.116108e+01 6.250000e+01
      vertex   -5.909739e-01 1.128454e+01 6.250000e+01
    endloop
  endfacet
  facet normal 0.000000e+00 0.000000e+00 1.000000e+00
    outer loop
      vertex   -7.500000e+00 -3.000000e+01 6.450000e+01
      vertex   7.500000e+00 -3.000000e+01 6.450000e+01
      vertex   -7.500000e+00 -1.061838e+01 6.450000e+01
    endloop
  endfacet
  facet normal -0.000000e+00 0.000000e+00 1.000000e+00
    outer loop
      vertex   -7.500000e+00 -1.061838e+01 6.450000e+01
      vertex   7.500000e+00 -3.000000e+01 6.450000e+01
      vertex   7.500000e+00 -1.061838e+01 6.450000e+01
    endloop
  endfacet
  facet normal 0.000000e+00 -0.000000e+00 1.000000e+00
    outer loop
      vertex   -7.500000e+00 -1.061838e+01 6.450000e+01
      vertex   7.500000e+00 -1.061838e+01 6.450000e+01
      vertex   -1.121375e+01 6.576608e+00 6.450000e+01
    endloop
  endfacet
  facet normal -0.000000e+00 0.000000e+00 1.000000e+00
    outer loop
      vertex   -1.121375e+01 6.576608e+00 6.450000e+01
      vertex   7.500000e+00 -1.061838e+01 6.450000e+01
      vertex   1.121375e+01 6.576608e+00 6.450000e+01
    endloop
  endfacet
  facet normal 0.000000e+00 0.000000e+00 1.000000e+00
    outer loop
      vertex   -1.121375e+01 6.576608e+00 6.450000e+01
      vertex   1.121375e+01 6.576608e+00 6.450000e+01
      vertex   -1.050818e+01 7.653634e+00 6.450000e+01
    endloop
  endfacet
  facet normal -0.000000e+00 0.000000e+00 1.000000e+00
    outer loop
      vertex   -1.050818e+01 7.653634e+00 6.450000e+01
      vertex   1.121375e+01 6.576608e+00 6.450000e+01
      vertex   1.050818e+01 7.653634e+00 6.450000e+01
    endloop
  endfacet
  facet normal 0.000000e+00 0.000000e+00 1.000000e+00
    outer loop
      vertex   -1.050818e+01 7.653634e+00 6.450000e+01
      vertex   1.050818e+01 7.653634e+00 6.450000e+01
      vertex   -9.699531e+00 8.655582e+00 6.450000e+01
    endloop
  endfacet
  facet normal -0.000000e+00 0.000000e+00 1.000000e+00
    outer loop
      vertex   -9.699531e+00 8.655582e+00 6.450000e+01
      vertex   1.050818e+01 7.653634e+00 6.450000e+01
      vertex   9.699531e+00 8.655582e+00 6.450000e+01
    endloop
  endfacet
  facet normal 0.000000e+00 0.000000e+00 1.000000e+00
    outer loop
      vertex   -9.699531e+00 8.655582e+00 6.450000e+01
      vertex   9.699531e+00 8.655582e+00 6.450000e+01
      vertex   -8.795731e+00 9.572623e+00 6.450000e+01
    endloop
  endfacet
  facet normal -0.000000e+00 0.000000e+00 1.000000e+00
    outer loop
      vertex   -8.795731e+00 9.572623e+00 6.450000e+01
      vertex   9.699531e+00 8.655582e+00 6.450000e+01
      vertex   8.795731e+00 9.572623e+00 6.450000e+01
    endloop
  endfacet
  facet normal 0.000000e+00 0.000000e+00 1.000000e+00
    outer loop
      vertex   -8.795731e+00 9.572623e+00 6.450000e+01
      vertex   8.795731e+00 9.572623e+00 6.450000e+01
      vertex   -7.805650e+00 1.039576e+01 6.450000e+01
    endloop
  endfacet
  facet normal -0.000000e+00 0.000000e+00 1.000000e+00
    outer loop
      vertex   -7.805650e+00 1.039576e+01 6.450000e+01
      vertex   8.795731e+00 9.572623e+00 6.450000e+01
      vertex   7.805650e+00 1.039576e+01 6.450000e+01
    endloop
  endfacet
  facet normal 0.000000e+00 0.000000e+00 1.000000e+00
    outer loop
      vertex   -7.805650e+00 1.039576e+01 6.450000e+01
      vertex   7.805650e+00 1.039576e+01 6.450000e+01
      vertex   -6.738998e+00 1.111692e+01 6.450000e+01
    endloop
  endfacet
  facet normal -0.000000e+00 0.000000e+00 1.000000e+00
    outer loop
      vertex   -6.738998e+00 1.111692e+01 6.450000e+01
      vertex   7.805650e+00 1.039576e+01 6.450000e+01
      vertex   6.738998e+00 1.111692e+01 6.450000e+01
    endloop
  endfacet
  facet normal 0.000000e+00 0.000000e+00 1.000000e+00
    outer loop
      vertex   -6.738998e+00 1.111692e+01 6.450000e+01
      vertex   6.738998e+00 1.111692e+01 6.450000e+01
      vertex   -5.606240e+00 1.172903e+01 6.450000e+01
    endloop
  endfacet
  facet normal -0.000000e+00 0.000000e+00 1.000000e+00
    outer loop
      vertex   -5.606240e+00 1.172903e+01 6.450000e+01
      vertex   6.738998e+00 1.111692e+01 6.450000e+01
      vertex   5.606240e+00 1.172903e+01 6.450000e+01
    endloop
  endfacet
  facet normal 0.000000e+00 0.000000e+00 1.000000e+00
    outer loop
      vertex   -5.606240e+00 1.172903e+01 6.450000e+01
      vertex   5.606240e+00 1.172903e+01 6.450000e+01
      vertex   -4.418487e+00 1.222608e+01 6.450000e+01
    endloop
  endfacet
  facet normal -0.000000e+00 0.000000e+00 1.000000e+00
    outer loop
      vertex   -4.418487e+00 1.222608e+01 6.450000e+01
      vertex   5.606240e+00 1.172903e+01 6.450000e+01
      vertex   4.418487e+00 1.222608e+01 6.450000e+01
    endloop
  endfacet
  facet normal 0.000000e+00 0.000000e+00 1.000000e+00
    outer loop
      vertex   -4.418487e+00 1.222608e+01 6.450000e+01
      vertex   4.418487e+00 1.222608e+01 6.450000e+01
      vertex   -3.187391e+00 1.260320e+01 6.450000e+01
    endloop
  endfacet
  facet normal -0.000000e+00 0.000000e+00 1.000000e+00
    outer loop
      vertex   -3.187391e+00 1.260320e+01 6.450000e+01
      vertex   4.418487e+00 1.222608e+01 6.450000e+01
      vertex   3.187391e+00 1.260320e+01 6.450000e+01
    endloop
  endfacet
  facet normal 0.000000e+00 0.000000e+00 1.000000e+00
    outer loop
      vertex   -3.187391e+00 1.260320e+01 6.450000e+01
      vertex   3.187391e+00 1.260320e+01 6.450000e+01
      vertex   -1.925028e+00 1.285668e+01 6.450000e+01
    endloop
  endfacet
  facet normal -0.000000e+00 0.000000e+00 1.000000e+00
    outer loop
      vertex   -1.925028e+00 1.285668e+01 6.450000e+01
      vertex   3.187391e+00 1.260320e+01 6.450000e+01
      vertex   1.925028e+00 1.285668e+01 6.450000e+01
    endloop
  endfacet
  facet normal 0.000000e+00 0.000000e+00 1.000000e+00
    outer loop
      vertex   -1.925028e+00 1.285668e+01 6.450000e+01
      vertex   1.925028e+00 1.285668e+01 6.450000e+01
      vertex   -6.437811e-01 1.298405e+01 6.450000e+01
    endloop
  endfacet
  facet normal -0.000000e+00 0.000000e+00 1.000000e+00
    outer loop
      vertex   -6.437811e-01 1.298405e+01 6.450000e+01
      vertex   1.925028e+00 1.285668e+01 6.450000e+01
      vertex   6.437811e-01 1.298405e+01 6.450000e+01
    endloop
  endfacet
  facet normal 0.000000e+00 0.000000e+00 1.000000e+00
    outer loop
      vertex   7.500000e+00 -1.061838e+01 6.450000e+01
      vertex   8.513603e+00 -9.824387e+00 6.450000e+01
      vertex   1.121375e+01 6.576608e+00 6.450000e+01
    endloop
  endfacet
  facet normal 0.000000e+00 0.000000e+00 1.000000e+00
    outer loop
      vertex   1.121375e+01 6.576608e+00 6.450000e+01
      vertex   8.513603e+00 -9.824387e+00 6.450000e+01
      vertex   9.443690e+00 -8.934020e+00 6.450000e+01
    endloop
  endfacet
  facet normal 0.000000e+00 0.000000e+00 1.000000e+00
    outer loop
      vertex   1.121375e+01 6.576608e+00 6.450000e+01
      vertex   9.443690e+00 -8.934020e+00 6.450000e+01
      vertex   1.028114e+01 -7.956014e+00 6.450000e+01
    endloop
  endfacet
  facet normal 0.000000e+00 0.000000e+00 1.000000e+00
    outer loop
      vertex   1.028114e+01 -7.956014e+00 6.450000e+01
      vertex   1.101774e+01 -6.899964e+00 6.450000e+01
      vertex   1.121375e+01 6.576608e+00 6.450000e+01
    endloop
  endfacet
  facet normal 0.000000e+00 0.000000e+00 1.000000e+00
    outer loop
      vertex   1.121375e+01 6.576608e+00 6.450000e+01
      vertex   1.101774e+01 -6.899964e+00 6.450000e+01
      vertex   1.164625e+01 -5.776228e+00 6.450000e+01
    endloop
  endfacet
  facet normal 0.000000e+00 0.000000e+00 1.000000e+00
    outer loop
      vertex   1.121375e+01 6.576608e+00 6.450000e+01
      vertex   1.164625e+01 -5.776228e+00 6.450000e+01
      vertex   1.180932e+01 5.435067e+00 6.450000e+01
    endloop
  endfacet
  facet normal 0.000000e+00 0.000000e+00 1.000000e+00
    outer loop
      vertex   1.180932e+01 5.435067e+00 6.450000e+01
      vertex   1.164625e+01 -5.776228e+00 6.450000e+01
      vertex   1.216052e+01 -4.595829e+00 6.450000e+01
    endloop
  endfacet
  facet normal 0.000000e+00 0.000000e+00 1.000000e+00
    outer loop
      vertex   1.180932e+01 5.435067e+00 6.450000e+01
      vertex   1.216052e+01 -4.595829e+00 6.450000e+01
      vertex   1.228904e+01 4.240211e+00 6.450000e+01
    endloop
  endfacet
  facet normal 0.000000e+00 0.000000e+00 1.000000e+00
    outer loop
      vertex   1.228904e+01 4.240211e+00 6.450000e+01
      vertex   1.216052e+01 -4.595829e+00 6.450000e+01
      vertex   1.255551e+01 -3.370348e+00 6.450000e+01
    endloop
  endfacet
  facet normal 0.000000e+00 0.000000e+00 1.000000e+00
    outer loop
      vertex   1.228904e+01 4.240211e+00 6.450000e+01
      vertex   1.255551e+01 -3.370348e+00 6.450000e+01
      vertex   1.264822e+01 3.003760e+00 6.450000e+01
    endloop
  endfacet
  facet normal 0.000000e+00 0.000000e+00 1.000000e+00
    outer loop
      vertex   1.264822e+01 3.003760e+00 6.450000e+01
      vertex   1.255551e+01 -3.370348e+00 6.450000e+01
      vertex   1.282733e+01 -2.111805e+00 6.450000e+01
    endloop
  endfacet
  facet normal 0.000000e+00 0.000000e+00 1.000000e+00
    outer loop
      vertex   1.264822e+01 3.003760e+00 6.450000e+01
      vertex   1.282733e+01 -2.111805e+00 6.450000e+01
      vertex   1.288332e+01 1.737844e+00 6.450000e+01
    endloop
  endfacet
  facet normal 0.000000e+00 0.000000e+00 1.000000e+00
    outer loop
      vertex   1.288332e+01 1.737844e+00 6.450000e+01
      vertex   1.282733e+01 -2.111805e+00 6.450000e+01
      vertex   1.297331e+01 -8.325455e-01 6.450000e+01
    endloop
  endfacet
  facet normal 0.000000e+00 0.000000e+00 1.000000e+00
    outer loop
      vertex   1.288332e+01 1.737844e+00 6.450000e+01
      vertex   1.297331e+01 -8.325455e-01 6.450000e+01
      vertex   1.299204e+01 4.548804e-01 6.450000e+01
    endloop
  endfacet
  facet normal -0.000000e+00 0.000000e+00 1.000000e+00
    outer loop
      vertex   -1.180932e+01 5.435067e+00 6.450000e+01
      vertex   -1.164625e+01 -5.776228e+00 6.450000e+01
      vertex   -1.121375e+01 6.576608e+00 6.450000e+01
    endloop
  endfacet
  facet normal 0.000000e+00 0.000000e+00 1.000000e+00
    outer loop
      vertex   -1.121375e+01 6.576608e+00 6.450000e+01
      vertex   -1.164625e+01 -5.776228e+00 6.450000e+01
      vertex   -1.101774e+01 -6.899964e+00 6.450000e+01
    endloop
  endfacet
  facet normal 0.000000e+00 0.000000e+00 1.000000e+00
    outer loop
      vertex   -1.121375e+01 6.576608e+00 6.450000e+01
      vertex   -1.101774e+01 -6.899964e+00 6.450000e+01
      vertex   -1.028114e+01 -7.956014e+00 6.450000e+01
    endloop
  endfacet
  facet normal 0.000000e+00 0.000000e+00 1.000000e+00
    outer loop
      vertex   -1.164625e+01 -5.776228e+00 6.450000e+01
      vertex   -1.180932e+01 5.435067e+00 6.450000e+01
      vertex   -1.216052e+01 -4.595829e+00 6.450000e+01
    endloop
  endfacet
  facet normal 0.000000e+00 -0.000000e+00 1.000000e+00
    outer loop
      vertex   -1.216052e+01 -4.595829e+00 6.450000e+01
      vertex   -1.180932e+01 5.435067e+00 6.450000e+01
      vertex   -1.228904e+01 4.240211e+00 6.450000e+01
    endloop
  endfacet
  facet normal 0.000000e+00 0.000000e+00 1.000000e+00
    outer loop
      vertex   -1.216052e+01 -4.595829e+00 6.450000e+01
      vertex   -1.228904e+01 4.240211e+00 6.450000e+01
      vertex   -1.255551e+01 -3.370348e+00 6.450000e+01
    endloop
  endfacet
  facet normal 0.000000e+00 -0.000000e+00 1.000000e+00
    outer loop
      vertex   -1.255551e+01 -3.370348e+00 6.450000e+01
      vertex   -1.228904e+01 4.240211e+00 6.450000e+01
      vertex   -1.264822e+01 3.003760e+00 6.450000e+01
    endloop
  endfacet
  facet normal 0.000000e+00 0.000000e+00 1.000000e+00
    outer loop
      vertex   -1.255551e+01 -3.370348e+00 6.450000e+01
      vertex   -1.264822e+01 3.003760e+00 6.450000e+01
      vertex   -1.282733e+01 -2.111805e+00 6.450000e+01
    endloop
  endfacet
  facet normal 0.000000e+00 -0.000000e+00 1.000000e+00
    outer loop
      vertex   -1.282733e+01 -2.111805e+00 6.450000e+01
      vertex   -1.264822e+01 3.003760e+00 6.450000e+01
      vertex   -1.288332e+01 1.737844e+00 6.450000e+01
    endloop
  endfacet
  facet normal 0.000000e+00 0.000000e+00 1.000000e+00
    outer loop
      vertex   -1.282733e+01 -2.111805e+00 6.450000e+01
      vertex   -1.288332e+01 1.737844e+00 6.450000e+01
      vertex   -1.297331e+01 -8.325455e-01 6.450000e+01
    endloop
  endfacet
  facet normal 0.000000e+00 -0.000000e+00 1.000000e+00
    outer loop
      vertex   -1.297331e+01 -8.325455e-01 6.450000e+01
      vertex   -1.288332e+01 1.737844e+00 6.450000e+01
      vertex   -1.299204e+01 4.548804e-01 6.450000e+01
    endloop
  endfacet
  facet normal -0.000000e+00 -0.000000e+00 1.000000e+00
    outer loop
      vertex   -1.028114e+01 -7.956014e+00 6.450000e+01
      vertex   -9.443690e+00 -8.934020e+00 6.450000e+01
      vertex   -1.121375e+01 6.576608e+00 6.450000e+01
    endloop
  endfacet
  facet normal 0.000000e+00 0.000000e+00 1.000000e+00
    outer loop
      vertex   -1.121375e+01 6.576608e+00 6.450000e+01
      vertex   -9.443690e+00 -8.934020e+00 6.450000e+01
      vertex   -8.513603e+00 -9.824387e+00 6.450000e+01
    endloop
  endfacet
  facet normal 0.000000e+00 0.000000e+00 1.000000e+00
    outer loop
      vertex   -1.121375e+01 6.576608e+00 6.450000e+01
      vertex   -8.513603e+00 -9.824387e+00 6.450000e+01
      vertex   -7.500000e+00 -1.061838e+01 6.450000e+01
    endloop
  endfacet
  facet normal 0.000000e+00 0.000000e+00 -1.000000e+00
    outer loop
      vertex   1.123598e+01 1.201116e+00 5.500000e+01
      vertex   1.493601e+01 1.384025e+00 5.500000e+01
      vertex   1.130000e+01 -8.365952e-16 5.500000e+01
    endloop
  endfacet
  facet normal 0.000000e+00 0.000000e+00 -1.000000e+00
    outer loop
      vertex   1.130000e+01 -8.365952e-16 5.500000e+01
      vertex   1.493601e+01 1.384025e+00 5.500000e+01
      vertex   1.500000e+01 1.836970e-15 5.500000e+01
    endloop
  endfacet
  facet normal 0.000000e+00 0.000000e+00 -1.000000e+00
    outer loop
      vertex   1.130000e+01 -8.365952e-16 5.500000e+01
      vertex   1.500000e+01 1.836970e-15 5.500000e+01
      vertex   1.493601e+01 -1.384025e+00 5.500000e+01
    endloop
  endfacet
  facet normal -0.000000e+00 0.000000e+00 -1.000000e+00
    outer loop
      vertex   1.493601e+01 1.384025e+00 5.500000e+01
      vertex   1.123598e+01 1.201116e+00 5.500000e+01
      vertex   1.474460e+01 2.756243e+00 5.500000e+01
    endloop
  endfacet
  facet normal 0.000000e+00 0.000000e+00 -1.000000e+00
    outer loop
      vertex   1.474460e+01 2.756243e+00 5.500000e+01
      vertex   1.123598e+01 1.201116e+00 5.500000e+01
      vertex   1.104466e+01 2.388624e+00 5.500000e+01
    endloop
  endfacet
  facet normal -0.000000e+00 0.000000e+00 -1.000000e+00
    outer loop
      vertex   1.474460e+01 2.756243e+00 5.500000e+01
      vertex   1.104466e+01 2.388624e+00 5.500000e+01
      vertex   1.442738e+01 4.104945e+00 5.500000e+01
    endloop
  endfacet
  facet normal 0.000000e+00 0.000000e+00 -1.000000e+00
    outer loop
      vertex   1.442738e+01 4.104945e+00 5.500000e+01
      vertex   1.104466e+01 2.388624e+00 5.500000e+01
      vertex   1.072819e+01 3.549067e+00 5.500000e+01
    endloop
  endfacet
  facet normal -0.000000e+00 0.000000e+00 -1.000000e+00
    outer loop
      vertex   1.442738e+01 4.104945e+00 5.500000e+01
      vertex   1.072819e+01 3.549067e+00 5.500000e+01
      vertex   1.398708e+01 5.418625e+00 5.500000e+01
    endloop
  endfacet
  facet normal 0.000000e+00 0.000000e+00 -1.000000e+00
    outer loop
      vertex   1.398708e+01 5.418625e+00 5.500000e+01
      vertex   1.072819e+01 3.549067e+00 5.500000e+01
      vertex   1.029017e+01 4.669298e+00 5.500000e+01
    endloop
  endfacet
  facet normal -0.000000e+00 0.000000e+00 -1.000000e+00
    outer loop
      vertex   1.398708e+01 5.418625e+00 5.500000e+01
      vertex   1.029017e+01 4.669298e+00 5.500000e+01
      vertex   1.342745e+01 6.686075e+00 5.500000e+01
    endloop
  endfacet
  facet normal 0.000000e+00 0.000000e+00 -1.000000e+00
    outer loop
      vertex   1.342745e+01 6.686075e+00 5.500000e+01
      vertex   1.029017e+01 4.669298e+00 5.500000e+01
      vertex   9.735561e+00 5.736624e+00 5.500000e+01
    endloop
  endfacet
  facet normal -0.000000e+00 0.000000e+00 -1.000000e+00
    outer loop
      vertex   1.342745e+01 6.686075e+00 5.500000e+01
      vertex   9.735561e+00 5.736624e+00 5.500000e+01
      vertex   1.275326e+01 7.896482e+00 5.500000e+01
    endloop
  endfacet
  facet normal 0.000000e+00 0.000000e+00 -1.000000e+00
    outer loop
      vertex   1.275326e+01 7.896482e+00 5.500000e+01
      vertex   9.735561e+00 5.736624e+00 5.500000e+01
      vertex   9.070642e+00 6.738951e+00 5.500000e+01
    endloop
  endfacet
  facet normal -0.000000e+00 0.000000e+00 -1.000000e+00
    outer loop
      vertex   1.275326e+01 7.896482e+00 5.500000e+01
      vertex   9.070642e+00 6.738951e+00 5.500000e+01
      vertex   1.197026e+01 9.039520e+00 5.500000e+01
    endloop
  endfacet
  facet normal 0.000000e+00 0.000000e+00 -1.000000e+00
    outer loop
      vertex   1.197026e+01 9.039520e+00 5.500000e+01
      vertex   9.070642e+00 6.738951e+00 5.500000e+01
      vertex   8.302948e+00 7.664924e+00 5.500000e+01
    endloop
  endfacet
  facet normal -0.000000e+00 0.000000e+00 -1.000000e+00
    outer loop
      vertex   1.197026e+01 9.039520e+00 5.500000e+01
      vertex   8.302948e+00 7.664924e+00 5.500000e+01
      vertex   1.108513e+01 1.010543e+01 5.500000e+01
    endloop
  endfacet
  facet normal -0.000000e+00 0.000000e+00 -1.000000e+00
    outer loop
      vertex   1.108513e+01 1.010543e+01 5.500000e+01
      vertex   8.302948e+00 7.664924e+00 5.500000e+01
      vertex   1.010543e+01 1.108513e+01 5.500000e+01
    endloop
  endfacet
  facet normal 0.000000e+00 0.000000e+00 -1.000000e+00
    outer loop
      vertex   1.010543e+01 1.108513e+01 5.500000e+01
      vertex   8.302948e+00 7.664924e+00 5.500000e+01
      vertex   7.441179e+00 8.504050e+00 5.500000e+01
    endloop
  endfacet
  facet normal -0.000000e+00 0.000000e+00 -1.000000e+00
    outer loop
      vertex   1.010543e+01 1.108513e+01 5.500000e+01
      vertex   7.441179e+00 8.504050e+00 5.500000e+01
      vertex   9.039520e+00 1.197026e+01 5.500000e+01
    endloop
  endfacet
  facet normal 0.000000e+00 0.000000e+00 -1.000000e+00
    outer loop
      vertex   9.039520e+00 1.197026e+01 5.500000e+01
      vertex   7.441179e+00 8.504050e+00 5.500000e+01
      vertex   6.495098e+00 9.246821e+00 5.500000e+01
    endloop
  endfacet
  facet normal -0.000000e+00 0.000000e+00 -1.000000e+00
    outer loop
      vertex   9.039520e+00 1.197026e+01 5.500000e+01
      vertex   6.495098e+00 9.246821e+00 5.500000e+01
      vertex   7.896482e+00 1.275326e+01 5.500000e+01
    endloop
  endfacet
  facet normal 0.000000e+00 0.000000e+00 -1.000000e+00
    outer loop
      vertex   7.896482e+00 1.275326e+01 5.500000e+01
      vertex   6.495098e+00 9.246821e+00 5.500000e+01
      vertex   5.475425e+00 9.884823e+00 5.500000e+01
    endloop
  endfacet
  facet normal -0.000000e+00 0.000000e+00 -1.000000e+00
    outer loop
      vertex   7.896482e+00 1.275326e+01 5.500000e+01
      vertex   5.475425e+00 9.884823e+00 5.500000e+01
      vertex   6.686075e+00 1.342745e+01 5.500000e+01
    endloop
  endfacet
  facet normal 0.000000e+00 0.000000e+00 -1.000000e+00
    outer loop
      vertex   6.686075e+00 1.342745e+01 5.500000e+01
      vertex   5.475425e+00 9.884823e+00 5.500000e+01
      vertex   4.393713e+00 1.041083e+01 5.500000e+01
    endloop
  endfacet
  facet normal -0.000000e+00 0.000000e+00 -1.000000e+00
    outer loop
      vertex   6.686075e+00 1.342745e+01 5.500000e+01
      vertex   4.393713e+00 1.041083e+01 5.500000e+01
      vertex   5.418625e+00 1.398708e+01 5.500000e+01
    endloop
  endfacet
  facet normal 0.000000e+00 0.000000e+00 -1.000000e+00
    outer loop
      vertex   5.418625e+00 1.398708e+01 5.500000e+01
      vertex   4.393713e+00 1.041083e+01 5.500000e+01
      vertex   3.262219e+00 1.081887e+01 5.500000e+01
    endloop
  endfacet
  facet normal -0.000000e+00 0.000000e+00 -1.000000e+00
    outer loop
      vertex   5.418625e+00 1.398708e+01 5.500000e+01
      vertex   3.262219e+00 1.081887e+01 5.500000e+01
      vertex   4.104945e+00 1.442738e+01 5.500000e+01
    endloop
  endfacet
  facet normal 0.000000e+00 0.000000e+00 -1.000000e+00
    outer loop
      vertex   4.104945e+00 1.442738e+01 5.500000e+01
      vertex   3.262219e+00 1.081887e+01 5.500000e+01
      vertex   2.093763e+00 1.110433e+01 5.500000e+01
    endloop
  endfacet
  facet normal -0.000000e+00 0.000000e+00 -1.000000e+00
    outer loop
      vertex   4.104945e+00 1.442738e+01 5.500000e+01
      vertex   2.093763e+00 1.110433e+01 5.500000e+01
      vertex   2.756243e+00 1.474460e+01 5.500000e+01
    endloop
  endfacet
  facet normal -0.000000e+00 0.000000e+00 -1.000000e+00
    outer loop
      vertex   2.756243e+00 1.474460e+01 5.500000e+01
      vertex   2.093763e+00 1.110433e+01 5.500000e+01
      vertex   1.384025e+00 1.493601e+01 5.500000e+01
    endloop
  endfacet
  facet normal 0.000000e+00 -0.000000e+00 -1.000000e+00
    outer loop
      vertex   1.384025e+00 1.493601e+01 5.500000e+01
      vertex   2.093763e+00 1.110433e+01 5.500000e+01
      vertex   9.015830e-01 1.126398e+01 5.500000e+01
    endloop
  endfacet
  facet normal -0.000000e+00 0.000000e+00 -1.000000e+00
    outer loop
      vertex   1.384025e+00 1.493601e+01 5.500000e+01
      vertex   9.015830e-01 1.126398e+01 5.500000e+01
      vertex   -9.184851e-16 1.500000e+01 5.500000e+01
    endloop
  endfacet
  facet normal 0.000000e+00 -0.000000e+00 -1.000000e+00
    outer loop
      vertex   -9.184851e-16 1.500000e+01 5.500000e+01
      vertex   9.015830e-01 1.126398e+01 5.500000e+01
      vertex   -3.008119e-01 1.129600e+01 5.500000e+01
    endloop
  endfacet
  facet normal 0.000000e+00 0.000000e+00 -1.000000e+00
    outer loop
      vertex   -9.184851e-16 1.500000e+01 5.500000e+01
      vertex   -3.008119e-01 1.129600e+01 5.500000e+01
      vertex   -1.384025e+00 1.493601e+01 5.500000e+01
    endloop
  endfacet
  facet normal 0.000000e+00 -0.000000e+00 -1.000000e+00
    outer loop
      vertex   -1.384025e+00 1.493601e+01 5.500000e+01
      vertex   -3.008119e-01 1.129600e+01 5.500000e+01
      vertex   -1.499798e+00 1.120003e+01 5.500000e+01
    endloop
  endfacet
  facet normal 0.000000e+00 0.000000e+00 -1.000000e+00
    outer loop
      vertex   -1.384025e+00 1.493601e+01 5.500000e+01
      vertex   -1.499798e+00 1.120003e+01 5.500000e+01
      vertex   -2.756243e+00 1.474460e+01 5.500000e+01
    endloop
  endfacet
  facet normal 0.000000e+00 0.000000e+00 -1.000000e+00
    outer loop
      vertex   -2.756243e+00 1.474460e+01 5.500000e+01
      vertex   -1.499798e+00 1.120003e+01 5.500000e+01
      vertex   -2.681792e+00 1.097716e+01 5.500000e+01
    endloop
  endfacet
  facet normal 0.000000e+00 -0.000000e+00 -1.000000e+00
    outer loop
      vertex   -2.756243e+00 1.474460e+01 5.500000e+01
      vertex   -2.681792e+00 1.097716e+01 5.500000e+01
      vertex   -4.104945e+00 1.442738e+01 5.500000e+01
    endloop
  endfacet
  facet normal 0.000000e+00 0.000000e+00 -1.000000e+00
    outer loop
      vertex   -4.104945e+00 1.442738e+01 5.500000e+01
      vertex   -2.681792e+00 1.097716e+01 5.500000e+01
      vertex   -3.833399e+00 1.062991e+01 5.500000e+01
    endloop
  endfacet
  facet normal 0.000000e+00 -0.000000e+00 -1.000000e+00
    outer loop
      vertex   -4.104945e+00 1.442738e+01 5.500000e+01
      vertex   -3.833399e+00 1.062991e+01 5.500000e+01
      vertex   -5.418625e+00 1.398708e+01 5.500000e+01
    endloop
  endfacet
  facet normal 0.000000e+00 0.000000e+00 -1.000000e+00
    outer loop
      vertex   -5.418625e+00 1.398708e+01 5.500000e+01
      vertex   -3.833399e+00 1.062991e+01 5.500000e+01
      vertex   -4.941573e+00 1.016223e+01 5.500000e+01
    endloop
  endfacet
  facet normal 0.000000e+00 -0.000000e+00 -1.000000e+00
    outer loop
      vertex   -5.418625e+00 1.398708e+01 5.500000e+01
      vertex   -4.941573e+00 1.016223e+01 5.500000e+01
      vertex   -6.686075e+00 1.342745e+01 5.500000e+01
    endloop
  endfacet
  facet normal 0.000000e+00 0.000000e+00 -1.000000e+00
    outer loop
      vertex   -6.686075e+00 1.342745e+01 5.500000e+01
      vertex   -4.941573e+00 1.016223e+01 5.500000e+01
      vertex   -5.993756e+00 9.579399e+00 5.500000e+01
    endloop
  endfacet
  facet normal 0.000000e+00 -0.000000e+00 -1.000000e+00
    outer loop
      vertex   -6.686075e+00 1.342745e+01 5.500000e+01
      vertex   -5.993756e+00 9.579399e+00 5.500000e+01
      vertex   -7.896482e+00 1.275326e+01 5.500000e+01
    endloop
  endfacet
  facet normal 0.000000e+00 -0.000000e+00 -1.000000e+00
    outer loop
      vertex   -7.896482e+00 1.275326e+01 5.500000e+01
      vertex   -5.993756e+00 9.579399e+00 5.500000e+01
      vertex   -9.039520e+00 1.197026e+01 5.500000e+01
    endloop
  endfacet
  facet normal 0.000000e+00 0.000000e+00 -1.000000e+00
    outer loop
      vertex   -9.039520e+00 1.197026e+01 5.500000e+01
      vertex   -5.993756e+00 9.579399e+00 5.500000e+01
      vertex   -6.978028e+00 8.888033e+00 5.500000e+01
    endloop
  endfacet
  facet normal 0.000000e+00 -0.000000e+00 -1.000000e+00
    outer loop
      vertex   -9.039520e+00 1.197026e+01 5.500000e+01
      vertex   -6.978028e+00 8.888033e+00 5.500000e+01
      vertex   -1.010543e+01 1.108513e+01 5.500000e+01
    endloop
  endfacet
  facet normal 0.000000e+00 0.000000e+00 -1.000000e+00
    outer loop
      vertex   -1.010543e+01 1.108513e+01 5.500000e+01
      vertex   -6.978028e+00 8.888033e+00 5.500000e+01
      vertex   -7.883236e+00 8.095961e+00 5.500000e+01
    endloop
  endfacet
  facet normal 0.000000e+00 -0.000000e+00 -1.000000e+00
    outer loop
      vertex   -1.010543e+01 1.108513e+01 5.500000e+01
      vertex   -7.883236e+00 8.095961e+00 5.500000e+01
      vertex   -1.108513e+01 1.010543e+01 5.500000e+01
    endloop
  endfacet
  facet normal 0.000000e+00 0.000000e+00 -1.000000e+00
    outer loop
      vertex   -1.108513e+01 1.010543e+01 5.500000e+01
      vertex   -7.883236e+00 8.095961e+00 5.500000e+01
      vertex   -8.699124e+00 7.212159e+00 5.500000e+01
    endloop
  endfacet
  facet normal 0.000000e+00 -0.000000e+00 -1.000000e+00
    outer loop
      vertex   -1.108513e+01 1.010543e+01 5.500000e+01
      vertex   -8.699124e+00 7.212159e+00 5.500000e+01
      vertex   -1.197026e+01 9.039520e+00 5.500000e+01
    endloop
  endfacet
  facet normal 0.000000e+00 0.000000e+00 -1.000000e+00
    outer loop
      vertex   -1.197026e+01 9.039520e+00 5.500000e+01
      vertex   -8.699124e+00 7.212159e+00 5.500000e+01
      vertex   -9.416447e+00 6.246641e+00 5.500000e+01
    endloop
  endfacet
  facet normal 0.000000e+00 -0.000000e+00 -1.000000e+00
    outer loop
      vertex   -1.197026e+01 9.039520e+00 5.500000e+01
      vertex   -9.416447e+00 6.246641e+00 5.500000e+01
      vertex   -1.275326e+01 7.896482e+00 5.500000e+01
    endloop
  endfacet
  facet normal 0.000000e+00 0.000000e+00 -1.000000e+00
    outer loop
      vertex   -1.275326e+01 7.896482e+00 5.500000e+01
      vertex   -9.416447e+00 6.246641e+00 5.500000e+01
      vertex   -1.002708e+01 5.210345e+00 5.500000e+01
    endloop
  endfacet
  facet normal 0.000000e+00 -0.000000e+00 -1.000000e+00
    outer loop
      vertex   -1.275326e+01 7.896482e+00 5.500000e+01
      vertex   -1.002708e+01 5.210345e+00 5.500000e+01
      vertex   -1.342745e+01 6.686075e+00 5.500000e+01
    endloop
  endfacet
  facet normal 0.000000e+00 0.000000e+00 -1.000000e+00
    outer loop
      vertex   -1.342745e+01 6.686075e+00 5.500000e+01
      vertex   -1.002708e+01 5.210345e+00 5.500000e+01
      vertex   -1.052410e+01 4.115015e+00 5.500000e+01
    endloop
  endfacet
  facet normal 0.000000e+00 -0.000000e+00 -1.000000e+00
    outer loop
      vertex   -1.342745e+01 6.686075e+00 5.500000e+01
      vertex   -1.052410e+01 4.115015e+00 5.500000e+01
      vertex   -1.398708e+01 5.418625e+00 5.500000e+01
    endloop
  endfacet
  facet normal 0.000000e+00 -0.000000e+00 -1.000000e+00
    outer loop
      vertex   -1.398708e+01 5.418625e+00 5.500000e+01
      vertex   -1.052410e+01 4.115015e+00 5.500000e+01
      vertex   -1.442738e+01 4.104945e+00 5.500000e+01
    endloop
  endfacet
  facet normal 0.000000e+00 0.000000e+00 -1.000000e+00
    outer loop
      vertex   -1.442738e+01 4.104945e+00 5.500000e+01
      vertex   -1.052410e+01 4.115015e+00 5.500000e+01
      vertex   -1.090188e+01 2.973059e+00 5.500000e+01
    endloop
  endfacet
  facet normal 0.000000e+00 -0.000000e+00 -1.000000e+00
    outer loop
      vertex   -1.442738e+01 4.104945e+00 5.500000e+01
      vertex   -1.090188e+01 2.973059e+00 5.500000e+01
      vertex   -1.474460e+01 2.756243e+00 5.500000e+01
    endloop
  endfacet
  facet normal 0.000000e+00 0.000000e+00 -1.000000e+00
    outer loop
      vertex   -1.474460e+01 2.756243e+00 5.500000e+01
      vertex   -1.090188e+01 2.973059e+00 5.500000e+01
      vertex   -1.115613e+01 1.797418e+00 5.500000e+01
    endloop
  endfacet
  facet normal 0.000000e+00 -0.000000e+00 -1.000000e+00
    outer loop
      vertex   -1.474460e+01 2.756243e+00 5.500000e+01
      vertex   -1.115613e+01 1.797418e+00 5.500000e+01
      vertex   -1.493601e+01 1.384025e+00 5.500000e+01
    endloop
  endfacet
  facet normal 0.000000e+00 0.000000e+00 -1.000000e+00
    outer loop
      vertex   -1.493601e+01 1.384025e+00 5.500000e+01
      vertex   -1.115613e+01 1.797418e+00 5.500000e+01
      vertex   -1.128398e+01 6.014106e-01 5.500000e+01
    endloop
  endfacet
  facet normal 0.000000e+00 -0.000000e+00 -1.000000e+00
    outer loop
      vertex   -1.493601e+01 1.384025e+00 5.500000e+01
      vertex   -1.128398e+01 6.014106e-01 5.500000e+01
      vertex   -1.500000e+01 0.000000e+00 5.500000e+01
    endloop
  endfacet
  facet normal 0.000000e+00 0.000000e+00 -1.000000e+00
    outer loop
      vertex   -1.500000e+01 0.000000e+00 5.500000e+01
      vertex   -1.128398e+01 6.014106e-01 5.500000e+01
      vertex   -1.128398e+01 -6.014106e-01 5.500000e+01
    endloop
  endfacet
  facet normal 0.000000e+00 0.000000e+00 -1.000000e+00
    outer loop
      vertex   -1.500000e+01 0.000000e+00 5.500000e+01
      vertex   -1.128398e+01 -6.014106e-01 5.500000e+01
      vertex   -1.493601e+01 -1.384025e+00 5.500000e+01
    endloop
  endfacet
  facet normal 0.000000e+00 0.000000e+00 -1.000000e+00
    outer loop
      vertex   -1.493601e+01 -1.384025e+00 5.500000e+01
      vertex   -1.128398e+01 -6.014106e-01 5.500000e+01
      vertex   -1.115613e+01 -1.797418e+00 5.500000e+01
    endloop
  endfacet
  facet normal 0.000000e+00 0.000000e+00 -1.000000e+00
    outer loop
      vertex   -1.493601e+01 -1.384025e+00 5.500000e+01
      vertex   -1.115613e+01 -1.797418e+00 5.500000e+01
      vertex   -1.474460e+01 -2.756243e+00 5.500000e+01
    endloop
  endfacet
  facet normal 0.000000e+00 0.000000e+00 -1.000000e+00
    outer loop
      vertex   -1.474460e+01 -2.756243e+00 5.500000e+01
      vertex   -1.115613e+01 -1.797418e+00 5.500000e+01
      vertex   -1.090188e+01 -2.973059e+00 5.500000e+01
    endloop
  endfacet
  facet normal 0.000000e+00 0.000000e+00 -1.000000e+00
    outer loop
      vertex   -1.474460e+01 -2.756243e+00 5.500000e+01
      vertex   -1.090188e+01 -2.973059e+00 5.500000e+01
      vertex   -1.442738e+01 -4.104945e+00 5.500000e+01
    endloop
  endfacet
  facet normal 0.000000e+00 0.000000e+00 -1.000000e+00
    outer loop
      vertex   -1.442738e+01 -4.104945e+00 5.500000e+01
      vertex   -1.090188e+01 -2.973059e+00 5.500000e+01
      vertex   -1.052410e+01 -4.115015e+00 5.500000e+01
    endloop
  endfacet
  facet normal 0.000000e+00 0.000000e+00 -1.000000e+00
    outer loop
      vertex   -1.442738e+01 -4.104945e+00 5.500000e+01
      vertex   -1.052410e+01 -4.115015e+00 5.500000e+01
      vertex   -1.398708e+01 -5.418625e+00 5.500000e+01
    endloop
  endfacet
  facet normal 0.000000e+00 0.000000e+00 -1.000000e+00
    outer loop
      vertex   -1.398708e+01 -5.418625e+00 5.500000e+01
      vertex   -1.052410e+01 -4.115015e+00 5.500000e+01
      vertex   -1.342745e+01 -6.686075e+00 5.500000e+01
    endloop
  endfacet
  facet normal 0.000000e+00 0.000000e+00 -1.000000e+00
    outer loop
      vertex   -1.342745e+01 -6.686075e+00 5.500000e+01
      vertex   -1.052410e+01 -4.115015e+00 5.500000e+01
      vertex   -1.002708e+01 -5.210345e+00 5.500000e+01
    endloop
  endfacet
  facet normal 0.000000e+00 0.000000e+00 -1.000000e+00
    outer loop
      vertex   -1.342745e+01 -6.686075e+00 5.500000e+01
      vertex   -1.002708e+01 -5.210345e+00 5.500000e+01
      vertex   -1.275326e+01 -7.896482e+00 5.500000e+01
    endloop
  endfacet
  facet normal 0.000000e+00 0.000000e+00 -1.000000e+00
    outer loop
      vertex   -1.275326e+01 -7.896482e+00 5.500000e+01
      vertex   -1.002708e+01 -5.210345e+00 5.500000e+01
      vertex   -9.416447e+00 -6.246641e+00 5.500000e+01
    endloop
  endfacet
  facet normal 0.000000e+00 0.000000e+00 -1.000000e+00
    outer loop
      vertex   -1.275326e+01 -7.896482e+00 5.500000e+01
      vertex   -9.416447e+00 -6.246641e+00 5.500000e+01
      vertex   -1.197026e+01 -9.039520e+00 5.500000e+01
    endloop
  endfacet
  facet normal 0.000000e+00 0.000000e+00 -1.000000e+00
    outer loop
      vertex   -1.197026e+01 -9.039520e+00 5.500000e+01
      vertex   -9.416447e+00 -6.246641e+00 5.500000e+01
      vertex   -8.699124e+00 -7.212159e+00 5.500000e+01
    endloop
  endfacet
  facet normal 0.000000e+00 0.000000e+00 -1.000000e+00
    outer loop
      vertex   -1.197026e+01 -9.039520e+00 5.500000e+01
      vertex   -8.699124e+00 -7.212159e+00 5.500000e+01
      vertex   -1.108513e+01 -1.010543e+01 5.500000e+01
    endloop
  endfacet
  facet normal 0.000000e+00 0.000000e+00 -1.000000e+00
    outer loop
      vertex   -1.108513e+01 -1.010543e+01 5.500000e+01
      vertex   -8.699124e+00 -7.212159e+00 5.500000e+01
      vertex   -7.883236e+00 -8.095961e+00 5.500000e+01
    endloop
  endfacet
  facet normal 0.000000e+00 0.000000e+00 -1.000000e+00
    outer loop
      vertex   -1.108513e+01 -1.010543e+01 5.500000e+01
      vertex   -7.883236e+00 -8.095961e+00 5.500000e+01
      vertex   -1.010543e+01 -1.108513e+01 5.500000e+01
    endloop
  endfacet
  facet normal 0.000000e+00 0.000000e+00 -1.000000e+00
    outer loop
      vertex   -1.010543e+01 -1.108513e+01 5.500000e+01
      vertex   -7.883236e+00 -8.095961e+00 5.500000e+01
      vertex   -6.978028e+00 -8.888033e+00 5.500000e+01
    endloop
  endfacet
  facet normal 0.000000e+00 0.000000e+00 -1.000000e+00
    outer loop
      vertex   -1.010543e+01 -1.108513e+01 5.500000e+01
      vertex   -6.978028e+00 -8.888033e+00 5.500000e+01
      vertex   -9.039520e+00 -1.197026e+01 5.500000e+01
    endloop
  endfacet
  facet normal 0.000000e+00 0.000000e+00 -1.000000e+00
    outer loop
      vertex   -9.039520e+00 -1.197026e+01 5.500000e+01
      vertex   -6.978028e+00 -8.888033e+00 5.500000e+01
      vertex   -5.993756e+00 -9.579399e+00 5.500000e+01
    endloop
  endfacet
  facet normal 0.000000e+00 0.000000e+00 -1.000000e+00
    outer loop
      vertex   -9.039520e+00 -1.197026e+01 5.500000e+01
      vertex   -5.993756e+00 -9.579399e+00 5.500000e+01
      vertex   -7.896482e+00 -1.275326e+01 5.500000e+01
    endloop
  endfacet
  facet normal 0.000000e+00 0.000000e+00 -1.000000e+00
    outer loop
      vertex   -7.896482e+00 -1.275326e+01 5.500000e+01
      vertex   -5.993756e+00 -9.579399e+00 5.500000e+01
      vertex   -6.686075e+00 -1.342745e+01 5.500000e+01
    endloop
  endfacet
  facet normal 0.000000e+00 0.000000e+00 -1.000000e+00
    outer loop
      vertex   -6.686075e+00 -1.342745e+01 5.500000e+01
      vertex   -5.993756e+00 -9.579399e+00 5.500000e+01
      vertex   -4.941573e+00 -1.016223e+01 5.500000e+01
    endloop
  endfacet
  facet normal 0.000000e+00 0.000000e+00 -1.000000e+00
    outer loop
      vertex   -6.686075e+00 -1.342745e+01 5.500000e+01
      vertex   -4.941573e+00 -1.016223e+01 5.500000e+01
      vertex   -5.418625e+00 -1.398708e+01 5.500000e+01
    endloop
  endfacet
  facet normal 0.000000e+00 0.000000e+00 -1.000000e+00
    outer loop
      vertex   -5.418625e+00 -1.398708e+01 5.500000e+01
      vertex   -4.941573e+00 -1.016223e+01 5.500000e+01
      vertex   -3.833399e+00 -1.062991e+01 5.500000e+01
    endloop
  endfacet
  facet normal 0.000000e+00 0.000000e+00 -1.000000e+00
    outer loop
      vertex   -5.418625e+00 -1.398708e+01 5.500000e+01
      vertex   -3.833399e+00 -1.062991e+01 5.500000e+01
      vertex   -4.104945e+00 -1.442738e+01 5.500000e+01
    endloop
  endfacet
  facet normal 0.000000e+00 0.000000e+00 -1.000000e+00
    outer loop
      vertex   -4.104945e+00 -1.442738e+01 5.500000e+01
      vertex   -3.833399e+00 -1.062991e+01 5.500000e+01
      vertex   -2.681792e+00 -1.097716e+01 5.500000e+01
    endloop
  endfacet
  facet normal 0.000000e+00 0.000000e+00 -1.000000e+00
    outer loop
      vertex   -4.104945e+00 -1.442738e+01 5.500000e+01
      vertex   -2.681792e+00 -1.097716e+01 5.500000e+01
      vertex   -2.756243e+00 -1.474460e+01 5.500000e+01
    endloop
  endfacet
  facet normal 0.000000e+00 0.000000e+00 -1.000000e+00
    outer loop
      vertex   -2.756243e+00 -1.474460e+01 5.500000e+01
      vertex   -2.681792e+00 -1.097716e+01 5.500000e+01
      vertex   -1.499798e+00 -1.120003e+01 5.500000e+01
    endloop
  endfacet
  facet normal 0.000000e+00 0.000000e+00 -1.000000e+00
    outer loop
      vertex   -2.756243e+00 -1.474460e+01 5.500000e+01
      vertex   -1.499798e+00 -1.120003e+01 5.500000e+01
      vertex   -1.384025e+00 -1.493601e+01 5.500000e+01
    endloop
  endfacet
  facet normal 0.000000e+00 0.000000e+00 -1.000000e+00
    outer loop
      vertex   -1.384025e+00 -1.493601e+01 5.500000e+01
      vertex   -1.499798e+00 -1.120003e+01 5.500000e+01
      vertex   -3.008119e-01 -1.129600e+01 5.500000e+01
    endloop
  endfacet
  facet normal 0.000000e+00 0.000000e+00 -1.000000e+00
    outer loop
      vertex   -1.384025e+00 -1.493601e+01 5.500000e+01
      vertex   -3.008119e-01 -1.129600e+01 5.500000e+01
      vertex   -9.184851e-16 -1.500000e+01 5.500000e+01
    endloop
  endfacet
  facet normal 0.000000e+00 0.000000e+00 -1.000000e+00
    outer loop
      vertex   -9.184851e-16 -1.500000e+01 5.500000e+01
      vertex   -3.008119e-01 -1.129600e+01 5.500000e+01
      vertex   9.015830e-01 -1.126398e+01 5.500000e+01
    endloop
  endfacet
  facet normal 0.000000e+00 0.000000e+00 -1.000000e+00
    outer loop
      vertex   -9.184851e-16 -1.500000e+01 5.500000e+01
      vertex   9.015830e-01 -1.126398e+01 5.500000e+01
      vertex   1.384025e+00 -1.493601e+01 5.500000e+01
    endloop
  endfacet
  facet normal 0.000000e+00 0.000000e+00 -1.000000e+00
    outer loop
      vertex   1.384025e+00 -1.493601e+01 5.500000e+01
      vertex   9.015830e-01 -1.126398e+01 5.500000e+01
      vertex   2.093763e+00 -1.110433e+01 5.500000e+01
    endloop
  endfacet
  facet normal 0.000000e+00 0.000000e+00 -1.000000e+00
    outer loop
      vertex   1.384025e+00 -1.493601e+01 5.500000e+01
      vertex   2.093763e+00 -1.110433e+01 5.500000e+01
      vertex   2.756243e+00 -1.474460e+01 5.500000e+01
    endloop
  endfacet
  facet normal 0.000000e+00 0.000000e+00 -1.000000e+00
    outer loop
      vertex   2.756243e+00 -1.474460e+01 5.500000e+01
      vertex   2.093763e+00 -1.110433e+01 5.500000e+01
      vertex   4.104945e+00 -1.442738e+01 5.500000e+01
    endloop
  endfacet
  facet normal 0.000000e+00 0.000000e+00 -1.000000e+00
    outer loop
      vertex   4.104945e+00 -1.442738e+01 5.500000e+01
      vertex   2.093763e+00 -1.110433e+01 5.500000e+01
      vertex   3.262219e+00 -1.081887e+01 5.500000e+01
    endloop
  endfacet
  facet normal 0.000000e+00 0.000000e+00 -1.000000e+00
    outer loop
      vertex   4.104945e+00 -1.442738e+01 5.500000e+01
      vertex   3.262219e+00 -1.081887e+01 5.500000e+01
      vertex   5.418625e+00 -1.398708e+01 5.500000e+01
    endloop
  endfacet
  facet normal 0.000000e+00 0.000000e+00 -1.000000e+00
    outer loop
      vertex   5.418625e+00 -1.398708e+01 5.500000e+01
      vertex   3.262219e+00 -1.081887e+01 5.500000e+01
      vertex   4.393713e+00 -1.041083e+01 5.500000e+01
    endloop
  endfacet
  facet normal 0.000000e+00 0.000000e+00 -1.000000e+00
    outer loop
      vertex   5.418625e+00 -1.398708e+01 5.500000e+01
      vertex   4.393713e+00 -1.041083e+01 5.500000e+01
      vertex   6.686075e+00 -1.342745e+01 5.500000e+01
    endloop
  endfacet
  facet normal 0.000000e+00 0.000000e+00 -1.000000e+00
    outer loop
      vertex   6.686075e+00 -1.342745e+01 5.500000e+01
      vertex   4.393713e+00 -1.041083e+01 5.500000e+01
      vertex   5.475425e+00 -9.884823e+00 5.500000e+01
    endloop
  endfacet
  facet normal 0.000000e+00 0.000000e+00 -1.000000e+00
    outer loop
      vertex   6.686075e+00 -1.342745e+01 5.500000e+01
      vertex   5.475425e+00 -9.884823e+00 5.500000e+01
      vertex   7.896482e+00 -1.275326e+01 5.500000e+01
    endloop
  endfacet
  facet normal 0.000000e+00 0.000000e+00 -1.000000e+00
    outer loop
      vertex   7.896482e+00 -1.275326e+01 5.500000e+01
      vertex   5.475425e+00 -9.884823e+00 5.500000e+01
      vertex   6.495098e+00 -9.246821e+00 5.500000e+01
    endloop
  endfacet
  facet normal 0.000000e+00 0.000000e+00 -1.000000e+00
    outer loop
      vertex   7.896482e+00 -1.275326e+01 5.500000e+01
      vertex   6.495098e+00 -9.246821e+00 5.500000e+01
      vertex   9.039520e+00 -1.197026e+01 5.500000e+01
    endloop
  endfacet
  facet normal 0.000000e+00 0.000000e+00 -1.000000e+00
    outer loop
      vertex   9.039520e+00 -1.197026e+01 5.500000e+01
      vertex   6.495098e+00 -9.246821e+00 5.500000e+01
      vertex   7.441179e+00 -8.504050e+00 5.500000e+01
    endloop
  endfacet
  facet normal 0.000000e+00 0.000000e+00 -1.000000e+00
    outer loop
      vertex   9.039520e+00 -1.197026e+01 5.500000e+01
      vertex   7.441179e+00 -8.504050e+00 5.500000e+01
      vertex   1.010543e+01 -1.108513e+01 5.500000e+01
    endloop
  endfacet
  facet normal 0.000000e+00 0.000000e+00 -1.000000e+00
    outer loop
      vertex   1.010543e+01 -1.108513e+01 5.500000e+01
      vertex   7.441179e+00 -8.504050e+00 5.500000e+01
      vertex   8.302948e+00 -7.664924e+00 5.500000e+01
    endloop
  endfacet
  facet normal 0.000000e+00 0.000000e+00 -1.000000e+00
    outer loop
      vertex   1.010543e+01 -1.108513e+01 5.500000e+01
      vertex   8.302948e+00 -7.664924e+00 5.500000e+01
      vertex   1.108513e+01 -1.010543e+01 5.500000e+01
    endloop
  endfacet
  facet normal 0.000000e+00 0.000000e+00 -1.000000e+00
    outer loop
      vertex   1.108513e+01 -1.010543e+01 5.500000e+01
      vertex   8.302948e+00 -7.664924e+00 5.500000e+01
      vertex   1.197026e+01 -9.039520e+00 5.500000e+01
    endloop
  endfacet
  facet normal 0.000000e+00 0.000000e+00 -1.000000e+00
    outer loop
      vertex   1.197026e+01 -9.039520e+00 5.500000e+01
      vertex   8.302948e+00 -7.664924e+00 5.500000e+01
      vertex   9.070642e+00 -6.738951e+00 5.500000e+01
    endloop
  endfacet
  facet normal 0.000000e+00 0.000000e+00 -1.000000e+00
    outer loop
      vertex   1.197026e+01 -9.039520e+00 5.500000e+01
      vertex   9.070642e+00 -6.738951e+00 5.500000e+01
      vertex   1.275326e+01 -7.896482e+00 5.500000e+01
    endloop
  endfacet
  facet normal 0.000000e+00 0.000000e+00 -1.000000e+00
    outer loop
      vertex   1.275326e+01 -7.896482e+00 5.500000e+01
      vertex   9.070642e+00 -6.738951e+00 5.500000e+01
      vertex   9.735561e+00 -5.736624e+00 5.500000e+01
    endloop
  endfacet
  facet normal 0.000000e+00 0.000000e+00 -1.000000e+00
    outer loop
      vertex   1.275326e+01 -7.896482e+00 5.500000e+01
      vertex   9.735561e+00 -5.736624e+00 5.500000e+01
      vertex   1.342745e+01 -6.686075e+00 5.500000e+01
    endloop
  endfacet
  facet normal 0.000000e+00 0.000000e+00 -1.000000e+00
    outer loop
      vertex   1.342745e+01 -6.686075e+00 5.500000e+01
      vertex   9.735561e+00 -5.736624e+00 5.500000e+01
      vertex   1.029017e+01 -4.669298e+00 5.500000e+01
    endloop
  endfacet
  facet normal 0.000000e+00 0.000000e+00 -1.000000e+00
    outer loop
      vertex   1.342745e+01 -6.686075e+00 5.500000e+01
      vertex   1.029017e+01 -4.669298e+00 5.500000e+01
      vertex   1.398708e+01 -5.418625e+00 5.500000e+01
    endloop
  endfacet
  facet normal 0.000000e+00 0.000000e+00 -1.000000e+00
    outer loop
      vertex   1.398708e+01 -5.418625e+00 5.500000e+01
      vertex   1.029017e+01 -4.669298e+00 5.500000e+01
      vertex   1.072819e+01 -3.549067e+00 5.500000e+01
    endloop
  endfacet
  facet normal 0.000000e+00 0.000000e+00 -1.000000e+00
    outer loop
      vertex   1.398708e+01 -5.418625e+00 5.500000e+01
      vertex   1.072819e+01 -3.549067e+00 5.500000e+01
      vertex   1.442738e+01 -4.104945e+00 5.500000e+01
    endloop
  endfacet
  facet normal 0.000000e+00 0.000000e+00 -1.000000e+00
    outer loop
      vertex   1.442738e+01 -4.104945e+00 5.500000e+01
      vertex   1.072819e+01 -3.549067e+00 5.500000e+01
      vertex   1.104466e+01 -2.388624e+00 5.500000e+01
    endloop
  endfacet
  facet normal 0.000000e+00 0.000000e+00 -1.000000e+00
    outer loop
      vertex   1.442738e+01 -4.104945e+00 5.500000e+01
      vertex   1.104466e+01 -2.388624e+00 5.500000e+01
      vertex   1.474460e+01 -2.756243e+00 5.500000e+01
    endloop
  endfacet
  facet normal 0.000000e+00 0.000000e+00 -1.000000e+00
    outer loop
      vertex   1.474460e+01 -2.756243e+00 5.500000e+01
      vertex   1.104466e+01 -2.388624e+00 5.500000e+01
      vertex   1.123598e+01 -1.201116e+00 5.500000e+01
    endloop
  endfacet
  facet normal 0.000000e+00 0.000000e+00 -1.000000e+00
    outer loop
      vertex   1.474460e+01 -2.756243e+00 5.500000e+01
      vertex   1.123598e+01 -1.201116e+00 5.500000e+01
      vertex   1.493601e+01 -1.384025e+00 5.500000e+01
    endloop
  endfacet
  facet normal 0.000000e+00 0.000000e+00 -1.000000e+00
    outer loop
      vertex   1.493601e+01 -1.384025e+00 5.500000e+01
      vertex   1.123598e+01 -1.201116e+00 5.500000e+01
      vertex   1.130000e+01 -8.365952e-16 5.500000e+01
    endloop
  endfacet
endsolid
